{
"type": "FeatureCollection",
"name": "districts",
"crs": { "type": "name", "properties": { "name": "urn:ogc:def:crs:OGC:1.3:CRS84" } },
"features": [
{ "type": "Feature", "properties": { "ADM2_EN": "Colombo", "ADM2_PCODE": "LK11", "ADM1_EN": "Western" }, "geometry": { "type": "Polygon", "coordinates": [ [ [ 80.179300166000075, 6.977575352000031 ], [ 80.181518524000069, 6.976559870000074 ], [ 80.183265813000048, 6.97521266800004 ], [ 80.184192616000075, 6.975106166000046 ], [ 80.185894795000081, 6.97535233900004 ], [ 80.186907190000056, 6.975734021000051 ], [ 80.189396544000033, 6.978400040000054 ], [ 80.190006885000059, 6.978608952000059 ], [ 80.191016793000074, 6.978499906000025 ], [ 80.194476679000047, 6.977293792000069 ], [ 80.196976977000077, 6.97694516200005 ], [ 80.199377145000085, 6.976237512000068 ], [ 80.20024647300005, 6.976138086000049 ], [ 80.201122721000047, 6.976253998000061 ], [ 80.203030295000076, 6.977219023000032 ], [ 80.207017319000045, 6.978802051000059 ], [ 80.20907621200007, 6.978139396000074 ], [ 80.210448337000059, 6.977088314000071 ], [ 80.211209069000063, 6.97669445300005 ], [ 80.213005025000029, 6.976636786000029 ], [ 80.213352401000066, 6.976493647000041 ], [ 80.214372507000064, 6.974449216000039 ], [ 80.21468410600005, 6.974186404000022 ], [ 80.21500727800003, 6.97425856600006 ], [ 80.216418627000053, 6.975444564000043 ], [ 80.216843667000035, 6.975433105000036 ], [ 80.217383331000065, 6.974674103000041 ], [ 80.218187671000067, 6.972832776000075 ], [ 80.217765417000066, 6.971506792000071 ], [ 80.217846030000032, 6.968138148000037 ], [ 80.217229374000055, 6.96627230200005 ], [ 80.217128756000079, 6.963308311000048 ], [ 80.217443735000074, 6.962091645000044 ], [ 80.218362998000032, 6.960433391000038 ], [ 80.218459136000035, 6.959932352000067 ], [ 80.218283934000056, 6.95926461800002 ], [ 80.217461572000047, 6.957940390000033 ], [ 80.217359148000071, 6.956869622000056 ], [ 80.217740743000036, 6.956125091000047 ], [ 80.220001576000072, 6.954214551000064 ], [ 80.22032166200006, 6.953508692000071 ], [ 80.220546933000037, 6.953341476000048 ], [ 80.221124104000069, 6.953329131000032 ], [ 80.221228763000056, 6.952605842000025 ], [ 80.220892481000078, 6.952086976000032 ], [ 80.220935299000075, 6.95151209200003 ], [ 80.221405339000057, 6.951288698000042 ], [ 80.222077401000035, 6.951667096000051 ], [ 80.22231302800003, 6.950833561000024 ], [ 80.222811599000067, 6.950373573000036 ], [ 80.223084048000032, 6.949786513000049 ], [ 80.222875530000067, 6.949144701000023 ], [ 80.223050671000067, 6.948640311000077 ], [ 80.222626673000036, 6.947782078000046 ], [ 80.223126470000068, 6.947294576000047 ], [ 80.223026143000084, 6.946069461000036 ], [ 80.222916460000079, 6.945676951000053 ], [ 80.222458369000037, 6.945310352000035 ], [ 80.222997834000068, 6.943660869000041 ], [ 80.223775947000036, 6.942555331000051 ], [ 80.223930729000074, 6.941641607000065 ], [ 80.223303282000074, 6.941422226000043 ], [ 80.223034593000079, 6.940192456000034 ], [ 80.222515736000048, 6.939772898000058 ], [ 80.22234497900007, 6.939381327000035 ], [ 80.221810776000041, 6.939240086000041 ], [ 80.221510022000075, 6.938812192000057 ], [ 80.221672624000064, 6.93774352500003 ], [ 80.221569647000081, 6.937275711000041 ], [ 80.221715692000032, 6.937053973000047 ], [ 80.221317040000031, 6.936689806000061 ], [ 80.22117933800007, 6.936201244000074 ], [ 80.220136067000055, 6.935869237000077 ], [ 80.218276309000032, 6.936429787000066 ], [ 80.217792338000038, 6.93613134800006 ], [ 80.216599374000054, 6.936198215000047 ], [ 80.216085685000053, 6.936390944000038 ], [ 80.215389079000033, 6.936992370000041 ], [ 80.214793562000068, 6.936745701000063 ], [ 80.214473436000048, 6.937168254000028 ], [ 80.212486342000034, 6.937273867000044 ], [ 80.211834767000084, 6.937518785000066 ], [ 80.209295091000058, 6.937961564000034 ], [ 80.20852235600006, 6.937833646000058 ], [ 80.208131127000058, 6.937502043000052 ], [ 80.210127620000037, 6.93061078900007 ], [ 80.211850708000043, 6.925585597000065 ], [ 80.212575697000034, 6.923900674000038 ], [ 80.212666785000067, 6.923298717000023 ], [ 80.212788783000065, 6.922034525000072 ], [ 80.212429258000043, 6.920378419000031 ], [ 80.210495269000035, 6.917084791000036 ], [ 80.211077446000047, 6.91682817700007 ], [ 80.210355131000085, 6.915887046000023 ], [ 80.208272348000037, 6.914323416000059 ], [ 80.206871871000033, 6.91374554600003 ], [ 80.204799521000041, 6.91351826600004 ], [ 80.203860143000043, 6.912921728000072 ], [ 80.20263576900004, 6.910767369000041 ], [ 80.200886791000073, 6.909252997000067 ], [ 80.200351450000085, 6.908591239000032 ], [ 80.199653228000045, 6.907127298000034 ], [ 80.199687923000056, 6.90489098200004 ], [ 80.199081793000062, 6.903580383000076 ], [ 80.197130587000061, 6.903673860000026 ], [ 80.195722621000073, 6.904183314000022 ], [ 80.194538978000082, 6.904341611000063 ], [ 80.19374001400007, 6.903797521000058 ], [ 80.191153151000037, 6.900599559000057 ], [ 80.18965096800008, 6.899703172000045 ], [ 80.188820900000053, 6.898456183000064 ], [ 80.190066352000031, 6.893988312000033 ], [ 80.189875506000078, 6.893125484000052 ], [ 80.187960034000071, 6.890215866000062 ], [ 80.186554668000042, 6.888648685000021 ], [ 80.185404273000074, 6.887816618000045 ], [ 80.184463248000043, 6.886865014000023 ], [ 80.184016653000072, 6.885906027000033 ], [ 80.183603657000049, 6.883637218000047 ], [ 80.181566643000053, 6.875583842000026 ], [ 80.180701150000061, 6.867302700000039 ], [ 80.179551674000038, 6.865767783000024 ], [ 80.178368951000039, 6.865255150000053 ], [ 80.176900458000034, 6.863080880000041 ], [ 80.176039677000063, 6.860875402000033 ], [ 80.175465271000064, 6.859852362000026 ], [ 80.175596167000037, 6.85776005200006 ], [ 80.176719435000052, 6.857719827000039 ], [ 80.17870345700004, 6.856987783000022 ], [ 80.180509315000052, 6.856618025000046 ], [ 80.182915618000038, 6.855880267000032 ], [ 80.184139476000041, 6.855799474000037 ], [ 80.187470912000038, 6.854946075000043 ], [ 80.191953150000074, 6.853285677000031 ], [ 80.194824448000077, 6.851537593000046 ], [ 80.195038087000057, 6.849180794000063 ], [ 80.196097982000083, 6.845412195000051 ], [ 80.198340017000078, 6.842603447000045 ], [ 80.199109881000084, 6.840655533000074 ], [ 80.199564226000064, 6.835097113000074 ], [ 80.201549968000052, 6.832607520000067 ], [ 80.202991762000067, 6.830340911000064 ], [ 80.203287017000036, 6.826733128000058 ], [ 80.20303619200007, 6.822483738000074 ], [ 80.202433368000072, 6.818425620000028 ], [ 80.201317223000046, 6.815772610000067 ], [ 80.199080386000048, 6.814332304000061 ], [ 80.195882591000043, 6.814232657000048 ], [ 80.190765633000069, 6.814482116000022 ], [ 80.189306902000055, 6.814765419000025 ], [ 80.188100245000044, 6.817169057000058 ], [ 80.187969558000077, 6.818276388000072 ], [ 80.187747242000057, 6.81858668600006 ], [ 80.187281058000053, 6.81867485600003 ], [ 80.18590836900006, 6.81592243700004 ], [ 80.185087518000046, 6.815655240000069 ], [ 80.182646408000039, 6.815474800000061 ], [ 80.180483837000054, 6.814385168000058 ], [ 80.179751360000068, 6.814450822000026 ], [ 80.179163901000038, 6.814906197000028 ], [ 80.178843050000069, 6.815768397000056 ], [ 80.177659528000049, 6.816022532000034 ], [ 80.177688145000047, 6.815859259000035 ], [ 80.17743538700006, 6.816006216000062 ], [ 80.17740617700008, 6.818162875000041 ], [ 80.177117812000063, 6.819071696000037 ], [ 80.176590105000059, 6.819956295000054 ], [ 80.175511635000078, 6.821007694000059 ], [ 80.174984485000039, 6.821437704000061 ], [ 80.174170325000034, 6.821675955000046 ], [ 80.173236895000059, 6.821579095000061 ], [ 80.172734779000052, 6.821123885000077 ], [ 80.171372420000068, 6.819471321000037 ], [ 80.170392015000061, 6.818656630000021 ], [ 80.169663445000083, 6.817447476000041 ], [ 80.169185334000076, 6.816944441000032 ], [ 80.168060898000078, 6.816464525000072 ], [ 80.166816031000053, 6.816582596000046 ], [ 80.164804521000065, 6.817226065000057 ], [ 80.162863248000065, 6.819113744000049 ], [ 80.160141956000075, 6.822615404000032 ], [ 80.15927924600004, 6.823379930000044 ], [ 80.157454680000058, 6.82434052800005 ], [ 80.155656011000076, 6.824505110000075 ], [ 80.154745726000044, 6.824872398000025 ], [ 80.154374198000085, 6.825553391000028 ], [ 80.153183906000038, 6.825968077000027 ], [ 80.150861375000034, 6.826443604000076 ], [ 80.148946361000071, 6.826465061000022 ], [ 80.147079966000035, 6.825912360000075 ], [ 80.145955385000036, 6.825154805000068 ], [ 80.144723499000065, 6.823777641000049 ], [ 80.144293450000077, 6.822757961000036 ], [ 80.143951513000047, 6.820327303000056 ], [ 80.143232639000075, 6.819527730000061 ], [ 80.139229207000085, 6.817171933000054 ], [ 80.137799807000079, 6.817217872000072 ], [ 80.134647627000049, 6.816874725000048 ], [ 80.13329346300003, 6.816251160000036 ], [ 80.128714739000031, 6.811737048000055 ], [ 80.128049475000068, 6.810485547000042 ], [ 80.124043503000053, 6.807681007000042 ], [ 80.121229800000037, 6.806642144000023 ], [ 80.117568572000039, 6.805895518000057 ], [ 80.116372480000052, 6.805367541000066 ], [ 80.115870665000045, 6.804744800000037 ], [ 80.116015385000082, 6.803931531000046 ], [ 80.117060117000051, 6.801337037000053 ], [ 80.117542588000049, 6.798562339000057 ], [ 80.117998402000069, 6.797797341000035 ], [ 80.120298454000078, 6.796149585000023 ], [ 80.121750945000031, 6.792885713000032 ], [ 80.123429824000084, 6.790351860000044 ], [ 80.124452752000082, 6.786106457000074 ], [ 80.125196592000066, 6.784719771000027 ], [ 80.126217162000046, 6.782220917000075 ], [ 80.125927940000054, 6.781185787000027 ], [ 80.125429858000075, 6.780305831000021 ], [ 80.12504954700006, 6.778319509000028 ], [ 80.125003113000048, 6.777242800000067 ], [ 80.12548410100004, 6.775520806000031 ], [ 80.125987619000057, 6.774851562000038 ], [ 80.126000494000039, 6.774169702000052 ], [ 80.125786070000061, 6.773427726000023 ], [ 80.124874951000038, 6.772092397000051 ], [ 80.124351225000055, 6.771492470000055 ], [ 80.12343627100006, 6.770833764000031 ], [ 80.122420565000084, 6.770807439000066 ], [ 80.119032795000066, 6.770203675000062 ], [ 80.116588506000085, 6.770135706000076 ], [ 80.116264240000078, 6.770093949000056 ], [ 80.116236670000035, 6.769927916000029 ], [ 80.11248064800003, 6.770053351000058 ], [ 80.109689596000067, 6.770979771000043 ], [ 80.10898744800005, 6.771950103000052 ], [ 80.108743678000053, 6.772748974000024 ], [ 80.108048369000073, 6.773338180000053 ], [ 80.107847023000033, 6.773986879000063 ], [ 80.106958312000074, 6.774536956000077 ], [ 80.106783790000065, 6.77502736200006 ], [ 80.105946472000085, 6.775881301000027 ], [ 80.105827108000085, 6.776517488000025 ], [ 80.105268483000032, 6.777152374000025 ], [ 80.105183864000082, 6.777869748000057 ], [ 80.104613262000044, 6.77833812700004 ], [ 80.104656522000084, 6.778653504000033 ], [ 80.104921810000064, 6.778726221000056 ], [ 80.104975112000034, 6.779159640000046 ], [ 80.10436806000007, 6.780006896000032 ], [ 80.104334919000053, 6.780674158000068 ], [ 80.103739144000031, 6.780642724000074 ], [ 80.103794353000069, 6.78087344100004 ], [ 80.103599751000047, 6.78121518100005 ], [ 80.102768397000034, 6.781413157000031 ], [ 80.103173641000069, 6.782076246000031 ], [ 80.10274088400007, 6.782747001000075 ], [ 80.102764365000041, 6.783349634000047 ], [ 80.102552784000068, 6.783796187000064 ], [ 80.102610741000035, 6.784535552000023 ], [ 80.102148453000041, 6.785514754000076 ], [ 80.10240076000008, 6.785765610000055 ], [ 80.102420381000059, 6.786089700000048 ], [ 80.101662691000058, 6.787753585000075 ], [ 80.101886785000033, 6.788179976000038 ], [ 80.101168496000071, 6.789188882000076 ], [ 80.101386136000031, 6.789380014000074 ], [ 80.101413253000032, 6.789707733000057 ], [ 80.100727599000038, 6.790476003000038 ], [ 80.100712911000073, 6.790710642000022 ], [ 80.099963650000063, 6.791136626000025 ], [ 80.099243161000061, 6.791912966000041 ], [ 80.099018756000078, 6.792618340000047 ], [ 80.098566249000044, 6.793097555000031 ], [ 80.098339602000067, 6.794260074000022 ], [ 80.097924692000049, 6.794906989000026 ], [ 80.09779899800003, 6.796118805000049 ], [ 80.098527850000039, 6.798656926000035 ], [ 80.098735309000062, 6.800650104000056 ], [ 80.098245134000081, 6.801993064000044 ], [ 80.098278219000065, 6.80286740400004 ], [ 80.097840198000085, 6.80427674200007 ], [ 80.096712362000062, 6.804770106000035 ], [ 80.094460230000038, 6.805306075000033 ], [ 80.093184085000075, 6.805864584000062 ], [ 80.092677724000055, 6.806363442000077 ], [ 80.092423076000046, 6.807356047000042 ], [ 80.090872571000034, 6.808742693000056 ], [ 80.090564311000037, 6.809985117000053 ], [ 80.090626128000054, 6.810212017000026 ], [ 80.090868474000047, 6.81033584000005 ], [ 80.090858006000076, 6.810537626000041 ], [ 80.090621265000038, 6.811690888000044 ], [ 80.08997742300005, 6.812678360000064 ], [ 80.090060768000058, 6.813500880000049 ], [ 80.089749743000084, 6.814056309000023 ], [ 80.090048994000085, 6.81433811200003 ], [ 80.090041080000049, 6.81451706200005 ], [ 80.089722277000078, 6.815318584000067 ], [ 80.089031105000061, 6.815351960000044 ], [ 80.087746958000082, 6.814714070000036 ], [ 80.085114652000073, 6.812874609000062 ], [ 80.084484745000054, 6.81321084800004 ], [ 80.082551410000065, 6.815183818000037 ], [ 80.080673675000071, 6.816460312000061 ], [ 80.08044374900004, 6.816795551000041 ], [ 80.080330555000046, 6.816679015000034 ], [ 80.079913464000072, 6.816816886000026 ], [ 80.079183794000073, 6.816743387000031 ], [ 80.077321706000077, 6.815962486000046 ], [ 80.07674421400003, 6.816062136000028 ], [ 80.076132643000051, 6.815760940000075 ], [ 80.075707720000082, 6.814972705000059 ], [ 80.075219142000037, 6.814502582000046 ], [ 80.075002290000043, 6.813725655000042 ], [ 80.074701104000042, 6.813442900000041 ], [ 80.074402039000063, 6.812092563000022 ], [ 80.072759187000031, 6.808410470000069 ], [ 80.070886337000047, 6.805851380000036 ], [ 80.070395060000067, 6.803961910000055 ], [ 80.069858429000078, 6.802710890000071 ], [ 80.067448289000083, 6.798700717000031 ], [ 80.067214214000046, 6.797449875000041 ], [ 80.067308457000081, 6.795942149000041 ], [ 80.066515044000084, 6.796289597000055 ], [ 80.066012400000034, 6.796288865000065 ], [ 80.065199122000081, 6.795928802000049 ], [ 80.065008197000054, 6.795545721000053 ], [ 80.065310654000029, 6.793309156000021 ], [ 80.065215996000063, 6.792567339000072 ], [ 80.064666290000048, 6.792016258000046 ], [ 80.062944639000079, 6.790865334000046 ], [ 80.06174855200004, 6.790409006000061 ], [ 80.060551657000076, 6.790502952000054 ], [ 80.058204012000033, 6.791863235000051 ], [ 80.056503451000083, 6.792650259000027 ], [ 80.055760294000038, 6.793438691000063 ], [ 80.052923715000077, 6.795548293000024 ], [ 80.052872452000031, 6.795894753000027 ], [ 80.051315899000031, 6.796282280000071 ], [ 80.050691564000033, 6.79737003300005 ], [ 80.04996611100006, 6.797735179000028 ], [ 80.049273278000044, 6.797893034000026 ], [ 80.047243580000043, 6.797602174000076 ], [ 80.045754840000029, 6.798050067000077 ], [ 80.043293768000069, 6.798101501000076 ], [ 80.043219733000058, 6.80015359600003 ], [ 80.042765350000082, 6.802165593000041 ], [ 80.041529814000057, 6.803629422000029 ], [ 80.041371616000049, 6.804500483000027 ], [ 80.038640924000049, 6.805100476000064 ], [ 80.037083468000048, 6.806174741000063 ], [ 80.03624542700004, 6.806364865000035 ], [ 80.035743325000055, 6.806005227000071 ], [ 80.035449320000055, 6.802595465000024 ], [ 80.035067518000062, 6.801829283000075 ], [ 80.032869839000057, 6.798954933000061 ], [ 80.03201094800005, 6.797135321000042 ], [ 80.030564569000035, 6.796020597000052 ], [ 80.030010529000037, 6.79602217300004 ], [ 80.029187875000048, 6.795432726000058 ], [ 80.028724176000082, 6.795302580000055 ], [ 80.028533495000033, 6.793792462000056 ], [ 80.028032145000054, 6.792954318000056 ], [ 80.023692728000071, 6.789849356000047 ], [ 80.021492353000042, 6.788793257000066 ], [ 80.017664578000051, 6.787638923000031 ], [ 80.016096875000073, 6.787624520000065 ], [ 80.014732972000047, 6.787383144000046 ], [ 80.014422606000039, 6.786880237000048 ], [ 80.014471111000034, 6.786473588000035 ], [ 80.015526214000033, 6.785207213000035 ], [ 80.015718957000047, 6.784394066000061 ], [ 80.015551789000085, 6.784154556000033 ], [ 80.01382925200005, 6.78367337100002 ], [ 80.013398993000067, 6.783313824000061 ], [ 80.012132866000059, 6.781780649000041 ], [ 80.010831913000061, 6.779565558000058 ], [ 80.010210673000074, 6.77890302000003 ], [ 80.009688174000075, 6.779147429000034 ], [ 80.008896102000051, 6.777819794000038 ], [ 80.007415124000033, 6.777747697000052 ], [ 80.005650518000039, 6.778352010000049 ], [ 80.004708076000043, 6.778371456000059 ], [ 80.004425643000047, 6.778188583000031 ], [ 80.004146879000075, 6.776630634000071 ], [ 80.002876171000082, 6.775752376000071 ], [ 80.004359952000073, 6.774133212000038 ], [ 80.004603350000082, 6.773458317000063 ], [ 80.004603856000074, 6.772760309000034 ], [ 80.002942714000085, 6.770948364000049 ], [ 80.002163740000071, 6.770757462000063 ], [ 80.000616539000077, 6.771057258000042 ], [ 79.999359508000055, 6.770998244000054 ], [ 79.996532990000048, 6.770018807000042 ], [ 79.993743008000081, 6.768170521000059 ], [ 79.991990380000061, 6.767850711000051 ], [ 79.990956674000074, 6.76696383500007 ], [ 79.99000906200007, 6.765377294000075 ], [ 79.989126260000035, 6.764282766000065 ], [ 79.988261642000055, 6.762576477000039 ], [ 79.987801708000063, 6.762091260000034 ], [ 79.987031999000067, 6.76200592400005 ], [ 79.985575094000069, 6.762736990000064 ], [ 79.984000718000061, 6.762795364000056 ], [ 79.982790962000081, 6.76183648600005 ], [ 79.981687332000035, 6.760549936000075 ], [ 79.979363776000071, 6.758859465000057 ], [ 79.978403912000033, 6.758362658000067 ], [ 79.97628409500004, 6.758165408000025 ], [ 79.975777688000051, 6.75797082400004 ], [ 79.974774573000047, 6.758528415000058 ], [ 79.973662645000047, 6.75975870700006 ], [ 79.972873357000083, 6.759452365000072 ], [ 79.972580810000068, 6.759069086000068 ], [ 79.972221854000054, 6.759044568000036 ], [ 79.970623070000045, 6.759798545000024 ], [ 79.968960955000057, 6.759503669000026 ], [ 79.968580086000031, 6.759704004000071 ], [ 79.968653551000045, 6.760141949000058 ], [ 79.96795871300003, 6.760609720000048 ], [ 79.967547148000051, 6.760558794000076 ], [ 79.967337482000062, 6.76070917100003 ], [ 79.966842457000041, 6.760473886000057 ], [ 79.966693675000045, 6.760133137000025 ], [ 79.965565233000063, 6.760188958000072 ], [ 79.963171436000039, 6.758309613000051 ], [ 79.962430349000044, 6.758488509000074 ], [ 79.96016897700008, 6.757864301000041 ], [ 79.95994874400003, 6.757863934000056 ], [ 79.959538313000053, 6.758560776000024 ], [ 79.958142630000054, 6.758824687000072 ], [ 79.956537436000076, 6.758687050000049 ], [ 79.954957517000082, 6.758889182000075 ], [ 79.953881729000045, 6.758747645000028 ], [ 79.953664666000066, 6.759279683000045 ], [ 79.953562472000044, 6.760269989000051 ], [ 79.952082286000064, 6.76093258800006 ], [ 79.951497201000052, 6.761673315000053 ], [ 79.951058719000059, 6.761383751000039 ], [ 79.950681305000046, 6.761659440000074 ], [ 79.950634166000043, 6.76193568900004 ], [ 79.950938295000071, 6.762535516000071 ], [ 79.95039388500004, 6.763255092000065 ], [ 79.950479674000064, 6.763415221000059 ], [ 79.949350043000038, 6.762690835000058 ], [ 79.949016869000047, 6.762093450000066 ], [ 79.948288921000085, 6.757364160000066 ], [ 79.947291328000063, 6.755757936000066 ], [ 79.947313965000035, 6.753005450000046 ], [ 79.947162628000058, 6.752632568000024 ], [ 79.946574129000055, 6.752138120000041 ], [ 79.945958612000084, 6.749944982000045 ], [ 79.945041153000034, 6.749387171000023 ], [ 79.944311130000074, 6.749436168000045 ], [ 79.94374076500003, 6.749187575000064 ], [ 79.942620601000044, 6.74926102400002 ], [ 79.941335696000067, 6.749104510000052 ], [ 79.939249781000058, 6.74852674400006 ], [ 79.938967601000058, 6.748397066000052 ], [ 79.938468687000068, 6.747656941000059 ], [ 79.937966748000065, 6.747285247000036 ], [ 79.936626439000065, 6.747342753000055 ], [ 79.934914246000062, 6.747940307000022 ], [ 79.933066040000085, 6.748032163000062 ], [ 79.927424569000038, 6.747472919000074 ], [ 79.925689843000043, 6.747809463000067 ], [ 79.923909559000037, 6.748619276000056 ], [ 79.92120495000006, 6.748761874000024 ], [ 79.92023452400008, 6.749178530000052 ], [ 79.91856113800003, 6.750365387000045 ], [ 79.917606684000077, 6.751441777000025 ], [ 79.917411938000043, 6.751885720000075 ], [ 79.917507126000032, 6.752572931000032 ], [ 79.917815295000082, 6.752959399000076 ], [ 79.919667149000077, 6.753657308000072 ], [ 79.920168213000068, 6.754121295000061 ], [ 79.92028308700003, 6.754661794000071 ], [ 79.92016652600006, 6.755086111000026 ], [ 79.919379114000037, 6.756239576000041 ], [ 79.918646404000071, 6.758344434000037 ], [ 79.915678745000037, 6.761057111000071 ], [ 79.914276033000078, 6.762549894000074 ], [ 79.913219749000064, 6.764390254000034 ], [ 79.912860113000079, 6.764748463000046 ], [ 79.911518253000054, 6.765655211000023 ], [ 79.910201318000077, 6.766011755000022 ], [ 79.905293862000065, 6.768227349000028 ], [ 79.902166209000029, 6.770871657000043 ], [ 79.900943135000034, 6.771585556000048 ], [ 79.899443326000039, 6.772946618000049 ], [ 79.899027207000074, 6.773733872000037 ], [ 79.897271856000032, 6.774704495000037 ], [ 79.89614421400006, 6.776233660000059 ], [ 79.894706694000035, 6.777068388000032 ], [ 79.893413599000041, 6.777448831000072 ], [ 79.89020744100003, 6.776940618000026 ], [ 79.888916435000056, 6.776172703000043 ], [ 79.888167587000055, 6.775351027000056 ], [ 79.887547159000064, 6.774941484000067 ], [ 79.886632077000058, 6.77375932800004 ], [ 79.886314321000043, 6.772531496000056 ], [ 79.886775453000041, 6.771371909000038 ], [ 79.887826902000029, 6.769955755000069 ], [ 79.892001595000067, 6.765972709000039 ], [ 79.892450687000064, 6.765272703000051 ], [ 79.892939956000077, 6.763930391000031 ], [ 79.893117909000068, 6.762441514000045 ], [ 79.892732387000081, 6.75834793100006 ], [ 79.89281860300008, 6.755647116000034 ], [ 79.892995864000056, 6.754537838000033 ], [ 79.893602481000073, 6.752903733000039 ], [ 79.894879601000071, 6.751009063000026 ], [ 79.895371578000038, 6.747873827000035 ], [ 79.896449200000063, 6.744379664000064 ], [ 79.899166342000058, 6.739134122000053 ], [ 79.901443820000054, 6.732371748000048 ], [ 79.902874396000072, 6.726501335000023 ], [ 79.903841822000061, 6.720766595000043 ], [ 79.90387015400006, 6.718271831000038 ], [ 79.903400883000074, 6.717166849000023 ], [ 79.902633758000036, 6.716153172000077 ], [ 79.901679869000077, 6.715460868000036 ], [ 79.901092186000085, 6.715340985000068 ], [ 79.900729742000067, 6.715729151000062 ], [ 79.900706446000072, 6.716712400000063 ], [ 79.900218212000084, 6.716740236000021 ], [ 79.899503386000049, 6.716531433000057 ], [ 79.899478763000047, 6.717007178000074 ], [ 79.900391888000058, 6.717405960000065 ], [ 79.90029510100004, 6.719410389000075 ], [ 79.898503954000034, 6.723376106000046 ], [ 79.895901958000081, 6.730827102000035 ], [ 79.895329368000034, 6.732048745000043 ], [ 79.895239175000029, 6.732642114000043 ], [ 79.894265038000071, 6.734824115000038 ], [ 79.892979366000077, 6.738718555000048 ], [ 79.891992192000032, 6.741036381000072 ], [ 79.891043214000035, 6.74382005700005 ], [ 79.890463485000055, 6.744754148000027 ], [ 79.889918283000043, 6.746111761000066 ], [ 79.888574418000076, 6.750030780000031 ], [ 79.886949842000035, 6.753846731000067 ], [ 79.88684760700005, 6.754517100000044 ], [ 79.884011574000056, 6.760778815000037 ], [ 79.88372137600004, 6.761847416000023 ], [ 79.882960503000049, 6.763127462000057 ], [ 79.882847837000043, 6.763894075000053 ], [ 79.883047315000056, 6.764345930000047 ], [ 79.882959236000033, 6.764867795000043 ], [ 79.882737272000043, 6.764904454000032 ], [ 79.882407192000073, 6.765832567000075 ], [ 79.881982440000058, 6.765978566000058 ], [ 79.882243183000071, 6.766462086000047 ], [ 79.882220714000084, 6.767065177000063 ], [ 79.881608492000055, 6.768074796000064 ], [ 79.881132230000048, 6.768424228000072 ], [ 79.880454688000043, 6.769961728000055 ], [ 79.880315142000029, 6.771402214000034 ], [ 79.879166731000055, 6.773882892000074 ], [ 79.879386483000076, 6.773883299000033 ], [ 79.87936587300004, 6.774070072000029 ], [ 79.878743197000063, 6.776245281000058 ], [ 79.877413319000084, 6.778808795000032 ], [ 79.876348370000073, 6.781715407000036 ], [ 79.875242939000032, 6.786188315000061 ], [ 79.874702040000045, 6.787566416000061 ], [ 79.874873416000071, 6.787782754000034 ], [ 79.874763285000085, 6.788482774000045 ], [ 79.872784790000082, 6.794351773000074 ], [ 79.872115593000046, 6.797033236000061 ], [ 79.871329329000048, 6.798849594000046 ], [ 79.869910316000073, 6.804439948000038 ], [ 79.868735359000084, 6.807046936000063 ], [ 79.868029901000057, 6.810030686000061 ], [ 79.867237121000073, 6.81182721700003 ], [ 79.86514040600008, 6.819255378000037 ], [ 79.862755347000075, 6.825154200000043 ], [ 79.862987317000034, 6.826576694000039 ], [ 79.862514202000057, 6.829235266000069 ], [ 79.861023634000048, 6.833826104000025 ], [ 79.861310322000065, 6.833922495000024 ], [ 79.86134803300007, 6.834167518000072 ], [ 79.86191361200008, 6.833893079000063 ], [ 79.862218177000045, 6.834246119000056 ], [ 79.862156741000035, 6.834536344000071 ], [ 79.862416538000048, 6.834454283000071 ], [ 79.862744831000043, 6.835270686000058 ], [ 79.862470506000079, 6.835761786000035 ], [ 79.862724645000071, 6.835848619000046 ], [ 79.86269416600004, 6.836177514000042 ], [ 79.862920368000061, 6.836398300000042 ], [ 79.862830744000064, 6.838096420000056 ], [ 79.862556510000047, 6.839109884000038 ], [ 79.862628364000045, 6.839955367000073 ], [ 79.862023471000043, 6.843152595000049 ], [ 79.861599821000084, 6.847562079000056 ], [ 79.861655659000064, 6.847742756000059 ], [ 79.861980346000053, 6.847841933000041 ], [ 79.861863228000061, 6.848904886000071 ], [ 79.862425040000062, 6.848998381000058 ], [ 79.861567842000056, 6.852912183000058 ], [ 79.86137786200004, 6.85323353800004 ], [ 79.860975864000068, 6.853095974000041 ], [ 79.860887199000047, 6.853344779000054 ], [ 79.860485464000078, 6.856968179000035 ], [ 79.859510942000043, 6.86238886700005 ], [ 79.859791404000077, 6.862557149000054 ], [ 79.859470429000055, 6.862644850000038 ], [ 79.858130528000061, 6.870722607000062 ], [ 79.85723951600005, 6.874502301000064 ], [ 79.856491522000056, 6.876874232000034 ], [ 79.856231880000053, 6.878273990000025 ], [ 79.855958857000076, 6.878396401000032 ], [ 79.855833314000051, 6.878849204000062 ], [ 79.856039932000044, 6.879145097000048 ], [ 79.855693707000057, 6.881292017000021 ], [ 79.855352603000085, 6.882330386000035 ], [ 79.853456270000038, 6.891339149000032 ], [ 79.852410563000035, 6.89468441300005 ], [ 79.851761350000061, 6.897546508000062 ], [ 79.84691805500006, 6.915276345000052 ], [ 79.84465765300007, 6.922884635000059 ], [ 79.844305743000064, 6.923608837000074 ], [ 79.844135888000039, 6.924424496000029 ], [ 79.843956053000056, 6.924323664000042 ], [ 79.843920414000081, 6.924428858000056 ], [ 79.844133184000043, 6.924460296000063 ], [ 79.843196630000079, 6.927139644000022 ], [ 79.843110679000063, 6.927884799000026 ], [ 79.842850451000061, 6.928323968000029 ], [ 79.842572242000074, 6.928272584000069 ], [ 79.842350201000045, 6.928571195000075 ], [ 79.842006043000083, 6.928576498000041 ], [ 79.84173091200006, 6.928339229000073 ], [ 79.84138826700007, 6.926651401000072 ], [ 79.841498350000052, 6.926306861000057 ], [ 79.841395014000057, 6.925860898000053 ], [ 79.840987226000038, 6.925257445000057 ], [ 79.839844967000033, 6.924603911000077 ], [ 79.838366560000054, 6.924558218000072 ], [ 79.836839783000073, 6.923250291000045 ], [ 79.836618358000067, 6.922887875000072 ], [ 79.836121843000058, 6.922609272000045 ], [ 79.834297395000078, 6.922177107000039 ], [ 79.829573081000035, 6.922242675000064 ], [ 79.828207834000068, 6.922479562000035 ], [ 79.826627508000058, 6.922994742000071 ], [ 79.82514681400005, 6.923749703000055 ], [ 79.823801925000055, 6.924726 ], [ 79.822625692000031, 6.925899787000048 ], [ 79.821646851000082, 6.927242386000046 ], [ 79.820999349000033, 6.928466617000026 ], [ 79.820440620000056, 6.930031102000044 ], [ 79.820087224000076, 6.932215825000071 ], [ 79.819974803000036, 6.940599918000032 ], [ 79.820286181000085, 6.94102347200004 ], [ 79.820810007000034, 6.941070598000067 ], [ 79.823172275000047, 6.943222576000039 ], [ 79.822697624000057, 6.944373035000069 ], [ 79.822480911000071, 6.94565508200003 ], [ 79.822566424000058, 6.957191919000024 ], [ 79.823221382000042, 6.958308080000052 ], [ 79.830702864000045, 6.965845658000035 ], [ 79.831058280000036, 6.965910962000066 ], [ 79.831169697000064, 6.965510703000064 ], [ 79.83075485300003, 6.965351260000034 ], [ 79.829535402000033, 6.96418613000003 ], [ 79.829811541000083, 6.963798447000045 ], [ 79.823594699000068, 6.957709559000023 ], [ 79.82327259200008, 6.957158667000044 ], [ 79.823159929000042, 6.956632121000041 ], [ 79.82319003300006, 6.946625033000032 ], [ 79.823429771000065, 6.945513546000029 ], [ 79.823808847000066, 6.944639660000064 ], [ 79.824346050000031, 6.944185232000052 ], [ 79.825214826000035, 6.944140908000065 ], [ 79.825191217000054, 6.943737507000037 ], [ 79.82538254800005, 6.943598656000063 ], [ 79.825800749000052, 6.943745429000046 ], [ 79.825769839000031, 6.945117132000064 ], [ 79.825882834000083, 6.945360422000022 ], [ 79.826161760000048, 6.945475814000076 ], [ 79.82754970700006, 6.945406872000035 ], [ 79.827548937000074, 6.945791366000037 ], [ 79.838394016000052, 6.945823912000037 ], [ 79.83839006900007, 6.945336409000049 ], [ 79.839097546000062, 6.945334220000063 ], [ 79.839263514000038, 6.94647674600003 ], [ 79.838937795000049, 6.946533518000024 ], [ 79.83983401200004, 6.951814060000061 ], [ 79.840477083000053, 6.951696910000067 ], [ 79.84018238200008, 6.949991762000025 ], [ 79.840699652000069, 6.949928190000037 ], [ 79.840067169000065, 6.946128808000026 ], [ 79.842208463000077, 6.945812252000053 ], [ 79.842245987000069, 6.947178850000057 ], [ 79.843490849000034, 6.948204760000067 ], [ 79.843802395000068, 6.949751326000069 ], [ 79.84414021300006, 6.950359176000063 ], [ 79.844539933000078, 6.954739069000027 ], [ 79.844396308000057, 6.955126740000026 ], [ 79.84324001300007, 6.956525250000027 ], [ 79.83994023200006, 6.960256833000074 ], [ 79.839252439000063, 6.959687153000061 ], [ 79.839870722000057, 6.95895196400005 ], [ 79.839782939000031, 6.958783695000022 ], [ 79.838939864000054, 6.959766579000075 ], [ 79.838931091000063, 6.960150777000024 ], [ 79.839130898000064, 6.960383303000071 ], [ 79.839562761000082, 6.960744360000035 ], [ 79.83992319500004, 6.960769088000063 ], [ 79.844563846000085, 6.955304519000038 ], [ 79.844599495000068, 6.955922866000037 ], [ 79.844868088000055, 6.955803308000043 ], [ 79.844681482000055, 6.955813134000039 ], [ 79.844578354000078, 6.953307559000052 ], [ 79.845278991000043, 6.953138479000074 ], [ 79.845677072000058, 6.953379257000051 ], [ 79.845796737000057, 6.952915371000074 ], [ 79.845593100000031, 6.953224823000028 ], [ 79.844854053000063, 6.952109481000036 ], [ 79.846235159000059, 6.951797835000036 ], [ 79.846050564000052, 6.950703680000061 ], [ 79.84633659900004, 6.950618115000054 ], [ 79.844995701000073, 6.942183599000032 ], [ 79.84452174200004, 6.940659173000029 ], [ 79.844326104000061, 6.940710983000031 ], [ 79.844409316000053, 6.941007802000058 ], [ 79.844166605000055, 6.94085780100005 ], [ 79.843847735000054, 6.940904191000072 ], [ 79.843742790000078, 6.940266305000023 ], [ 79.843489128000044, 6.940097353000056 ], [ 79.843334852000055, 6.940323732000024 ], [ 79.842898679000029, 6.939969874000042 ], [ 79.843132415000071, 6.939551597000047 ], [ 79.843413485000042, 6.939725923000026 ], [ 79.843469171000038, 6.939616368000031 ], [ 79.843173511000032, 6.939452577000054 ], [ 79.84335840500006, 6.939125328000046 ], [ 79.843667616000062, 6.93954579800004 ], [ 79.84379382000003, 6.939441230000057 ], [ 79.843606943000054, 6.93917629200007 ], [ 79.844278632000055, 6.938989539000033 ], [ 79.84440433900005, 6.939484294000067 ], [ 79.84437994600006, 6.938958632000038 ], [ 79.844851207000033, 6.93882049900003 ], [ 79.845073393000064, 6.93925684200002 ], [ 79.844955102000085, 6.938800872000058 ], [ 79.84525812000004, 6.938716874000022 ], [ 79.846276398000043, 6.942259172000036 ], [ 79.847387734000051, 6.941950484000074 ], [ 79.846368036000058, 6.93826240900006 ], [ 79.847269115000074, 6.938001911000072 ], [ 79.848129118000031, 6.938476627000057 ], [ 79.847987433000071, 6.938790741000048 ], [ 79.848172930000032, 6.938514508000026 ], [ 79.848499494000066, 6.938746623000043 ], [ 79.848235926000029, 6.939152910000075 ], [ 79.848567183000057, 6.938790247000043 ], [ 79.848865204000049, 6.938996266000061 ], [ 79.848422680000056, 6.939665596000054 ], [ 79.848950190000039, 6.939033323000046 ], [ 79.849252663000073, 6.93908927800004 ], [ 79.849013115000048, 6.939569277000032 ], [ 79.84923845600008, 6.939230008000038 ], [ 79.849450611000066, 6.939377566000076 ], [ 79.848789674000045, 6.940507676000038 ], [ 79.849575076000065, 6.939364759000057 ], [ 79.849407259000031, 6.939762191000057 ], [ 79.849655301000041, 6.939429476000043 ], [ 79.849779074000082, 6.939528548000055 ], [ 79.849498432000075, 6.940012926000065 ], [ 79.849811998000064, 6.940221977000022 ], [ 79.84923268700004, 6.941068246000043 ], [ 79.84986606800004, 6.94025081500007 ], [ 79.850046438000049, 6.940374683000073 ], [ 79.849702508000064, 6.940924310000071 ], [ 79.850387673000057, 6.940184561000024 ], [ 79.851285629000074, 6.940801555000064 ], [ 79.851104758000076, 6.941077686000028 ], [ 79.851349609000067, 6.94084967200007 ], [ 79.85229457500003, 6.941726062000043 ], [ 79.851698416000033, 6.942018677000021 ], [ 79.85133651700005, 6.941760905000024 ], [ 79.849881406000065, 6.942494360000069 ], [ 79.85253934800005, 6.947844391000046 ], [ 79.853721237000059, 6.953448066000021 ], [ 79.856036815000039, 6.953241983000055 ], [ 79.856074488000047, 6.953644969000038 ], [ 79.85456582900008, 6.953792044000068 ], [ 79.854679493000049, 6.954344282000022 ], [ 79.853835574000072, 6.954443456000035 ], [ 79.853846889000067, 6.95462658100007 ], [ 79.856178388000046, 6.954379749000054 ], [ 79.856200699000055, 6.954679537000061 ], [ 79.855954568000072, 6.954692440000031 ], [ 79.856126110000048, 6.954701526000065 ], [ 79.85623621700006, 6.955176266000024 ], [ 79.855722912000033, 6.955292906000068 ], [ 79.856024985000033, 6.955283818000055 ], [ 79.85614191500008, 6.955507565000062 ], [ 79.855503014000078, 6.955621428000029 ], [ 79.856127968000067, 6.95562205400006 ], [ 79.856378609000046, 6.955893850000052 ], [ 79.857305007000036, 6.956053796000049 ], [ 79.857307672000047, 6.956219270000076 ], [ 79.857071571000063, 6.956318274000068 ], [ 79.857424281000078, 6.956329448000076 ], [ 79.857482097000059, 6.956472786000063 ], [ 79.85739694800003, 6.956751388000043 ], [ 79.854092785000034, 6.956566561000045 ], [ 79.854069883000079, 6.956755767000061 ], [ 79.856511032000071, 6.957316966000064 ], [ 79.856572073000052, 6.958405929000037 ], [ 79.853274660000068, 6.957679128000052 ], [ 79.853202153000041, 6.958820814000035 ], [ 79.856574788000046, 6.959335729000031 ], [ 79.856578844000069, 6.959669209000026 ], [ 79.855953402000068, 6.959654248000049 ], [ 79.855860634000067, 6.959707777000062 ], [ 79.856607483000062, 6.959739521000074 ], [ 79.856570537000039, 6.960120400000051 ], [ 79.856331131000047, 6.960247238000022 ], [ 79.856581744000039, 6.960271234000061 ], [ 79.856579728000042, 6.960795308000058 ], [ 79.85312422700008, 6.960477077000064 ], [ 79.853302781000082, 6.961116609000044 ], [ 79.855337098000064, 6.96144871000007 ], [ 79.856377998000085, 6.961458783000069 ], [ 79.856604437000044, 6.961954277000075 ], [ 79.857736364000061, 6.962201968000045 ], [ 79.85727855600004, 6.963705266000034 ], [ 79.857519331000049, 6.963661115000036 ], [ 79.857911553000065, 6.964110002000041 ], [ 79.857664763000059, 6.963561574000039 ], [ 79.858059324000067, 6.962483171000031 ], [ 79.858858361000046, 6.962856441000042 ], [ 79.858697469000049, 6.96294844800002 ], [ 79.858840144000055, 6.963011296000047 ], [ 79.85886344100004, 6.964107511000066 ], [ 79.859206640000082, 6.964917712000045 ], [ 79.859337518000075, 6.964530966000041 ], [ 79.859107757000061, 6.963275301000067 ], [ 79.860001797000052, 6.963050711000051 ], [ 79.86083276200003, 6.963201063000042 ], [ 79.861116846000073, 6.963511846000074 ], [ 79.861308441000062, 6.963312206000069 ], [ 79.861587125000085, 6.963328207000075 ], [ 79.861783098000046, 6.963671010000041 ], [ 79.861148338000078, 6.964305077000063 ], [ 79.862136021000083, 6.963622593000025 ], [ 79.862447497000062, 6.964321605000066 ], [ 79.862305493000065, 6.964567094000074 ], [ 79.862104291000037, 6.964539941000055 ], [ 79.862116750000041, 6.964741784000068 ], [ 79.862710059000051, 6.964812916000028 ], [ 79.862984294000057, 6.965023584000051 ], [ 79.863132520000079, 6.964836698000056 ], [ 79.863479993000055, 6.964938461000031 ], [ 79.863648021000074, 6.964806228000043 ], [ 79.864297211000064, 6.964993116000073 ], [ 79.865094394000039, 6.965722992000053 ], [ 79.865636273000064, 6.966889832000049 ], [ 79.866596366000067, 6.96770420200005 ], [ 79.86674585600008, 6.968033982000065 ], [ 79.866694006000046, 6.968408587000056 ], [ 79.867559444000051, 6.968332581000027 ], [ 79.868436378000069, 6.969807493000076 ], [ 79.868228406000071, 6.97023736500006 ], [ 79.867865151000046, 6.970402939000053 ], [ 79.867724830000043, 6.970170687000063 ], [ 79.867908234000083, 6.971016958000064 ], [ 79.867951681000079, 6.970820284000069 ], [ 79.868302260000064, 6.970830690000071 ], [ 79.868680481000069, 6.971148631000062 ], [ 79.868849039000054, 6.972810257000049 ], [ 79.868575513000053, 6.973147199000039 ], [ 79.868284433000042, 6.973208308000039 ], [ 79.868132149000076, 6.972999189000063 ], [ 79.868407114000036, 6.974124233000055 ], [ 79.868535611000084, 6.974087333000057 ], [ 79.868478537000044, 6.973877734000041 ], [ 79.869065201000069, 6.973991215000069 ], [ 79.869225001000075, 6.974617316000035 ], [ 79.869182042000034, 6.978714313000069 ], [ 79.870142280000039, 6.97963598900003 ], [ 79.87254808800003, 6.980203293000045 ], [ 79.87354268200005, 6.980600608000032 ], [ 79.876948133000042, 6.980779546000065 ], [ 79.879088315000047, 6.981177768000066 ], [ 79.880245162000051, 6.981012597000074 ], [ 79.882326736000039, 6.979871183000057 ], [ 79.882487295000033, 6.979526622000037 ], [ 79.883645638000075, 6.978617461000056 ], [ 79.884262315000058, 6.977830334000032 ], [ 79.884818324000037, 6.976582758000063 ], [ 79.884993817000066, 6.974895830000037 ], [ 79.884542749000047, 6.972670797000035 ], [ 79.883832053000049, 6.971117646000039 ], [ 79.882704122000064, 6.969260847000044 ], [ 79.87899961800008, 6.964780460000043 ], [ 79.878606607000052, 6.963783274000036 ], [ 79.878481054000076, 6.960568205000072 ], [ 79.879029712000033, 6.958801964000031 ], [ 79.879747051000038, 6.957363276000024 ], [ 79.880595438000057, 6.956199264000077 ], [ 79.881895132000068, 6.955017294000072 ], [ 79.883282457000064, 6.954371258000037 ], [ 79.884525466000071, 6.954158285000062 ], [ 79.886572514000079, 6.954169314000069 ], [ 79.888503994000075, 6.954524623000054 ], [ 79.89246812500005, 6.954912432000071 ], [ 79.893798422000032, 6.95518431000005 ], [ 79.896314547000031, 6.956143031000067 ], [ 79.899422750000042, 6.956087674000059 ], [ 79.900058278000074, 6.955643525000028 ], [ 79.900355484000045, 6.955235640000069 ], [ 79.900459484000066, 6.954604310000036 ], [ 79.90016988800005, 6.953900406000059 ], [ 79.899668370000029, 6.953214052000021 ], [ 79.89877890300005, 6.952573631000064 ], [ 79.896627653000053, 6.951947613000073 ], [ 79.89638582200007, 6.951633160000029 ], [ 79.896304335000082, 6.951111236000031 ], [ 79.896819518000029, 6.949571709000054 ], [ 79.897456324000075, 6.948635663000061 ], [ 79.898387804000038, 6.947919668000054 ], [ 79.899703195000029, 6.947395773000039 ], [ 79.901372120000076, 6.947156393000057 ], [ 79.902739478000058, 6.947164530000066 ], [ 79.904275849000044, 6.947465586000021 ], [ 79.907537856000033, 6.948912638000024 ], [ 79.909623251000085, 6.950203577000025 ], [ 79.910446538000031, 6.950382122000065 ], [ 79.911227877000044, 6.949933775000034 ], [ 79.911853244000042, 6.947623015000033 ], [ 79.912141358000042, 6.947180943000035 ], [ 79.913460455000063, 6.946417025000073 ], [ 79.915614952000055, 6.945792342000061 ], [ 79.916711561000056, 6.945758444000035 ], [ 79.917616095000085, 6.946131385000058 ], [ 79.919323030000044, 6.947640368000066 ], [ 79.920214887000043, 6.949389078000024 ], [ 79.920624568000051, 6.951226003000045 ], [ 79.920839443000034, 6.95156133100005 ], [ 79.922280187000069, 6.952550806000033 ], [ 79.922955814000034, 6.952528484000027 ], [ 79.924345508000044, 6.951956805000066 ], [ 79.92517041800005, 6.951240560000031 ], [ 79.925762005000081, 6.950230437000073 ], [ 79.92581530700005, 6.949442613000031 ], [ 79.927077379000082, 6.949192673000027 ], [ 79.928126038000073, 6.949363007000045 ], [ 79.93072359100006, 6.950496507000025 ], [ 79.932088318000069, 6.950805544000048 ], [ 79.933951445000048, 6.950524177000034 ], [ 79.934377280000035, 6.950333373000035 ], [ 79.93546636700006, 6.949272847000032 ], [ 79.936477679000063, 6.947286075000022 ], [ 79.937320603000046, 6.946365584000034 ], [ 79.939013746000057, 6.945036594000044 ], [ 79.942011985000079, 6.943613518000063 ], [ 79.943165923000038, 6.942656256000021 ], [ 79.943310651000047, 6.942044047000024 ], [ 79.943041151000045, 6.940508601000033 ], [ 79.943064270000036, 6.939195815000062 ], [ 79.943208427000059, 6.93890897600005 ], [ 79.943855677000045, 6.938443586000062 ], [ 79.945317952000039, 6.938408590000051 ], [ 79.947982727000067, 6.939185664000036 ], [ 79.949567667000053, 6.939911088000031 ], [ 79.951263004000054, 6.940952560000028 ], [ 79.952500315000066, 6.941923651000025 ], [ 79.953252795000083, 6.942899878000048 ], [ 79.953892800000062, 6.943158177000043 ], [ 79.954808607000075, 6.943147802000055 ], [ 79.959515773000078, 6.941684578000036 ], [ 79.962916422000035, 6.941182027000025 ], [ 79.964599245000045, 6.940664552000044 ], [ 79.968139827000073, 6.938828409000052 ], [ 79.969668033000062, 6.937712537000039 ], [ 79.971463679000067, 6.937715587000071 ], [ 79.975828771000067, 6.938859387000036 ], [ 79.977906520000033, 6.939111704000027 ], [ 79.979936919000068, 6.939048128000024 ], [ 79.982360610000057, 6.938602407000076 ], [ 79.98306969500004, 6.938364347000061 ], [ 79.984383111000056, 6.937533964000067 ], [ 79.984987584000066, 6.936855513000069 ], [ 79.985334329000068, 6.935669429000029 ], [ 79.985823223000068, 6.935383149000074 ], [ 79.986397621000037, 6.935508512000069 ], [ 79.987102678000042, 6.936248956000043 ], [ 79.988949393000041, 6.940099107000037 ], [ 79.989629277000063, 6.941131367000025 ], [ 79.991157628000053, 6.942528727000024 ], [ 79.99386987400004, 6.944234255000026 ], [ 79.994666990000042, 6.944336053000029 ], [ 79.995636835000084, 6.944229990000053 ], [ 79.998972260000073, 6.942627731000073 ], [ 80.000890654000045, 6.942257647000076 ], [ 80.00429848400006, 6.943954685000051 ], [ 80.008403024000074, 6.944942266000055 ], [ 80.01290106600004, 6.946905380000032 ], [ 80.013499582000065, 6.946936251000068 ], [ 80.014128983000035, 6.94637503000007 ], [ 80.014406307000058, 6.945143350000023 ], [ 80.01430038500007, 6.944012734000069 ], [ 80.013478753000072, 6.941289969000024 ], [ 80.01364355100003, 6.939310459000069 ], [ 80.014688396000054, 6.937224700000058 ], [ 80.016247400000054, 6.935504614000024 ], [ 80.018161478000081, 6.932570904000045 ], [ 80.018968519000055, 6.929450003000056 ], [ 80.019169360000035, 6.927368863000027 ], [ 80.019969501000048, 6.924810181000055 ], [ 80.020777833000068, 6.924620067000035 ], [ 80.02669669900007, 6.925066066000056 ], [ 80.030044300000043, 6.923952844000041 ], [ 80.031608064000068, 6.922950451000077 ], [ 80.032555020000075, 6.922144468000056 ], [ 80.035112904000073, 6.920784742000023 ], [ 80.039849823000054, 6.919183146000023 ], [ 80.040682740000079, 6.918568368000024 ], [ 80.04104274000008, 6.918000707000033 ], [ 80.042673234000063, 6.916394270000069 ], [ 80.045619646000034, 6.914556579000021 ], [ 80.047330177000049, 6.913822313000026 ], [ 80.048158798000031, 6.91365610500003 ], [ 80.051725959000066, 6.913709397000048 ], [ 80.053244456000073, 6.913039682000033 ], [ 80.054635425000072, 6.911732824000069 ], [ 80.054791799000043, 6.909656369000061 ], [ 80.054420381000057, 6.908296864000022 ], [ 80.054747037000084, 6.907598749000044 ], [ 80.055503859000055, 6.907408493000048 ], [ 80.057849857000065, 6.90755080200006 ], [ 80.060110663000046, 6.907032639000022 ], [ 80.061374067000031, 6.90748432700002 ], [ 80.062875964000057, 6.908548851000035 ], [ 80.063229229000058, 6.90925756200005 ], [ 80.06370327500008, 6.912445091000052 ], [ 80.06439438700005, 6.912972477000039 ], [ 80.065356749000046, 6.913024156000063 ], [ 80.066714988000058, 6.912509400000033 ], [ 80.067829109000058, 6.911936858000047 ], [ 80.072332446000075, 6.90902647300004 ], [ 80.073214076000056, 6.908303434000061 ], [ 80.073853460000066, 6.908196715000031 ], [ 80.075317761000065, 6.908396253000035 ], [ 80.076615060000051, 6.910641142000031 ], [ 80.076944941000079, 6.910986148000063 ], [ 80.07745458200003, 6.911195045000056 ], [ 80.079157, 6.911061166000025 ], [ 80.083719346000066, 6.910005545000047 ], [ 80.085184327000036, 6.910158402000036 ], [ 80.086181986000042, 6.910633567000048 ], [ 80.087193296000066, 6.911604001000057 ], [ 80.087924173000033, 6.912796532000073 ], [ 80.088267589000054, 6.913722933000031 ], [ 80.088468530000057, 6.91383806500005 ], [ 80.089445650000073, 6.913624149000043 ], [ 80.091695832000084, 6.912177522000036 ], [ 80.092443070000058, 6.911991979000049 ], [ 80.093096389000038, 6.912186710000071 ], [ 80.093504898000049, 6.91280456800007 ], [ 80.093618457000048, 6.913752169000077 ], [ 80.093067104000056, 6.917569841000045 ], [ 80.093179538000072, 6.919299796000075 ], [ 80.093464619000031, 6.920843382000044 ], [ 80.094555685000046, 6.923712454000054 ], [ 80.095029786000055, 6.925482335000027 ], [ 80.095058423000069, 6.926350859000024 ], [ 80.094502670000054, 6.928223406000029 ], [ 80.094357037000066, 6.929601288000072 ], [ 80.094448885000077, 6.930663699000036 ], [ 80.095058934000065, 6.932587337000029 ], [ 80.095312700000079, 6.934347028000047 ], [ 80.095110315000056, 6.935229578000076 ], [ 80.094433537000043, 6.936341128000038 ], [ 80.09411618300004, 6.937252222000041 ], [ 80.093690206000076, 6.938773252000033 ], [ 80.09368209400003, 6.939419220000048 ], [ 80.09423320500008, 6.940783749000047 ], [ 80.095201442000075, 6.941789999000036 ], [ 80.09642242700005, 6.943528721000064 ], [ 80.097139839000079, 6.944139842000027 ], [ 80.097934947000056, 6.945669801000065 ], [ 80.098628606000034, 6.947824061000063 ], [ 80.098516317000076, 6.950996383000074 ], [ 80.098709404000033, 6.95159239700007 ], [ 80.099139603000083, 6.952138507000029 ], [ 80.100883659000033, 6.953131502000076 ], [ 80.102549528000054, 6.953550174000043 ], [ 80.104606474000036, 6.95352480300005 ], [ 80.105713586000036, 6.953810788000055 ], [ 80.106203945000061, 6.954201979000061 ], [ 80.10902191100007, 6.958318072000054 ], [ 80.110434729000076, 6.959920662000059 ], [ 80.11042403700003, 6.960710181000024 ], [ 80.109867798000039, 6.961235753000039 ], [ 80.109579538000048, 6.961895683000023 ], [ 80.109989942000084, 6.962910693000026 ], [ 80.110928114000046, 6.963218257000051 ], [ 80.11320801100004, 6.962915217000045 ], [ 80.114558385000066, 6.962964959000033 ], [ 80.115919262000034, 6.963409224000031 ], [ 80.117708605000075, 6.964358041000025 ], [ 80.120398102000081, 6.964858409000044 ], [ 80.121632675000058, 6.965539599000067 ], [ 80.122005169000033, 6.966286584000045 ], [ 80.122377279000034, 6.968782070000032 ], [ 80.123010785000076, 6.970639191000032 ], [ 80.123351648000039, 6.973481987000071 ], [ 80.124145190000036, 6.974507088000053 ], [ 80.124825005000048, 6.974661148000052 ], [ 80.12798656800004, 6.974491836000027 ], [ 80.131897457000036, 6.975254634000066 ], [ 80.136210922000032, 6.974594051000054 ], [ 80.140853554000046, 6.974692567000034 ], [ 80.14800011400007, 6.973611135000056 ], [ 80.151550548000046, 6.974019754000039 ], [ 80.153555991000076, 6.973082567000063 ], [ 80.159475721000035, 6.972630969000022 ], [ 80.161545429000057, 6.971954185000072 ], [ 80.162770308000063, 6.971150998000041 ], [ 80.165751636000039, 6.97078250800007 ], [ 80.167245510000043, 6.970994980000057 ], [ 80.168407076000051, 6.971823348000044 ], [ 80.168948322000062, 6.972585827000046 ], [ 80.168692440000029, 6.975175498000056 ], [ 80.168650731000071, 6.977845710000054 ], [ 80.168748633000064, 6.978892331000054 ], [ 80.169188518000055, 6.97943839900006 ], [ 80.170011933000069, 6.979669143000024 ], [ 80.171268640000051, 6.979630037000049 ], [ 80.174621499000068, 6.978633088000038 ], [ 80.176273864000052, 6.978513172000021 ], [ 80.177922335000062, 6.978630109000051 ], [ 80.178213605000053, 6.978539622000028 ], [ 80.179300166000075, 6.977575352000031 ] ] ] } },
{ "type": "Feature", "properties": { "ADM2_EN": "Gampaha", "ADM2_PCODE": "LK12", "ADM1_EN": "Western" }, "geometry": { "type": "Polygon", "coordinates": [ [ [ 80.148621866000042, 7.313004142000068 ], [ 80.149015099000053, 7.311967537000044 ], [ 80.148899887000084, 7.311301221000065 ], [ 80.147534643000085, 7.309340299000041 ], [ 80.147170673000062, 7.308990859000062 ], [ 80.143997014000036, 7.307169879000071 ], [ 80.143095427000048, 7.306368171000031 ], [ 80.142916636000052, 7.305694972000026 ], [ 80.142999936000081, 7.305034601000045 ], [ 80.143633397000031, 7.30366715100007 ], [ 80.146101931000032, 7.301240861000053 ], [ 80.146563532000073, 7.300401178000072 ], [ 80.147190992000048, 7.299746543000026 ], [ 80.14915918500003, 7.298901840000042 ], [ 80.151464218000058, 7.298159780000049 ], [ 80.153468491000069, 7.296733968000069 ], [ 80.155018651000034, 7.294769514000052 ], [ 80.155032513000037, 7.293405802000052 ], [ 80.157490120000034, 7.291821041000048 ], [ 80.158414712000081, 7.290748767000025 ], [ 80.159412819000067, 7.290339456000027 ], [ 80.161746765000032, 7.290325163000034 ], [ 80.163399890000051, 7.289838876000033 ], [ 80.164041420000046, 7.28942259400003 ], [ 80.165942974000075, 7.287481245000038 ], [ 80.167730435000067, 7.28647624000007 ], [ 80.168929930000047, 7.284662095000044 ], [ 80.16923806300008, 7.28270662400007 ], [ 80.16976760600005, 7.280918926000027 ], [ 80.17058098900003, 7.280047100000047 ], [ 80.172702983000079, 7.278949375000025 ], [ 80.173782218000042, 7.278197168000077 ], [ 80.174729952000064, 7.277229458000022 ], [ 80.175697500000069, 7.275998515000026 ], [ 80.176881256000058, 7.273167534000038 ], [ 80.178174144000081, 7.271332311000037 ], [ 80.179596204000063, 7.269965828000068 ], [ 80.180742782000038, 7.269291876000068 ], [ 80.182574722000084, 7.267512173000057 ], [ 80.183280626000055, 7.265962800000068 ], [ 80.183356339000056, 7.263403172000039 ], [ 80.184507161000056, 7.261365855000065 ], [ 80.184871872000031, 7.261142008000036 ], [ 80.185446040000045, 7.261077946000057 ], [ 80.186374155000067, 7.261393190000035 ], [ 80.187359334000064, 7.261975196000037 ], [ 80.188373442000056, 7.263354815000071 ], [ 80.188857269000039, 7.263669484000047 ], [ 80.189922639000031, 7.263818566000054 ], [ 80.19050956600006, 7.263581567000074 ], [ 80.191127430000051, 7.263071228000058 ], [ 80.193825128000071, 7.259810121000044 ], [ 80.196021390000055, 7.258222692000061 ], [ 80.195733601000029, 7.256502216000058 ], [ 80.195927934000053, 7.255778225000029 ], [ 80.199518413000078, 7.252330585000038 ], [ 80.200511815000084, 7.251130885000066 ], [ 80.200727285000085, 7.245686565000028 ], [ 80.200588983000046, 7.24510788300006 ], [ 80.195809789000066, 7.240603379000049 ], [ 80.194960336000065, 7.24059483700006 ], [ 80.193619109000053, 7.240234243000032 ], [ 80.190637672000037, 7.23912985100003 ], [ 80.188818644000037, 7.237715915000024 ], [ 80.18850113700006, 7.23771550500004 ], [ 80.187171449000061, 7.236471684000037 ], [ 80.186683404000064, 7.235235760000023 ], [ 80.18673558100005, 7.234746857000061 ], [ 80.187509939000051, 7.233795654000062 ], [ 80.189111220000029, 7.231095517000028 ], [ 80.189035537000052, 7.229834390000065 ], [ 80.188470133000067, 7.228636970000025 ], [ 80.188470565000046, 7.228302413000051 ], [ 80.189373927000076, 7.227222694000034 ], [ 80.188911622000035, 7.226012541000046 ], [ 80.187855870000078, 7.225367798000036 ], [ 80.187598733000073, 7.224929966000047 ], [ 80.187496085000078, 7.22459527500007 ], [ 80.187626568000042, 7.223334415000068 ], [ 80.18835129200005, 7.220890497000028 ], [ 80.185164077000081, 7.214516899000046 ], [ 80.184574515000065, 7.212097019000055 ], [ 80.184396301000049, 7.210423995000042 ], [ 80.184656050000058, 7.208841611000025 ], [ 80.18615542200007, 7.205695211000034 ], [ 80.186164030000043, 7.203877887000033 ], [ 80.185462267000048, 7.203155155000047 ], [ 80.185103102000085, 7.201919396000051 ], [ 80.183456964000072, 7.199549620000028 ], [ 80.183406262000062, 7.198906172000022 ], [ 80.184543124000072, 7.196565731000021 ], [ 80.184414881000066, 7.196102329000041 ], [ 80.182407922000039, 7.193796423000038 ], [ 80.181351649000078, 7.193614904000071 ], [ 80.179425095000056, 7.193792546000054 ], [ 80.179076881000071, 7.194063476000053 ], [ 80.17828628400008, 7.194062466000048 ], [ 80.17788123400004, 7.193812201000071 ], [ 80.176403654000069, 7.193968744000074 ], [ 80.174268812000037, 7.194752611000069 ], [ 80.173899752000068, 7.193941737000046 ], [ 80.173209532000044, 7.194650266000053 ], [ 80.172421857000074, 7.194397533000028 ], [ 80.168964225000082, 7.194644656000037 ], [ 80.16790080800007, 7.192618625000023 ], [ 80.167087121000066, 7.192421957000022 ], [ 80.166555242000072, 7.192005631000029 ], [ 80.166004533000034, 7.191943777000063 ], [ 80.16542288800008, 7.192132475000051 ], [ 80.163995772000078, 7.193010704000073 ], [ 80.164098705000072, 7.19383596800003 ], [ 80.16380747900007, 7.19422980500002 ], [ 80.163446642000054, 7.194052073000023 ], [ 80.163032778000058, 7.194168870000055 ], [ 80.162553763000062, 7.193581472000062 ], [ 80.161790346000032, 7.193321299000047 ], [ 80.160913423000068, 7.191763436000031 ], [ 80.160521663000054, 7.190656077000028 ], [ 80.161065936000057, 7.190009371000031 ], [ 80.161098523000078, 7.18881689400007 ], [ 80.160614584000029, 7.188455241000042 ], [ 80.160596079000072, 7.187749231000055 ], [ 80.160168728000031, 7.187249934000022 ], [ 80.159824428000036, 7.18488224400005 ], [ 80.158757967000042, 7.18440742000007 ], [ 80.157826073000081, 7.184456437000051 ], [ 80.155864398000062, 7.185383796000053 ], [ 80.155176461000053, 7.186704456000029 ], [ 80.154830139000069, 7.189605991000064 ], [ 80.153912682000055, 7.191997515000025 ], [ 80.152965990000041, 7.192720340000051 ], [ 80.152146334000065, 7.192719239000041 ], [ 80.151390095000068, 7.192466337000042 ], [ 80.151075669000079, 7.191867716000047 ], [ 80.150448245000064, 7.189631511000073 ], [ 80.149880985000038, 7.189504801000055 ], [ 80.148588108000069, 7.189786386000037 ], [ 80.147421717000043, 7.189784787000065 ], [ 80.146791452000059, 7.189626503000056 ], [ 80.146161882000058, 7.188964480000038 ], [ 80.146353152000074, 7.187422038000022 ], [ 80.147173813000052, 7.186667555000042 ], [ 80.149702129000048, 7.185253529000022 ], [ 80.150485958000047, 7.185129367000059 ], [ 80.150990792000073, 7.184815220000075 ], [ 80.152157516000045, 7.184533464000026 ], [ 80.152914593000048, 7.184156692000045 ], [ 80.15369004300004, 7.183671761000028 ], [ 80.153892088000077, 7.183192399000063 ], [ 80.154125358000044, 7.181263485000045 ], [ 80.155577242000049, 7.173634918000062 ], [ 80.155549757000074, 7.172641473000056 ], [ 80.156765532000065, 7.169015008000031 ], [ 80.157269419000045, 7.166990858000077 ], [ 80.156638648000069, 7.164104860000066 ], [ 80.156679147000034, 7.163019462000022 ], [ 80.15646655300003, 7.162231247000022 ], [ 80.156333841000048, 7.160101201000032 ], [ 80.15521612200007, 7.155640924000068 ], [ 80.154765585000064, 7.153069291000065 ], [ 80.153942972000038, 7.150675668000076 ], [ 80.154089618000057, 7.150095180000051 ], [ 80.155219861000035, 7.148313608000024 ], [ 80.156420594000053, 7.144594063000056 ], [ 80.157699954000066, 7.142345103000025 ], [ 80.158367338000062, 7.140709896000033 ], [ 80.158368598000038, 7.139771422000024 ], [ 80.158924269000067, 7.136037658000021 ], [ 80.159316519000072, 7.13603818200005 ], [ 80.159501917000057, 7.135210092000023 ], [ 80.160333594000065, 7.133431812000026 ], [ 80.160519030000046, 7.132573042000047 ], [ 80.160295727000062, 7.132319575000054 ], [ 80.160550134000061, 7.132281631000069 ], [ 80.161476112000059, 7.128877475000024 ], [ 80.163290412000038, 7.125112046000027 ], [ 80.163648429000034, 7.125300939000056 ], [ 80.164971788000059, 7.125095435000048 ], [ 80.16569134000008, 7.126101292000044 ], [ 80.166411793000066, 7.125950508000074 ], [ 80.166977909000082, 7.126196943000025 ], [ 80.167350161000059, 7.125995602000046 ], [ 80.168010285000037, 7.126008136000053 ], [ 80.167828847000067, 7.126638983000021 ], [ 80.167815816000029, 7.127664219000053 ], [ 80.167400885000063, 7.128538487000071 ], [ 80.167803307000042, 7.128855172000044 ], [ 80.168877825000038, 7.129224736000026 ], [ 80.169355894000034, 7.129643678000036 ], [ 80.169429189000084, 7.130360592000045 ], [ 80.170196809000061, 7.130545675000064 ], [ 80.171023521000052, 7.132510230000037 ], [ 80.172035133000065, 7.134014836000063 ], [ 80.172826304000068, 7.13436471600005 ], [ 80.173483167000029, 7.135695066000039 ], [ 80.174081494000063, 7.136078652000037 ], [ 80.174704057000042, 7.136246942000071 ], [ 80.17609324700004, 7.136320529000045 ], [ 80.177123419000054, 7.136178313000073 ], [ 80.178572399000075, 7.136323743000048 ], [ 80.17981734500006, 7.136803861000033 ], [ 80.183194318000062, 7.137143169000069 ], [ 80.184775323000054, 7.137073423000061 ], [ 80.189602880000052, 7.13631397000006 ], [ 80.191925767000043, 7.136771499000076 ], [ 80.193314178000037, 7.137467091000076 ], [ 80.194224675000044, 7.137624733000052 ], [ 80.195246808000036, 7.136847200000034 ], [ 80.196634537000079, 7.136546740000028 ], [ 80.19758728100004, 7.136087744000065 ], [ 80.199033994000047, 7.134725716000048 ], [ 80.200807198000064, 7.13537683800007 ], [ 80.201471315000049, 7.136529956000061 ], [ 80.201960470000074, 7.136894208000058 ], [ 80.202955183000086, 7.137047967000058 ], [ 80.203353581000044, 7.13690789900005 ], [ 80.205577236000067, 7.135161176000054 ], [ 80.206575785000041, 7.134985131000064 ], [ 80.209171341000058, 7.135076955000045 ], [ 80.209792806000053, 7.134811825000043 ], [ 80.212435171000038, 7.132909344000041 ], [ 80.212702259000082, 7.132200566000051 ], [ 80.212770197000054, 7.131070517000069 ], [ 80.212438262000035, 7.130383168000037 ], [ 80.207657526000048, 7.128500523000071 ], [ 80.204674236000074, 7.122243924000031 ], [ 80.203925043000083, 7.120174705000068 ], [ 80.203516914000033, 7.119594550000045 ], [ 80.199220475000061, 7.117138880000027 ], [ 80.198865025000032, 7.116624657000045 ], [ 80.198562924000043, 7.115636244000029 ], [ 80.198423348000063, 7.114377192000063 ], [ 80.196884736000072, 7.111373223000044 ], [ 80.19648051300004, 7.107604 ], [ 80.196157790000029, 7.101963697000031 ], [ 80.195565274000046, 7.101080073000048 ], [ 80.194936855000037, 7.100957795000056 ], [ 80.194961019000061, 7.100361290000023 ], [ 80.194409655000072, 7.100747041000034 ], [ 80.193411155000035, 7.101068303000034 ], [ 80.192505854000046, 7.101016921000053 ], [ 80.19117267300004, 7.101241336000044 ], [ 80.190899423000076, 7.101402489000066 ], [ 80.190539329000046, 7.102051611000036 ], [ 80.189920876000031, 7.102449188000037 ], [ 80.189000830000055, 7.102692063000063 ], [ 80.187387515000069, 7.102833571000076 ], [ 80.186653831000058, 7.103435559000047 ], [ 80.186316509000051, 7.103454792000036 ], [ 80.185913973000083, 7.103244411000048 ], [ 80.186449596000045, 7.102064372000029 ], [ 80.186453838000034, 7.10155476500006 ], [ 80.18674543700007, 7.101092178000044 ], [ 80.18695858600006, 7.100166535000028 ], [ 80.186472233000075, 7.098396630000025 ], [ 80.186495111000056, 7.097359490000031 ], [ 80.186237160000076, 7.096792128000061 ], [ 80.186434364000036, 7.094908160000045 ], [ 80.183881136000082, 7.093840275000048 ], [ 80.183513493000078, 7.093134181000039 ], [ 80.183208572000069, 7.091415748000031 ], [ 80.18271879100007, 7.090157269000031 ], [ 80.179654, 7.085183292000067 ], [ 80.177905580000072, 7.083524359000023 ], [ 80.177200682000034, 7.082388318000028 ], [ 80.176774995000073, 7.081192764000036 ], [ 80.176713868000036, 7.079676186000029 ], [ 80.176496561000079, 7.078748220000023 ], [ 80.175370960000066, 7.07616379500007 ], [ 80.174174280000045, 7.072233222000023 ], [ 80.173629063000078, 7.071432160000029 ], [ 80.172865157000047, 7.070776333000026 ], [ 80.170900350000068, 7.069464108000034 ], [ 80.168026424000061, 7.067168434000052 ], [ 80.166789833000053, 7.065966283000023 ], [ 80.166681776000075, 7.065056646000073 ], [ 80.166792216000033, 7.064147295000055 ], [ 80.168390084000066, 7.061820846000046 ], [ 80.167025916000057, 7.061196510000059 ], [ 80.166249056000083, 7.060527327000045 ], [ 80.164834306000046, 7.060098208000056 ], [ 80.164338527000041, 7.058637028000021 ], [ 80.164643062000039, 7.057643020000057 ], [ 80.164178523000032, 7.056088628000055 ], [ 80.166420120000055, 7.054638804000035 ], [ 80.166825598000059, 7.053777032000028 ], [ 80.167826754000032, 7.052391559000057 ], [ 80.16790217700003, 7.051168072000053 ], [ 80.168659065000043, 7.049998303000052 ], [ 80.169032929000082, 7.048761230000025 ], [ 80.168925233000039, 7.047836618000076 ], [ 80.168266052000035, 7.046414086000027 ], [ 80.168310341000051, 7.046050111000056 ], [ 80.168597712000064, 7.045918507000067 ], [ 80.167951664000043, 7.044687253000063 ], [ 80.167890968000052, 7.040940253000031 ], [ 80.169910635000065, 7.036257872000022 ], [ 80.170183020000081, 7.035296918000029 ], [ 80.170818010000062, 7.02249486200003 ], [ 80.171851597000057, 7.020230806000029 ], [ 80.173799181000049, 7.015170503000036 ], [ 80.17428310300005, 7.012871410000059 ], [ 80.17466470800008, 7.008426744000076 ], [ 80.175934364000057, 7.006178305000049 ], [ 80.177973008000038, 7.003953168000066 ], [ 80.179818321000084, 7.001275772000042 ], [ 80.181178783000064, 6.998694612000065 ], [ 80.181788075000043, 6.996868648000031 ], [ 80.18179040900003, 6.995023049000054 ], [ 80.182440520000057, 6.993323212000064 ], [ 80.182056097000043, 6.991409487000055 ], [ 80.182784606000041, 6.988888404000022 ], [ 80.182756153000071, 6.988443879000044 ], [ 80.18157440300007, 6.987190819000034 ], [ 80.181441960000029, 6.986697965000076 ], [ 80.181466472000068, 6.98587694500003 ], [ 80.182032469000035, 6.983914827000035 ], [ 80.182040978000032, 6.983336103000056 ], [ 80.181791747000034, 6.982381783000051 ], [ 80.181824660000075, 6.981177450000075 ], [ 80.181528587000059, 6.980027665000023 ], [ 80.181134198000052, 6.979358430000048 ], [ 80.179566237000074, 6.97837503300002 ], [ 80.179300166000075, 6.977575352000031 ], [ 80.178213605000053, 6.978539622000028 ], [ 80.177922335000062, 6.978630109000051 ], [ 80.176273864000052, 6.978513172000021 ], [ 80.174621499000068, 6.978633088000038 ], [ 80.171268640000051, 6.979630037000049 ], [ 80.170011933000069, 6.979669143000024 ], [ 80.169188518000055, 6.97943839900006 ], [ 80.168748633000064, 6.978892331000054 ], [ 80.168650731000071, 6.977845710000054 ], [ 80.168692440000029, 6.975175498000056 ], [ 80.168948322000062, 6.972585827000046 ], [ 80.168407076000051, 6.971823348000044 ], [ 80.166920048000065, 6.970851007000022 ], [ 80.165751636000039, 6.97078250800007 ], [ 80.163658093000038, 6.970961545000023 ], [ 80.162770308000063, 6.971150998000041 ], [ 80.162015031000067, 6.971734681000044 ], [ 80.160328415000038, 6.972431107000034 ], [ 80.158105859000045, 6.972801440000069 ], [ 80.156228596000062, 6.972798978000071 ], [ 80.153555991000076, 6.973082567000063 ], [ 80.151878722000049, 6.973941667000076 ], [ 80.151256020000062, 6.974046114000032 ], [ 80.14800011400007, 6.973611135000056 ], [ 80.140853554000046, 6.974692567000034 ], [ 80.136210922000032, 6.974594051000054 ], [ 80.131897457000036, 6.975254634000066 ], [ 80.12798656800004, 6.974491836000027 ], [ 80.124825005000048, 6.974661148000052 ], [ 80.124145190000036, 6.974507088000053 ], [ 80.123351648000039, 6.973481987000071 ], [ 80.123010785000076, 6.970639191000032 ], [ 80.122377279000034, 6.968782070000032 ], [ 80.122005169000033, 6.966286584000045 ], [ 80.121632675000058, 6.965539599000067 ], [ 80.120398102000081, 6.964858409000044 ], [ 80.117708605000075, 6.964358041000025 ], [ 80.115919262000034, 6.963409224000031 ], [ 80.114558385000066, 6.962964959000033 ], [ 80.11320801100004, 6.962915217000045 ], [ 80.110928114000046, 6.963218257000051 ], [ 80.109989942000084, 6.962910693000026 ], [ 80.109579538000048, 6.961895683000023 ], [ 80.109867798000039, 6.961235753000039 ], [ 80.11042403700003, 6.960710181000024 ], [ 80.110434729000076, 6.959920662000059 ], [ 80.10902191100007, 6.958318072000054 ], [ 80.106203945000061, 6.954201979000061 ], [ 80.105713586000036, 6.953810788000055 ], [ 80.104606474000036, 6.95352480300005 ], [ 80.102549528000054, 6.953550174000043 ], [ 80.100883659000033, 6.953131502000076 ], [ 80.099139603000083, 6.952138507000029 ], [ 80.098709404000033, 6.95159239700007 ], [ 80.098516317000076, 6.950996383000074 ], [ 80.098628606000034, 6.947824061000063 ], [ 80.097934947000056, 6.945669801000065 ], [ 80.097139839000079, 6.944139842000027 ], [ 80.09642242700005, 6.943528721000064 ], [ 80.095201442000075, 6.941789999000036 ], [ 80.09423320500008, 6.940783749000047 ], [ 80.09368209400003, 6.939419220000048 ], [ 80.093690206000076, 6.938773252000033 ], [ 80.09411618300004, 6.937252222000041 ], [ 80.094433537000043, 6.936341128000038 ], [ 80.095110315000056, 6.935229578000076 ], [ 80.095312700000079, 6.934347028000047 ], [ 80.095058934000065, 6.932587337000029 ], [ 80.094448885000077, 6.930663699000036 ], [ 80.094357037000066, 6.929601288000072 ], [ 80.094502670000054, 6.928223406000029 ], [ 80.095058423000069, 6.926350859000024 ], [ 80.095029786000055, 6.925482335000027 ], [ 80.094555685000046, 6.923712454000054 ], [ 80.093464619000031, 6.920843382000044 ], [ 80.093179538000072, 6.919299796000075 ], [ 80.093067104000056, 6.917569841000045 ], [ 80.093618457000048, 6.913752169000077 ], [ 80.093504898000049, 6.91280456800007 ], [ 80.093096389000038, 6.912186710000071 ], [ 80.092443070000058, 6.911991979000049 ], [ 80.091695832000084, 6.912177522000036 ], [ 80.089445650000073, 6.913624149000043 ], [ 80.088468530000057, 6.91383806500005 ], [ 80.088267589000054, 6.913722933000031 ], [ 80.087924173000033, 6.912796532000073 ], [ 80.087193296000066, 6.911604001000057 ], [ 80.086181986000042, 6.910633567000048 ], [ 80.085184327000036, 6.910158402000036 ], [ 80.083719346000066, 6.910005545000047 ], [ 80.079157, 6.911061166000025 ], [ 80.07745458200003, 6.911195045000056 ], [ 80.076944941000079, 6.910986148000063 ], [ 80.076615060000051, 6.910641142000031 ], [ 80.075317761000065, 6.908396253000035 ], [ 80.073853460000066, 6.908196715000031 ], [ 80.073214076000056, 6.908303434000061 ], [ 80.072332446000075, 6.90902647300004 ], [ 80.067829109000058, 6.911936858000047 ], [ 80.066714988000058, 6.912509400000033 ], [ 80.065356749000046, 6.913024156000063 ], [ 80.06439438700005, 6.912972477000039 ], [ 80.06370327500008, 6.912445091000052 ], [ 80.063229229000058, 6.90925756200005 ], [ 80.062875964000057, 6.908548851000035 ], [ 80.061374067000031, 6.90748432700002 ], [ 80.060110663000046, 6.907032639000022 ], [ 80.057849857000065, 6.90755080200006 ], [ 80.055503859000055, 6.907408493000048 ], [ 80.054747037000084, 6.907598749000044 ], [ 80.054420381000057, 6.908296864000022 ], [ 80.054791799000043, 6.909656369000061 ], [ 80.054635425000072, 6.911732824000069 ], [ 80.053244456000073, 6.913039682000033 ], [ 80.051725959000066, 6.913709397000048 ], [ 80.048158798000031, 6.91365610500003 ], [ 80.047330177000049, 6.913822313000026 ], [ 80.045619646000034, 6.914556579000021 ], [ 80.042673234000063, 6.916394270000069 ], [ 80.04104274000008, 6.918000707000033 ], [ 80.040682740000079, 6.918568368000024 ], [ 80.039849823000054, 6.919183146000023 ], [ 80.035112904000073, 6.920784742000023 ], [ 80.032555020000075, 6.922144468000056 ], [ 80.031608064000068, 6.922950451000077 ], [ 80.030044300000043, 6.923952844000041 ], [ 80.02669669900007, 6.925066066000056 ], [ 80.020777833000068, 6.924620067000035 ], [ 80.019969501000048, 6.924810181000055 ], [ 80.019169360000035, 6.927368863000027 ], [ 80.018968519000055, 6.929450003000056 ], [ 80.018161478000081, 6.932570904000045 ], [ 80.016247400000054, 6.935504614000024 ], [ 80.014688396000054, 6.937224700000058 ], [ 80.01364355100003, 6.939310459000069 ], [ 80.013478753000072, 6.941289969000024 ], [ 80.01430038500007, 6.944012734000069 ], [ 80.014406307000058, 6.945143350000023 ], [ 80.014128983000035, 6.94637503000007 ], [ 80.013499582000065, 6.946936251000068 ], [ 80.01290106600004, 6.946905380000032 ], [ 80.008403024000074, 6.944942266000055 ], [ 80.00429848400006, 6.943954685000051 ], [ 80.000890654000045, 6.942257647000076 ], [ 79.998972260000073, 6.942627731000073 ], [ 79.995636835000084, 6.944229990000053 ], [ 79.994666990000042, 6.944336053000029 ], [ 79.99386987400004, 6.944234255000026 ], [ 79.991157628000053, 6.942528727000024 ], [ 79.989629277000063, 6.941131367000025 ], [ 79.988949393000041, 6.940099107000037 ], [ 79.987102678000042, 6.936248956000043 ], [ 79.986397621000037, 6.935508512000069 ], [ 79.985823223000068, 6.935383149000074 ], [ 79.985334329000068, 6.935669429000029 ], [ 79.984987584000066, 6.936855513000069 ], [ 79.984383111000056, 6.937533964000067 ], [ 79.98306969500004, 6.938364347000061 ], [ 79.982360610000057, 6.938602407000076 ], [ 79.979936919000068, 6.939048128000024 ], [ 79.977906520000033, 6.939111704000027 ], [ 79.975828771000067, 6.938859387000036 ], [ 79.971463679000067, 6.937715587000071 ], [ 79.969668033000062, 6.937712537000039 ], [ 79.968139827000073, 6.938828409000052 ], [ 79.964599245000045, 6.940664552000044 ], [ 79.962916422000035, 6.941182027000025 ], [ 79.959515773000078, 6.941684578000036 ], [ 79.954808607000075, 6.943147802000055 ], [ 79.953892800000062, 6.943158177000043 ], [ 79.953252795000083, 6.942899878000048 ], [ 79.952500315000066, 6.941923651000025 ], [ 79.951263004000054, 6.940952560000028 ], [ 79.949567667000053, 6.939911088000031 ], [ 79.947982727000067, 6.939185664000036 ], [ 79.945317952000039, 6.938408590000051 ], [ 79.943855677000045, 6.938443586000062 ], [ 79.943208427000059, 6.93890897600005 ], [ 79.943064270000036, 6.939195815000062 ], [ 79.943041151000045, 6.940508601000033 ], [ 79.943310651000047, 6.942044047000024 ], [ 79.943165923000038, 6.942656256000021 ], [ 79.942011985000079, 6.943613518000063 ], [ 79.939013746000057, 6.945036594000044 ], [ 79.937320603000046, 6.946365584000034 ], [ 79.936477679000063, 6.947286075000022 ], [ 79.93546636700006, 6.949272847000032 ], [ 79.934377280000035, 6.950333373000035 ], [ 79.933951445000048, 6.950524177000034 ], [ 79.932088318000069, 6.950805544000048 ], [ 79.931130931000041, 6.950631581000039 ], [ 79.928126038000073, 6.949363007000045 ], [ 79.927077379000082, 6.949192673000027 ], [ 79.92581530700005, 6.949442613000031 ], [ 79.925762005000081, 6.950230437000073 ], [ 79.92546158600004, 6.95086389100004 ], [ 79.924345508000044, 6.951956805000066 ], [ 79.922955814000034, 6.952528484000027 ], [ 79.922280187000069, 6.952550806000033 ], [ 79.920714038000085, 6.95139961600006 ], [ 79.920214887000043, 6.949389078000024 ], [ 79.919607695000082, 6.948101552000026 ], [ 79.918979043000036, 6.947209109000028 ], [ 79.917616095000085, 6.946131385000058 ], [ 79.916711561000056, 6.945758444000035 ], [ 79.91605557500003, 6.945742900000027 ], [ 79.913460455000063, 6.946417025000073 ], [ 79.912141358000042, 6.947180943000035 ], [ 79.911853244000042, 6.947623015000033 ], [ 79.911227877000044, 6.949933775000034 ], [ 79.910446538000031, 6.950382122000065 ], [ 79.909623251000085, 6.950203577000025 ], [ 79.908221959000059, 6.949263184000074 ], [ 79.90579987600006, 6.948043731000041 ], [ 79.903364259000057, 6.947223099000041 ], [ 79.901372120000076, 6.947156393000057 ], [ 79.899703195000029, 6.947395773000039 ], [ 79.898387804000038, 6.947919668000054 ], [ 79.897733340000059, 6.948374209000065 ], [ 79.897011729000042, 6.949210214000061 ], [ 79.896408630000053, 6.950634372000025 ], [ 79.89633238600004, 6.951399801000036 ], [ 79.896487237000031, 6.951815770000053 ], [ 79.896818995000046, 6.952052636000076 ], [ 79.898423587000082, 6.952450959000032 ], [ 79.899205819000031, 6.952818447000027 ], [ 79.90016988800005, 6.953900406000059 ], [ 79.900459484000066, 6.954604310000036 ], [ 79.900355484000045, 6.955235640000069 ], [ 79.899865841000064, 6.955818496000063 ], [ 79.89930012700006, 6.956140344000062 ], [ 79.896047400000043, 6.956103563000056 ], [ 79.893403266000064, 6.955077870000025 ], [ 79.886572514000079, 6.954169314000069 ], [ 79.883828598000036, 6.954235921000077 ], [ 79.881895132000068, 6.955017294000072 ], [ 79.880595438000057, 6.956199264000077 ], [ 79.880011037000031, 6.956968998000036 ], [ 79.879029712000033, 6.958801964000031 ], [ 79.878481054000076, 6.960568205000072 ], [ 79.878494979000038, 6.963143875000071 ], [ 79.87899961800008, 6.964780460000043 ], [ 79.882704122000064, 6.969260847000044 ], [ 79.884261150000043, 6.971943640000063 ], [ 79.884945799000036, 6.974255285000027 ], [ 79.884818324000037, 6.976582758000063 ], [ 79.884262315000058, 6.977830334000032 ], [ 79.883645638000075, 6.978617461000056 ], [ 79.882487295000033, 6.979526622000037 ], [ 79.882326736000039, 6.979871183000057 ], [ 79.880245162000051, 6.981012597000074 ], [ 79.879088315000047, 6.981177768000066 ], [ 79.876948133000042, 6.980779546000065 ], [ 79.87354268200005, 6.980600608000032 ], [ 79.87254808800003, 6.980203293000045 ], [ 79.870142280000039, 6.97963598900003 ], [ 79.869182042000034, 6.978714313000069 ], [ 79.869179148000057, 6.978107608000073 ], [ 79.869015847000071, 6.978007393000041 ], [ 79.868938154000034, 6.980058561000021 ], [ 79.86906196700005, 6.980754858000068 ], [ 79.868925815000068, 6.980826482000055 ], [ 79.869027044000063, 6.981220008000037 ], [ 79.86890212000003, 6.981382253000049 ], [ 79.869019724000054, 6.981449662000045 ], [ 79.868972212000074, 6.981920120000041 ], [ 79.869169861000046, 6.982010559000059 ], [ 79.869164174000048, 6.982472959000063 ], [ 79.869058062000079, 6.983438722000074 ], [ 79.868899958000043, 6.98348986700006 ], [ 79.869013919000054, 6.983663603000025 ], [ 79.868932728000061, 6.98418870200004 ], [ 79.869168798000032, 6.984393960000034 ], [ 79.868792165000059, 6.986406272000067 ], [ 79.868904541000063, 6.986510471000031 ], [ 79.868747013000075, 6.987341769000068 ], [ 79.868832097000052, 6.988130221000063 ], [ 79.868464666000079, 6.989965959000074 ], [ 79.867645134000043, 6.992537119000076 ], [ 79.867238040000075, 6.995269842000027 ], [ 79.867415888000039, 6.99530644400005 ], [ 79.867577908000044, 6.99496433500002 ], [ 79.867822061000084, 6.995110110000041 ], [ 79.867899518000058, 6.995396080000035 ], [ 79.86756014100007, 6.996149083000034 ], [ 79.867914247000044, 6.996764807000034 ], [ 79.868046289000063, 6.99741762900004 ], [ 79.867566156000066, 6.999027818000059 ], [ 79.867896363000057, 6.998993373000076 ], [ 79.868017061000046, 6.999522116000037 ], [ 79.867963677000034, 7.000171504000036 ], [ 79.867575371000044, 7.00025213300006 ], [ 79.868134007000037, 7.000334097000064 ], [ 79.868153608000057, 7.000975709000045 ], [ 79.867556645000036, 7.001995243000067 ], [ 79.86750465700004, 7.002824274000034 ], [ 79.866976985000065, 7.003810117000057 ], [ 79.86697313600007, 7.005465529000048 ], [ 79.866681950000043, 7.006608893000021 ], [ 79.865487911000059, 7.008935622000024 ], [ 79.864551969000047, 7.012089210000056 ], [ 79.864680074000034, 7.012250136000034 ], [ 79.864293412000052, 7.01337856300006 ], [ 79.864403716000083, 7.013521904000072 ], [ 79.864100425000061, 7.014156527000068 ], [ 79.864064226000039, 7.014803050000069 ], [ 79.864193417000081, 7.014961988000039 ], [ 79.863720890000081, 7.016017292000072 ], [ 79.863932107000039, 7.016282887000045 ], [ 79.863914762000036, 7.016772839000055 ], [ 79.86368578500003, 7.017342509000059 ], [ 79.86328969300007, 7.017777631000058 ], [ 79.862709907000067, 7.019548472000054 ], [ 79.862534373000074, 7.020654712000066 ], [ 79.862770043000069, 7.020907001000069 ], [ 79.862679983000078, 7.021494641000061 ], [ 79.862383721000072, 7.022487886000022 ], [ 79.862176228000067, 7.022574142000053 ], [ 79.861787542000059, 7.025360721000027 ], [ 79.861559986000032, 7.025769075000028 ], [ 79.860973310000077, 7.028974056000038 ], [ 79.860441655000045, 7.030748604000053 ], [ 79.858726622000063, 7.039164285000027 ], [ 79.857844304000082, 7.042098864000025 ], [ 79.857256286000052, 7.045264406000058 ], [ 79.854728515000033, 7.054517735000047 ], [ 79.854043493000063, 7.058027994000042 ], [ 79.852083542000059, 7.06551283400006 ], [ 79.850832517000072, 7.072457954000072 ], [ 79.84916992400008, 7.078432493000037 ], [ 79.848439118000044, 7.082499388000031 ], [ 79.847687242000063, 7.085116087000074 ], [ 79.847461872000054, 7.087050622000049 ], [ 79.846775210000033, 7.089995581000039 ], [ 79.846708561000071, 7.091680062000023 ], [ 79.846463365000034, 7.093042722000064 ], [ 79.846044249000045, 7.094034710000074 ], [ 79.845960569000056, 7.095360366000023 ], [ 79.844881998000062, 7.100386628000024 ], [ 79.843391039000039, 7.105563333000021 ], [ 79.842273330000069, 7.11210311800005 ], [ 79.839848925000069, 7.118635141000027 ], [ 79.838975938000033, 7.120503579000058 ], [ 79.837839043000031, 7.124060446000044 ], [ 79.836204980000048, 7.128302179000059 ], [ 79.834984347000045, 7.132363291000047 ], [ 79.832645119000063, 7.13828559500007 ], [ 79.831217462000041, 7.144187956000053 ], [ 79.828416932000039, 7.153110287000061 ], [ 79.826704883000048, 7.160328894000031 ], [ 79.824912177000044, 7.16633362500005 ], [ 79.824861313000042, 7.167068715000028 ], [ 79.823590793000051, 7.171215139000026 ], [ 79.823400725000056, 7.172324367000044 ], [ 79.822967085000073, 7.173279194000031 ], [ 79.82216634100007, 7.176143720000027 ], [ 79.820875862000037, 7.182038324000075 ], [ 79.820502844000032, 7.183118259000025 ], [ 79.816889728000035, 7.203307711000036 ], [ 79.816886921000048, 7.203618280000057 ], [ 79.817294748000052, 7.203998762000026 ], [ 79.81741194600005, 7.204564403000063 ], [ 79.817820925000035, 7.205099492000045 ], [ 79.818831058000058, 7.205811613000037 ], [ 79.819302719000063, 7.206546783000022 ], [ 79.819228398000064, 7.20687149500003 ], [ 79.819633821000082, 7.207281540000054 ], [ 79.822030089000066, 7.208055578000028 ], [ 79.825808639000059, 7.208318716000065 ], [ 79.825968561000082, 7.208248428000047 ], [ 79.825893757000074, 7.20777999400002 ], [ 79.826031105000084, 7.207127997000043 ], [ 79.826293872000065, 7.20685493600007 ], [ 79.826411295000071, 7.206162300000074 ], [ 79.826939477000053, 7.205300439000041 ], [ 79.826997921000043, 7.204799639000043 ], [ 79.827407381000057, 7.204298031000064 ], [ 79.828790431000073, 7.203385858000047 ], [ 79.829468433000045, 7.203271254000072 ], [ 79.829181917000085, 7.202493406000031 ], [ 79.829780566000068, 7.202592673000026 ], [ 79.830618003000041, 7.201518329000066 ], [ 79.830518255000072, 7.200544852000064 ], [ 79.83019287500008, 7.200190279000026 ], [ 79.83029435900005, 7.199670218000051 ], [ 79.829998716000034, 7.198584887000038 ], [ 79.831515798000055, 7.198800192000022 ], [ 79.831466140000032, 7.199461912000061 ], [ 79.833230465000042, 7.199211417000072 ], [ 79.833677025000043, 7.199311536000039 ], [ 79.833688443000085, 7.199567001000048 ], [ 79.833218041000066, 7.199488085000041 ], [ 79.832492486000035, 7.200274560000025 ], [ 79.832456706000073, 7.201462531000061 ], [ 79.83272134300006, 7.202129319000051 ], [ 79.83247986300006, 7.202369489000034 ], [ 79.832275168000081, 7.201903315000038 ], [ 79.83023425600004, 7.204248912000025 ], [ 79.830111377000037, 7.205567870000039 ], [ 79.830380940000055, 7.206381927000052 ], [ 79.830980930000067, 7.206342391000021 ], [ 79.831955088000029, 7.206665390000069 ], [ 79.832328674000053, 7.206541934000029 ], [ 79.832186352000065, 7.206783689000076 ], [ 79.83231122400008, 7.206890702000067 ], [ 79.834925609000038, 7.207812634000049 ], [ 79.834867324000072, 7.208170550000034 ], [ 79.832959976000041, 7.207954747000031 ], [ 79.832316369000068, 7.208824432000029 ], [ 79.832184963000032, 7.208716141000025 ], [ 79.832519473000048, 7.208145359000071 ], [ 79.832368700000075, 7.207927234000067 ], [ 79.830575037000074, 7.207045643000072 ], [ 79.830202098000029, 7.206701732000056 ], [ 79.829476932000034, 7.206810270000062 ], [ 79.829039907000038, 7.207244099000036 ], [ 79.828612423000038, 7.20613666600002 ], [ 79.82853082500003, 7.206452240000033 ], [ 79.828855973000032, 7.207268674000034 ], [ 79.828479396000034, 7.20784829300004 ], [ 79.829325453000081, 7.209211756000059 ], [ 79.829289760000052, 7.209395685000061 ], [ 79.828569353000034, 7.20983714700003 ], [ 79.829194611000048, 7.209610232000045 ], [ 79.82971542000007, 7.209858335000035 ], [ 79.831573414000047, 7.211540899000056 ], [ 79.831702282000037, 7.211919841000054 ], [ 79.83154098600005, 7.212116168000023 ], [ 79.832502034000072, 7.21173052000006 ], [ 79.833480634000068, 7.212301701000058 ], [ 79.836062695000066, 7.21532299100005 ], [ 79.837668463000057, 7.218505615000026 ], [ 79.837722757000051, 7.218838371000061 ], [ 79.837591832000044, 7.21899318100003 ], [ 79.837768396000058, 7.21900114400006 ], [ 79.83803570200007, 7.219448968000052 ], [ 79.838081866000039, 7.219891934000032 ], [ 79.83789265200005, 7.220046878000062 ], [ 79.838056743000038, 7.220096185000045 ], [ 79.838273257000083, 7.220625647000077 ], [ 79.838234088000036, 7.221131502000048 ], [ 79.838376703000051, 7.221168197000054 ], [ 79.838552251000067, 7.221877078000034 ], [ 79.83845763100004, 7.222073455000043 ], [ 79.838597697000068, 7.22213180600005 ], [ 79.838774846000035, 7.223192856000026 ], [ 79.839155869000081, 7.22418847800003 ], [ 79.839206576000038, 7.225927296000066 ], [ 79.839513459000045, 7.225927927000043 ], [ 79.839393284000039, 7.226536769000063 ], [ 79.840361514000051, 7.231328108000071 ], [ 79.840490686000066, 7.233898249000049 ], [ 79.841014738000069, 7.237741229000051 ], [ 79.840985500000045, 7.23966242900002 ], [ 79.841350161000037, 7.242681599000036 ], [ 79.841785583000046, 7.250813124000047 ], [ 79.841630982000083, 7.257498413000064 ], [ 79.841804059000083, 7.259402899000065 ], [ 79.84173368200004, 7.265830654000069 ], [ 79.841102943000067, 7.27094270200007 ], [ 79.841012357000068, 7.272888403000024 ], [ 79.843869083000072, 7.272788107000054 ], [ 79.846046745000081, 7.272350513000049 ], [ 79.847987723000074, 7.272178772000075 ], [ 79.850521520000029, 7.272295850000035 ], [ 79.852158638000049, 7.273103019000075 ], [ 79.852573930000062, 7.273878987000046 ], [ 79.852399638000065, 7.274754231000031 ], [ 79.851809081000056, 7.275327189000052 ], [ 79.851790490000042, 7.276273686000025 ], [ 79.852820994000069, 7.27691403700004 ], [ 79.854091310000058, 7.277011271000049 ], [ 79.854853433000073, 7.276897989000076 ], [ 79.855990804000044, 7.276053409000042 ], [ 79.856538700000044, 7.275250691000053 ], [ 79.85788291800003, 7.271650537000028 ], [ 79.858445209000081, 7.270833491000076 ], [ 79.85946417100007, 7.270086139000057 ], [ 79.860697836000043, 7.269985172000077 ], [ 79.863763056000039, 7.270715041000074 ], [ 79.866356035000081, 7.270983412000021 ], [ 79.867235392000055, 7.271541400000046 ], [ 79.868245395000031, 7.272661852000056 ], [ 79.869970046000049, 7.275835180000058 ], [ 79.870214787000066, 7.279238801000076 ], [ 79.870548113000041, 7.280286125000032 ], [ 79.871755575000066, 7.281520605000026 ], [ 79.872323898000047, 7.28187461300007 ], [ 79.873766038000042, 7.282577256000025 ], [ 79.874628330000064, 7.282698593000021 ], [ 79.875670675000038, 7.282640859000026 ], [ 79.87698931400007, 7.282200894000027 ], [ 79.878715613000054, 7.281582306000075 ], [ 79.880550390000053, 7.28062899400004 ], [ 79.880958479000071, 7.280235061000042 ], [ 79.882297374000075, 7.278005822000068 ], [ 79.883832067000071, 7.274941640000065 ], [ 79.884468605000052, 7.274117526000055 ], [ 79.884888404000037, 7.273855191000052 ], [ 79.885272099000076, 7.273676518000059 ], [ 79.888782088000085, 7.273671445000048 ], [ 79.890759348000074, 7.273340380000036 ], [ 79.893848213000069, 7.274279433000061 ], [ 79.89754884000007, 7.274812947000044 ], [ 79.898206711000057, 7.275328583000032 ], [ 79.898863050000045, 7.276633701000037 ], [ 79.898698969000066, 7.280927700000063 ], [ 79.89903842800004, 7.281320708000067 ], [ 79.899757095000041, 7.281379517000062 ], [ 79.900483522000059, 7.281144077000022 ], [ 79.90144190400008, 7.279904286000033 ], [ 79.901730764000035, 7.279208663000077 ], [ 79.90210961300005, 7.276582561000055 ], [ 79.902492866000046, 7.275391896000031 ], [ 79.90269494000006, 7.274968834000049 ], [ 79.903457877000051, 7.274432019000074 ], [ 79.904557676000081, 7.274391073000061 ], [ 79.905937311000059, 7.274601862000054 ], [ 79.906892884000058, 7.275448758000039 ], [ 79.907117949000053, 7.276028710000048 ], [ 79.906461499000045, 7.279491994000068 ], [ 79.906717054000069, 7.28026612900004 ], [ 79.907428437000078, 7.280375152000033 ], [ 79.908348984000042, 7.28011136300006 ], [ 79.909186230000046, 7.279249889000027 ], [ 79.909401242000058, 7.277386061000072 ], [ 79.909198321000076, 7.275756459000036 ], [ 79.908685, 7.274117591000049 ], [ 79.907442372000048, 7.272430972000052 ], [ 79.906227547000071, 7.271242020000045 ], [ 79.90495719900008, 7.269029019000072 ], [ 79.905074856000056, 7.267651232000048 ], [ 79.905325426000047, 7.266924430000074 ], [ 79.905882978000079, 7.266035534000025 ], [ 79.906986431000064, 7.265329504000022 ], [ 79.90807910400008, 7.265245471000071 ], [ 79.908510082000078, 7.265389838000033 ], [ 79.910413900000037, 7.267106425000065 ], [ 79.912032625000052, 7.267568851000021 ], [ 79.914934244000051, 7.268713147000028 ], [ 79.916129650000073, 7.270045584000059 ], [ 79.916530465000051, 7.27093631300005 ], [ 79.916490364000083, 7.271864485000037 ], [ 79.915903490000062, 7.27305956500004 ], [ 79.914904389000071, 7.274320848000059 ], [ 79.914432729000055, 7.275401311000053 ], [ 79.914526685000055, 7.276387152000041 ], [ 79.914928176000046, 7.276923811000074 ], [ 79.915656262000084, 7.277068737000036 ], [ 79.917918917000065, 7.276594554000042 ], [ 79.919251265000071, 7.276482242000043 ], [ 79.920419711000079, 7.276886373000025 ], [ 79.922899261000055, 7.278278639000064 ], [ 79.923618112000042, 7.278241714000046 ], [ 79.924395314000037, 7.27775512900007 ], [ 79.924972880000041, 7.276406905000044 ], [ 79.924735741000063, 7.275104998000074 ], [ 79.924030884000047, 7.272806974000048 ], [ 79.923983796000073, 7.272366686000055 ], [ 79.924406773000044, 7.271678472000076 ], [ 79.925260667000032, 7.271172887000034 ], [ 79.92602719000007, 7.271260453000025 ], [ 79.927032638000071, 7.271702539000046 ], [ 79.928238015000034, 7.272853145000056 ], [ 79.928638552000052, 7.27390654800007 ], [ 79.928349301000083, 7.274834258000055 ], [ 79.927590106000082, 7.275942907000058 ], [ 79.924709140000061, 7.279047611000067 ], [ 79.923073665000061, 7.282346033000067 ], [ 79.92293864100003, 7.282795548000024 ], [ 79.923214654000049, 7.28381044300005 ], [ 79.923424865000072, 7.284145774000024 ], [ 79.924104432000036, 7.284615963000022 ], [ 79.925283733000072, 7.284359805000065 ], [ 79.928075423000053, 7.282881762000045 ], [ 79.929544620000058, 7.281353379000052 ], [ 79.931187011000077, 7.279103199000076 ], [ 79.931994810000049, 7.278618661000053 ], [ 79.933127660000082, 7.278208083000038 ], [ 79.934110273000044, 7.278060387000039 ], [ 79.935433559000046, 7.278314048000027 ], [ 79.936234861000059, 7.279033255000058 ], [ 79.93730434400004, 7.280488621000075 ], [ 79.93786070200008, 7.280866454000034 ], [ 79.938268058000062, 7.28084328500006 ], [ 79.938982274000068, 7.280079037000064 ], [ 79.94054757400005, 7.277141495000023 ], [ 79.941436976000034, 7.276302043000044 ], [ 79.944032861000039, 7.27461502400007 ], [ 79.945345561000067, 7.27395642700003 ], [ 79.945942353000078, 7.273924780000073 ], [ 79.946193661000052, 7.274068786000043 ], [ 79.946581845000082, 7.274697503000027 ], [ 79.946777750000081, 7.275654825000061 ], [ 79.946634634000077, 7.278567316000021 ], [ 79.947614249000083, 7.28005240300007 ], [ 79.948242122000067, 7.280633710000075 ], [ 79.94872074400007, 7.280945598000073 ], [ 79.949367410000036, 7.281078362000073 ], [ 79.95237548800003, 7.280455840000059 ], [ 79.953825238000036, 7.280350818000045 ], [ 79.954645473000085, 7.280561643000055 ], [ 79.955106096000065, 7.280891434000068 ], [ 79.95604970800008, 7.28243027000002 ], [ 79.956049208000081, 7.28270539600004 ], [ 79.955760887000054, 7.283147469000028 ], [ 79.953045100000054, 7.284428458000036 ], [ 79.95205564500003, 7.285036720000051 ], [ 79.95147348100005, 7.285657686000036 ], [ 79.950788163000084, 7.287002166000036 ], [ 79.950401584000076, 7.288759879000054 ], [ 79.95049633900004, 7.289548592000074 ], [ 79.950968192000062, 7.290094681000028 ], [ 79.952054357000065, 7.290358405000063 ], [ 79.955581088000031, 7.289786083000024 ], [ 79.956449467000084, 7.28988335400004 ], [ 79.956957685000077, 7.29039864300006 ], [ 79.957076267000048, 7.291068734000021 ], [ 79.956411957000057, 7.292642158000035 ], [ 79.956236635000039, 7.293527031000053 ], [ 79.956361860000072, 7.293838272000073 ], [ 79.957323232000078, 7.294162036000046 ], [ 79.958243291000031, 7.294173272000023 ], [ 79.960410243000069, 7.293660428000067 ], [ 79.962285005000069, 7.29251957200006 ], [ 79.964355588000046, 7.290298350000057 ], [ 79.965890426000044, 7.289529549000065 ], [ 79.966874781000058, 7.28936696300002 ], [ 79.968148948000078, 7.289378085000067 ], [ 79.96924443000006, 7.289768809000066 ], [ 79.970243216000085, 7.290637842000024 ], [ 79.972072345000072, 7.293065347000038 ], [ 79.972690112000066, 7.293296118000058 ], [ 79.973739884000054, 7.293125729000053 ], [ 79.976020736000066, 7.292274952000071 ], [ 79.976847135000071, 7.292407998000044 ], [ 79.977714574000061, 7.293043523000051 ], [ 79.978090807000058, 7.293690142000059 ], [ 79.979651825000076, 7.29939476800007 ], [ 79.980067447000067, 7.300127581000027 ], [ 79.981030752000038, 7.301065151000046 ], [ 79.982020089000059, 7.301580830000034 ], [ 79.982851500000038, 7.301762224000072 ], [ 79.98611119800006, 7.301410885000053 ], [ 79.987071651000065, 7.301732402000027 ], [ 79.988833729000078, 7.303092925000044 ], [ 79.98998527100008, 7.303576713000041 ], [ 79.991028731000085, 7.303669935000073 ], [ 79.993761348000078, 7.303146118000029 ], [ 79.994825497000079, 7.304344515000025 ], [ 79.994698459000062, 7.304934230000072 ], [ 79.994317927000054, 7.305510803000061 ], [ 79.993349796000075, 7.305566543000054 ], [ 79.991261228000042, 7.305079643000056 ], [ 79.988903312000048, 7.305156879000037 ], [ 79.988327440000035, 7.30561521900006 ], [ 79.988202181000077, 7.305993004000072 ], [ 79.988161672000047, 7.306534077000038 ], [ 79.988466586000072, 7.307307733000073 ], [ 79.989195314000085, 7.308080935000021 ], [ 79.990464048000035, 7.308776950000038 ], [ 79.993283616000042, 7.309359782000058 ], [ 79.99525747000007, 7.310188437000022 ], [ 79.997942103000071, 7.313792492000061 ], [ 79.998850885000081, 7.314434615000039 ], [ 79.999821238000038, 7.314827811000043 ], [ 80.000869647000059, 7.314820304000023 ], [ 80.002982389000067, 7.314374696000073 ], [ 80.004170214000055, 7.314769092000063 ], [ 80.004562446000079, 7.315200402000073 ], [ 80.004991622000034, 7.316445203000058 ], [ 80.005114941000045, 7.317191854000043 ], [ 80.005007076000084, 7.318607991000022 ], [ 80.005162752000047, 7.319498900000042 ], [ 80.006238875000065, 7.320762751000075 ], [ 80.007847191000053, 7.321817796000062 ], [ 80.008461810000085, 7.321752770000046 ], [ 80.009072102000061, 7.321402872000021 ], [ 80.009191666000049, 7.321078807000049 ], [ 80.009226769000065, 7.318064396000068 ], [ 80.009548939000069, 7.317386387000056 ], [ 80.009935217000077, 7.317144514000063 ], [ 80.010839927000063, 7.317025652000041 ], [ 80.012708702000054, 7.31720903400003 ], [ 80.014002736000066, 7.317157395000038 ], [ 80.014326719000053, 7.316864869000028 ], [ 80.014922420000062, 7.314651317000028 ], [ 80.015258968000069, 7.314312599000061 ], [ 80.016030269000055, 7.314471802000071 ], [ 80.016379705000077, 7.314711636000027 ], [ 80.018051147000051, 7.31639889500002 ], [ 80.019804357000055, 7.317372227000021 ], [ 80.020534609000038, 7.317608694000057 ], [ 80.021612719000075, 7.317715768000028 ], [ 80.024124172000029, 7.317545231000054 ], [ 80.026288043000079, 7.317877805000023 ], [ 80.026770206000037, 7.317752421000023 ], [ 80.027325918000031, 7.317328157000077 ], [ 80.027542923000055, 7.316519871000025 ], [ 80.027171475000046, 7.315825874000041 ], [ 80.024922693000065, 7.314005749000046 ], [ 80.024711123000031, 7.31335234200003 ], [ 80.024727381000048, 7.312227920000055 ], [ 80.02534668800007, 7.311573421000048 ], [ 80.027970125000081, 7.31035763400007 ], [ 80.028899727000066, 7.30970364600006 ], [ 80.029307948000053, 7.309177983000041 ], [ 80.029668424000079, 7.308544581000035 ], [ 80.029898969000044, 7.307670677000033 ], [ 80.03037181600007, 7.303505441000027 ], [ 80.031124541000054, 7.302125568000065 ], [ 80.031963776000055, 7.301768085000049 ], [ 80.032694592000041, 7.301769289000049 ], [ 80.033944954000049, 7.302746271000046 ], [ 80.034765045000086, 7.303100506000021 ], [ 80.037004608000075, 7.303600614000061 ], [ 80.037855155000045, 7.30364985500006 ], [ 80.039403091000054, 7.30306280700006 ], [ 80.043090256000085, 7.300255120000031 ], [ 80.045600799000056, 7.299882378000063 ], [ 80.047100287000035, 7.299441 ], [ 80.047321280000062, 7.299101628000074 ], [ 80.047366443000044, 7.298428762000071 ], [ 80.046978941000077, 7.296249742000043 ], [ 80.047274881000078, 7.295496594000042 ], [ 80.048606879000033, 7.294156572000077 ], [ 80.052440989000047, 7.291781154000034 ], [ 80.053277659000059, 7.290823233000026 ], [ 80.053567198000053, 7.289570045000062 ], [ 80.05323736500003, 7.286066950000077 ], [ 80.053478872000085, 7.284880674000021 ], [ 80.054438313000048, 7.284241026000075 ], [ 80.055378049000069, 7.283936288000064 ], [ 80.056807561000085, 7.283769852000034 ], [ 80.059140296000066, 7.283786577000058 ], [ 80.061282524000035, 7.284814901000061 ], [ 80.063340487000062, 7.285284625000031 ], [ 80.064889767000068, 7.286252334000039 ], [ 80.067178831000035, 7.288337941000066 ], [ 80.073436953000055, 7.292279758000063 ], [ 80.078617678000057, 7.29601343500002 ], [ 80.080604706000031, 7.296970096000052 ], [ 80.082318231000045, 7.298331659000041 ], [ 80.08251857700003, 7.298934870000039 ], [ 80.082464931000061, 7.302647912000054 ], [ 80.08273211900007, 7.303413915000021 ], [ 80.083610339000074, 7.30451255600002 ], [ 80.084314891000076, 7.304913215000056 ], [ 80.084880311000063, 7.304961932000026 ], [ 80.085708853000085, 7.304759881000052 ], [ 80.086656877000053, 7.303756491000058 ], [ 80.087148418000083, 7.303541918000064 ], [ 80.087566108000033, 7.303559990000053 ], [ 80.088504670000077, 7.30407746800006 ], [ 80.090817775000062, 7.306140955000046 ], [ 80.092350465000038, 7.306707906000042 ], [ 80.094314661000055, 7.30715109700003 ], [ 80.09470086400006, 7.307497212000044 ], [ 80.096039639000082, 7.309538825000061 ], [ 80.099175178000053, 7.312116113000059 ], [ 80.099623787000041, 7.312301555000033 ], [ 80.10140894500006, 7.312316193000072 ], [ 80.102820888000053, 7.313532491000046 ], [ 80.103400269000076, 7.314669786000024 ], [ 80.103655158000038, 7.316476494000028 ], [ 80.103888614000084, 7.317052033000039 ], [ 80.105760398000029, 7.318958429000077 ], [ 80.107045892000031, 7.320629101000065 ], [ 80.107674289000045, 7.32113468600005 ], [ 80.109649557000068, 7.322368834000031 ], [ 80.112754500000051, 7.323824049000052 ], [ 80.116273947000082, 7.324679004000075 ], [ 80.118222593000041, 7.325418204000073 ], [ 80.119878696000058, 7.326381558000037 ], [ 80.12070065100005, 7.327038748000064 ], [ 80.121709379000038, 7.328048792000061 ], [ 80.123025601000052, 7.32974235000006 ], [ 80.123717057000079, 7.330274983000038 ], [ 80.124501829000053, 7.330291074000058 ], [ 80.125319871000045, 7.330085907000068 ], [ 80.12708525000005, 7.329334823000067 ], [ 80.129884179000044, 7.328483535000032 ], [ 80.133250378000071, 7.326828565000028 ], [ 80.135726986000066, 7.325133422000022 ], [ 80.138859568000044, 7.323433214000033 ], [ 80.139678586000059, 7.322528213000055 ], [ 80.140085740000075, 7.320284522000065 ], [ 80.14066923200005, 7.319438400000024 ], [ 80.142954828000029, 7.317653589000031 ], [ 80.145000314000072, 7.315388364000057 ], [ 80.145963466000069, 7.314550775000043 ], [ 80.146377190000067, 7.314285785000038 ], [ 80.147719882000047, 7.313917515000071 ], [ 80.148104257000057, 7.313623148000033 ], [ 80.148621866000042, 7.313004142000068 ] ], [ [ 80.160626656000034, 7.202556319000053 ], [ 80.158968736000077, 7.199762452000073 ], [ 80.159102243000063, 7.19926259500005 ], [ 80.160191487000077, 7.198503794000032 ], [ 80.16086612600003, 7.198321006000072 ], [ 80.16148888400005, 7.198730031000025 ], [ 80.164134121000075, 7.199672391000036 ], [ 80.167061052000065, 7.20009976700004 ], [ 80.167153168000084, 7.201145388000043 ], [ 80.166997723000065, 7.201620723000076 ], [ 80.166481949000058, 7.20237142700006 ], [ 80.165491149000047, 7.203002861000073 ], [ 80.164215076000062, 7.203239783000072 ], [ 80.162571194000066, 7.203165464000051 ], [ 80.160626656000034, 7.202556319000053 ] ] ] } },
{ "type": "Feature", "properties": { "ADM2_EN": "Kalutara", "ADM2_PCODE": "LK13", "ADM1_EN": "Western" }, "geometry": { "type": "MultiPolygon", "coordinates": [ [ [ [ 80.177702097000065, 6.815857666000056 ], [ 80.177653302000067, 6.815280278000046 ], [ 80.177954017000047, 6.814388828000062 ], [ 80.17844705300007, 6.809714903000042 ], [ 80.178798549000078, 6.807807579000041 ], [ 80.179637907000085, 6.805977965000068 ], [ 80.179678864000039, 6.80485421700007 ], [ 80.180402319000052, 6.803242097000066 ], [ 80.180566600000077, 6.802179914000021 ], [ 80.181952419000083, 6.798149094000053 ], [ 80.182520193000073, 6.797025372000064 ], [ 80.182637670000076, 6.796087186000022 ], [ 80.183081117000029, 6.795025341000041 ], [ 80.18410569200006, 6.794638875000032 ], [ 80.185697428000083, 6.793508476000056 ], [ 80.186289113000043, 6.793297034000034 ], [ 80.186874039000031, 6.790095550000046 ], [ 80.186876970000071, 6.787667502000033 ], [ 80.19087799700003, 6.784445556000037 ], [ 80.192520707000085, 6.783661429000063 ], [ 80.192952732000037, 6.782675010000048 ], [ 80.193369364000034, 6.779559177000067 ], [ 80.193765910000081, 6.778213826000069 ], [ 80.193282404000058, 6.777232287000061 ], [ 80.192409106000071, 6.776956092000034 ], [ 80.191938305000065, 6.775364459000059 ], [ 80.191269656000031, 6.774095588000023 ], [ 80.191426119000084, 6.773360058000037 ], [ 80.190854229000081, 6.771247918000029 ], [ 80.190926718000071, 6.770679767000047 ], [ 80.19168266500003, 6.769017834000067 ], [ 80.191707312000062, 6.768425700000023 ], [ 80.193052161000082, 6.764670964000061 ], [ 80.192944822000072, 6.764365781000038 ], [ 80.19233278400003, 6.763775821000024 ], [ 80.192546624000045, 6.760880265000026 ], [ 80.19411038800007, 6.757361927000034 ], [ 80.195477886000049, 6.75520824900002 ], [ 80.197166498000058, 6.751976873000046 ], [ 80.199729294000065, 6.747886880000067 ], [ 80.201113558000031, 6.743920822000064 ], [ 80.202913408000029, 6.741584363000072 ], [ 80.203312272000062, 6.740850945000034 ], [ 80.203846932000033, 6.739292103000025 ], [ 80.204139131000034, 6.736979592000068 ], [ 80.204033739000067, 6.736516386000062 ], [ 80.204303947000085, 6.735615318000043 ], [ 80.206076391000067, 6.732331325000075 ], [ 80.205320690000065, 6.730473332000031 ], [ 80.20200870900004, 6.731204356000035 ], [ 80.200007987000049, 6.731382217000032 ], [ 80.199192634000042, 6.731311658000038 ], [ 80.198697310000057, 6.730434826000021 ], [ 80.198803395000084, 6.729774597000073 ], [ 80.199225720000072, 6.728837202000022 ], [ 80.199128015000042, 6.726625195000054 ], [ 80.199381292000055, 6.726460355000029 ], [ 80.200898794000068, 6.726704023000025 ], [ 80.201244131000067, 6.726532611000039 ], [ 80.201520760000051, 6.726257833000034 ], [ 80.202191632000051, 6.724228925000034 ], [ 80.202699025000072, 6.723495774000071 ], [ 80.203931254000054, 6.722569043000021 ], [ 80.204034467000042, 6.722201983000048 ], [ 80.204675850000058, 6.722147944000028 ], [ 80.204665429000045, 6.721850055000061 ], [ 80.20429600600005, 6.721566101000064 ], [ 80.203452123000034, 6.72155957700005 ], [ 80.202947684000037, 6.721336031000021 ], [ 80.202769985000032, 6.720493834000024 ], [ 80.203528807000055, 6.719664291000072 ], [ 80.204924688000062, 6.719125197000039 ], [ 80.205350306000071, 6.717398244000037 ], [ 80.207114835000084, 6.71471581000003 ], [ 80.207105874000035, 6.714189430000033 ], [ 80.206821815000069, 6.713559849000035 ], [ 80.20690841000004, 6.713181919000021 ], [ 80.207952283000054, 6.712805102000061 ], [ 80.208134138000048, 6.71282923800004 ], [ 80.208435100000031, 6.713329639000051 ], [ 80.20870564300003, 6.713234249000038 ], [ 80.209346345000085, 6.711751583000023 ], [ 80.209923701000037, 6.710904380000045 ], [ 80.210378692000063, 6.709829674000048 ], [ 80.210675757000047, 6.708420659000069 ], [ 80.210713561000034, 6.708011570000053 ], [ 80.210514708000062, 6.707519237000042 ], [ 80.211056304000067, 6.705425385000069 ], [ 80.211887223000076, 6.703526154000031 ], [ 80.212609091000047, 6.702613491000022 ], [ 80.213397146000034, 6.70095393400004 ], [ 80.213910776000034, 6.700271762000057 ], [ 80.213913980000029, 6.699680543000056 ], [ 80.213026035000041, 6.699209216000042 ], [ 80.213360234000049, 6.697945494000066 ], [ 80.214370419000034, 6.695978185000058 ], [ 80.215130234000071, 6.695623306000073 ], [ 80.215368144000081, 6.695355183000061 ], [ 80.215041718000066, 6.694795331000023 ], [ 80.215574341000035, 6.694018519000053 ], [ 80.216135270000052, 6.691405585000041 ], [ 80.216505139000049, 6.691218996000032 ], [ 80.219015757000079, 6.691643222000039 ], [ 80.220424122000054, 6.69147904600004 ], [ 80.221057234000057, 6.690204620000031 ], [ 80.221715969000059, 6.689876196000057 ], [ 80.222115005000035, 6.688597166000022 ], [ 80.222984445000066, 6.687302028000033 ], [ 80.223040150000031, 6.686929788000043 ], [ 80.223640481000075, 6.685922356000049 ], [ 80.224169115000052, 6.683996540000066 ], [ 80.224947961000055, 6.682845975000021 ], [ 80.225615798000035, 6.681474911000066 ], [ 80.226740617000075, 6.680533314000058 ], [ 80.22754038000005, 6.67936990000004 ], [ 80.228680757000063, 6.678293782000026 ], [ 80.231915830000048, 6.676269326000067 ], [ 80.237995573000035, 6.671703488000048 ], [ 80.239376873000083, 6.671006134000038 ], [ 80.240584387000069, 6.670928025000023 ], [ 80.241366704000029, 6.67068852400007 ], [ 80.242358746000036, 6.668992631000037 ], [ 80.242846836000069, 6.666114539000034 ], [ 80.243181697000068, 6.665381010000033 ], [ 80.24375759000003, 6.664831417000073 ], [ 80.24548332300003, 6.664329830000042 ], [ 80.247571486000083, 6.660548292000044 ], [ 80.249518434000038, 6.658510044000025 ], [ 80.250489137000045, 6.655816272000038 ], [ 80.249869180000076, 6.655287596000051 ], [ 80.24970872800003, 6.654943231000061 ], [ 80.249789935000081, 6.65458781600006 ], [ 80.250572557000055, 6.654164754000021 ], [ 80.25141198700004, 6.654143172000033 ], [ 80.251619669000036, 6.653788032000023 ], [ 80.25141564200004, 6.652147373000048 ], [ 80.251658592000069, 6.651310592000073 ], [ 80.25169855300004, 6.648248188000025 ], [ 80.251553236000063, 6.645873560000041 ], [ 80.251392938000038, 6.645517750000067 ], [ 80.250739314000043, 6.644495775000053 ], [ 80.248857462000046, 6.642359097000053 ], [ 80.248824372000058, 6.641579107000041 ], [ 80.249115578000044, 6.639469163000058 ], [ 80.249869741000055, 6.635719824000034 ], [ 80.250515501000052, 6.634665587000029 ], [ 80.252853103000064, 6.632708265000076 ], [ 80.253521636000073, 6.631757476000075 ], [ 80.254145265000034, 6.630232978000038 ], [ 80.254759782000065, 6.62741236200003 ], [ 80.254978730000062, 6.627080120000073 ], [ 80.258732016000067, 6.624310794000053 ], [ 80.259192981000069, 6.623738031000073 ], [ 80.260536896000076, 6.622747300000071 ], [ 80.260694126000033, 6.622372775000031 ], [ 80.26181790000004, 6.622022225000023 ], [ 80.26407206600004, 6.621859465000057 ], [ 80.26814009800006, 6.620392182000046 ], [ 80.270642040000041, 6.620100443000069 ], [ 80.271748317000061, 6.619297647000053 ], [ 80.272495192000065, 6.618971811000051 ], [ 80.274090429000069, 6.61733687100002 ], [ 80.274689579000039, 6.617570757000067 ], [ 80.275138664000053, 6.618358289000071 ], [ 80.276179242000069, 6.618632096000056 ], [ 80.277204038000036, 6.618540113000051 ], [ 80.278275215000065, 6.618128460000037 ], [ 80.280395910000038, 6.618559856000047 ], [ 80.281949738000037, 6.61825634500002 ], [ 80.282549847000041, 6.617531975000077 ], [ 80.282863193000082, 6.616434069000036 ], [ 80.283208185000035, 6.615996561000031 ], [ 80.284034140000074, 6.615537996000057 ], [ 80.284344029000067, 6.615568680000024 ], [ 80.284654233000083, 6.615165757000057 ], [ 80.285439790000055, 6.615150383000071 ], [ 80.285992460000045, 6.613751719000049 ], [ 80.286682265000081, 6.613048008000021 ], [ 80.286968126000033, 6.612391752000065 ], [ 80.287714401000073, 6.61191715700005 ], [ 80.28780927400004, 6.611559943000032 ], [ 80.288355444000047, 6.610923082000056 ], [ 80.288716537000084, 6.609673525000062 ], [ 80.290243633000046, 6.608145649000051 ], [ 80.290675603000068, 6.606834908000053 ], [ 80.29145578300006, 6.605694861000075 ], [ 80.291727729000058, 6.605557311000041 ], [ 80.291908119000084, 6.605086616000051 ], [ 80.292762346000075, 6.604562981000072 ], [ 80.293478995000044, 6.603788463000058 ], [ 80.295411417000082, 6.602720347000059 ], [ 80.295572666000055, 6.602243890000068 ], [ 80.296270341000081, 6.601287509000031 ], [ 80.296758844000067, 6.600878360000024 ], [ 80.298279248000085, 6.600288363000061 ], [ 80.298275882000041, 6.599806004000072 ], [ 80.297595313000045, 6.599319174000073 ], [ 80.298097711000082, 6.598456432000035 ], [ 80.299309891000064, 6.597981322000066 ], [ 80.300038949000054, 6.59738548100006 ], [ 80.300607231000072, 6.59752859200006 ], [ 80.301077300000031, 6.597445457000049 ], [ 80.304071131000057, 6.595451991000061 ], [ 80.304215739000085, 6.593913222000026 ], [ 80.305150739000055, 6.593325595000067 ], [ 80.305012194000085, 6.592833001000031 ], [ 80.306376169000032, 6.589202535000027 ], [ 80.306488367000043, 6.588113852000049 ], [ 80.30700054600004, 6.58763953600004 ], [ 80.307324642000083, 6.585851114000036 ], [ 80.306958232000056, 6.585317490000023 ], [ 80.306969547000051, 6.585106408000058 ], [ 80.309778941000047, 6.581267354000033 ], [ 80.310605301000066, 6.579129015000035 ], [ 80.310328, 6.578417714000068 ], [ 80.310473009000077, 6.577906785000039 ], [ 80.310862555000085, 6.577462739000055 ], [ 80.311019121000072, 6.576474085000029 ], [ 80.311789674000067, 6.574921954000047 ], [ 80.312045667000064, 6.574622217000069 ], [ 80.31284657100008, 6.574189658000023 ], [ 80.313325383000063, 6.573390170000039 ], [ 80.313693816000068, 6.571712882000043 ], [ 80.314431726000066, 6.570654899000033 ], [ 80.313586619000034, 6.570261931000061 ], [ 80.312347725000052, 6.570237763000023 ], [ 80.311858102000031, 6.570703938000065 ], [ 80.311613474000069, 6.570737043000065 ], [ 80.310802653000053, 6.569869710000035 ], [ 80.310313277000034, 6.570069241000056 ], [ 80.309845786000039, 6.570646535000037 ], [ 80.309345586000063, 6.570523861000026 ], [ 80.308987155000068, 6.570624399000053 ], [ 80.309098367000047, 6.56941912000002 ], [ 80.308798716000069, 6.568841118000023 ], [ 80.308009943000059, 6.568184893000023 ], [ 80.307209510000064, 6.568117491000066 ], [ 80.306509726000058, 6.567416905000073 ], [ 80.305809346000046, 6.567360705000056 ], [ 80.305295052000076, 6.567098078000072 ], [ 80.304283524000084, 6.567332562000047 ], [ 80.303999159000057, 6.567598475000068 ], [ 80.302722741000082, 6.567335434000029 ], [ 80.302148481000074, 6.567544760000033 ], [ 80.298325059000035, 6.566590111000039 ], [ 80.297624487000064, 6.56619904400003 ], [ 80.295546468000055, 6.564394728000025 ], [ 80.295271218000039, 6.56405036600006 ], [ 80.295158441000069, 6.562742552000032 ], [ 80.295332532000032, 6.561836723000056 ], [ 80.295816936000051, 6.560873960000038 ], [ 80.298039846000052, 6.558468782000034 ], [ 80.299733926000044, 6.556028479000076 ], [ 80.301025252000045, 6.553816834000031 ], [ 80.303030837000051, 6.548432734000073 ], [ 80.30454075800003, 6.545996973000058 ], [ 80.304865289000077, 6.54506009000005 ], [ 80.305036944000051, 6.540557594000063 ], [ 80.305742240000029, 6.538204128000075 ], [ 80.307618966000064, 6.536298019000071 ], [ 80.309594910000044, 6.535708521000061 ], [ 80.311768971000049, 6.534531 ], [ 80.313847096000075, 6.532022575000042 ], [ 80.317763163000052, 6.525700009000047 ], [ 80.320389196000065, 6.521931303000031 ], [ 80.324619086000041, 6.51495226000003 ], [ 80.326295020000032, 6.512766968000051 ], [ 80.327514720000067, 6.510849794000023 ], [ 80.328264040000079, 6.509020702000043 ], [ 80.329493581000065, 6.506790377000073 ], [ 80.33237061300008, 6.502999415000033 ], [ 80.334472150000067, 6.498951236000039 ], [ 80.338552539000034, 6.492675532000021 ], [ 80.345264493000059, 6.482839659000035 ], [ 80.356110534000038, 6.46841160200006 ], [ 80.356904710000038, 6.466102737000028 ], [ 80.358123162000084, 6.463492974000076 ], [ 80.361858337000058, 6.457504802000074 ], [ 80.366400639000062, 6.451638980000041 ], [ 80.376292662000083, 6.439574659000073 ], [ 80.378448018000086, 6.437266800000032 ], [ 80.380372021000085, 6.434882799000036 ], [ 80.380027035000069, 6.433677566000028 ], [ 80.379113638000035, 6.43161279900005 ], [ 80.378757737000058, 6.430095157000039 ], [ 80.379038197000057, 6.428557391000027 ], [ 80.380921841000031, 6.426114808000023 ], [ 80.37915223400006, 6.424957351000046 ], [ 80.378848318000053, 6.424939119000044 ], [ 80.37733101300006, 6.426449323000043 ], [ 80.37699424300007, 6.426942545000031 ], [ 80.376696830000071, 6.427853323000022 ], [ 80.376159778000044, 6.428514320000033 ], [ 80.376029926000058, 6.429018103000033 ], [ 80.375713958000063, 6.429149796000047 ], [ 80.373266090000072, 6.427712266000071 ], [ 80.37246430600004, 6.427722758000073 ], [ 80.371464806000063, 6.427170876000048 ], [ 80.370728927000073, 6.427179154000044 ], [ 80.370532862000061, 6.426892083000041 ], [ 80.370100792000073, 6.427093287000048 ], [ 80.369423555000083, 6.426910891000034 ], [ 80.369028623000077, 6.42743443300003 ], [ 80.368519553000056, 6.427529733000029 ], [ 80.367389578000029, 6.426389917000051 ], [ 80.366196014000082, 6.425810892000072 ], [ 80.364980044000049, 6.424542754000072 ], [ 80.363685145000034, 6.423871762000033 ], [ 80.362765453000065, 6.423003913000059 ], [ 80.362073019000036, 6.422695177000037 ], [ 80.361495790000049, 6.421898427000031 ], [ 80.360822423000059, 6.42167392600004 ], [ 80.358906148000074, 6.420397549000029 ], [ 80.357786249000071, 6.418681567000021 ], [ 80.356958064000082, 6.418254037000054 ], [ 80.356365364000055, 6.41767165300007 ], [ 80.35514558400007, 6.417657757000029 ], [ 80.353808312000069, 6.418664568000054 ], [ 80.353173882000078, 6.419378854000058 ], [ 80.35261156100006, 6.419665510000073 ], [ 80.350687066000035, 6.418530899000075 ], [ 80.348445350000077, 6.41675434900003 ], [ 80.33491396800008, 6.411113653000029 ], [ 80.331362977000083, 6.409030367000071 ], [ 80.330227654000055, 6.408613098000046 ], [ 80.327087583000036, 6.406773009000062 ], [ 80.325695453000037, 6.405361514000049 ], [ 80.323647771000083, 6.404047788000071 ], [ 80.320080349000079, 6.401961229000051 ], [ 80.318223485000033, 6.40108390000006 ], [ 80.316822830000035, 6.39997057000005 ], [ 80.315470948000041, 6.398373770000035 ], [ 80.314021538000077, 6.397743900000023 ], [ 80.313248719000057, 6.397187165000048 ], [ 80.312846690000072, 6.396656570000061 ], [ 80.31129665800006, 6.396801077000021 ], [ 80.305479729000069, 6.395892254000046 ], [ 80.303758448000053, 6.396018216000073 ], [ 80.300536253000075, 6.396781071000021 ], [ 80.299576826000077, 6.397192295000025 ], [ 80.298868821000042, 6.397249061000025 ], [ 80.296577227000057, 6.395981152000047 ], [ 80.295990190000055, 6.396354624000026 ], [ 80.295717566000064, 6.396297172000061 ], [ 80.295330819000071, 6.395997627000042 ], [ 80.294542392000039, 6.394907949000071 ], [ 80.29428050100006, 6.395129891000067 ], [ 80.294703429000037, 6.394364731000053 ], [ 80.294558596000059, 6.394043411000041 ], [ 80.293444075000082, 6.39363978800003 ], [ 80.293188115000078, 6.394572295000046 ], [ 80.292394302000048, 6.39453854900006 ], [ 80.292209781000054, 6.394331587000067 ], [ 80.292408458000068, 6.393517821000046 ], [ 80.291874135000057, 6.393479920000061 ], [ 80.291640297000072, 6.394267254000056 ], [ 80.291029650000041, 6.393549518000043 ], [ 80.290412592000052, 6.392635986000073 ], [ 80.290430766000043, 6.39201918200007 ], [ 80.289776098000061, 6.391536440000039 ], [ 80.289508609000052, 6.391134221000073 ], [ 80.28933782200005, 6.38964104400003 ], [ 80.290335260000063, 6.37035039400007 ], [ 80.292589547000034, 6.363558414000067 ], [ 80.295625335000068, 6.35289810300003 ], [ 80.297587170000043, 6.349680817000035 ], [ 80.299038253000049, 6.346744001000047 ], [ 80.301258609000058, 6.334951469000032 ], [ 80.301038693000066, 6.334096028000033 ], [ 80.299530551000032, 6.332289063000076 ], [ 80.299257644000079, 6.329060975000061 ], [ 80.299218976000077, 6.326108985000076 ], [ 80.298860968000042, 6.325432741000043 ], [ 80.297468319000075, 6.324907280000048 ], [ 80.29494408100004, 6.324960121000061 ], [ 80.29388100400007, 6.326021286000071 ], [ 80.293107587000065, 6.327082717000053 ], [ 80.290883274000066, 6.330901624000035 ], [ 80.289659091000033, 6.331974481000032 ], [ 80.286374692000038, 6.333599098000036 ], [ 80.284745376000046, 6.335363206000068 ], [ 80.28369542400003, 6.337086477000071 ], [ 80.282057540000039, 6.341249382000058 ], [ 80.276892460000056, 6.34768628300003 ], [ 80.275631406000059, 6.34890387300004 ], [ 80.27475286300006, 6.349270537000052 ], [ 80.269158971000081, 6.349730687000033 ], [ 80.267433612000048, 6.350860108000063 ], [ 80.26392553900007, 6.355298342000026 ], [ 80.262710617000039, 6.356345487000056 ], [ 80.259003071000052, 6.359002141000076 ], [ 80.257732316000045, 6.360683744000028 ], [ 80.255536724000081, 6.362971350000066 ], [ 80.254914992000067, 6.363950101000057 ], [ 80.253976015000035, 6.364900943000066 ], [ 80.252364698000065, 6.365957051000066 ], [ 80.251274606000038, 6.366287001000046 ], [ 80.248487874000034, 6.366546244000062 ], [ 80.247425070000077, 6.367165888000045 ], [ 80.246706631000052, 6.368268674000035 ], [ 80.245391605000066, 6.372695210000074 ], [ 80.24211938600007, 6.375505812000029 ], [ 80.238989451000066, 6.376986601000056 ], [ 80.237471694000078, 6.377316071000052 ], [ 80.236092144000054, 6.377397390000056 ], [ 80.233347476000063, 6.376953095000033 ], [ 80.230340147000049, 6.377046475000043 ], [ 80.227221021000048, 6.37849152900003 ], [ 80.217880790000038, 6.380278223000062 ], [ 80.217163826000046, 6.379946390000043 ], [ 80.215936240000076, 6.376726116000043 ], [ 80.215280734000032, 6.375839669000072 ], [ 80.213137711000059, 6.373605608000048 ], [ 80.212627386000065, 6.372803521000037 ], [ 80.212162491000072, 6.371466133000069 ], [ 80.210954608000065, 6.371590422000054 ], [ 80.209929618000047, 6.371227412000053 ], [ 80.208659250000039, 6.37108544900002 ], [ 80.208308416000079, 6.372054075000051 ], [ 80.20638277900008, 6.372431779000067 ], [ 80.206413014000077, 6.372123762000058 ], [ 80.206966799000043, 6.371460421000052 ], [ 80.206883380000079, 6.371200131000023 ], [ 80.206378406000056, 6.370978255000068 ], [ 80.206312215000082, 6.370747250000022 ], [ 80.206762167000079, 6.369973179000056 ], [ 80.206685632000074, 6.368893422000042 ], [ 80.207036140000071, 6.368220884000038 ], [ 80.207950753000034, 6.367235606000065 ], [ 80.207752307000078, 6.365015031000041 ], [ 80.207087882000053, 6.364448443000072 ], [ 80.206750793000083, 6.363799072000063 ], [ 80.206878291000066, 6.362941057000057 ], [ 80.206788489000076, 6.361978664000048 ], [ 80.20765545900008, 6.360841189000041 ], [ 80.207809212000029, 6.360209706000035 ], [ 80.207642179000061, 6.359869769000056 ], [ 80.206704746000071, 6.359974529000056 ], [ 80.206498785000065, 6.359695452000039 ], [ 80.20510587800004, 6.359556337000072 ], [ 80.204036173000077, 6.35910653600007 ], [ 80.202220752000073, 6.359519742000032 ], [ 80.201770160000081, 6.358255936000035 ], [ 80.201210882000055, 6.357953842000029 ], [ 80.199710063000055, 6.357937229000072 ], [ 80.197694975000047, 6.358301632000064 ], [ 80.196878768000033, 6.358275738000032 ], [ 80.192904527000053, 6.356408468000041 ], [ 80.191828021000049, 6.355763659000047 ], [ 80.19087533000004, 6.354938540000035 ], [ 80.189809160000038, 6.354554513000039 ], [ 80.189297284000077, 6.354640066000059 ], [ 80.188693972000067, 6.355218394000076 ], [ 80.188607607000051, 6.355457557000022 ], [ 80.188762173000043, 6.356232942000076 ], [ 80.188474557000063, 6.356792487000064 ], [ 80.187232145000053, 6.357867749000036 ], [ 80.186406570000031, 6.358311834000062 ], [ 80.183903970000074, 6.358719646000054 ], [ 80.182292788000041, 6.359213306000072 ], [ 80.179997962000073, 6.359442751000074 ], [ 80.178603877000057, 6.359992499000043 ], [ 80.176392030000045, 6.359446164000076 ], [ 80.173837697000067, 6.359622637000029 ], [ 80.172014969000031, 6.359965043000045 ], [ 80.170156864000035, 6.359883910000065 ], [ 80.168268795000074, 6.360879408000073 ], [ 80.167256799000029, 6.361208395000062 ], [ 80.165533057000061, 6.362778302000038 ], [ 80.164772173000074, 6.363100404000022 ], [ 80.163027652000039, 6.363296341000023 ], [ 80.158057977000055, 6.365417698000044 ], [ 80.156267096000079, 6.366312079000068 ], [ 80.155375087000039, 6.367280009000069 ], [ 80.154483674000062, 6.367751474000045 ], [ 80.153545034000047, 6.367720435000024 ], [ 80.152523052000049, 6.367390218000025 ], [ 80.151356841000052, 6.367669937000073 ], [ 80.14845729700005, 6.367514194000023 ], [ 80.145681867000064, 6.367562541000041 ], [ 80.14428543300005, 6.367383780000068 ], [ 80.141037617000052, 6.366545507000069 ], [ 80.139358591000075, 6.36762176600007 ], [ 80.138789178000081, 6.36780768400007 ], [ 80.137460053000041, 6.367351448000022 ], [ 80.136671812000031, 6.366575271000045 ], [ 80.136050372000057, 6.366287390000025 ], [ 80.13570091400004, 6.366526214000032 ], [ 80.135771763000037, 6.367248866000068 ], [ 80.13557546800007, 6.36740174800002 ], [ 80.13234138200005, 6.36800065500006 ], [ 80.132073860000048, 6.367737136000073 ], [ 80.131986661000042, 6.366704384000059 ], [ 80.13176491400003, 6.366172951000067 ], [ 80.13154290500006, 6.36584967400006 ], [ 80.130832779000059, 6.365726764000044 ], [ 80.130559967000067, 6.365869979000024 ], [ 80.129891567000072, 6.36680225200007 ], [ 80.128970877000029, 6.36867449600004 ], [ 80.128209155000036, 6.36964253900004 ], [ 80.127312053000082, 6.369863921000047 ], [ 80.125762658000042, 6.369610748000071 ], [ 80.123423065000054, 6.37014612300004 ], [ 80.122874910000064, 6.370475229000021 ], [ 80.122441472000048, 6.371219954000026 ], [ 80.121323818000064, 6.372478896000075 ], [ 80.12063725400003, 6.373627083000031 ], [ 80.119968242000084, 6.375423372000057 ], [ 80.119355135000035, 6.377982656000029 ], [ 80.116877306000049, 6.381850691000068 ], [ 80.112059936000037, 6.386435445000075 ], [ 80.108442292000063, 6.389031776000024 ], [ 80.103725600000075, 6.391048529000045 ], [ 80.098781139000039, 6.393877791000023 ], [ 80.096663412000055, 6.394736321000039 ], [ 80.095023879000053, 6.39569117800005 ], [ 80.09274719900003, 6.39767 ], [ 80.089371788000051, 6.400058065000053 ], [ 80.087744263000047, 6.400953098000059 ], [ 80.085267501000033, 6.401990536000028 ], [ 80.083640998000078, 6.40211993500003 ], [ 80.082206149000058, 6.402010331000042 ], [ 80.079850953000062, 6.401576478000038 ], [ 80.078811185000063, 6.401132442000062 ], [ 80.077832332000071, 6.399863053000047 ], [ 80.076817171000073, 6.398916608000036 ], [ 80.075442974000055, 6.398185003000037 ], [ 80.07443887900007, 6.397896524000032 ], [ 80.073099975000048, 6.397595623000029 ], [ 80.07161719700008, 6.397569665000049 ], [ 80.06908121400005, 6.398188245000028 ], [ 80.066732093000041, 6.399874946000068 ], [ 80.065970182000058, 6.400864412000033 ], [ 80.064486437000085, 6.404982338000025 ], [ 80.06277559800003, 6.407276814000056 ], [ 80.061612306000029, 6.407949894000069 ], [ 80.059702910000055, 6.408550153000022 ], [ 80.056959043000063, 6.408303832000058 ], [ 80.055638538000039, 6.408517306000022 ], [ 80.052292025000042, 6.412132155000052 ], [ 80.050826587000074, 6.413350281000021 ], [ 80.049562613000035, 6.414166740000042 ], [ 80.047470519000058, 6.414993120000076 ], [ 80.042284831000075, 6.415727070000059 ], [ 80.040862639000068, 6.416787319000036 ], [ 80.038793170000076, 6.418894564000027 ], [ 80.038189941000041, 6.419252576000076 ], [ 80.037457849000077, 6.419409427000062 ], [ 80.03466578900003, 6.419452548000038 ], [ 80.030920664000064, 6.419259616000033 ], [ 80.029573663000065, 6.419708205000063 ], [ 80.028101293000077, 6.420710920000033 ], [ 80.026297966000072, 6.42315609700006 ], [ 80.025062803000083, 6.42632156600007 ], [ 80.024804453000058, 6.427616590000071 ], [ 80.02394264600008, 6.42996667500006 ], [ 80.022835734000068, 6.431386918000044 ], [ 80.020545098000071, 6.43284475400003 ], [ 80.017208848000053, 6.434222182000042 ], [ 80.014207403000057, 6.436034491000044 ], [ 80.012853401000029, 6.436596087000055 ], [ 80.01071586300003, 6.437074537000058 ], [ 80.009022877000064, 6.437178532000075 ], [ 80.007492627000033, 6.436850847000073 ], [ 80.006492721000029, 6.43631820500002 ], [ 80.005532137000046, 6.434802436000041 ], [ 80.004630297000062, 6.431678681000051 ], [ 80.004976168000042, 6.430543940000064 ], [ 80.00443165400003, 6.428674200000046 ], [ 80.004097312000056, 6.428338746000065 ], [ 80.002566796000053, 6.427323515000069 ], [ 80.000793830000077, 6.426668118000066 ], [ 79.999144863000083, 6.426274377000027 ], [ 79.997861307000051, 6.426443205000055 ], [ 79.99659525800007, 6.427478179000047 ], [ 79.994920339000032, 6.433349646000067 ], [ 79.992991199000073, 6.438219849000063 ], [ 79.992339019000042, 6.439271554000072 ], [ 79.991016578000085, 6.440685889000065 ], [ 79.989905683000075, 6.441401932000076 ], [ 79.985495568000033, 6.443616517000066 ], [ 79.985276345000045, 6.444703184000048 ], [ 79.982061807000036, 6.447745649000069 ], [ 79.98108546900005, 6.448220417000073 ], [ 79.979703455000049, 6.448522008000054 ], [ 79.97959966600007, 6.449431428000025 ], [ 79.97899394600006, 6.450881369000058 ], [ 79.978451199000062, 6.451610874000039 ], [ 79.977725783000039, 6.452101651000021 ], [ 79.977373440000065, 6.452136997000025 ], [ 79.977150102000053, 6.452399059000072 ], [ 79.977473711000073, 6.45235643500007 ], [ 79.977624453000033, 6.452557958000057 ], [ 79.977572963000057, 6.453226480000069 ], [ 79.977259028000049, 6.453901735000045 ], [ 79.977527159000033, 6.454879834000053 ], [ 79.977374144000066, 6.456126919000042 ], [ 79.976693040000043, 6.457121431000076 ], [ 79.976395171000036, 6.457885279000038 ], [ 79.975964833000035, 6.458041414000036 ], [ 79.975743107000085, 6.458581336000066 ], [ 79.974327802000062, 6.459928599000023 ], [ 79.974454225000045, 6.461425489000021 ], [ 79.974296234000064, 6.462768682000046 ], [ 79.974886136000066, 6.465373644000067 ], [ 79.975036940000052, 6.46724914300006 ], [ 79.97451015300004, 6.468916747000037 ], [ 79.974107385000082, 6.469487369000035 ], [ 79.973334924000085, 6.470155202000058 ], [ 79.973335915000064, 6.470494737000024 ], [ 79.974256554000078, 6.47089877600007 ], [ 79.975058919000048, 6.471595666000042 ], [ 79.975611919000073, 6.472400613000048 ], [ 79.975516337000045, 6.473037407000049 ], [ 79.975985231000038, 6.473198418000038 ], [ 79.976308681000035, 6.474202720000051 ], [ 79.978613189000043, 6.476060288000042 ], [ 79.981525831000056, 6.477592737000066 ], [ 79.982262731000048, 6.477557393000041 ], [ 79.982491199000037, 6.477962971000068 ], [ 79.982698594000055, 6.479036529000041 ], [ 79.982907816000079, 6.484687345000054 ], [ 79.982788561000064, 6.486012282000047 ], [ 79.982041817000038, 6.489029459000051 ], [ 79.982173982000063, 6.489204246000043 ], [ 79.981823493000036, 6.49053869100004 ], [ 79.981875776000038, 6.491530868000041 ], [ 79.980826261000061, 6.49408784000002 ], [ 79.980797362000033, 6.49544338000004 ], [ 79.978884194000045, 6.499984666000046 ], [ 79.977648398000042, 6.501826442000038 ], [ 79.977373400000033, 6.502598637000062 ], [ 79.976894651000066, 6.502906048000057 ], [ 79.97632481800008, 6.502896556000053 ], [ 79.976357633000077, 6.503069953000022 ], [ 79.97691577300003, 6.503270133000058 ], [ 79.97687729900008, 6.503988227000036 ], [ 79.977107259000036, 6.504299925000055 ], [ 79.976279172000034, 6.50488972200003 ], [ 79.975993103000064, 6.505697397000063 ], [ 79.976101304000053, 6.506052577000048 ], [ 79.976567726000042, 6.506167161000064 ], [ 79.97720603700003, 6.505640089000053 ], [ 79.978122695000081, 6.50544601100006 ], [ 79.979183092000085, 6.506506596000065 ], [ 79.979218028000048, 6.507121083000072 ], [ 79.979004669000062, 6.507459208000057 ], [ 79.979104724000081, 6.50770658600004 ], [ 79.979542753000032, 6.507891933000053 ], [ 79.980176250000056, 6.507141312000044 ], [ 79.980806821000044, 6.507700284000066 ], [ 79.981276883000078, 6.508656787000064 ], [ 79.981541054000047, 6.510489550000045 ], [ 79.981214544000068, 6.512318588000028 ], [ 79.980147695000085, 6.514538491000053 ], [ 79.980093237000062, 6.516424819000065 ], [ 79.978479079000067, 6.520183072000066 ], [ 79.978238322000038, 6.521086398000023 ], [ 79.977783163000083, 6.521903031000022 ], [ 79.977512064000052, 6.522900621000076 ], [ 79.977322607000076, 6.523019454000064 ], [ 79.974781292000046, 6.530257051000035 ], [ 79.969766898000046, 6.542577008000023 ], [ 79.967947411000068, 6.547550200000046 ], [ 79.965239561000033, 6.553567070000042 ], [ 79.962521115000072, 6.561777193000069 ], [ 79.961587048000069, 6.564133944000048 ], [ 79.959666983000034, 6.568129203000069 ], [ 79.959196256000041, 6.57078501500007 ], [ 79.959876356000052, 6.571922486000062 ], [ 79.959105687000033, 6.572488743000065 ], [ 79.958094225000082, 6.573874913000054 ], [ 79.956070838000073, 6.581438121000076 ], [ 79.955514793000077, 6.584651947000054 ], [ 79.954251747000058, 6.587735119000058 ], [ 79.953558852000072, 6.590171042000065 ], [ 79.953270479000082, 6.590670473000046 ], [ 79.952636635000033, 6.593954772000075 ], [ 79.951974534000044, 6.595820214000071 ], [ 79.951267286000075, 6.598680153000032 ], [ 79.95090237200003, 6.59947320200007 ], [ 79.950908972000036, 6.599964486000033 ], [ 79.950378017000048, 6.601911793000056 ], [ 79.94898583500003, 6.604511887000058 ], [ 79.948523539000064, 6.606653626000025 ], [ 79.946603194000033, 6.612043042000039 ], [ 79.943888648000041, 6.617973749000043 ], [ 79.94142284000003, 6.623884866000026 ], [ 79.939297184000054, 6.630106599000044 ], [ 79.937553849000039, 6.634170370000049 ], [ 79.936584547000052, 6.637296935000052 ], [ 79.935948868000082, 6.638647238000033 ], [ 79.935845501000074, 6.63858265500005 ], [ 79.932132876000082, 6.649071269000046 ], [ 79.926286971000081, 6.662650523000025 ], [ 79.923153353000032, 6.668840487000068 ], [ 79.918196366000075, 6.679639798000039 ], [ 79.917371476000085, 6.681809327000053 ], [ 79.917271823000078, 6.682579376000035 ], [ 79.916952208000055, 6.682681899000045 ], [ 79.91633164700005, 6.68366390500006 ], [ 79.91529255100005, 6.685871100000043 ], [ 79.912402596000049, 6.690663501000074 ], [ 79.911605808000047, 6.692333237000071 ], [ 79.907796716000064, 6.69885658100003 ], [ 79.906685645000039, 6.701647175000062 ], [ 79.905371234000029, 6.703590381000026 ], [ 79.904038412000034, 6.706227228000046 ], [ 79.903235018000032, 6.708331691000069 ], [ 79.902422239000032, 6.709789169000032 ], [ 79.901660038000045, 6.711929198000064 ], [ 79.901022622000085, 6.713096740000026 ], [ 79.900890190000041, 6.713681293000036 ], [ 79.90072133700005, 6.713784296000028 ], [ 79.900585660000047, 6.714305145000026 ], [ 79.901061464000065, 6.715338279000036 ], [ 79.902013270000054, 6.715645699000049 ], [ 79.90288474700003, 6.71642969100003 ], [ 79.903595614000039, 6.71756971800005 ], [ 79.90392694600007, 6.718639839000048 ], [ 79.903841822000061, 6.720766595000043 ], [ 79.902374853000083, 6.728730488000053 ], [ 79.901443820000054, 6.732371748000048 ], [ 79.899166342000058, 6.739134122000053 ], [ 79.896449200000063, 6.744379664000064 ], [ 79.895371578000038, 6.747873827000035 ], [ 79.894879601000071, 6.751009063000026 ], [ 79.893602481000073, 6.752903733000039 ], [ 79.892995864000056, 6.754537838000033 ], [ 79.89281860300008, 6.755647116000034 ], [ 79.892732387000081, 6.75834793100006 ], [ 79.893117909000068, 6.762441514000045 ], [ 79.892939956000077, 6.763930391000031 ], [ 79.892450687000064, 6.765272703000051 ], [ 79.892001595000067, 6.765972709000039 ], [ 79.890885816000036, 6.767149970000048 ], [ 79.887826902000029, 6.769955755000069 ], [ 79.886775453000041, 6.771371909000038 ], [ 79.886314321000043, 6.772531496000056 ], [ 79.886632077000058, 6.77375932800004 ], [ 79.887547159000064, 6.774941484000067 ], [ 79.888167587000055, 6.775351027000056 ], [ 79.888916435000056, 6.776172703000043 ], [ 79.89020744100003, 6.776940618000026 ], [ 79.893413599000041, 6.777448831000072 ], [ 79.894706694000035, 6.777068388000032 ], [ 79.89614421400006, 6.776233660000059 ], [ 79.897271856000032, 6.774704495000037 ], [ 79.899027207000074, 6.773733872000037 ], [ 79.899443326000039, 6.772946618000049 ], [ 79.900943135000034, 6.771585556000048 ], [ 79.902166209000029, 6.770871657000043 ], [ 79.905293862000065, 6.768227349000028 ], [ 79.910201318000077, 6.766011755000022 ], [ 79.911518253000054, 6.765655211000023 ], [ 79.912572449000038, 6.765011121000043 ], [ 79.913219749000064, 6.764390254000034 ], [ 79.914276033000078, 6.762549894000074 ], [ 79.915678745000037, 6.761057111000071 ], [ 79.918646404000071, 6.758344434000037 ], [ 79.919379114000037, 6.756239576000041 ], [ 79.92016652600006, 6.755086111000026 ], [ 79.92028308700003, 6.754661794000071 ], [ 79.920168213000068, 6.754121295000061 ], [ 79.919667149000077, 6.753657308000072 ], [ 79.917815295000082, 6.752959399000076 ], [ 79.917507126000032, 6.752572931000032 ], [ 79.917411938000043, 6.751885720000075 ], [ 79.917606684000077, 6.751441777000025 ], [ 79.91856113800003, 6.750365387000045 ], [ 79.919550012000059, 6.74963299500007 ], [ 79.92120495000006, 6.748761874000024 ], [ 79.923909559000037, 6.748619276000056 ], [ 79.925689843000043, 6.747809463000067 ], [ 79.926968324000029, 6.747524598000041 ], [ 79.930141536000065, 6.747644953000076 ], [ 79.933066040000085, 6.748032163000062 ], [ 79.934914246000062, 6.747940307000022 ], [ 79.936626439000065, 6.747342753000055 ], [ 79.937966748000065, 6.747285247000036 ], [ 79.938468687000068, 6.747656941000059 ], [ 79.938967601000058, 6.748397066000052 ], [ 79.939249781000058, 6.74852674400006 ], [ 79.941335696000067, 6.749104510000052 ], [ 79.942620601000044, 6.74926102400002 ], [ 79.94374076500003, 6.749187575000064 ], [ 79.944311130000074, 6.749436168000045 ], [ 79.945041153000034, 6.749387171000023 ], [ 79.945958612000084, 6.749944982000045 ], [ 79.946574129000055, 6.752138120000041 ], [ 79.947162628000058, 6.752632568000024 ], [ 79.947313965000035, 6.753005450000046 ], [ 79.947291328000063, 6.755757936000066 ], [ 79.948288921000085, 6.757364160000066 ], [ 79.949016869000047, 6.762093450000066 ], [ 79.949350043000038, 6.762690835000058 ], [ 79.950479674000064, 6.763415221000059 ], [ 79.95039388500004, 6.763255092000065 ], [ 79.950938295000071, 6.762535516000071 ], [ 79.950634166000043, 6.76193568900004 ], [ 79.950681305000046, 6.761659440000074 ], [ 79.951058719000059, 6.761383751000039 ], [ 79.951497201000052, 6.761673315000053 ], [ 79.952082286000064, 6.76093258800006 ], [ 79.953562472000044, 6.760269989000051 ], [ 79.953664666000066, 6.759279683000045 ], [ 79.953881729000045, 6.758747645000028 ], [ 79.954957517000082, 6.758889182000075 ], [ 79.956537436000076, 6.758687050000049 ], [ 79.958142630000054, 6.758824687000072 ], [ 79.959538313000053, 6.758560776000024 ], [ 79.95994874400003, 6.757863934000056 ], [ 79.96016897700008, 6.757864301000041 ], [ 79.962430349000044, 6.758488509000074 ], [ 79.963171436000039, 6.758309613000051 ], [ 79.965565233000063, 6.760188958000072 ], [ 79.966693675000045, 6.760133137000025 ], [ 79.966842457000041, 6.760473886000057 ], [ 79.967337482000062, 6.76070917100003 ], [ 79.967547148000051, 6.760558794000076 ], [ 79.96795871300003, 6.760609720000048 ], [ 79.968653551000045, 6.760141949000058 ], [ 79.968580086000031, 6.759704004000071 ], [ 79.968960955000057, 6.759503669000026 ], [ 79.970623070000045, 6.759798545000024 ], [ 79.972221854000054, 6.759044568000036 ], [ 79.972580810000068, 6.759069086000068 ], [ 79.972873357000083, 6.759452365000072 ], [ 79.973662645000047, 6.75975870700006 ], [ 79.974774573000047, 6.758528415000058 ], [ 79.975777688000051, 6.75797082400004 ], [ 79.97628409500004, 6.758165408000025 ], [ 79.978403912000033, 6.758362658000067 ], [ 79.979363776000071, 6.758859465000057 ], [ 79.981687332000035, 6.760549936000075 ], [ 79.982790962000081, 6.76183648600005 ], [ 79.984000718000061, 6.762795364000056 ], [ 79.985575094000069, 6.762736990000064 ], [ 79.987031999000067, 6.76200592400005 ], [ 79.987801708000063, 6.762091260000034 ], [ 79.988261642000055, 6.762576477000039 ], [ 79.989126260000035, 6.764282766000065 ], [ 79.99000906200007, 6.765377294000075 ], [ 79.990956674000074, 6.76696383500007 ], [ 79.991990380000061, 6.767850711000051 ], [ 79.993743008000081, 6.768170521000059 ], [ 79.996532990000048, 6.770018807000042 ], [ 79.999359508000055, 6.770998244000054 ], [ 79.999984672000039, 6.771065030000045 ], [ 80.000616539000077, 6.771057258000042 ], [ 80.002163740000071, 6.770757462000063 ], [ 80.002942714000085, 6.770948364000049 ], [ 80.004603856000074, 6.772760309000034 ], [ 80.004603350000082, 6.773458317000063 ], [ 80.004359952000073, 6.774133212000038 ], [ 80.002876171000082, 6.775752376000071 ], [ 80.004146879000075, 6.776630634000071 ], [ 80.004425643000047, 6.778188583000031 ], [ 80.004708076000043, 6.778371456000059 ], [ 80.005650518000039, 6.778352010000049 ], [ 80.007415124000033, 6.777747697000052 ], [ 80.008896102000051, 6.777819794000038 ], [ 80.009688174000075, 6.779147429000034 ], [ 80.010210673000074, 6.77890302000003 ], [ 80.010831913000061, 6.779565558000058 ], [ 80.012132866000059, 6.781780649000041 ], [ 80.013398993000067, 6.783313824000061 ], [ 80.01382925200005, 6.78367337100002 ], [ 80.015551789000085, 6.784154556000033 ], [ 80.015718957000047, 6.784394066000061 ], [ 80.015526214000033, 6.785207213000035 ], [ 80.014471111000034, 6.786473588000035 ], [ 80.014422606000039, 6.786880237000048 ], [ 80.014732972000047, 6.787383144000046 ], [ 80.016096875000073, 6.787624520000065 ], [ 80.017664578000051, 6.787638923000031 ], [ 80.021492353000042, 6.788793257000066 ], [ 80.023692728000071, 6.789849356000047 ], [ 80.028032145000054, 6.792954318000056 ], [ 80.028533495000033, 6.793792462000056 ], [ 80.028724176000082, 6.795302580000055 ], [ 80.029187875000048, 6.795432726000058 ], [ 80.030010529000037, 6.79602217300004 ], [ 80.030564569000035, 6.796020597000052 ], [ 80.03201094800005, 6.797135321000042 ], [ 80.032869839000057, 6.798954933000061 ], [ 80.035067518000062, 6.801829283000075 ], [ 80.035449320000055, 6.802595465000024 ], [ 80.035743325000055, 6.806005227000071 ], [ 80.03624542700004, 6.806364865000035 ], [ 80.037083468000048, 6.806174741000063 ], [ 80.038640924000049, 6.805100476000064 ], [ 80.041371616000049, 6.804500483000027 ], [ 80.041529814000057, 6.803629422000029 ], [ 80.042765350000082, 6.802165593000041 ], [ 80.043219733000058, 6.80015359600003 ], [ 80.043293768000069, 6.798101501000076 ], [ 80.045754840000029, 6.798050067000077 ], [ 80.047243580000043, 6.797602174000076 ], [ 80.049273278000044, 6.797893034000026 ], [ 80.04996611100006, 6.797735179000028 ], [ 80.050691564000033, 6.79737003300005 ], [ 80.051315899000031, 6.796282280000071 ], [ 80.052872452000031, 6.795894753000027 ], [ 80.052923715000077, 6.795548293000024 ], [ 80.055760294000038, 6.793438691000063 ], [ 80.056503451000083, 6.792650259000027 ], [ 80.058204012000033, 6.791863235000051 ], [ 80.060551657000076, 6.790502952000054 ], [ 80.06174855200004, 6.790409006000061 ], [ 80.062609792000046, 6.790697369000043 ], [ 80.064666290000048, 6.792016258000046 ], [ 80.065215996000063, 6.792567339000072 ], [ 80.065310654000029, 6.793309156000021 ], [ 80.06503181800008, 6.795761081000023 ], [ 80.066012400000034, 6.796288865000065 ], [ 80.066515044000084, 6.796289597000055 ], [ 80.067308457000081, 6.795942149000041 ], [ 80.067214214000046, 6.797449875000041 ], [ 80.067448289000083, 6.798700717000031 ], [ 80.069858429000078, 6.802710890000071 ], [ 80.071082628000056, 6.80623446900006 ], [ 80.072368614000084, 6.807841820000021 ], [ 80.073010458000056, 6.80891077800004 ], [ 80.074402039000063, 6.812092563000022 ], [ 80.074701104000042, 6.813442900000041 ], [ 80.075002290000043, 6.813725655000042 ], [ 80.075219142000037, 6.814502582000046 ], [ 80.075707720000082, 6.814972705000059 ], [ 80.076040866000085, 6.815666063000037 ], [ 80.076600687000052, 6.815998765000074 ], [ 80.077218343000084, 6.81593362600006 ], [ 80.079183794000073, 6.816743387000031 ], [ 80.079913464000072, 6.816816886000026 ], [ 80.080495044000031, 6.816763042000048 ], [ 80.080673675000071, 6.816460312000061 ], [ 80.082551410000065, 6.815183818000037 ], [ 80.084484745000054, 6.81321084800004 ], [ 80.085114652000073, 6.812874609000062 ], [ 80.087746958000082, 6.814714070000036 ], [ 80.089031105000061, 6.815351960000044 ], [ 80.089722277000078, 6.815318584000067 ], [ 80.090041080000049, 6.81451706200005 ], [ 80.090048994000085, 6.81433811200003 ], [ 80.089749743000084, 6.814056309000023 ], [ 80.090060768000058, 6.813500880000049 ], [ 80.08997742300005, 6.812678360000064 ], [ 80.090621265000038, 6.811690888000044 ], [ 80.090858006000076, 6.810537626000041 ], [ 80.090868474000047, 6.81033584000005 ], [ 80.090626128000054, 6.810212017000026 ], [ 80.090564311000037, 6.809985117000053 ], [ 80.090872571000034, 6.808742693000056 ], [ 80.092423076000046, 6.807356047000042 ], [ 80.092677724000055, 6.806363442000077 ], [ 80.093184085000075, 6.805864584000062 ], [ 80.094460230000038, 6.805306075000033 ], [ 80.096712362000062, 6.804770106000035 ], [ 80.097840198000085, 6.80427674200007 ], [ 80.098278219000065, 6.80286740400004 ], [ 80.098245134000081, 6.801993064000044 ], [ 80.098735309000062, 6.800650104000056 ], [ 80.098527850000039, 6.798656926000035 ], [ 80.09779899800003, 6.796118805000049 ], [ 80.097924692000049, 6.794906989000026 ], [ 80.098339602000067, 6.794260074000022 ], [ 80.098566249000044, 6.793097555000031 ], [ 80.099018756000078, 6.792618340000047 ], [ 80.099243161000061, 6.791912966000041 ], [ 80.099963650000063, 6.791136626000025 ], [ 80.100712911000073, 6.790710642000022 ], [ 80.100727599000038, 6.790476003000038 ], [ 80.101413253000032, 6.789707733000057 ], [ 80.101386136000031, 6.789380014000074 ], [ 80.101168496000071, 6.789188882000076 ], [ 80.101886785000033, 6.788179976000038 ], [ 80.101662691000058, 6.787753585000075 ], [ 80.102420381000059, 6.786089700000048 ], [ 80.10240076000008, 6.785765610000055 ], [ 80.102148453000041, 6.785514754000076 ], [ 80.102610741000035, 6.784535552000023 ], [ 80.102552784000068, 6.783796187000064 ], [ 80.102764365000041, 6.783349634000047 ], [ 80.10274088400007, 6.782747001000075 ], [ 80.103173641000069, 6.782076246000031 ], [ 80.102768397000034, 6.781413157000031 ], [ 80.103599751000047, 6.78121518100005 ], [ 80.103794353000069, 6.78087344100004 ], [ 80.103739144000031, 6.780642724000074 ], [ 80.104334919000053, 6.780674158000068 ], [ 80.10436806000007, 6.780006896000032 ], [ 80.104975112000034, 6.779159640000046 ], [ 80.104921810000064, 6.778726221000056 ], [ 80.104656522000084, 6.778653504000033 ], [ 80.104613262000044, 6.77833812700004 ], [ 80.105183864000082, 6.777869748000057 ], [ 80.105268483000032, 6.777152374000025 ], [ 80.105827108000085, 6.776517488000025 ], [ 80.105946472000085, 6.775881301000027 ], [ 80.106783790000065, 6.77502736200006 ], [ 80.106958312000074, 6.774536956000077 ], [ 80.107847023000033, 6.773986879000063 ], [ 80.108048369000073, 6.773338180000053 ], [ 80.108846922000055, 6.772599064000076 ], [ 80.10898744800005, 6.771950103000052 ], [ 80.109333496000033, 6.771325005000051 ], [ 80.109689596000067, 6.770979771000043 ], [ 80.110349885000062, 6.770691211000042 ], [ 80.113038073000041, 6.769978561000073 ], [ 80.116236670000035, 6.769927916000029 ], [ 80.116264240000078, 6.770093949000056 ], [ 80.116588506000085, 6.770135706000076 ], [ 80.119032795000066, 6.770203675000062 ], [ 80.122420565000084, 6.770807439000066 ], [ 80.12343627100006, 6.770833764000031 ], [ 80.124351225000055, 6.771492470000055 ], [ 80.124874951000038, 6.772092397000051 ], [ 80.125786070000061, 6.773427726000023 ], [ 80.126000494000039, 6.774169702000052 ], [ 80.125987619000057, 6.774851562000038 ], [ 80.12548410100004, 6.775520806000031 ], [ 80.125003113000048, 6.777242800000067 ], [ 80.12504954700006, 6.778319509000028 ], [ 80.125429858000075, 6.780305831000021 ], [ 80.125927940000054, 6.781185787000027 ], [ 80.126217162000046, 6.782220917000075 ], [ 80.125196592000066, 6.784719771000027 ], [ 80.124452752000082, 6.786106457000074 ], [ 80.123429824000084, 6.790351860000044 ], [ 80.121750945000031, 6.792885713000032 ], [ 80.120298454000078, 6.796149585000023 ], [ 80.117998402000069, 6.797797341000035 ], [ 80.117542588000049, 6.798562339000057 ], [ 80.117060117000051, 6.801337037000053 ], [ 80.115871022000078, 6.804481620000047 ], [ 80.115870665000045, 6.804744800000037 ], [ 80.116372480000052, 6.805367541000066 ], [ 80.117568572000039, 6.805895518000057 ], [ 80.121229800000037, 6.806642144000023 ], [ 80.124043503000053, 6.807681007000042 ], [ 80.128049475000068, 6.810485547000042 ], [ 80.128714739000031, 6.811737048000055 ], [ 80.13329346300003, 6.816251160000036 ], [ 80.134647627000049, 6.816874725000048 ], [ 80.137799807000079, 6.817217872000072 ], [ 80.139229207000085, 6.817171933000054 ], [ 80.143232639000075, 6.819527730000061 ], [ 80.143951513000047, 6.820327303000056 ], [ 80.144293450000077, 6.822757961000036 ], [ 80.144723499000065, 6.823777641000049 ], [ 80.145955385000036, 6.825154805000068 ], [ 80.147079966000035, 6.825912360000075 ], [ 80.148946361000071, 6.826465061000022 ], [ 80.150861375000034, 6.826443604000076 ], [ 80.153183906000038, 6.825968077000027 ], [ 80.154374198000085, 6.825553391000028 ], [ 80.154486548000079, 6.825146447000066 ], [ 80.154879140000048, 6.824809855000069 ], [ 80.155656011000076, 6.824505110000075 ], [ 80.157454680000058, 6.82434052800005 ], [ 80.15927924600004, 6.823379930000044 ], [ 80.16056138700003, 6.822197237000069 ], [ 80.162863248000065, 6.819113744000049 ], [ 80.164804521000065, 6.817226065000057 ], [ 80.166816031000053, 6.816582596000046 ], [ 80.168060898000078, 6.816464525000072 ], [ 80.169185334000076, 6.816944441000032 ], [ 80.169663445000083, 6.817447476000041 ], [ 80.170392015000061, 6.818656630000021 ], [ 80.171372420000068, 6.819471321000037 ], [ 80.173236895000059, 6.821579095000061 ], [ 80.174170325000034, 6.821675955000046 ], [ 80.174721028000079, 6.821557007000024 ], [ 80.176590105000059, 6.819956295000054 ], [ 80.177117812000063, 6.819071696000037 ], [ 80.17740617700008, 6.818162875000041 ], [ 80.17743538700006, 6.816006216000062 ], [ 80.177702097000065, 6.815857666000056 ] ] ], [ [ [ 79.97041710600007, 6.472076572000049 ], [ 79.970937061000029, 6.472105151000051 ], [ 79.970722440000031, 6.471763458000055 ], [ 79.970905277000043, 6.471391738000023 ], [ 79.97088227900008, 6.470841285000063 ], [ 79.970740999000043, 6.47065542100006 ], [ 79.970360353000046, 6.470572353000023 ], [ 79.970321053000077, 6.471014829000069 ], [ 79.970108521000043, 6.471126079000044 ], [ 79.970015663000083, 6.471880529000032 ], [ 79.97020442400003, 6.472340006000024 ], [ 79.97041710600007, 6.472076572000049 ] ] ], [ [ [ 79.971617829000081, 6.46978718400004 ], [ 79.97193229100003, 6.469704488000048 ], [ 79.972066080000047, 6.469422211000051 ], [ 79.972012942000049, 6.469065129000057 ], [ 79.971759819000056, 6.468831977000036 ], [ 79.971357602000069, 6.46918499800006 ], [ 79.971329767000043, 6.46963942800005 ], [ 79.971617829000081, 6.46978718400004 ] ] ], [ [ [ 79.96992610500007, 6.462259336000045 ], [ 79.969337869000071, 6.461414685000022 ], [ 79.969187186000056, 6.461995735000073 ], [ 79.968294781000054, 6.462124852000045 ], [ 79.968244433000052, 6.462464772000033 ], [ 79.96747318000007, 6.462773981000055 ], [ 79.967480083000055, 6.463326307000045 ], [ 79.967630274000044, 6.463133398000025 ], [ 79.96762994200003, 6.46368652700005 ], [ 79.968064017000074, 6.464281665000044 ], [ 79.968941630000074, 6.464343906000067 ], [ 79.969821816000035, 6.463822260000029 ], [ 79.970497477000038, 6.462449381000056 ], [ 79.970278204000067, 6.461918540000056 ], [ 79.970081616000073, 6.461864114000036 ], [ 79.96992610500007, 6.462259336000045 ] ] ], [ [ [ 79.979347311000083, 6.449427421000053 ], [ 79.979584199000044, 6.447897480000051 ], [ 79.979147105000038, 6.449120114000038 ], [ 79.978682609000032, 6.449655248000056 ], [ 79.978439802000082, 6.450228887000037 ], [ 79.978245396000034, 6.450316114000032 ], [ 79.977965941000036, 6.45108564700007 ], [ 79.977528792000044, 6.451415647000033 ], [ 79.977115505000029, 6.452093821000062 ], [ 79.977009679000048, 6.452015618000075 ], [ 79.97689930100006, 6.452591994000045 ], [ 79.979030239000053, 6.45003205200004 ], [ 79.979347311000083, 6.449427421000053 ] ] ], [ [ [ 79.979364095000051, 6.44701690200003 ], [ 79.979341936000083, 6.446793687000024 ], [ 79.979055061000054, 6.446528654000076 ], [ 79.978328159000057, 6.446704299000032 ], [ 79.978578012000071, 6.447114949000024 ], [ 79.979364095000051, 6.44701690200003 ] ] ], [ [ [ 79.979259022000065, 6.441653785000028 ], [ 79.979041185000085, 6.441466265000031 ], [ 79.979029851000064, 6.441604146000032 ], [ 79.979259022000065, 6.441653785000028 ] ] ] ] } }
]
}
