{
"type": "FeatureCollection",
"name": "dsd",
"crs": { "type": "name", "properties": { "name": "urn:ogc:def:crs:OGC:1.3:CRS84" } },
"features": [
{ "type": "Feature", "properties": { "ADM3_EN": "Colombo", "ADM3_PCODE": "LK1103", "ADM2_EN": "Colombo" }, "geometry": { "type": "Polygon", "coordinates": [ [ [ 79.884976025000071, 6.974658496000075 ], [ 79.884261150000043, 6.971943640000063 ], [ 79.882979586000033, 6.969645153000045 ], [ 79.879580978000035, 6.965571211000054 ], [ 79.87899961800008, 6.964780460000043 ], [ 79.878606607000052, 6.963783274000036 ], [ 79.878481054000076, 6.960568205000072 ], [ 79.879234205000046, 6.958391835000043 ], [ 79.878016942000045, 6.956907196000031 ], [ 79.875767522000046, 6.953148114000044 ], [ 79.874782051000068, 6.952023009000072 ], [ 79.874690491000081, 6.951071858000034 ], [ 79.875087689000054, 6.949753089000069 ], [ 79.876359236000042, 6.949205074000076 ], [ 79.877704874000074, 6.948215185000038 ], [ 79.878426474000037, 6.947966731000065 ], [ 79.878205746000049, 6.944233935000057 ], [ 79.878313629000047, 6.942124071000023 ], [ 79.878035833000069, 6.930425938000042 ], [ 79.875534591000076, 6.93111183700006 ], [ 79.872909026000059, 6.930841013000077 ], [ 79.871480850000069, 6.930008411000074 ], [ 79.870580123000082, 6.929883811000025 ], [ 79.871036720000063, 6.928647451000074 ], [ 79.87009551500006, 6.928445917000033 ], [ 79.870074944000066, 6.92808274600003 ], [ 79.869601627000065, 6.927888432000032 ], [ 79.869736944000067, 6.927203118000023 ], [ 79.866502078000053, 6.926132953000035 ], [ 79.867940494000038, 6.924629653000068 ], [ 79.865958244000069, 6.923265750000041 ], [ 79.865504147000081, 6.923290559000066 ], [ 79.866281194000067, 6.920331393000026 ], [ 79.866958940000075, 6.918806113000073 ], [ 79.864916476000076, 6.917760556000076 ], [ 79.864546179000058, 6.917404221000027 ], [ 79.864560386000051, 6.917167525000025 ], [ 79.863843836000058, 6.917128989000048 ], [ 79.862141459000043, 6.91592249200005 ], [ 79.857931195000049, 6.913637501000039 ], [ 79.856525351000073, 6.912994519000051 ], [ 79.85568956000003, 6.912906642000053 ], [ 79.855960970000069, 6.915215246000059 ], [ 79.852828609000085, 6.916495413000064 ], [ 79.851326319000066, 6.916500092000035 ], [ 79.850490789000048, 6.916693504000023 ], [ 79.850247123000031, 6.91738818400006 ], [ 79.849454254000079, 6.918393292000076 ], [ 79.849015394000048, 6.920031165000069 ], [ 79.846951269000044, 6.918789606000075 ], [ 79.846273656000051, 6.917468725000049 ], [ 79.84465765300007, 6.922884635000059 ], [ 79.844135888000039, 6.924424496000029 ], [ 79.843956053000056, 6.924323664000042 ], [ 79.843920414000081, 6.924428858000056 ], [ 79.844133184000043, 6.924460296000063 ], [ 79.843196630000079, 6.927139644000022 ], [ 79.843110679000063, 6.927884799000026 ], [ 79.842850451000061, 6.928323968000029 ], [ 79.842572242000074, 6.928272584000069 ], [ 79.842350201000045, 6.928571195000075 ], [ 79.842006043000083, 6.928576498000041 ], [ 79.84173091200006, 6.928339229000073 ], [ 79.841395014000057, 6.925860898000053 ], [ 79.840808784000046, 6.925091244000043 ], [ 79.839844967000033, 6.924603911000077 ], [ 79.838366560000054, 6.924558218000072 ], [ 79.836567706000039, 6.92285217400007 ], [ 79.834662310000056, 6.922206506000066 ], [ 79.829849187000036, 6.92221674700005 ], [ 79.827145078000058, 6.922795627000028 ], [ 79.824455253000053, 6.924211554000067 ], [ 79.82227619300005, 6.926330104000044 ], [ 79.820999349000033, 6.928466617000026 ], [ 79.820206859000052, 6.931114247000039 ], [ 79.819960772000059, 6.940465495000069 ], [ 79.820176058000072, 6.940945007000039 ], [ 79.820810007000034, 6.941070598000067 ], [ 79.823172275000047, 6.943222576000039 ], [ 79.822697624000057, 6.944373035000069 ], [ 79.822480911000071, 6.94565508200003 ], [ 79.822508943000059, 6.956977776000031 ], [ 79.822987259000058, 6.958055214000069 ], [ 79.830702864000045, 6.965845658000035 ], [ 79.831058280000036, 6.965910962000066 ], [ 79.831169697000064, 6.965510703000064 ], [ 79.83075485300003, 6.965351260000034 ], [ 79.829535402000033, 6.96418613000003 ], [ 79.829811541000083, 6.963798447000045 ], [ 79.823594699000068, 6.957709559000023 ], [ 79.82327259200008, 6.957158667000044 ], [ 79.82319003300006, 6.946625033000032 ], [ 79.823808847000066, 6.944639660000064 ], [ 79.824346050000031, 6.944185232000052 ], [ 79.825214826000035, 6.944140908000065 ], [ 79.825191217000054, 6.943737507000037 ], [ 79.82538254800005, 6.943598656000063 ], [ 79.825800749000052, 6.943745429000046 ], [ 79.825882834000083, 6.945360422000022 ], [ 79.82754970700006, 6.945406872000035 ], [ 79.827548937000074, 6.945791366000037 ], [ 79.838394016000052, 6.945823912000037 ], [ 79.83839006900007, 6.945336409000049 ], [ 79.839097546000062, 6.945334220000063 ], [ 79.839263514000038, 6.94647674600003 ], [ 79.838937795000049, 6.946533518000024 ], [ 79.83983401200004, 6.951814060000061 ], [ 79.840477083000053, 6.951696910000067 ], [ 79.84018238200008, 6.949991762000025 ], [ 79.840699652000069, 6.949928190000037 ], [ 79.840067169000065, 6.946128808000026 ], [ 79.842208463000077, 6.945812252000053 ], [ 79.842245987000069, 6.947178850000057 ], [ 79.843490849000034, 6.948204760000067 ], [ 79.843802395000068, 6.949751326000069 ], [ 79.84414021300006, 6.950359176000063 ], [ 79.844539933000078, 6.954739069000027 ], [ 79.84324001300007, 6.956525250000027 ], [ 79.83994023200006, 6.960256833000074 ], [ 79.839252439000063, 6.959687153000061 ], [ 79.839870722000057, 6.95895196400005 ], [ 79.839782939000031, 6.958783695000022 ], [ 79.838939864000054, 6.959766579000075 ], [ 79.838931091000063, 6.960150777000024 ], [ 79.839130898000064, 6.960383303000071 ], [ 79.839562761000082, 6.960744360000035 ], [ 79.83992319500004, 6.960769088000063 ], [ 79.844563846000085, 6.955304519000038 ], [ 79.844599495000068, 6.955922866000037 ], [ 79.844868088000055, 6.955803308000043 ], [ 79.844681482000055, 6.955813134000039 ], [ 79.844578354000078, 6.953307559000052 ], [ 79.845278991000043, 6.953138479000074 ], [ 79.845677072000058, 6.953379257000051 ], [ 79.845796737000057, 6.952915371000074 ], [ 79.845593100000031, 6.953224823000028 ], [ 79.844854053000063, 6.952109481000036 ], [ 79.846235159000059, 6.951797835000036 ], [ 79.846050564000052, 6.950703680000061 ], [ 79.84633659900004, 6.950618115000054 ], [ 79.844995701000073, 6.942183599000032 ], [ 79.84452174200004, 6.940659173000029 ], [ 79.844326104000061, 6.940710983000031 ], [ 79.844409316000053, 6.941007802000058 ], [ 79.843847735000054, 6.940904191000072 ], [ 79.843742790000078, 6.940266305000023 ], [ 79.843489128000044, 6.940097353000056 ], [ 79.843334852000055, 6.940323732000024 ], [ 79.842898679000029, 6.939969874000042 ], [ 79.843132415000071, 6.939551597000047 ], [ 79.843413485000042, 6.939725923000026 ], [ 79.843173511000032, 6.939452577000054 ], [ 79.84335840500006, 6.939125328000046 ], [ 79.843667616000062, 6.93954579800004 ], [ 79.84379382000003, 6.939441230000057 ], [ 79.843606943000054, 6.93917629200007 ], [ 79.844278632000055, 6.938989539000033 ], [ 79.84440433900005, 6.939484294000067 ], [ 79.84437994600006, 6.938958632000038 ], [ 79.844851207000033, 6.93882049900003 ], [ 79.845073393000064, 6.93925684200002 ], [ 79.844955102000085, 6.938800872000058 ], [ 79.84525812000004, 6.938716874000022 ], [ 79.846276398000043, 6.942259172000036 ], [ 79.847387734000051, 6.941950484000074 ], [ 79.846368036000058, 6.93826240900006 ], [ 79.847269115000074, 6.938001911000072 ], [ 79.848129118000031, 6.938476627000057 ], [ 79.847987433000071, 6.938790741000048 ], [ 79.848172930000032, 6.938514508000026 ], [ 79.848499494000066, 6.938746623000043 ], [ 79.848235926000029, 6.939152910000075 ], [ 79.848567183000057, 6.938790247000043 ], [ 79.848865204000049, 6.938996266000061 ], [ 79.848422680000056, 6.939665596000054 ], [ 79.848950190000039, 6.939033323000046 ], [ 79.849252663000073, 6.93908927800004 ], [ 79.849013115000048, 6.939569277000032 ], [ 79.84923845600008, 6.939230008000038 ], [ 79.849450611000066, 6.939377566000076 ], [ 79.848789674000045, 6.940507676000038 ], [ 79.849575076000065, 6.939364759000057 ], [ 79.849407259000031, 6.939762191000057 ], [ 79.849655301000041, 6.939429476000043 ], [ 79.849779074000082, 6.939528548000055 ], [ 79.849498432000075, 6.940012926000065 ], [ 79.849811998000064, 6.940221977000022 ], [ 79.84923268700004, 6.941068246000043 ], [ 79.84986606800004, 6.94025081500007 ], [ 79.850046438000049, 6.940374683000073 ], [ 79.849702508000064, 6.940924310000071 ], [ 79.850387673000057, 6.940184561000024 ], [ 79.851285629000074, 6.940801555000064 ], [ 79.851104758000076, 6.941077686000028 ], [ 79.851349609000067, 6.94084967200007 ], [ 79.85229457500003, 6.941726062000043 ], [ 79.851698416000033, 6.942018677000021 ], [ 79.85133651700005, 6.941760905000024 ], [ 79.849881406000065, 6.942494360000069 ], [ 79.85253934800005, 6.947844391000046 ], [ 79.853721237000059, 6.953448066000021 ], [ 79.856036815000039, 6.953241983000055 ], [ 79.856074488000047, 6.953644969000038 ], [ 79.85456582900008, 6.953792044000068 ], [ 79.854679493000049, 6.954344282000022 ], [ 79.853835574000072, 6.954443456000035 ], [ 79.853846889000067, 6.95462658100007 ], [ 79.856178388000046, 6.954379749000054 ], [ 79.856200699000055, 6.954679537000061 ], [ 79.855954568000072, 6.954692440000031 ], [ 79.856126110000048, 6.954701526000065 ], [ 79.85623621700006, 6.955176266000024 ], [ 79.855722912000033, 6.955292906000068 ], [ 79.856024985000033, 6.955283818000055 ], [ 79.85614191500008, 6.955507565000062 ], [ 79.855503014000078, 6.955621428000029 ], [ 79.856127968000067, 6.95562205400006 ], [ 79.856378609000046, 6.955893850000052 ], [ 79.857305007000036, 6.956053796000049 ], [ 79.857071571000063, 6.956318274000068 ], [ 79.857482097000059, 6.956472786000063 ], [ 79.85739694800003, 6.956751388000043 ], [ 79.854092785000034, 6.956566561000045 ], [ 79.854069883000079, 6.956755767000061 ], [ 79.856511032000071, 6.957316966000064 ], [ 79.856572073000052, 6.958405929000037 ], [ 79.853274660000068, 6.957679128000052 ], [ 79.853202153000041, 6.958820814000035 ], [ 79.856574788000046, 6.959335729000031 ], [ 79.856578844000069, 6.959669209000026 ], [ 79.855953402000068, 6.959654248000049 ], [ 79.855860634000067, 6.959707777000062 ], [ 79.856607483000062, 6.959739521000074 ], [ 79.856570537000039, 6.960120400000051 ], [ 79.856331131000047, 6.960247238000022 ], [ 79.856581744000039, 6.960271234000061 ], [ 79.856579728000042, 6.960795308000058 ], [ 79.85312422700008, 6.960477077000064 ], [ 79.853302781000082, 6.961116609000044 ], [ 79.856377998000085, 6.961458783000069 ], [ 79.856604437000044, 6.961954277000075 ], [ 79.857736364000061, 6.962201968000045 ], [ 79.85727855600004, 6.963705266000034 ], [ 79.857519331000049, 6.963661115000036 ], [ 79.857911553000065, 6.964110002000041 ], [ 79.857664763000059, 6.963561574000039 ], [ 79.858059324000067, 6.962483171000031 ], [ 79.858858361000046, 6.962856441000042 ], [ 79.858697469000049, 6.96294844800002 ], [ 79.858840144000055, 6.963011296000047 ], [ 79.85886344100004, 6.964107511000066 ], [ 79.859206640000082, 6.964917712000045 ], [ 79.859337518000075, 6.964530966000041 ], [ 79.859107757000061, 6.963275301000067 ], [ 79.860001797000052, 6.963050711000051 ], [ 79.86083276200003, 6.963201063000042 ], [ 79.861116846000073, 6.963511846000074 ], [ 79.861587125000085, 6.963328207000075 ], [ 79.861783098000046, 6.963671010000041 ], [ 79.861148338000078, 6.964305077000063 ], [ 79.862136021000083, 6.963622593000025 ], [ 79.862447497000062, 6.964321605000066 ], [ 79.862305493000065, 6.964567094000074 ], [ 79.862104291000037, 6.964539941000055 ], [ 79.862116750000041, 6.964741784000068 ], [ 79.862984294000057, 6.965023584000051 ], [ 79.863132520000079, 6.964836698000056 ], [ 79.863479993000055, 6.964938461000031 ], [ 79.863648021000074, 6.964806228000043 ], [ 79.864297211000064, 6.964993116000073 ], [ 79.865094394000039, 6.965722992000053 ], [ 79.865636273000064, 6.966889832000049 ], [ 79.866596366000067, 6.96770420200005 ], [ 79.866694006000046, 6.968408587000056 ], [ 79.867559444000051, 6.968332581000027 ], [ 79.868436378000069, 6.969807493000076 ], [ 79.868228406000071, 6.97023736500006 ], [ 79.867865151000046, 6.970402939000053 ], [ 79.867724830000043, 6.970170687000063 ], [ 79.867908234000083, 6.971016958000064 ], [ 79.867951681000079, 6.970820284000069 ], [ 79.868302260000064, 6.970830690000071 ], [ 79.868680481000069, 6.971148631000062 ], [ 79.868849039000054, 6.972810257000049 ], [ 79.868575513000053, 6.973147199000039 ], [ 79.868284433000042, 6.973208308000039 ], [ 79.868132149000076, 6.972999189000063 ], [ 79.868407114000036, 6.974124233000055 ], [ 79.868616882000083, 6.973851680000053 ], [ 79.869065201000069, 6.973991215000069 ], [ 79.869139800000085, 6.974218036000025 ], [ 79.869182042000034, 6.978714313000069 ], [ 79.869638763000069, 6.979167003000043 ], [ 79.870142280000039, 6.97963598900003 ], [ 79.87354268200005, 6.980600608000032 ], [ 79.876948133000042, 6.980779546000065 ], [ 79.879088315000047, 6.981177768000066 ], [ 79.880245162000051, 6.981012597000074 ], [ 79.882326736000039, 6.979871183000057 ], [ 79.882487295000033, 6.979526622000037 ], [ 79.883645638000075, 6.978617461000056 ], [ 79.884262315000058, 6.977830334000032 ], [ 79.884818324000037, 6.976582758000063 ], [ 79.884976025000071, 6.974658496000075 ] ] ] } },
{ "type": "Feature", "properties": { "ADM3_EN": "Kolonnawa", "ADM3_PCODE": "LK1106", "ADM2_EN": "Colombo" }, "geometry": { "type": "Polygon", "coordinates": [ [ [ 79.927619359000062, 6.949216988000046 ], [ 79.93072359100006, 6.950496507000025 ], [ 79.932088318000069, 6.950805544000048 ], [ 79.934377280000035, 6.950333373000035 ], [ 79.93546636700006, 6.949272847000032 ], [ 79.936477679000063, 6.947286075000022 ], [ 79.937320603000046, 6.946365584000034 ], [ 79.939013746000057, 6.945036594000044 ], [ 79.942011985000079, 6.943613518000063 ], [ 79.943165923000038, 6.942656256000021 ], [ 79.943310651000047, 6.942044047000024 ], [ 79.943041151000045, 6.940508601000033 ], [ 79.943064270000036, 6.939195815000062 ], [ 79.943616090000035, 6.938538863000076 ], [ 79.945317952000039, 6.938408590000051 ], [ 79.946943585000042, 6.93878393600005 ], [ 79.950262956000074, 6.940299715000037 ], [ 79.950443410000048, 6.939376534000075 ], [ 79.950388444000055, 6.938258361000067 ], [ 79.946547491000047, 6.937507076000031 ], [ 79.946568292000052, 6.937090147000049 ], [ 79.947132648000036, 6.936789686000054 ], [ 79.947279992000063, 6.936274825000055 ], [ 79.947872901000039, 6.935849335000057 ], [ 79.94780124600004, 6.934996044000059 ], [ 79.948563179000075, 6.93403201700005 ], [ 79.949001443000043, 6.932088265000061 ], [ 79.949292899000056, 6.931637557000045 ], [ 79.952731886000038, 6.929893918000062 ], [ 79.952822802000071, 6.929021289000048 ], [ 79.953496100000052, 6.927904386000023 ], [ 79.953685298000039, 6.925445813000067 ], [ 79.954219409000075, 6.924266395000075 ], [ 79.955348115000049, 6.922035205000043 ], [ 79.956822125000031, 6.921090338000056 ], [ 79.957714147000047, 6.920270068000036 ], [ 79.958924963000072, 6.917442591000054 ], [ 79.957256336000057, 6.916786930000058 ], [ 79.95592289800004, 6.916501790000041 ], [ 79.953427514000055, 6.91488729100007 ], [ 79.952951734000067, 6.915369695000038 ], [ 79.952507155000035, 6.914899834000039 ], [ 79.951794414000062, 6.914726955000049 ], [ 79.951976754000043, 6.913687610000068 ], [ 79.951651021000032, 6.913570490000041 ], [ 79.951321888000052, 6.914123852000046 ], [ 79.950624705000052, 6.914030301000025 ], [ 79.949509660000047, 6.91463426100006 ], [ 79.948909839000066, 6.917003192000038 ], [ 79.948025808000068, 6.918016553000029 ], [ 79.947072591000051, 6.917928441000072 ], [ 79.945560772000078, 6.915341339000065 ], [ 79.945011994000083, 6.915255884000032 ], [ 79.944179030000043, 6.914627117000066 ], [ 79.944841386000064, 6.913357277000046 ], [ 79.945271430000048, 6.911698525000077 ], [ 79.944464935000042, 6.911567423000065 ], [ 79.943931374000044, 6.912744247000035 ], [ 79.94355160200007, 6.912718946000041 ], [ 79.943490861000043, 6.913115043000062 ], [ 79.94293168400003, 6.913242498000045 ], [ 79.942730496000081, 6.915392962000055 ], [ 79.942310707000047, 6.915754881000055 ], [ 79.941706688000068, 6.915676559000076 ], [ 79.94163676200003, 6.915469325000061 ], [ 79.942005268000059, 6.91510687400006 ], [ 79.941901667000081, 6.914943953000034 ], [ 79.941530283000077, 6.915266643000052 ], [ 79.941344451000077, 6.915098403000059 ], [ 79.94022577100003, 6.915947624000069 ], [ 79.940097268000045, 6.915793264000058 ], [ 79.939941167000029, 6.915891186000067 ], [ 79.94011120600004, 6.916187978000039 ], [ 79.939697086000081, 6.916517223000028 ], [ 79.938439390000042, 6.916580292000049 ], [ 79.937705188000052, 6.916842039000073 ], [ 79.936277582000059, 6.916553332000035 ], [ 79.935926287000029, 6.915935504000061 ], [ 79.934809818000076, 6.915588638000031 ], [ 79.933395742000073, 6.917966768000042 ], [ 79.931579571000043, 6.918014304000053 ], [ 79.931559797000034, 6.919616276000056 ], [ 79.931823350000059, 6.920105117000048 ], [ 79.931100512000057, 6.92021722000004 ], [ 79.93042127800004, 6.920618975000025 ], [ 79.930392390000065, 6.921529439000039 ], [ 79.929290590000051, 6.922242499000049 ], [ 79.929213653000033, 6.92272465700006 ], [ 79.928047446000051, 6.923350271000061 ], [ 79.927606879000052, 6.922745431000067 ], [ 79.926768924000044, 6.922713203000058 ], [ 79.926832389000083, 6.921956488000035 ], [ 79.926269386000058, 6.921857374000069 ], [ 79.925139203000072, 6.922475740000039 ], [ 79.924277002000053, 6.92336440400004 ], [ 79.923624704000076, 6.923508813000069 ], [ 79.921861898000031, 6.923188628000048 ], [ 79.919422626000085, 6.922016618000043 ], [ 79.917623802000037, 6.921704853000051 ], [ 79.917195863000074, 6.921803708000027 ], [ 79.916678065000042, 6.921099706000064 ], [ 79.916495672000053, 6.921184695000022 ], [ 79.915682510000067, 6.92082106600003 ], [ 79.915863896000076, 6.920175336000057 ], [ 79.915004976000034, 6.920229774000063 ], [ 79.91449626900004, 6.919266480000033 ], [ 79.915739001000077, 6.918607020000024 ], [ 79.915603261000058, 6.918264707000048 ], [ 79.916166042000043, 6.917933023000046 ], [ 79.916127413000083, 6.917774029000043 ], [ 79.915015267000058, 6.918230007000034 ], [ 79.914958307000063, 6.918603980000057 ], [ 79.914663340000061, 6.918761440000026 ], [ 79.914110304000076, 6.918421096000031 ], [ 79.913666272000057, 6.918104972000037 ], [ 79.913308404000077, 6.916866604000063 ], [ 79.912896664000073, 6.916787733000035 ], [ 79.912663340000051, 6.916420015000028 ], [ 79.912903759000073, 6.915671757000041 ], [ 79.911478957000043, 6.914750300000037 ], [ 79.910739392000039, 6.914624536000076 ], [ 79.910035909000044, 6.915703257000075 ], [ 79.909324361000074, 6.916338624000048 ], [ 79.909149337000031, 6.916927301000044 ], [ 79.908905059000062, 6.916634695000027 ], [ 79.905634003000046, 6.915679574000023 ], [ 79.904304823000075, 6.91504199600007 ], [ 79.902044334000038, 6.914456287000064 ], [ 79.90161009500008, 6.914174142000036 ], [ 79.901197917000047, 6.91347293900003 ], [ 79.90079965700005, 6.913554308000073 ], [ 79.899511730000029, 6.914167985000063 ], [ 79.899212804000058, 6.914936051000041 ], [ 79.899187422000068, 6.915606056000058 ], [ 79.899328672000081, 6.917142467000076 ], [ 79.900971168000069, 6.919952638000041 ], [ 79.901236028000085, 6.921019257000069 ], [ 79.901292328000068, 6.922522614000059 ], [ 79.900558695000029, 6.923582624000062 ], [ 79.89868802500007, 6.923399741000026 ], [ 79.896345807000046, 6.923833222000042 ], [ 79.894126550000067, 6.923929185000077 ], [ 79.892519912000068, 6.923854478000067 ], [ 79.889845799000057, 6.923372681000046 ], [ 79.888896077000084, 6.923427041000025 ], [ 79.88620523700007, 6.924123014000031 ], [ 79.886097434000078, 6.924913183000058 ], [ 79.885665479000068, 6.925456647000033 ], [ 79.884564215000069, 6.925448600000038 ], [ 79.883985195000037, 6.925831516000073 ], [ 79.88357768700007, 6.927891987000066 ], [ 79.883633174000067, 6.928149652000059 ], [ 79.884483812000042, 6.928595819000066 ], [ 79.884386671000073, 6.929328191000025 ], [ 79.883005952000076, 6.931766323000033 ], [ 79.882201888000054, 6.932621493000056 ], [ 79.88161124800007, 6.934372610000025 ], [ 79.881568454000046, 6.935317480000037 ], [ 79.881823152000038, 6.936093438000057 ], [ 79.882861270000035, 6.937713262000045 ], [ 79.883760212000084, 6.938698830000021 ], [ 79.88232296700005, 6.940049864000059 ], [ 79.881930227000055, 6.941229947000068 ], [ 79.881054177000067, 6.942382628000075 ], [ 79.879476457000067, 6.942742155000076 ], [ 79.878837240000053, 6.943485939000027 ], [ 79.878285075000065, 6.943214599000044 ], [ 79.878426474000037, 6.947966731000065 ], [ 79.877478876000055, 6.948339342000054 ], [ 79.876359236000042, 6.949205074000076 ], [ 79.875310185000046, 6.949553758000036 ], [ 79.874846286000036, 6.950165318000074 ], [ 79.874679333000074, 6.951272799000037 ], [ 79.874928713000031, 6.952328320000049 ], [ 79.875767522000046, 6.953148114000044 ], [ 79.878016942000045, 6.956907196000031 ], [ 79.879234205000046, 6.958391835000043 ], [ 79.880595438000057, 6.956199264000077 ], [ 79.881895132000068, 6.955017294000072 ], [ 79.883828598000036, 6.954235921000077 ], [ 79.886572514000079, 6.954169314000069 ], [ 79.89246812500005, 6.954912432000071 ], [ 79.893798422000032, 6.95518431000005 ], [ 79.896314547000031, 6.956143031000067 ], [ 79.899146955000049, 6.956173426000021 ], [ 79.899606622000078, 6.955993344000035 ], [ 79.900355484000045, 6.955235640000069 ], [ 79.900459484000066, 6.954604310000036 ], [ 79.90016988800005, 6.953900406000059 ], [ 79.899668370000029, 6.953214052000021 ], [ 79.89877890300005, 6.952573631000064 ], [ 79.896627653000053, 6.951947613000073 ], [ 79.896304335000082, 6.951111236000031 ], [ 79.896819518000029, 6.949571709000054 ], [ 79.897456324000075, 6.948635663000061 ], [ 79.898387804000038, 6.947919668000054 ], [ 79.899703195000029, 6.947395773000039 ], [ 79.902739478000058, 6.947164530000066 ], [ 79.904275849000044, 6.947465586000021 ], [ 79.907537856000033, 6.948912638000024 ], [ 79.909623251000085, 6.950203577000025 ], [ 79.910446538000031, 6.950382122000065 ], [ 79.911227877000044, 6.949933775000034 ], [ 79.911853244000042, 6.947623015000033 ], [ 79.912141358000042, 6.947180943000035 ], [ 79.913460455000063, 6.946417025000073 ], [ 79.915614952000055, 6.945792342000061 ], [ 79.916711561000056, 6.945758444000035 ], [ 79.917616095000085, 6.946131385000058 ], [ 79.918979043000036, 6.947209109000028 ], [ 79.920214887000043, 6.949389078000024 ], [ 79.920714038000085, 6.95139961600006 ], [ 79.922409859000084, 6.952565780000043 ], [ 79.923938877000069, 6.952176988000076 ], [ 79.92517041800005, 6.951240560000031 ], [ 79.925762005000081, 6.950230437000073 ], [ 79.92581530700005, 6.949442613000031 ], [ 79.927619359000062, 6.949216988000046 ] ] ] } },
{ "type": "Feature", "properties": { "ADM3_EN": "Kaduwela", "ADM3_PCODE": "LK1109", "ADM2_EN": "Colombo" }, "geometry": { "type": "Polygon", "coordinates": [ [ [ 80.01417624000004, 6.946241608000037 ], [ 80.01437732200003, 6.944557147000069 ], [ 80.013478753000072, 6.941289969000024 ], [ 80.01364355100003, 6.939310459000069 ], [ 80.014688396000054, 6.937224700000058 ], [ 80.016247400000054, 6.935504614000024 ], [ 80.018161478000081, 6.932570904000045 ], [ 80.018968519000055, 6.929450003000056 ], [ 80.019169360000035, 6.927368863000027 ], [ 80.019969501000048, 6.924810181000055 ], [ 80.020777833000068, 6.924620067000035 ], [ 80.02669669900007, 6.925066066000056 ], [ 80.029576809000048, 6.92415218900004 ], [ 80.030853088000072, 6.923469634000071 ], [ 80.032555020000075, 6.922144468000056 ], [ 80.035112904000073, 6.920784742000023 ], [ 80.039849823000054, 6.919183146000023 ], [ 80.040682740000079, 6.918568368000024 ], [ 80.042673234000063, 6.916394270000069 ], [ 80.045022571000061, 6.914847628000075 ], [ 80.044227146000082, 6.914023021000048 ], [ 80.043617632000064, 6.913954771000022 ], [ 80.043327372000078, 6.913207965000026 ], [ 80.043035941000085, 6.913209965000021 ], [ 80.042693558000053, 6.91283678800005 ], [ 80.042239357000085, 6.913072505000059 ], [ 80.042162702000041, 6.912569353000038 ], [ 80.042329841000083, 6.912444190000031 ], [ 80.042191924000065, 6.912311859000056 ], [ 80.040193577000082, 6.913173108000024 ], [ 80.039214193000078, 6.913220318000072 ], [ 80.037292644000047, 6.912888993000024 ], [ 80.036927129000048, 6.913015254000072 ], [ 80.037048552000044, 6.912420865000058 ], [ 80.036681616000067, 6.912134595000055 ], [ 80.036502968000036, 6.909737778000022 ], [ 80.036949962000051, 6.909629559000052 ], [ 80.03680048700005, 6.908622019000063 ], [ 80.036174050000056, 6.908041845000071 ], [ 80.034977513000058, 6.908235041000069 ], [ 80.034748359000048, 6.907182385000056 ], [ 80.03412925300006, 6.90667555400006 ], [ 80.034471728000085, 6.906475990000047 ], [ 80.034819064000033, 6.903964460000054 ], [ 80.036381262000077, 6.903452144000028 ], [ 80.036516495000058, 6.902563011000041 ], [ 80.035776785000053, 6.900942890000067 ], [ 80.034216206000053, 6.900825423000072 ], [ 80.034616034000067, 6.898902207000049 ], [ 80.035079346000032, 6.897709550000059 ], [ 80.035240420000036, 6.896420070000033 ], [ 80.034712874000036, 6.895917033000046 ], [ 80.034490462000065, 6.893652270000075 ], [ 80.034580837000078, 6.890739925000048 ], [ 80.035028848000081, 6.890264707000028 ], [ 80.036076412000057, 6.889994063000074 ], [ 80.035697257000038, 6.889493607000077 ], [ 80.035433027000067, 6.888518508000061 ], [ 80.035892546000071, 6.888075196000045 ], [ 80.036872006000067, 6.887927438000077 ], [ 80.037161639000033, 6.887672338000073 ], [ 80.037319401000047, 6.886574559000053 ], [ 80.03776776400008, 6.886490613000035 ], [ 80.038126014000056, 6.884753747000047 ], [ 80.040048222000053, 6.884695558000033 ], [ 80.04055489600006, 6.882475638000074 ], [ 80.040473740000039, 6.881625259000032 ], [ 80.039619133000031, 6.881723941000075 ], [ 80.038253155000064, 6.881372885000076 ], [ 80.03787513900005, 6.881763707000061 ], [ 80.037089810000055, 6.881625360000044 ], [ 80.035707235000075, 6.881773048000071 ], [ 80.035834914000077, 6.88090795100004 ], [ 80.035555642000077, 6.879878062000046 ], [ 80.034813522000036, 6.880289611000023 ], [ 80.03446023500004, 6.881431401000043 ], [ 80.034037612000077, 6.881542510000031 ], [ 80.033296459000042, 6.880947843000058 ], [ 80.032918388000041, 6.881999496000049 ], [ 80.031643794000047, 6.882349538000028 ], [ 80.029855867000038, 6.882376048000026 ], [ 80.027154730000063, 6.882054795000045 ], [ 80.025412153000048, 6.88120695300006 ], [ 80.02239544300005, 6.880880928000067 ], [ 80.022090882000043, 6.883177233000026 ], [ 80.02240527400005, 6.883595220000075 ], [ 80.022759303000043, 6.883721829000024 ], [ 80.02313564800005, 6.885074723000059 ], [ 80.023018427000068, 6.886240797000028 ], [ 80.021852152000065, 6.88784303500006 ], [ 80.021550627000067, 6.888842293000039 ], [ 80.020461272000034, 6.889904596000065 ], [ 80.02026445100006, 6.891061900000068 ], [ 80.020311685000081, 6.892430278000063 ], [ 80.018940625000084, 6.894127132000051 ], [ 80.017943113000058, 6.894592287000023 ], [ 80.017706489000034, 6.89317397800005 ], [ 80.016177121000055, 6.892662435000034 ], [ 80.015994414000033, 6.892378292000046 ], [ 80.015189529000054, 6.892396660000031 ], [ 80.014626401000044, 6.892065879000029 ], [ 80.01389213300007, 6.890533608000055 ], [ 80.013621967000063, 6.890358039000034 ], [ 80.013454514000045, 6.889264371000024 ], [ 80.012871679000057, 6.888661014000036 ], [ 80.012325874000055, 6.887658453000029 ], [ 80.011689424000053, 6.887615926000024 ], [ 80.01149614600007, 6.887510055000064 ], [ 80.011278636000043, 6.88684257500006 ], [ 80.010251435000043, 6.886555639000051 ], [ 80.00899170200006, 6.883677312000032 ], [ 80.008823416000041, 6.88362389100007 ], [ 80.008472200000085, 6.88256234000005 ], [ 80.008520446000034, 6.881959986000027 ], [ 80.00797910700004, 6.881813384000054 ], [ 80.007586939000078, 6.881231811000021 ], [ 80.007330594000052, 6.879723909000063 ], [ 80.00671780700003, 6.87870218200004 ], [ 80.00625463800003, 6.876972254000066 ], [ 80.006062285000041, 6.877028274000054 ], [ 80.00566987600007, 6.876084683000045 ], [ 80.005375568000034, 6.87472955100003 ], [ 80.005458055000076, 6.872687908000046 ], [ 80.005056978000084, 6.870509001000073 ], [ 80.005191159000049, 6.869913297000039 ], [ 80.004952314000036, 6.867009044000042 ], [ 80.006018386000051, 6.866974120000066 ], [ 80.006238113000052, 6.865949535000027 ], [ 80.006030938000038, 6.865339369000026 ], [ 80.006115514000044, 6.864734875000067 ], [ 80.005321670000058, 6.864221727000029 ], [ 80.005227529000081, 6.863295088000029 ], [ 80.00482127500004, 6.862800446000051 ], [ 80.004272276000052, 6.862962688000039 ], [ 80.002373272000057, 6.862799848000066 ], [ 80.001259233000042, 6.862248360000024 ], [ 80.000585184000045, 6.86219563800006 ], [ 79.999874423000051, 6.861627438000028 ], [ 79.999043940000035, 6.861298306000037 ], [ 79.995737019000046, 6.860717114000067 ], [ 79.995303505000038, 6.860357605000047 ], [ 79.993539936000047, 6.860028718000024 ], [ 79.99298837200007, 6.860114660000022 ], [ 79.992028012000048, 6.859365381000032 ], [ 79.988446082000053, 6.858130011000071 ], [ 79.986679268000046, 6.857762474000026 ], [ 79.986510702000032, 6.858330175000049 ], [ 79.98570944100004, 6.858493742000064 ], [ 79.985263739000061, 6.859205397000039 ], [ 79.985530213000061, 6.860238189000029 ], [ 79.98536881800004, 6.861378309000031 ], [ 79.984444727000039, 6.862589763000074 ], [ 79.984218178000049, 6.86338459500007 ], [ 79.983523366000043, 6.863433311000051 ], [ 79.982540441000083, 6.863162137000074 ], [ 79.981978223000056, 6.863925463000044 ], [ 79.978074242000048, 6.863865262000047 ], [ 79.977808964000076, 6.86619593000006 ], [ 79.975746063000031, 6.865891670000053 ], [ 79.974503844000083, 6.866315580000048 ], [ 79.972975419000079, 6.866447041000072 ], [ 79.97311475600003, 6.865553873000067 ], [ 79.972389058000033, 6.865456720000054 ], [ 79.970253842000034, 6.865559292000057 ], [ 79.968791903000067, 6.866492444000073 ], [ 79.968126369000061, 6.866167334000068 ], [ 79.967044352000073, 6.866232513000057 ], [ 79.966515952000066, 6.866080919000069 ], [ 79.966056111000057, 6.86660005300007 ], [ 79.965203450000047, 6.866839248000076 ], [ 79.963851074000047, 6.866218395000033 ], [ 79.961955165000063, 6.865768522000053 ], [ 79.961541257000079, 6.866024621000065 ], [ 79.960284191000085, 6.866236876000073 ], [ 79.959574814000064, 6.866622429000074 ], [ 79.959487102000082, 6.867111693000027 ], [ 79.959166422000067, 6.866999427000053 ], [ 79.958646156000043, 6.868129148000037 ], [ 79.957709784000031, 6.87143128200006 ], [ 79.957592705000081, 6.87275487900007 ], [ 79.957723527000041, 6.873547430000031 ], [ 79.957371938000051, 6.873699065000039 ], [ 79.957222043000058, 6.874182060000066 ], [ 79.956250147000048, 6.873954125000068 ], [ 79.954071670000076, 6.873988571000041 ], [ 79.953860739000049, 6.87352111000007 ], [ 79.95225342100008, 6.873125696000045 ], [ 79.951103402000058, 6.87340888500006 ], [ 79.949505034000083, 6.872999323000045 ], [ 79.948544779000031, 6.873015206000048 ], [ 79.947882259000039, 6.873249164000072 ], [ 79.947638870000048, 6.873101079000037 ], [ 79.947254716000032, 6.873252324000021 ], [ 79.94687003100006, 6.873790530000065 ], [ 79.946608166000033, 6.873626457000057 ], [ 79.945808009000075, 6.873870571000054 ], [ 79.94562247500005, 6.874424632000057 ], [ 79.94573216100008, 6.875762450000025 ], [ 79.946800651000046, 6.878966905000027 ], [ 79.946458473000064, 6.879051549000053 ], [ 79.946345267000083, 6.879846668000027 ], [ 79.947015238000063, 6.880200698000067 ], [ 79.947200664000036, 6.880785823000053 ], [ 79.946892404000039, 6.881256303000043 ], [ 79.946889523000038, 6.881888683000057 ], [ 79.945105683000065, 6.881499440000027 ], [ 79.944800235000059, 6.882123156000034 ], [ 79.942585302000055, 6.881715849000045 ], [ 79.941713020000066, 6.881746866000071 ], [ 79.940270342000076, 6.881079649000071 ], [ 79.939638203000072, 6.881135589000053 ], [ 79.938547163000067, 6.880322954000064 ], [ 79.937425254000061, 6.879949188000069 ], [ 79.937213760000077, 6.879423823000025 ], [ 79.936516851000079, 6.878732132000039 ], [ 79.935690710000074, 6.878470354000058 ], [ 79.935093368000082, 6.877859946000058 ], [ 79.934810973000083, 6.877899642000045 ], [ 79.934918182000047, 6.877366040000027 ], [ 79.934429901000044, 6.87671973700003 ], [ 79.934831794000047, 6.87585801900002 ], [ 79.934159799000042, 6.875055582000073 ], [ 79.933619289000035, 6.875511350000068 ], [ 79.933308208000085, 6.875265342000034 ], [ 79.932947468000066, 6.875326911000059 ], [ 79.932306462000042, 6.875833691000025 ], [ 79.930941640000071, 6.877367227000036 ], [ 79.930117780000046, 6.878928033000022 ], [ 79.929360747000032, 6.879197606000048 ], [ 79.928348028000073, 6.87888134700006 ], [ 79.928169562000051, 6.876768586000026 ], [ 79.926852232000044, 6.876885905000051 ], [ 79.926543786000082, 6.878903327000046 ], [ 79.92560373200007, 6.88073171800005 ], [ 79.924507462000065, 6.882076791000031 ], [ 79.924223776000076, 6.881996624000067 ], [ 79.924139222000065, 6.882515953000052 ], [ 79.923652925000056, 6.882533425000076 ], [ 79.923789467000063, 6.883138836000057 ], [ 79.92332138300003, 6.883232750000047 ], [ 79.922175155000048, 6.884159268000076 ], [ 79.921809119000045, 6.885955869000043 ], [ 79.91932997300006, 6.890140126000063 ], [ 79.918138433000081, 6.890171234000036 ], [ 79.915627103000077, 6.891932328000053 ], [ 79.914618404000066, 6.892973079000058 ], [ 79.913617902000055, 6.894990691000032 ], [ 79.912581077000084, 6.896149705000028 ], [ 79.911445436000065, 6.897027445000049 ], [ 79.91057270500005, 6.898291445000041 ], [ 79.910276701000043, 6.89986360100005 ], [ 79.908709619000035, 6.903235618000053 ], [ 79.907435724000038, 6.903478910000047 ], [ 79.906246899000053, 6.904748561000076 ], [ 79.909221195000043, 6.906408553000063 ], [ 79.908306724000056, 6.907095728000058 ], [ 79.907436122000036, 6.907178602000045 ], [ 79.905938225000057, 6.908285009000053 ], [ 79.905251141000065, 6.908223675000045 ], [ 79.904089853000073, 6.910099912000021 ], [ 79.904102613000077, 6.910412946000065 ], [ 79.902819763000082, 6.911050223000075 ], [ 79.902186680000057, 6.911585873000035 ], [ 79.901625279000029, 6.913033132000066 ], [ 79.901197917000047, 6.91347293900003 ], [ 79.901944816000082, 6.914415912000038 ], [ 79.904304823000075, 6.91504199600007 ], [ 79.905634003000046, 6.915679574000023 ], [ 79.908905059000062, 6.916634695000027 ], [ 79.909149337000031, 6.916927301000044 ], [ 79.909324361000074, 6.916338624000048 ], [ 79.910035909000044, 6.915703257000075 ], [ 79.910739392000039, 6.914624536000076 ], [ 79.911397585000032, 6.91471570300007 ], [ 79.912903759000073, 6.915671757000041 ], [ 79.912663340000051, 6.916420015000028 ], [ 79.912896664000073, 6.916787733000035 ], [ 79.913308404000077, 6.916866604000063 ], [ 79.913666272000057, 6.918104972000037 ], [ 79.914110304000076, 6.918421096000031 ], [ 79.914663340000061, 6.918761440000026 ], [ 79.914958307000063, 6.918603980000057 ], [ 79.915015267000058, 6.918230007000034 ], [ 79.916127413000083, 6.917774029000043 ], [ 79.916166042000043, 6.917933023000046 ], [ 79.915603261000058, 6.918264707000048 ], [ 79.915739001000077, 6.918607020000024 ], [ 79.91449626900004, 6.919266480000033 ], [ 79.915004976000034, 6.920229774000063 ], [ 79.915863896000076, 6.920175336000057 ], [ 79.915682510000067, 6.92082106600003 ], [ 79.916495672000053, 6.921184695000022 ], [ 79.916678065000042, 6.921099706000064 ], [ 79.917195863000074, 6.921803708000027 ], [ 79.917623802000037, 6.921704853000051 ], [ 79.919422626000085, 6.922016618000043 ], [ 79.921861898000031, 6.923188628000048 ], [ 79.923801961000038, 6.923510759000067 ], [ 79.924277002000053, 6.92336440400004 ], [ 79.925556519000054, 6.922173753000038 ], [ 79.926444568000079, 6.921856239000022 ], [ 79.926832389000083, 6.921956488000035 ], [ 79.926768924000044, 6.922713203000058 ], [ 79.927606879000052, 6.922745431000067 ], [ 79.928047446000051, 6.923350271000061 ], [ 79.929213653000033, 6.92272465700006 ], [ 79.929290590000051, 6.922242499000049 ], [ 79.930392390000065, 6.921529439000039 ], [ 79.93042127800004, 6.920618975000025 ], [ 79.931100512000057, 6.92021722000004 ], [ 79.931823350000059, 6.920105117000048 ], [ 79.931559797000034, 6.919616276000056 ], [ 79.931579571000043, 6.918014304000053 ], [ 79.933395742000073, 6.917966768000042 ], [ 79.934809818000076, 6.915588638000031 ], [ 79.935926287000029, 6.915935504000061 ], [ 79.936277582000059, 6.916553332000035 ], [ 79.937705188000052, 6.916842039000073 ], [ 79.938439390000042, 6.916580292000049 ], [ 79.939697086000081, 6.916517223000028 ], [ 79.94011120600004, 6.916187978000039 ], [ 79.939941167000029, 6.915891186000067 ], [ 79.940097268000045, 6.915793264000058 ], [ 79.94022577100003, 6.915947624000069 ], [ 79.941344451000077, 6.915098403000059 ], [ 79.941530283000077, 6.915266643000052 ], [ 79.941901667000081, 6.914943953000034 ], [ 79.942005268000059, 6.91510687400006 ], [ 79.94163676200003, 6.915469325000061 ], [ 79.941706688000068, 6.915676559000076 ], [ 79.942310707000047, 6.915754881000055 ], [ 79.942730496000081, 6.915392962000055 ], [ 79.94293168400003, 6.913242498000045 ], [ 79.943490861000043, 6.913115043000062 ], [ 79.94355160200007, 6.912718946000041 ], [ 79.943931374000044, 6.912744247000035 ], [ 79.944464935000042, 6.911567423000065 ], [ 79.945271884000078, 6.911692954000046 ], [ 79.944841386000064, 6.913357277000046 ], [ 79.944179030000043, 6.914627117000066 ], [ 79.945011994000083, 6.915255884000032 ], [ 79.945560772000078, 6.915341339000065 ], [ 79.947072591000051, 6.917928441000072 ], [ 79.948025808000068, 6.918016553000029 ], [ 79.948909839000066, 6.917003192000038 ], [ 79.949509660000047, 6.91463426100006 ], [ 79.950624705000052, 6.914030301000025 ], [ 79.951321888000052, 6.914123852000046 ], [ 79.951651021000032, 6.913570490000041 ], [ 79.951976754000043, 6.913687610000068 ], [ 79.951794414000062, 6.914726955000049 ], [ 79.952507155000035, 6.914899834000039 ], [ 79.952951734000067, 6.915369695000038 ], [ 79.953427514000055, 6.91488729100007 ], [ 79.95592289800004, 6.916501790000041 ], [ 79.957256336000057, 6.916786930000058 ], [ 79.958924963000072, 6.917442591000054 ], [ 79.957714147000047, 6.920270068000036 ], [ 79.956822125000031, 6.921090338000056 ], [ 79.955348115000049, 6.922035205000043 ], [ 79.954219409000075, 6.924266395000075 ], [ 79.953685298000039, 6.925445813000067 ], [ 79.953496100000052, 6.927904386000023 ], [ 79.952822802000071, 6.929021289000048 ], [ 79.952731886000038, 6.929893918000062 ], [ 79.949292899000056, 6.931637557000045 ], [ 79.949001443000043, 6.932088265000061 ], [ 79.948563179000075, 6.93403201700005 ], [ 79.94780124600004, 6.934996044000059 ], [ 79.947872901000039, 6.935849335000057 ], [ 79.947279992000063, 6.936274825000055 ], [ 79.947132648000036, 6.936789686000054 ], [ 79.94675180400003, 6.936885915000062 ], [ 79.946539372000075, 6.937197757000035 ], [ 79.946547491000047, 6.937507076000031 ], [ 79.950388444000055, 6.938258361000067 ], [ 79.950443410000048, 6.939376534000075 ], [ 79.950262956000074, 6.940299715000037 ], [ 79.952500315000066, 6.941923651000025 ], [ 79.953252795000083, 6.942899878000048 ], [ 79.954203996000047, 6.943188622000037 ], [ 79.955341485000076, 6.94305302600003 ], [ 79.959515773000078, 6.941684578000036 ], [ 79.963437378000037, 6.941057317000059 ], [ 79.965479843000082, 6.940241399000058 ], [ 79.968139827000073, 6.938828409000052 ], [ 79.969404499000063, 6.937813769000059 ], [ 79.969997325000065, 6.937659267000072 ], [ 79.971463679000067, 6.937715587000071 ], [ 79.976652151000053, 6.938994753000031 ], [ 79.978490706000059, 6.939112687000033 ], [ 79.981565413000055, 6.938792472000046 ], [ 79.98306969500004, 6.938364347000061 ], [ 79.984383111000056, 6.937533964000067 ], [ 79.984987584000066, 6.936855513000069 ], [ 79.985334329000068, 6.935669429000029 ], [ 79.986129679000044, 6.935383658000035 ], [ 79.986665468000069, 6.935690786000066 ], [ 79.987102678000042, 6.936248956000043 ], [ 79.988949393000041, 6.940099107000037 ], [ 79.989629277000063, 6.941131367000025 ], [ 79.991157628000053, 6.942528727000024 ], [ 79.99386987400004, 6.944234255000026 ], [ 79.995636835000084, 6.944229990000053 ], [ 79.998972260000073, 6.942627731000073 ], [ 80.000890654000045, 6.942257647000076 ], [ 80.003520832000049, 6.943660340000065 ], [ 80.005584787000032, 6.944327611000062 ], [ 80.008403024000074, 6.944942266000055 ], [ 80.01290106600004, 6.946905380000032 ], [ 80.013697264000029, 6.946840869000027 ], [ 80.01417624000004, 6.946241608000037 ] ] ] } },
{ "type": "Feature", "properties": { "ADM3_EN": "Homagama", "ADM3_PCODE": "LK1112", "ADM2_EN": "Colombo" }, "geometry": { "type": "Polygon", "coordinates": [ [ [ 80.062620737000032, 6.90834686900007 ], [ 80.063288739000029, 6.90785719400003 ], [ 80.063723074000052, 6.907187942000064 ], [ 80.064306284000054, 6.907022235000056 ], [ 80.064555919000043, 6.907388662000074 ], [ 80.064224773000035, 6.907896575000052 ], [ 80.064870098000085, 6.908621273000051 ], [ 80.066204968000079, 6.906911424000043 ], [ 80.066161231000081, 6.906540521000068 ], [ 80.065627322000068, 6.905756177000058 ], [ 80.06565626400004, 6.905612670000039 ], [ 80.066039274000047, 6.905643148000024 ], [ 80.066139176000036, 6.90527604600004 ], [ 80.06562864600005, 6.904868559000022 ], [ 80.066123094000034, 6.904019955000024 ], [ 80.065691865000076, 6.903415204000055 ], [ 80.06590269700007, 6.903312640000024 ], [ 80.066629870000043, 6.903732412000068 ], [ 80.067198923000035, 6.903513187000044 ], [ 80.067233436000038, 6.903238730000055 ], [ 80.066497677000029, 6.902768943000069 ], [ 80.066315407000047, 6.902046931000029 ], [ 80.066750262000085, 6.901825075000033 ], [ 80.067764055000055, 6.901889984000036 ], [ 80.067742933000034, 6.901604048000024 ], [ 80.067013030000055, 6.90141036600005 ], [ 80.066866873000038, 6.900686415000052 ], [ 80.067302888000029, 6.90048848400005 ], [ 80.067682486000081, 6.901199623000025 ], [ 80.068087032000051, 6.901234916000021 ], [ 80.068036344000063, 6.90070729200005 ], [ 80.068512505000058, 6.900075180000044 ], [ 80.068433796000079, 6.89987648500005 ], [ 80.067723569000066, 6.90013741000007 ], [ 80.067522687000064, 6.899989972000071 ], [ 80.067859053000063, 6.899345531000051 ], [ 80.067792999000062, 6.898687014000075 ], [ 80.068566664000059, 6.898750368000037 ], [ 80.068097075000082, 6.898343901000032 ], [ 80.06810508600006, 6.898108489000037 ], [ 80.068486340000049, 6.898027136000053 ], [ 80.068268583000076, 6.897636355000031 ], [ 80.068625601000065, 6.897108618000061 ], [ 80.069246484000075, 6.896876029000055 ], [ 80.069507645000044, 6.896411312000055 ], [ 80.06908508600003, 6.895934098000055 ], [ 80.069325390000074, 6.895327712000039 ], [ 80.069001062000041, 6.894477412000072 ], [ 80.069427090000033, 6.893905755000048 ], [ 80.069347376000053, 6.893415650000065 ], [ 80.06979771500005, 6.89323952500007 ], [ 80.069390420000047, 6.892802529000051 ], [ 80.069393631000082, 6.892574766000052 ], [ 80.070332721000057, 6.89150144000007 ], [ 80.070885597000085, 6.891273532000071 ], [ 80.070594588000063, 6.890880124000034 ], [ 80.070507821000035, 6.88997945400007 ], [ 80.069862276000038, 6.889412910000033 ], [ 80.069889020000062, 6.888812907000045 ], [ 80.07005225100005, 6.888353866000045 ], [ 80.070572143000049, 6.888412054000071 ], [ 80.070714579000082, 6.88825579500002 ], [ 80.070463662000066, 6.887350075000029 ], [ 80.071091779000085, 6.885171273000026 ], [ 80.07149417800008, 6.885029511000027 ], [ 80.072370226000032, 6.885186649000048 ], [ 80.072744144000069, 6.884823204000043 ], [ 80.072819579000054, 6.884198142000059 ], [ 80.072644489000083, 6.883928754000067 ], [ 80.072170811000035, 6.883749946000023 ], [ 80.071888990000048, 6.882896854000023 ], [ 80.071917847000066, 6.881997312000067 ], [ 80.071648855000035, 6.880962153000041 ], [ 80.072253161000049, 6.879453365000074 ], [ 80.072822261000056, 6.879090541000039 ], [ 80.072599274000083, 6.878514813000038 ], [ 80.072731726000029, 6.877981477000048 ], [ 80.072163878000083, 6.877496157000053 ], [ 80.072266193000075, 6.877107525000042 ], [ 80.073174472000062, 6.876975995000066 ], [ 80.073418735000075, 6.875944223000033 ], [ 80.072971792000033, 6.875614834000032 ], [ 80.072907563000058, 6.875337687000069 ], [ 80.073266023000031, 6.874790567000048 ], [ 80.073643264000054, 6.874656900000048 ], [ 80.073640629000067, 6.874006611000027 ], [ 80.07393425600003, 6.873591462000036 ], [ 80.074102372000084, 6.87354864200006 ], [ 80.074555477000047, 6.874083891000055 ], [ 80.074840043000052, 6.873970903000043 ], [ 80.075730276000058, 6.872222319000059 ], [ 80.077747195000029, 6.869180263000032 ], [ 80.07886866900003, 6.866443564000065 ], [ 80.079620703000046, 6.866203012000028 ], [ 80.080078090000029, 6.865275380000071 ], [ 80.079723689000048, 6.864524212000049 ], [ 80.079869209000037, 6.863226481000027 ], [ 80.079707841000072, 6.86225279100006 ], [ 80.079155802000059, 6.861602418000075 ], [ 80.079415760000074, 6.86062664800005 ], [ 80.079316815000084, 6.859528338000075 ], [ 80.079152474000068, 6.858953894000024 ], [ 80.078384610000057, 6.858565190000036 ], [ 80.078827905000082, 6.857446136000021 ], [ 80.079550402000052, 6.856930400000067 ], [ 80.079545046000078, 6.855674319000059 ], [ 80.079776497000069, 6.855203328000073 ], [ 80.078814908000084, 6.853593967000052 ], [ 80.078548609000052, 6.85230593600005 ], [ 80.078588999000033, 6.850912820000076 ], [ 80.078241920000039, 6.850072540000042 ], [ 80.078436251000085, 6.847305873000039 ], [ 80.078734890000078, 6.846886418000054 ], [ 80.079406501000051, 6.846783318000064 ], [ 80.079334704000075, 6.845803342000067 ], [ 80.078630238000073, 6.845790357000055 ], [ 80.078531711000039, 6.845640683000056 ], [ 80.078746230000036, 6.845204956000032 ], [ 80.07909713500004, 6.845056890000023 ], [ 80.079253342000072, 6.844249378000029 ], [ 80.077877214000068, 6.843482700000038 ], [ 80.076622118000046, 6.842325552000034 ], [ 80.072575435000033, 6.84442206600005 ], [ 80.071415002000037, 6.844543995000038 ], [ 80.070733829000062, 6.844304496000063 ], [ 80.071197554000037, 6.843159532000072 ], [ 80.071142291000058, 6.842857609000021 ], [ 80.07088648000007, 6.842838490000076 ], [ 80.070518413000059, 6.843330234000064 ], [ 80.069983448000073, 6.843151109000075 ], [ 80.066018530000065, 6.836700321000023 ], [ 80.061549614000057, 6.835365244000059 ], [ 80.060004204000052, 6.834562560000052 ], [ 80.059644196000079, 6.833821199000056 ], [ 80.058998388000077, 6.83361469700003 ], [ 80.058923985000035, 6.832881066000027 ], [ 80.059207748000063, 6.831992792000051 ], [ 80.058227803000079, 6.831781610000064 ], [ 80.05825890400007, 6.831406615000049 ], [ 80.058724271000074, 6.830798428000037 ], [ 80.058785257000068, 6.830425077000029 ], [ 80.058589591000043, 6.830239532000064 ], [ 80.055722954000032, 6.830559941000047 ], [ 80.054882881000083, 6.830970790000038 ], [ 80.053229311000052, 6.833679371000073 ], [ 80.052829019000058, 6.834970329000043 ], [ 80.050861404000045, 6.834010585000044 ], [ 80.050795959000084, 6.833089640000026 ], [ 80.05002808100005, 6.833056838000061 ], [ 80.049574504000077, 6.83353403600006 ], [ 80.049087821000057, 6.833367546000034 ], [ 80.048636040000076, 6.832921002000035 ], [ 80.047331935000045, 6.833071862000054 ], [ 80.046619270000065, 6.832875716000046 ], [ 80.045495220000078, 6.832048963000034 ], [ 80.044456368000056, 6.831813064000073 ], [ 80.044119838000086, 6.831116596000072 ], [ 80.044728482000039, 6.830396032000067 ], [ 80.044686350000063, 6.830143661000022 ], [ 80.04380610700008, 6.830836594000061 ], [ 80.043093990000045, 6.830086073000075 ], [ 80.042872788000068, 6.830217219000076 ], [ 80.042788917000053, 6.830006719000039 ], [ 80.042998127000033, 6.829863259000035 ], [ 80.042348127000082, 6.828644814000029 ], [ 80.041465530000039, 6.829242161000025 ], [ 80.040918917000056, 6.828968720000034 ], [ 80.040137059000074, 6.82755942600005 ], [ 80.040307971000061, 6.826990380000041 ], [ 80.040795712000033, 6.826860189000058 ], [ 80.041287777000036, 6.826030565000053 ], [ 80.042021046000059, 6.825665097000069 ], [ 80.042877601000043, 6.823236404000056 ], [ 80.04407649500007, 6.821043488000043 ], [ 80.044189883000058, 6.819569907000073 ], [ 80.04373610600004, 6.818355151000048 ], [ 80.04317010300008, 6.817472424000073 ], [ 80.042184895000048, 6.816575795000062 ], [ 80.040983037000046, 6.815995532000045 ], [ 80.041221662000055, 6.815345903000036 ], [ 80.04039248600003, 6.81543666400006 ], [ 80.039615516000083, 6.81465483900007 ], [ 80.039526100000046, 6.813795848000041 ], [ 80.039867859000083, 6.813749683000026 ], [ 80.040211166000063, 6.814145034000035 ], [ 80.04156207300008, 6.814330085000051 ], [ 80.041891523000061, 6.813910357000054 ], [ 80.043042196000044, 6.811804805000065 ], [ 80.043112060000055, 6.811312546000067 ], [ 80.043943373000047, 6.810825872000066 ], [ 80.044875447000038, 6.809456527000066 ], [ 80.044848666000064, 6.808682265000073 ], [ 80.045193354000048, 6.808436287000063 ], [ 80.045297693000066, 6.807638713000074 ], [ 80.044910605000041, 6.806433390000052 ], [ 80.042816530000039, 6.804909224000028 ], [ 80.041414171000042, 6.804494323000029 ], [ 80.038640924000049, 6.805100476000064 ], [ 80.036652371000059, 6.806341560000021 ], [ 80.035982355000044, 6.80622091500004 ], [ 80.035671991000072, 6.805694093000056 ], [ 80.035449320000055, 6.802595465000024 ], [ 80.035067518000062, 6.801829283000075 ], [ 80.032869839000057, 6.798954933000061 ], [ 80.03201094800005, 6.797135321000042 ], [ 80.030564569000035, 6.796020597000052 ], [ 80.030010529000037, 6.79602217300004 ], [ 80.028724176000082, 6.795302580000055 ], [ 80.028533495000033, 6.793792462000056 ], [ 80.028032145000054, 6.792954318000056 ], [ 80.023692728000071, 6.789849356000047 ], [ 80.021492353000042, 6.788793257000066 ], [ 80.017664578000051, 6.787638923000031 ], [ 80.016096875000073, 6.787624520000065 ], [ 80.014732972000047, 6.787383144000046 ], [ 80.014422606000039, 6.786880237000048 ], [ 80.014471111000034, 6.786473588000035 ], [ 80.015526214000033, 6.785207213000035 ], [ 80.015718957000047, 6.784394066000061 ], [ 80.015551789000085, 6.784154556000033 ], [ 80.01382925200005, 6.78367337100002 ], [ 80.013398993000067, 6.783313824000061 ], [ 80.012132866000059, 6.781780649000041 ], [ 80.010831913000061, 6.779565558000058 ], [ 80.010210673000074, 6.77890302000003 ], [ 80.009688174000075, 6.779147429000034 ], [ 80.008896102000051, 6.777819794000038 ], [ 80.007415124000033, 6.777747697000052 ], [ 80.005650518000039, 6.778352010000049 ], [ 80.004708076000043, 6.778371456000059 ], [ 80.004425643000047, 6.778188583000031 ], [ 80.004146879000075, 6.776630634000071 ], [ 80.002876171000082, 6.775752376000071 ], [ 80.004359952000073, 6.774133212000038 ], [ 80.004603350000082, 6.773458317000063 ], [ 80.004603856000074, 6.772760309000034 ], [ 80.002942714000085, 6.770948364000049 ], [ 80.002163740000071, 6.770757462000063 ], [ 80.000616539000077, 6.771057258000042 ], [ 79.999359508000055, 6.770998244000054 ], [ 79.996532990000048, 6.770018807000042 ], [ 79.993743008000081, 6.768170521000059 ], [ 79.991990380000061, 6.767850711000051 ], [ 79.990956674000074, 6.76696383500007 ], [ 79.99000906200007, 6.765377294000075 ], [ 79.989292388000081, 6.764550736000047 ], [ 79.987969058000033, 6.762205172000051 ], [ 79.987165920000052, 6.76197811000003 ], [ 79.985659610000084, 6.762719223000033 ], [ 79.984000718000061, 6.762795364000056 ], [ 79.982790962000081, 6.76183648600005 ], [ 79.981687332000035, 6.760549936000075 ], [ 79.978403912000033, 6.758362658000067 ], [ 79.97567, 6.757964667000067 ], [ 79.974774573000047, 6.758528415000058 ], [ 79.973662645000047, 6.75975870700006 ], [ 79.972873357000083, 6.759452365000072 ], [ 79.972580810000068, 6.759069086000068 ], [ 79.972221854000054, 6.759044568000036 ], [ 79.970623070000045, 6.759798545000024 ], [ 79.968960955000057, 6.759503669000026 ], [ 79.968580086000031, 6.759704004000071 ], [ 79.968653551000045, 6.760141949000058 ], [ 79.96795871300003, 6.760609720000048 ], [ 79.967337482000062, 6.76070917100003 ], [ 79.966842457000041, 6.760473886000057 ], [ 79.966693675000045, 6.760133137000025 ], [ 79.965565233000063, 6.760188958000072 ], [ 79.963171436000039, 6.758309613000051 ], [ 79.962430349000044, 6.758488509000074 ], [ 79.96016897700008, 6.757864301000041 ], [ 79.95994874400003, 6.757863934000056 ], [ 79.959538313000053, 6.758560776000024 ], [ 79.958142630000054, 6.758824687000072 ], [ 79.956537436000076, 6.758687050000049 ], [ 79.955060910000043, 6.758887443000049 ], [ 79.953813899000068, 6.758777516000066 ], [ 79.953562472000044, 6.760269989000051 ], [ 79.952082286000064, 6.76093258800006 ], [ 79.951497201000052, 6.761673315000053 ], [ 79.951058719000059, 6.761383751000039 ], [ 79.950681305000046, 6.761659440000074 ], [ 79.950634166000043, 6.76193568900004 ], [ 79.950935142000048, 6.762553847000049 ], [ 79.95039388500004, 6.763255092000065 ], [ 79.952383088000033, 6.764192408000042 ], [ 79.952675672000055, 6.764545791000046 ], [ 79.95351957500003, 6.766509744000075 ], [ 79.95377355200003, 6.766693571000076 ], [ 79.953780972000061, 6.767947774000049 ], [ 79.954915787000061, 6.769201404000057 ], [ 79.955638959000055, 6.769537286000059 ], [ 79.956218155000045, 6.770896085000061 ], [ 79.956918980000069, 6.771661335000033 ], [ 79.958170283000072, 6.774092236000058 ], [ 79.959204807000049, 6.774976476000063 ], [ 79.959506513000065, 6.77574640000006 ], [ 79.959769837000067, 6.775858094000057 ], [ 79.95997015100005, 6.77629266200006 ], [ 79.960445775000039, 6.777681091000034 ], [ 79.960830137000073, 6.777976489000025 ], [ 79.964160797000034, 6.783397451000042 ], [ 79.965257641000051, 6.783048267000026 ], [ 79.965714847000072, 6.783091120000051 ], [ 79.966055797000081, 6.782813867000073 ], [ 79.966525515000058, 6.782839349000028 ], [ 79.965808722000077, 6.784902147000025 ], [ 79.965467556000078, 6.786702102000049 ], [ 79.964775920000079, 6.787018234000072 ], [ 79.965035664000084, 6.787766708000049 ], [ 79.964726481000071, 6.788737526000034 ], [ 79.964036730000032, 6.78876615300004 ], [ 79.963464075000047, 6.790459009000074 ], [ 79.962571202000049, 6.791384805000064 ], [ 79.961928470000032, 6.791763596000067 ], [ 79.961349963000032, 6.793378854000025 ], [ 79.960785928000064, 6.793811668000046 ], [ 79.960114709000038, 6.794772461000036 ], [ 79.958326400000033, 6.796142256000053 ], [ 79.957036722000055, 6.797428622000041 ], [ 79.956288477000044, 6.797805364000055 ], [ 79.956160179000051, 6.798126633000038 ], [ 79.954493925000065, 6.799308544000041 ], [ 79.953414870000074, 6.800699413000075 ], [ 79.952814193000052, 6.802028338000071 ], [ 79.951619871000048, 6.80591324300002 ], [ 79.95147597700003, 6.806953318000069 ], [ 79.950503515000037, 6.807864934000065 ], [ 79.950564615000076, 6.80847757600003 ], [ 79.95014505100005, 6.809818550000045 ], [ 79.950171864000083, 6.810055225000042 ], [ 79.950560897000059, 6.810034800000039 ], [ 79.950658617000045, 6.810741915000051 ], [ 79.95174078000008, 6.812896637000051 ], [ 79.951810391000038, 6.813910428000042 ], [ 79.951373032000049, 6.814595453000038 ], [ 79.95144302500006, 6.814748568000027 ], [ 79.951634836000039, 6.81459373000007 ], [ 79.951415901000075, 6.815531561000057 ], [ 79.951624917000061, 6.815669537000076 ], [ 79.951228957000069, 6.81722940800006 ], [ 79.951275618000068, 6.817964525000036 ], [ 79.952111588000037, 6.818028124000023 ], [ 79.952131076000057, 6.818683701000054 ], [ 79.952496880000069, 6.818972776000066 ], [ 79.952833788000078, 6.818967383000029 ], [ 79.953712967000058, 6.819799602000046 ], [ 79.95447168000004, 6.82018908200007 ], [ 79.95546891500004, 6.820301331000053 ], [ 79.955394149000085, 6.820942385000023 ], [ 79.95589633700007, 6.821189254000046 ], [ 79.956173043000035, 6.821819598000047 ], [ 79.95650910300003, 6.821930371000064 ], [ 79.957487872000058, 6.823313849000044 ], [ 79.958938119000038, 6.824710371000037 ], [ 79.959281199000031, 6.823985265000033 ], [ 79.958869777000075, 6.823650118000046 ], [ 79.959948402000066, 6.823460647000047 ], [ 79.961012940000046, 6.823625916000026 ], [ 79.960996066000064, 6.82405215600005 ], [ 79.961308925000083, 6.824334124000075 ], [ 79.961397631000068, 6.824774006000041 ], [ 79.961244329000067, 6.825366407000047 ], [ 79.96100828200008, 6.825402394000037 ], [ 79.96084902900003, 6.826356313000076 ], [ 79.961114962000067, 6.827419002000056 ], [ 79.961609636000048, 6.828343590000031 ], [ 79.962390047000042, 6.828184236000027 ], [ 79.962511737000057, 6.828626769000039 ], [ 79.965850206000084, 6.828727549000064 ], [ 79.966855611000085, 6.827718588000039 ], [ 79.96628333600006, 6.827377446000071 ], [ 79.966420092000078, 6.827158990000044 ], [ 79.966713402000039, 6.827320728000075 ], [ 79.966828642000053, 6.827101151000022 ], [ 79.966259426000079, 6.826711773000056 ], [ 79.966303140000036, 6.826519462000022 ], [ 79.966835458000048, 6.825918368000032 ], [ 79.967816926000069, 6.826154814000063 ], [ 79.967305929000077, 6.827172734000044 ], [ 79.968567895000035, 6.828289426000026 ], [ 79.969247345000042, 6.828479758000071 ], [ 79.969286597000064, 6.829042136000055 ], [ 79.968058675000066, 6.828947231000029 ], [ 79.96664955500006, 6.829399164000051 ], [ 79.965822607000064, 6.829133124000066 ], [ 79.965746021000029, 6.829335471000036 ], [ 79.965510780000045, 6.829231002000029 ], [ 79.964907844000038, 6.830497764000029 ], [ 79.96600980900007, 6.830653429000051 ], [ 79.966196521000029, 6.830354862000036 ], [ 79.967480513000055, 6.830838934000042 ], [ 79.967646396000077, 6.830560590000061 ], [ 79.967406572000073, 6.830146700000057 ], [ 79.967889316000083, 6.829903440000066 ], [ 79.969832982000071, 6.832627477000074 ], [ 79.970516258000032, 6.834139144000062 ], [ 79.970989261000057, 6.834628580000071 ], [ 79.971730713000056, 6.834726996000029 ], [ 79.972271917000057, 6.834526622000055 ], [ 79.972547617000032, 6.834265293000044 ], [ 79.972812953000073, 6.833386424000025 ], [ 79.973059806000037, 6.833383246000039 ], [ 79.974551782000049, 6.834859313000038 ], [ 79.976124844000083, 6.835045803000071 ], [ 79.976741550000042, 6.835450980000076 ], [ 79.979087184000036, 6.836194013000068 ], [ 79.981637092000085, 6.836338454000042 ], [ 79.981854517000045, 6.835849369000073 ], [ 79.98234472300004, 6.835824155000068 ], [ 79.982975693000071, 6.836300784000059 ], [ 79.983368205000033, 6.835877057000062 ], [ 79.985042771000053, 6.837090930000045 ], [ 79.987240452000037, 6.837959328000068 ], [ 79.988508121000052, 6.838218060000031 ], [ 79.98926571700008, 6.83877121300003 ], [ 79.988729590000048, 6.839968116000023 ], [ 79.988070030000074, 6.840082753000047 ], [ 79.987228104000053, 6.841381116000036 ], [ 79.986880278000058, 6.842886264000072 ], [ 79.987555364000059, 6.842816415000073 ], [ 79.988552982000044, 6.842390261000048 ], [ 79.989186974000063, 6.842576668000049 ], [ 79.990006537000056, 6.843196600000056 ], [ 79.990988499000082, 6.844701957000041 ], [ 79.991257918000031, 6.844761715000061 ], [ 79.991284954000037, 6.844991978000053 ], [ 79.99165070500004, 6.845230392000076 ], [ 79.991622153000037, 6.845762400000069 ], [ 79.991806207000081, 6.845851949000064 ], [ 79.991441839000061, 6.845826831000068 ], [ 79.991767361000029, 6.846839119000037 ], [ 79.990464186000054, 6.846897186000035 ], [ 79.990465487000051, 6.847189719000028 ], [ 79.990805340000065, 6.84731862700005 ], [ 79.990976308000029, 6.847748731000024 ], [ 79.990974599000083, 6.848737868000057 ], [ 79.990685886000051, 6.848949856000047 ], [ 79.990623971000048, 6.849317968000037 ], [ 79.990631882000059, 6.850247399000068 ], [ 79.990770437000037, 6.85035681100004 ], [ 79.989571598000055, 6.852263754000035 ], [ 79.989560385000061, 6.853098310000064 ], [ 79.990381834000061, 6.853439829000024 ], [ 79.990654753000058, 6.853840040000023 ], [ 79.990087302000063, 6.85562404500007 ], [ 79.990248301000065, 6.856819294000047 ], [ 79.989786945000048, 6.857493265000073 ], [ 79.989794827000082, 6.85824070700005 ], [ 79.989557633000061, 6.85861013300007 ], [ 79.992028012000048, 6.859365381000032 ], [ 79.99298837200007, 6.860114660000022 ], [ 79.993539936000047, 6.860028718000024 ], [ 79.995303505000038, 6.860357605000047 ], [ 79.995737019000046, 6.860717114000067 ], [ 79.998784861000047, 6.86121713700004 ], [ 79.999874423000051, 6.861627438000028 ], [ 80.000585184000045, 6.86219563800006 ], [ 80.001259233000042, 6.862248360000024 ], [ 80.002512453000065, 6.862837237000065 ], [ 80.004272276000052, 6.862962688000039 ], [ 80.004737424000041, 6.862787109000067 ], [ 80.005125214000032, 6.863117873000022 ], [ 80.005321670000058, 6.864221727000029 ], [ 80.006119030000036, 6.864743199000031 ], [ 80.006030938000038, 6.865339369000026 ], [ 80.006238113000052, 6.865949535000027 ], [ 80.006018386000051, 6.866974120000066 ], [ 80.004952314000036, 6.867009044000042 ], [ 80.005191159000049, 6.869913297000039 ], [ 80.005056978000084, 6.870509001000073 ], [ 80.005458055000076, 6.872687908000046 ], [ 80.005375568000034, 6.87472955100003 ], [ 80.00566987600007, 6.876084683000045 ], [ 80.006062285000041, 6.877028274000054 ], [ 80.00625463800003, 6.876972254000066 ], [ 80.00671780700003, 6.87870218200004 ], [ 80.007330594000052, 6.879723909000063 ], [ 80.007586939000078, 6.881231811000021 ], [ 80.00797910700004, 6.881813384000054 ], [ 80.008520446000034, 6.881959986000027 ], [ 80.008472200000085, 6.88256234000005 ], [ 80.008823416000041, 6.88362389100007 ], [ 80.00899170200006, 6.883677312000032 ], [ 80.010251435000043, 6.886555639000051 ], [ 80.011278636000043, 6.88684257500006 ], [ 80.01149614600007, 6.887510055000064 ], [ 80.011689424000053, 6.887615926000024 ], [ 80.012325874000055, 6.887658453000029 ], [ 80.012871679000057, 6.888661014000036 ], [ 80.013454514000045, 6.889264371000024 ], [ 80.013621967000063, 6.890358039000034 ], [ 80.01389213300007, 6.890533608000055 ], [ 80.014626401000044, 6.892065879000029 ], [ 80.015189529000054, 6.892396660000031 ], [ 80.015994414000033, 6.892378292000046 ], [ 80.016177121000055, 6.892662435000034 ], [ 80.017706489000034, 6.89317397800005 ], [ 80.017915304000041, 6.894575867000071 ], [ 80.018940625000084, 6.894127132000051 ], [ 80.020311685000081, 6.892430278000063 ], [ 80.02026445100006, 6.891061900000068 ], [ 80.020461272000034, 6.889904596000065 ], [ 80.021550627000067, 6.888842293000039 ], [ 80.021852152000065, 6.88784303500006 ], [ 80.023018427000068, 6.886240797000028 ], [ 80.02313564800005, 6.885074723000059 ], [ 80.022759303000043, 6.883721829000024 ], [ 80.02240527400005, 6.883595220000075 ], [ 80.022090882000043, 6.883177233000026 ], [ 80.02239544300005, 6.880880928000067 ], [ 80.025412153000048, 6.88120695300006 ], [ 80.027154730000063, 6.882054795000045 ], [ 80.029855867000038, 6.882376048000026 ], [ 80.031643794000047, 6.882349538000028 ], [ 80.032918388000041, 6.881999496000049 ], [ 80.033296459000042, 6.880947843000058 ], [ 80.034037612000077, 6.881542510000031 ], [ 80.03446023500004, 6.881431401000043 ], [ 80.034813522000036, 6.880289611000023 ], [ 80.035555642000077, 6.879878062000046 ], [ 80.035834914000077, 6.88090795100004 ], [ 80.035707235000075, 6.881773048000071 ], [ 80.037089810000055, 6.881625360000044 ], [ 80.03787513900005, 6.881763707000061 ], [ 80.038253155000064, 6.881372885000076 ], [ 80.039619133000031, 6.881723941000075 ], [ 80.040473740000039, 6.881625259000032 ], [ 80.04055489600006, 6.882475638000074 ], [ 80.040048222000053, 6.884695558000033 ], [ 80.038126014000056, 6.884753747000047 ], [ 80.03776776400008, 6.886490613000035 ], [ 80.037319401000047, 6.886574559000053 ], [ 80.037161639000033, 6.887672338000073 ], [ 80.036872006000067, 6.887927438000077 ], [ 80.035892546000071, 6.888075196000045 ], [ 80.035433027000067, 6.888518508000061 ], [ 80.035697257000038, 6.889493607000077 ], [ 80.036076412000057, 6.889994063000074 ], [ 80.035028848000081, 6.890264707000028 ], [ 80.034591102000036, 6.890728722000063 ], [ 80.034471085000064, 6.891698544000064 ], [ 80.034712874000036, 6.895917033000046 ], [ 80.035240420000036, 6.896420070000033 ], [ 80.035079346000032, 6.897709550000059 ], [ 80.034616034000067, 6.898902207000049 ], [ 80.034216206000053, 6.900825423000072 ], [ 80.035776785000053, 6.900942890000067 ], [ 80.036516495000058, 6.902563011000041 ], [ 80.036381262000077, 6.903452144000028 ], [ 80.034819064000033, 6.903964460000054 ], [ 80.034471728000085, 6.906475990000047 ], [ 80.03412925300006, 6.90667555400006 ], [ 80.034748359000048, 6.907182385000056 ], [ 80.034977513000058, 6.908235041000069 ], [ 80.036174050000056, 6.908041845000071 ], [ 80.03680048700005, 6.908622019000063 ], [ 80.036949962000051, 6.909629559000052 ], [ 80.036502968000036, 6.909737778000022 ], [ 80.036681616000067, 6.912134595000055 ], [ 80.037048552000044, 6.912420865000058 ], [ 80.036927129000048, 6.913015254000072 ], [ 80.037292644000047, 6.912888993000024 ], [ 80.039214193000078, 6.913220318000072 ], [ 80.040193577000082, 6.913173108000024 ], [ 80.042191924000065, 6.912311859000056 ], [ 80.042329841000083, 6.912444190000031 ], [ 80.042162702000041, 6.912569353000038 ], [ 80.042239357000085, 6.913072505000059 ], [ 80.042693558000053, 6.91283678800005 ], [ 80.043035941000085, 6.913209965000021 ], [ 80.043327372000078, 6.913207965000026 ], [ 80.043617632000064, 6.913954771000022 ], [ 80.044227146000082, 6.914023021000048 ], [ 80.045022571000061, 6.914847628000075 ], [ 80.047330177000049, 6.913822313000026 ], [ 80.048158798000031, 6.91365610500003 ], [ 80.051725959000066, 6.913709397000048 ], [ 80.053244456000073, 6.913039682000033 ], [ 80.054635425000072, 6.911732824000069 ], [ 80.054791799000043, 6.909656369000061 ], [ 80.054420381000057, 6.908296864000022 ], [ 80.054747037000084, 6.907598749000044 ], [ 80.055503859000055, 6.907408493000048 ], [ 80.057849857000065, 6.90755080200006 ], [ 80.060110663000046, 6.907032639000022 ], [ 80.061101357000041, 6.907340367000074 ], [ 80.062620737000032, 6.90834686900007 ] ] ] } },
{ "type": "Feature", "properties": { "ADM3_EN": "Seethawaka", "ADM3_PCODE": "LK1115", "ADM2_EN": "Colombo" }, "geometry": { "type": "Polygon", "coordinates": [ [ [ 80.179300166000075, 6.977575352000031 ], [ 80.181518524000069, 6.976559870000074 ], [ 80.183265813000048, 6.97521266800004 ], [ 80.184192616000075, 6.975106166000046 ], [ 80.185894795000081, 6.97535233900004 ], [ 80.186907190000056, 6.975734021000051 ], [ 80.189396544000033, 6.978400040000054 ], [ 80.190006885000059, 6.978608952000059 ], [ 80.191016793000074, 6.978499906000025 ], [ 80.194476679000047, 6.977293792000069 ], [ 80.196976977000077, 6.97694516200005 ], [ 80.20024647300005, 6.976138086000049 ], [ 80.201122721000047, 6.976253998000061 ], [ 80.203030295000076, 6.977219023000032 ], [ 80.207017319000045, 6.978802051000059 ], [ 80.20907621200007, 6.978139396000074 ], [ 80.211209069000063, 6.97669445300005 ], [ 80.213352401000066, 6.976493647000041 ], [ 80.214372507000064, 6.974449216000039 ], [ 80.21468410600005, 6.974186404000022 ], [ 80.21500727800003, 6.97425856600006 ], [ 80.216418627000053, 6.975444564000043 ], [ 80.216993457000058, 6.975319635000062 ], [ 80.218187671000067, 6.972832776000075 ], [ 80.217765417000066, 6.971506792000071 ], [ 80.217846030000032, 6.968138148000037 ], [ 80.217229374000055, 6.96627230200005 ], [ 80.217128756000079, 6.963308311000048 ], [ 80.217443735000074, 6.962091645000044 ], [ 80.218362998000032, 6.960433391000038 ], [ 80.218459136000035, 6.959932352000067 ], [ 80.218283934000056, 6.95926461800002 ], [ 80.217461572000047, 6.957940390000033 ], [ 80.217359148000071, 6.956869622000056 ], [ 80.217740743000036, 6.956125091000047 ], [ 80.220001576000072, 6.954214551000064 ], [ 80.22032166200006, 6.953508692000071 ], [ 80.221124104000069, 6.953329131000032 ], [ 80.221228763000056, 6.952605842000025 ], [ 80.220892481000078, 6.952086976000032 ], [ 80.220935299000075, 6.95151209200003 ], [ 80.221405339000057, 6.951288698000042 ], [ 80.222059426000044, 6.951681431000054 ], [ 80.22231302800003, 6.950833561000024 ], [ 80.223004786000047, 6.949999360000049 ], [ 80.223084634000031, 6.949696194000069 ], [ 80.222875530000067, 6.949144701000023 ], [ 80.223050671000067, 6.948640311000077 ], [ 80.222626747000049, 6.947718675000033 ], [ 80.223126470000068, 6.947294576000047 ], [ 80.223035636000077, 6.946141250000039 ], [ 80.222916460000079, 6.945676951000053 ], [ 80.222458369000037, 6.945310352000035 ], [ 80.222997834000068, 6.943660869000041 ], [ 80.223775947000036, 6.942555331000051 ], [ 80.223930729000074, 6.941641607000065 ], [ 80.223303282000074, 6.941422226000043 ], [ 80.223034593000079, 6.940192456000034 ], [ 80.222515736000048, 6.939772898000058 ], [ 80.22234497900007, 6.939381327000035 ], [ 80.221810776000041, 6.939240086000041 ], [ 80.221510022000075, 6.938812192000057 ], [ 80.221699925000053, 6.936993729000051 ], [ 80.221317040000031, 6.936689806000061 ], [ 80.221240898000076, 6.93625819500005 ], [ 80.220583391000048, 6.935933874000057 ], [ 80.220086656000035, 6.93586963100006 ], [ 80.218276309000032, 6.936429787000066 ], [ 80.217792338000038, 6.93613134800006 ], [ 80.216488224000045, 6.936218250000024 ], [ 80.215389079000033, 6.936992370000041 ], [ 80.214793562000068, 6.936745701000063 ], [ 80.214473436000048, 6.937168254000028 ], [ 80.212147562000041, 6.93732699800006 ], [ 80.210492772000066, 6.937803295000037 ], [ 80.209295091000058, 6.937961564000034 ], [ 80.208251375000032, 6.937712910000073 ], [ 80.208191811000063, 6.937140877000047 ], [ 80.210127620000037, 6.93061078900007 ], [ 80.212666785000067, 6.923298717000023 ], [ 80.212788783000065, 6.922034525000072 ], [ 80.212429258000043, 6.920378419000031 ], [ 80.210495269000035, 6.917084791000036 ], [ 80.211077446000047, 6.91682817700007 ], [ 80.210355131000085, 6.915887046000023 ], [ 80.208272348000037, 6.914323416000059 ], [ 80.206871871000033, 6.91374554600003 ], [ 80.204799521000041, 6.91351826600004 ], [ 80.203860143000043, 6.912921728000072 ], [ 80.20263576900004, 6.910767369000041 ], [ 80.200351450000085, 6.908591239000032 ], [ 80.199653228000045, 6.907127298000034 ], [ 80.199687923000056, 6.90489098200004 ], [ 80.199081793000062, 6.903580383000076 ], [ 80.197130587000061, 6.903673860000026 ], [ 80.195722621000073, 6.904183314000022 ], [ 80.194538978000082, 6.904341611000063 ], [ 80.19374001400007, 6.903797521000058 ], [ 80.191153151000037, 6.900599559000057 ], [ 80.18965096800008, 6.899703172000045 ], [ 80.188820900000053, 6.898456183000064 ], [ 80.190066352000031, 6.893988312000033 ], [ 80.189875506000078, 6.893125484000052 ], [ 80.187960034000071, 6.890215866000062 ], [ 80.186554668000042, 6.888648685000021 ], [ 80.184463248000043, 6.886865014000023 ], [ 80.184016653000072, 6.885906027000033 ], [ 80.183603657000049, 6.883637218000047 ], [ 80.181566643000053, 6.875583842000026 ], [ 80.180701150000061, 6.867302700000039 ], [ 80.179551674000038, 6.865767783000024 ], [ 80.179291539000076, 6.865655033000053 ], [ 80.17849269900006, 6.866127200000051 ], [ 80.177779950000058, 6.865942025000038 ], [ 80.176448587000039, 6.86612511800007 ], [ 80.174619172000064, 6.86598738400005 ], [ 80.173717209000074, 6.866473753000037 ], [ 80.171481383000071, 6.865740849000076 ], [ 80.171430921000081, 6.864781623000056 ], [ 80.171168512000065, 6.864550978000068 ], [ 80.170739586000082, 6.864553593000039 ], [ 80.169510292000041, 6.866425946000049 ], [ 80.16948439500004, 6.866900411000074 ], [ 80.168936718000054, 6.866849847000026 ], [ 80.168290972000079, 6.867169965000073 ], [ 80.166409539000085, 6.868655496000031 ], [ 80.163569217000031, 6.872755107000046 ], [ 80.161133420000056, 6.873363982000058 ], [ 80.159057455000038, 6.872217490000025 ], [ 80.157053879000046, 6.87208358700002 ], [ 80.15519094800004, 6.872621020000054 ], [ 80.153525914000056, 6.872722719000024 ], [ 80.153725677000068, 6.872701448000043 ], [ 80.151512885000045, 6.872183347000032 ], [ 80.149120021000044, 6.870687654000051 ], [ 80.148788654000043, 6.870165261000068 ], [ 80.148537023000074, 6.870088526000075 ], [ 80.148518319000061, 6.869415380000021 ], [ 80.14831563000007, 6.869314368000062 ], [ 80.148124714000062, 6.869719499000041 ], [ 80.147732280000071, 6.869840667000062 ], [ 80.147406150000052, 6.870261328000026 ], [ 80.147232204000034, 6.871464553000067 ], [ 80.14667662100004, 6.871604983000054 ], [ 80.146365808000041, 6.872208694000051 ], [ 80.14623547900004, 6.874827168000024 ], [ 80.144463166000037, 6.875411006000036 ], [ 80.143225695000069, 6.876153454000075 ], [ 80.142709294000042, 6.878458239000054 ], [ 80.142061039000055, 6.878527166000026 ], [ 80.141763893000075, 6.877844896000056 ], [ 80.141476754000053, 6.877739243000065 ], [ 80.140346082000065, 6.878273672000034 ], [ 80.138335232000031, 6.879992432000051 ], [ 80.136479779000069, 6.880071301000044 ], [ 80.135387412000057, 6.881488618000049 ], [ 80.133845, 6.881916807000039 ], [ 80.13318651000003, 6.88290882900003 ], [ 80.128268607000052, 6.885648128000071 ], [ 80.126643568000077, 6.886311886000044 ], [ 80.126558551000073, 6.887212561000069 ], [ 80.126027064000084, 6.88810066700006 ], [ 80.124626300000045, 6.888465839000048 ], [ 80.124489254000082, 6.88733949300007 ], [ 80.122605873000055, 6.886728284000071 ], [ 80.120792622000067, 6.886452598000062 ], [ 80.120040594000045, 6.886097705000054 ], [ 80.119537303000072, 6.886128948000021 ], [ 80.119196043000045, 6.885908908000033 ], [ 80.118782746000079, 6.885086982000075 ], [ 80.118022766000081, 6.88521438500004 ], [ 80.11759476800006, 6.884340604000045 ], [ 80.116181382000036, 6.883136228000069 ], [ 80.114930068000035, 6.882934387000034 ], [ 80.114126741000064, 6.88222584500005 ], [ 80.113331612000081, 6.880612833000043 ], [ 80.113037033000069, 6.879393004000065 ], [ 80.113029051000069, 6.877746393000052 ], [ 80.11339954500005, 6.875926713000069 ], [ 80.114957934000074, 6.873573820000047 ], [ 80.113234497000064, 6.872511415000076 ], [ 80.112493828000083, 6.871740571000032 ], [ 80.112428148000049, 6.870623501000068 ], [ 80.111831840000036, 6.870768207000026 ], [ 80.111709450000035, 6.870211379000068 ], [ 80.110044830000049, 6.870126236000033 ], [ 80.109015906000081, 6.870908636000024 ], [ 80.106961782000042, 6.871522811000034 ], [ 80.106049068000061, 6.872158586000069 ], [ 80.103727261000074, 6.872434939000073 ], [ 80.102664815000082, 6.872756590000051 ], [ 80.10190755800005, 6.873323055000071 ], [ 80.101121059000036, 6.873369400000058 ], [ 80.100300839000056, 6.870403200000055 ], [ 80.100519441000074, 6.869256466000024 ], [ 80.100442555000029, 6.868546064000043 ], [ 80.099609817000044, 6.864378557000066 ], [ 80.098603005000029, 6.861547290000033 ], [ 80.096164699000042, 6.861202971000068 ], [ 80.095363722000059, 6.861393711000062 ], [ 80.095177050000075, 6.860845881000046 ], [ 80.094861105000064, 6.860626136000064 ], [ 80.093797839000047, 6.860769890000029 ], [ 80.092621057000031, 6.860391981000021 ], [ 80.091318211000043, 6.860522851000042 ], [ 80.09082081300005, 6.86119794800004 ], [ 80.090483912000082, 6.861241162000056 ], [ 80.09035573500006, 6.861186839000027 ], [ 80.090646760000084, 6.860382091000076 ], [ 80.08926159400005, 6.860195198000042 ], [ 80.088780279000048, 6.860997843000064 ], [ 80.088491684000076, 6.862613371000066 ], [ 80.088228580000077, 6.862721221000072 ], [ 80.086746677000065, 6.862445510000043 ], [ 80.086729433000073, 6.861273963000031 ], [ 80.086055762000058, 6.861387035000064 ], [ 80.085515224000062, 6.861181226000042 ], [ 80.085271148000061, 6.860036527000034 ], [ 80.083799857000031, 6.860314753000068 ], [ 80.083839, 6.860488986000064 ], [ 80.083336049000081, 6.860956785000042 ], [ 80.080023522000033, 6.862648897000042 ], [ 80.079805304000047, 6.863079558000038 ], [ 80.079711916000065, 6.86438961500005 ], [ 80.080093874000056, 6.865122282000073 ], [ 80.079931548000047, 6.865629260000048 ], [ 80.079516425000065, 6.86630215100007 ], [ 80.07886866900003, 6.866443564000065 ], [ 80.077747195000029, 6.869180263000032 ], [ 80.075730276000058, 6.872222319000059 ], [ 80.074840043000052, 6.873970903000043 ], [ 80.074555477000047, 6.874083891000055 ], [ 80.074059315000056, 6.873526329000072 ], [ 80.073668754000039, 6.873927700000024 ], [ 80.073643264000054, 6.874656900000048 ], [ 80.073266023000031, 6.874790567000048 ], [ 80.07288228200008, 6.875435982000056 ], [ 80.073418735000075, 6.875944223000033 ], [ 80.073144227000057, 6.87703121800007 ], [ 80.072399635000068, 6.877061961000038 ], [ 80.072179731000062, 6.877297602000056 ], [ 80.07221867800007, 6.877673285000071 ], [ 80.072731726000029, 6.877981477000048 ], [ 80.072599274000083, 6.878514813000038 ], [ 80.072822261000056, 6.879090541000039 ], [ 80.072253161000049, 6.879453365000074 ], [ 80.071648855000035, 6.880962153000041 ], [ 80.071917847000066, 6.881997312000067 ], [ 80.071888990000048, 6.882896854000023 ], [ 80.072170811000035, 6.883749946000023 ], [ 80.072644489000083, 6.883928754000067 ], [ 80.072819579000054, 6.884198142000059 ], [ 80.072744144000069, 6.884823204000043 ], [ 80.072370226000032, 6.885186649000048 ], [ 80.07149417800008, 6.885029511000027 ], [ 80.071091779000085, 6.885171273000026 ], [ 80.070463662000066, 6.887350075000029 ], [ 80.070714579000082, 6.88825579500002 ], [ 80.070572143000049, 6.888412054000071 ], [ 80.07005225100005, 6.888353866000045 ], [ 80.069889020000062, 6.888812907000045 ], [ 80.069862276000038, 6.889412910000033 ], [ 80.070507821000035, 6.88997945400007 ], [ 80.070594588000063, 6.890880124000034 ], [ 80.070870146000061, 6.891361553000024 ], [ 80.070417095000039, 6.891430746000026 ], [ 80.069393631000082, 6.892574766000052 ], [ 80.069390420000047, 6.892802529000051 ], [ 80.06979771500005, 6.89323952500007 ], [ 80.069347376000053, 6.893415650000065 ], [ 80.069427090000033, 6.893905755000048 ], [ 80.069001062000041, 6.894477412000072 ], [ 80.069325390000074, 6.895327712000039 ], [ 80.06908508600003, 6.895934098000055 ], [ 80.069507645000044, 6.896411312000055 ], [ 80.069246484000075, 6.896876029000055 ], [ 80.068625601000065, 6.897108618000061 ], [ 80.068268583000076, 6.897636355000031 ], [ 80.068486340000049, 6.898027136000053 ], [ 80.06810508600006, 6.898108489000037 ], [ 80.068097075000082, 6.898343901000032 ], [ 80.068566664000059, 6.898750368000037 ], [ 80.067792999000062, 6.898687014000075 ], [ 80.067859053000063, 6.899345531000051 ], [ 80.067522687000064, 6.899989972000071 ], [ 80.067723569000066, 6.90013741000007 ], [ 80.068492419000052, 6.899898104000044 ], [ 80.068036344000063, 6.90070729200005 ], [ 80.06817338500008, 6.90112259700004 ], [ 80.067682486000081, 6.901199623000025 ], [ 80.067302888000029, 6.90048848400005 ], [ 80.06705630700003, 6.900483333000068 ], [ 80.066866873000038, 6.900686415000052 ], [ 80.066906711000058, 6.901265461000037 ], [ 80.067152895000049, 6.901537377000068 ], [ 80.067742933000034, 6.901604048000024 ], [ 80.06781561400004, 6.901831445000028 ], [ 80.06742519900007, 6.901954078000074 ], [ 80.066750262000085, 6.901825075000033 ], [ 80.066315407000047, 6.902046931000029 ], [ 80.066497677000029, 6.902768943000069 ], [ 80.067233436000038, 6.903238730000055 ], [ 80.067198923000035, 6.903513187000044 ], [ 80.066629870000043, 6.903732412000068 ], [ 80.06590269700007, 6.903312640000024 ], [ 80.065691865000076, 6.903415204000055 ], [ 80.066123094000034, 6.904019955000024 ], [ 80.06562864600005, 6.904868559000022 ], [ 80.066139176000036, 6.90527604600004 ], [ 80.066039274000047, 6.905643148000024 ], [ 80.06565626400004, 6.905612670000039 ], [ 80.065627322000068, 6.905756177000058 ], [ 80.066161231000081, 6.906540521000068 ], [ 80.066204968000079, 6.906911424000043 ], [ 80.064870098000085, 6.908621273000051 ], [ 80.064224773000035, 6.907896575000052 ], [ 80.064555919000043, 6.907388662000074 ], [ 80.064306284000054, 6.907022235000056 ], [ 80.063723074000052, 6.907187942000064 ], [ 80.063288739000029, 6.90785719400003 ], [ 80.062620737000032, 6.90834686900007 ], [ 80.063229229000058, 6.90925756200005 ], [ 80.063503533000073, 6.911535639000022 ], [ 80.063846635000061, 6.912636706000058 ], [ 80.06439438700005, 6.912972477000039 ], [ 80.065888406000056, 6.912917288000074 ], [ 80.067829109000058, 6.911936858000047 ], [ 80.073214076000056, 6.908303434000061 ], [ 80.073853460000066, 6.908196715000031 ], [ 80.075317761000065, 6.908396253000035 ], [ 80.076615060000051, 6.910641142000031 ], [ 80.07745458200003, 6.911195045000056 ], [ 80.079157, 6.911061166000025 ], [ 80.083719346000066, 6.910005545000047 ], [ 80.085184327000036, 6.910158402000036 ], [ 80.086181986000042, 6.910633567000048 ], [ 80.087193296000066, 6.911604001000057 ], [ 80.088468530000057, 6.91383806500005 ], [ 80.089445650000073, 6.913624149000043 ], [ 80.091695832000084, 6.912177522000036 ], [ 80.092443070000058, 6.911991979000049 ], [ 80.093096389000038, 6.912186710000071 ], [ 80.093504898000049, 6.91280456800007 ], [ 80.093618457000048, 6.913752169000077 ], [ 80.093067104000056, 6.917569841000045 ], [ 80.093179538000072, 6.919299796000075 ], [ 80.093464619000031, 6.920843382000044 ], [ 80.095029786000055, 6.925482335000027 ], [ 80.095058423000069, 6.926350859000024 ], [ 80.094502670000054, 6.928223406000029 ], [ 80.094357037000066, 6.929601288000072 ], [ 80.095312700000079, 6.934347028000047 ], [ 80.095110315000056, 6.935229578000076 ], [ 80.09411618300004, 6.937252222000041 ], [ 80.09368209400003, 6.939419220000048 ], [ 80.09423320500008, 6.940783749000047 ], [ 80.095201442000075, 6.941789999000036 ], [ 80.09642242700005, 6.943528721000064 ], [ 80.097139839000079, 6.944139842000027 ], [ 80.097934947000056, 6.945669801000065 ], [ 80.098628606000034, 6.947824061000063 ], [ 80.098516317000076, 6.950996383000074 ], [ 80.098709404000033, 6.95159239700007 ], [ 80.099139603000083, 6.952138507000029 ], [ 80.100883659000033, 6.953131502000076 ], [ 80.102549528000054, 6.953550174000043 ], [ 80.104606474000036, 6.95352480300005 ], [ 80.105713586000036, 6.953810788000055 ], [ 80.106203945000061, 6.954201979000061 ], [ 80.10902191100007, 6.958318072000054 ], [ 80.110434729000076, 6.959920662000059 ], [ 80.11042403700003, 6.960710181000024 ], [ 80.109867798000039, 6.961235753000039 ], [ 80.109579538000048, 6.961895683000023 ], [ 80.109989942000084, 6.962910693000026 ], [ 80.110928114000046, 6.963218257000051 ], [ 80.11320801100004, 6.962915217000045 ], [ 80.114558385000066, 6.962964959000033 ], [ 80.115919262000034, 6.963409224000031 ], [ 80.117708605000075, 6.964358041000025 ], [ 80.120398102000081, 6.964858409000044 ], [ 80.121632675000058, 6.965539599000067 ], [ 80.122005169000033, 6.966286584000045 ], [ 80.122377279000034, 6.968782070000032 ], [ 80.123010785000076, 6.970639191000032 ], [ 80.123351648000039, 6.973481987000071 ], [ 80.124145190000036, 6.974507088000053 ], [ 80.124825005000048, 6.974661148000052 ], [ 80.12798656800004, 6.974491836000027 ], [ 80.131897457000036, 6.975254634000066 ], [ 80.136210922000032, 6.974594051000054 ], [ 80.140853554000046, 6.974692567000034 ], [ 80.14800011400007, 6.973611135000056 ], [ 80.151550548000046, 6.974019754000039 ], [ 80.153555991000076, 6.973082567000063 ], [ 80.159475721000035, 6.972630969000022 ], [ 80.161545429000057, 6.971954185000072 ], [ 80.162770308000063, 6.971150998000041 ], [ 80.165751636000039, 6.97078250800007 ], [ 80.167245510000043, 6.970994980000057 ], [ 80.168407076000051, 6.971823348000044 ], [ 80.168948322000062, 6.972585827000046 ], [ 80.168650731000071, 6.977845710000054 ], [ 80.168748633000064, 6.978892331000054 ], [ 80.169188518000055, 6.97943839900006 ], [ 80.170011933000069, 6.979669143000024 ], [ 80.171268640000051, 6.979630037000049 ], [ 80.174621499000068, 6.978633088000038 ], [ 80.177922335000062, 6.978630109000051 ], [ 80.179300166000075, 6.977575352000031 ] ] ] } },
{ "type": "Feature", "properties": { "ADM3_EN": "Padukka", "ADM3_PCODE": "LK1118", "ADM2_EN": "Colombo" }, "geometry": { "type": "Polygon", "coordinates": [ [ [ 80.179291539000076, 6.865655033000053 ], [ 80.178368951000039, 6.865255150000053 ], [ 80.176900458000034, 6.863080880000041 ], [ 80.175465271000064, 6.859852362000026 ], [ 80.175596167000037, 6.85776005200006 ], [ 80.176719435000052, 6.857719827000039 ], [ 80.17870345700004, 6.856987783000022 ], [ 80.182915618000038, 6.855880267000032 ], [ 80.184139476000041, 6.855799474000037 ], [ 80.187470912000038, 6.854946075000043 ], [ 80.191953150000074, 6.853285677000031 ], [ 80.194824448000077, 6.851537593000046 ], [ 80.195038087000057, 6.849180794000063 ], [ 80.196097982000083, 6.845412195000051 ], [ 80.198340017000078, 6.842603447000045 ], [ 80.199109881000084, 6.840655533000074 ], [ 80.199564226000064, 6.835097113000074 ], [ 80.201549968000052, 6.832607520000067 ], [ 80.202991762000067, 6.830340911000064 ], [ 80.203287017000036, 6.826733128000058 ], [ 80.20303619200007, 6.822483738000074 ], [ 80.202433368000072, 6.818425620000028 ], [ 80.201317223000046, 6.815772610000067 ], [ 80.199080386000048, 6.814332304000061 ], [ 80.195882591000043, 6.814232657000048 ], [ 80.190765633000069, 6.814482116000022 ], [ 80.189306902000055, 6.814765419000025 ], [ 80.188100245000044, 6.817169057000058 ], [ 80.187969558000077, 6.818276388000072 ], [ 80.187747242000057, 6.81858668600006 ], [ 80.187281058000053, 6.81867485600003 ], [ 80.18590836900006, 6.81592243700004 ], [ 80.185087518000046, 6.815655240000069 ], [ 80.182646408000039, 6.815474800000061 ], [ 80.180483837000054, 6.814385168000058 ], [ 80.179751360000068, 6.814450822000026 ], [ 80.179163901000038, 6.814906197000028 ], [ 80.178843050000069, 6.815768397000056 ], [ 80.17743538700006, 6.816006216000062 ], [ 80.17740617700008, 6.818162875000041 ], [ 80.177117812000063, 6.819071696000037 ], [ 80.176590105000059, 6.819956295000054 ], [ 80.175511635000078, 6.821007694000059 ], [ 80.174984485000039, 6.821437704000061 ], [ 80.174170325000034, 6.821675955000046 ], [ 80.173236895000059, 6.821579095000061 ], [ 80.172734779000052, 6.821123885000077 ], [ 80.171372420000068, 6.819471321000037 ], [ 80.170392015000061, 6.818656630000021 ], [ 80.169185334000076, 6.816944441000032 ], [ 80.168060898000078, 6.816464525000072 ], [ 80.166816031000053, 6.816582596000046 ], [ 80.164804521000065, 6.817226065000057 ], [ 80.162863248000065, 6.819113744000049 ], [ 80.160141956000075, 6.822615404000032 ], [ 80.15927924600004, 6.823379930000044 ], [ 80.157454680000058, 6.82434052800005 ], [ 80.155656011000076, 6.824505110000075 ], [ 80.154745726000044, 6.824872398000025 ], [ 80.154374198000085, 6.825553391000028 ], [ 80.150861375000034, 6.826443604000076 ], [ 80.148946361000071, 6.826465061000022 ], [ 80.147079966000035, 6.825912360000075 ], [ 80.145955385000036, 6.825154805000068 ], [ 80.144723499000065, 6.823777641000049 ], [ 80.144293450000077, 6.822757961000036 ], [ 80.143951513000047, 6.820327303000056 ], [ 80.143232639000075, 6.819527730000061 ], [ 80.139229207000085, 6.817171933000054 ], [ 80.137799807000079, 6.817217872000072 ], [ 80.134647627000049, 6.816874725000048 ], [ 80.13329346300003, 6.816251160000036 ], [ 80.128714739000031, 6.811737048000055 ], [ 80.128049475000068, 6.810485547000042 ], [ 80.124043503000053, 6.807681007000042 ], [ 80.121229800000037, 6.806642144000023 ], [ 80.117568572000039, 6.805895518000057 ], [ 80.116372480000052, 6.805367541000066 ], [ 80.115870665000045, 6.804744800000037 ], [ 80.116015385000082, 6.803931531000046 ], [ 80.117060117000051, 6.801337037000053 ], [ 80.117542588000049, 6.798562339000057 ], [ 80.117998402000069, 6.797797341000035 ], [ 80.120298454000078, 6.796149585000023 ], [ 80.121750945000031, 6.792885713000032 ], [ 80.123429824000084, 6.790351860000044 ], [ 80.124452752000082, 6.786106457000074 ], [ 80.126217162000046, 6.782220917000075 ], [ 80.125927940000054, 6.781185787000027 ], [ 80.125429858000075, 6.780305831000021 ], [ 80.125003113000048, 6.777242800000067 ], [ 80.12548410100004, 6.775520806000031 ], [ 80.125987619000057, 6.774851562000038 ], [ 80.126000494000039, 6.774169702000052 ], [ 80.125786070000061, 6.773427726000023 ], [ 80.124874951000038, 6.772092397000051 ], [ 80.12343627100006, 6.770833764000031 ], [ 80.119032795000066, 6.770203675000062 ], [ 80.116588506000085, 6.770135706000076 ], [ 80.116264240000078, 6.770093949000056 ], [ 80.116236670000035, 6.769927916000029 ], [ 80.113038073000041, 6.769978561000073 ], [ 80.110349885000062, 6.770691211000042 ], [ 80.109333496000033, 6.771325005000051 ], [ 80.108846922000055, 6.772599064000076 ], [ 80.108048369000073, 6.773338180000053 ], [ 80.107847023000033, 6.773986879000063 ], [ 80.106958312000074, 6.774536956000077 ], [ 80.106783790000065, 6.77502736200006 ], [ 80.105946472000085, 6.775881301000027 ], [ 80.105827108000085, 6.776517488000025 ], [ 80.105268483000032, 6.777152374000025 ], [ 80.105183864000082, 6.777869748000057 ], [ 80.104613262000044, 6.77833812700004 ], [ 80.104656522000084, 6.778653504000033 ], [ 80.104921810000064, 6.778726221000056 ], [ 80.104975112000034, 6.779159640000046 ], [ 80.10436806000007, 6.780006896000032 ], [ 80.104334919000053, 6.780674158000068 ], [ 80.103739144000031, 6.780642724000074 ], [ 80.103599751000047, 6.78121518100005 ], [ 80.102768397000034, 6.781413157000031 ], [ 80.103173641000069, 6.782076246000031 ], [ 80.10274088400007, 6.782747001000075 ], [ 80.102610741000035, 6.784535552000023 ], [ 80.102148453000041, 6.785514754000076 ], [ 80.10240076000008, 6.785765610000055 ], [ 80.102420381000059, 6.786089700000048 ], [ 80.101662691000058, 6.787753585000075 ], [ 80.101886785000033, 6.788179976000038 ], [ 80.101168496000071, 6.789188882000076 ], [ 80.101413253000032, 6.789707733000057 ], [ 80.100727599000038, 6.790476003000038 ], [ 80.100712911000073, 6.790710642000022 ], [ 80.099963650000063, 6.791136626000025 ], [ 80.099243161000061, 6.791912966000041 ], [ 80.099018756000078, 6.792618340000047 ], [ 80.098566249000044, 6.793097555000031 ], [ 80.098339602000067, 6.794260074000022 ], [ 80.097924692000049, 6.794906989000026 ], [ 80.09779899800003, 6.796118805000049 ], [ 80.098527850000039, 6.798656926000035 ], [ 80.098735309000062, 6.800650104000056 ], [ 80.098245134000081, 6.801993064000044 ], [ 80.098278219000065, 6.80286740400004 ], [ 80.097840198000085, 6.80427674200007 ], [ 80.093184085000075, 6.805864584000062 ], [ 80.092677724000055, 6.806363442000077 ], [ 80.092423076000046, 6.807356047000042 ], [ 80.090872571000034, 6.808742693000056 ], [ 80.090564311000037, 6.809985117000053 ], [ 80.090858006000076, 6.810537626000041 ], [ 80.090621265000038, 6.811690888000044 ], [ 80.08997742300005, 6.812678360000064 ], [ 80.090060768000058, 6.813500880000049 ], [ 80.089749743000084, 6.814056309000023 ], [ 80.090041080000049, 6.81451706200005 ], [ 80.089722277000078, 6.815318584000067 ], [ 80.089031105000061, 6.815351960000044 ], [ 80.087746958000082, 6.814714070000036 ], [ 80.085114652000073, 6.812874609000062 ], [ 80.084484745000054, 6.81321084800004 ], [ 80.082551410000065, 6.815183818000037 ], [ 80.080673675000071, 6.816460312000061 ], [ 80.08044374900004, 6.816795551000041 ], [ 80.079183794000073, 6.816743387000031 ], [ 80.077321706000077, 6.815962486000046 ], [ 80.07674421400003, 6.816062136000028 ], [ 80.076132643000051, 6.815760940000075 ], [ 80.074701104000042, 6.813442900000041 ], [ 80.074402039000063, 6.812092563000022 ], [ 80.072759187000031, 6.808410470000069 ], [ 80.070886337000047, 6.805851380000036 ], [ 80.070395060000067, 6.803961910000055 ], [ 80.069858429000078, 6.802710890000071 ], [ 80.067448289000083, 6.798700717000031 ], [ 80.067214214000046, 6.797449875000041 ], [ 80.067308457000081, 6.795942149000041 ], [ 80.066515044000084, 6.796289597000055 ], [ 80.066012400000034, 6.796288865000065 ], [ 80.06503181800008, 6.795761081000023 ], [ 80.065310654000029, 6.793309156000021 ], [ 80.065215996000063, 6.792567339000072 ], [ 80.064666290000048, 6.792016258000046 ], [ 80.062609792000046, 6.790697369000043 ], [ 80.06174855200004, 6.790409006000061 ], [ 80.060551657000076, 6.790502952000054 ], [ 80.056503451000083, 6.792650259000027 ], [ 80.055760294000038, 6.793438691000063 ], [ 80.052923715000077, 6.795548293000024 ], [ 80.052872452000031, 6.795894753000027 ], [ 80.051315899000031, 6.796282280000071 ], [ 80.050691564000033, 6.79737003300005 ], [ 80.04996611100006, 6.797735179000028 ], [ 80.049273278000044, 6.797893034000026 ], [ 80.047243580000043, 6.797602174000076 ], [ 80.045754840000029, 6.798050067000077 ], [ 80.043293768000069, 6.798101501000076 ], [ 80.043219733000058, 6.80015359600003 ], [ 80.042765350000082, 6.802165593000041 ], [ 80.041529814000057, 6.803629422000029 ], [ 80.041323811000041, 6.804292377000024 ], [ 80.041371616000049, 6.804500483000027 ], [ 80.042816530000039, 6.804909224000028 ], [ 80.044776125000055, 6.806308813000044 ], [ 80.045087516000081, 6.806758375000072 ], [ 80.045296061000045, 6.807701013000042 ], [ 80.045193354000048, 6.808436287000063 ], [ 80.044848666000064, 6.808682265000073 ], [ 80.044908646000067, 6.809339205000072 ], [ 80.044646878000037, 6.809907855000063 ], [ 80.043888106000054, 6.810881129000052 ], [ 80.043112060000055, 6.811312546000067 ], [ 80.042563834000077, 6.812808670000038 ], [ 80.04156207300008, 6.814330085000051 ], [ 80.040211166000063, 6.814145034000035 ], [ 80.039867859000083, 6.813749683000026 ], [ 80.039526100000046, 6.813795848000041 ], [ 80.039615516000083, 6.81465483900007 ], [ 80.04039248600003, 6.81543666400006 ], [ 80.041221662000055, 6.815345903000036 ], [ 80.040983037000046, 6.815995532000045 ], [ 80.042184895000048, 6.816575795000062 ], [ 80.04317010300008, 6.817472424000073 ], [ 80.04373610600004, 6.818355151000048 ], [ 80.044189883000058, 6.819569907000073 ], [ 80.04407649500007, 6.821043488000043 ], [ 80.042877601000043, 6.823236404000056 ], [ 80.042021046000059, 6.825665097000069 ], [ 80.041287777000036, 6.826030565000053 ], [ 80.040795712000033, 6.826860189000058 ], [ 80.040307971000061, 6.826990380000041 ], [ 80.040137059000074, 6.82755942600005 ], [ 80.040918917000056, 6.828968720000034 ], [ 80.041465530000039, 6.829242161000025 ], [ 80.042348127000082, 6.828644814000029 ], [ 80.042998127000033, 6.829863259000035 ], [ 80.042788917000053, 6.830006719000039 ], [ 80.042872788000068, 6.830217219000076 ], [ 80.043093990000045, 6.830086073000075 ], [ 80.04380610700008, 6.830836594000061 ], [ 80.044686350000063, 6.830143661000022 ], [ 80.044728482000039, 6.830396032000067 ], [ 80.044119838000086, 6.831116596000072 ], [ 80.044456368000056, 6.831813064000073 ], [ 80.045495220000078, 6.832048963000034 ], [ 80.046619270000065, 6.832875716000046 ], [ 80.047331935000045, 6.833071862000054 ], [ 80.048636040000076, 6.832921002000035 ], [ 80.049087821000057, 6.833367546000034 ], [ 80.049574504000077, 6.83353403600006 ], [ 80.05002808100005, 6.833056838000061 ], [ 80.050795959000084, 6.833089640000026 ], [ 80.050861404000045, 6.834010585000044 ], [ 80.052829019000058, 6.834970329000043 ], [ 80.053229311000052, 6.833679371000073 ], [ 80.054882881000083, 6.830970790000038 ], [ 80.055722954000032, 6.830559941000047 ], [ 80.058589591000043, 6.830239532000064 ], [ 80.058785257000068, 6.830425077000029 ], [ 80.058724271000074, 6.830798428000037 ], [ 80.05825890400007, 6.831406615000049 ], [ 80.058227803000079, 6.831781610000064 ], [ 80.059207748000063, 6.831992792000051 ], [ 80.058923985000035, 6.832881066000027 ], [ 80.058998388000077, 6.83361469700003 ], [ 80.059644196000079, 6.833821199000056 ], [ 80.060004204000052, 6.834562560000052 ], [ 80.061549614000057, 6.835365244000059 ], [ 80.066018530000065, 6.836700321000023 ], [ 80.069983448000073, 6.843151109000075 ], [ 80.070518413000059, 6.843330234000064 ], [ 80.07088648000007, 6.842838490000076 ], [ 80.071142291000058, 6.842857609000021 ], [ 80.071197554000037, 6.843159532000072 ], [ 80.070733829000062, 6.844304496000063 ], [ 80.071415002000037, 6.844543995000038 ], [ 80.072575435000033, 6.84442206600005 ], [ 80.076622118000046, 6.842325552000034 ], [ 80.077877214000068, 6.843482700000038 ], [ 80.079007538000042, 6.84402530400007 ], [ 80.079253342000072, 6.844249378000029 ], [ 80.079147126000066, 6.844919154000024 ], [ 80.078608361000079, 6.845360271000061 ], [ 80.078531711000039, 6.845640683000056 ], [ 80.078630238000073, 6.845790357000055 ], [ 80.079334704000075, 6.845803342000067 ], [ 80.079406501000051, 6.846783318000064 ], [ 80.078734890000078, 6.846886418000054 ], [ 80.078436251000085, 6.847305873000039 ], [ 80.078241920000039, 6.850072540000042 ], [ 80.078588999000033, 6.850912820000076 ], [ 80.078548609000052, 6.85230593600005 ], [ 80.078814908000084, 6.853593967000052 ], [ 80.079776497000069, 6.855203328000073 ], [ 80.079545046000078, 6.855674319000059 ], [ 80.079550402000052, 6.856930400000067 ], [ 80.078827905000082, 6.857446136000021 ], [ 80.078384610000057, 6.858565190000036 ], [ 80.079152474000068, 6.858953894000024 ], [ 80.079423892000079, 6.859973502000059 ], [ 80.079155802000059, 6.861602418000075 ], [ 80.079707841000072, 6.86225279100006 ], [ 80.079805304000047, 6.863079558000038 ], [ 80.080023522000033, 6.862648897000042 ], [ 80.083336049000081, 6.860956785000042 ], [ 80.083839, 6.860488986000064 ], [ 80.083799857000031, 6.860314753000068 ], [ 80.085271148000061, 6.860036527000034 ], [ 80.085515224000062, 6.861181226000042 ], [ 80.086055762000058, 6.861387035000064 ], [ 80.086729433000073, 6.861273963000031 ], [ 80.086746677000065, 6.862445510000043 ], [ 80.088228580000077, 6.862721221000072 ], [ 80.088491684000076, 6.862613371000066 ], [ 80.088780279000048, 6.860997843000064 ], [ 80.08926159400005, 6.860195198000042 ], [ 80.090646760000084, 6.860382091000076 ], [ 80.09035573500006, 6.861186839000027 ], [ 80.090483912000082, 6.861241162000056 ], [ 80.09082081300005, 6.86119794800004 ], [ 80.091318211000043, 6.860522851000042 ], [ 80.092621057000031, 6.860391981000021 ], [ 80.093797839000047, 6.860769890000029 ], [ 80.094861105000064, 6.860626136000064 ], [ 80.095177050000075, 6.860845881000046 ], [ 80.095363722000059, 6.861393711000062 ], [ 80.096164699000042, 6.861202971000068 ], [ 80.098603005000029, 6.861547290000033 ], [ 80.099609817000044, 6.864378557000066 ], [ 80.100442555000029, 6.868546064000043 ], [ 80.100519441000074, 6.869256466000024 ], [ 80.100300839000056, 6.870403200000055 ], [ 80.101121059000036, 6.873369400000058 ], [ 80.10190755800005, 6.873323055000071 ], [ 80.102664815000082, 6.872756590000051 ], [ 80.103727261000074, 6.872434939000073 ], [ 80.106049068000061, 6.872158586000069 ], [ 80.106961782000042, 6.871522811000034 ], [ 80.109015906000081, 6.870908636000024 ], [ 80.110044830000049, 6.870126236000033 ], [ 80.111709450000035, 6.870211379000068 ], [ 80.111831840000036, 6.870768207000026 ], [ 80.112428148000049, 6.870623501000068 ], [ 80.112493828000083, 6.871740571000032 ], [ 80.113234497000064, 6.872511415000076 ], [ 80.114957934000074, 6.873573820000047 ], [ 80.11339954500005, 6.875926713000069 ], [ 80.113029051000069, 6.877746393000052 ], [ 80.113037033000069, 6.879393004000065 ], [ 80.113331612000081, 6.880612833000043 ], [ 80.113901590000069, 6.881879740000045 ], [ 80.114930068000035, 6.882934387000034 ], [ 80.116181382000036, 6.883136228000069 ], [ 80.116948412000056, 6.883712604000038 ], [ 80.11759476800006, 6.884340604000045 ], [ 80.118022766000081, 6.88521438500004 ], [ 80.118782746000079, 6.885086982000075 ], [ 80.119196043000045, 6.885908908000033 ], [ 80.119537303000072, 6.886128948000021 ], [ 80.120040594000045, 6.886097705000054 ], [ 80.120792622000067, 6.886452598000062 ], [ 80.122605873000055, 6.886728284000071 ], [ 80.124489254000082, 6.88733949300007 ], [ 80.124626300000045, 6.888465839000048 ], [ 80.125844978000032, 6.888203298000064 ], [ 80.126558551000073, 6.887212561000069 ], [ 80.126643568000077, 6.886311886000044 ], [ 80.128268607000052, 6.885648128000071 ], [ 80.13318651000003, 6.88290882900003 ], [ 80.133845, 6.881916807000039 ], [ 80.135387412000057, 6.881488618000049 ], [ 80.136479779000069, 6.880071301000044 ], [ 80.138335232000031, 6.879992432000051 ], [ 80.140346082000065, 6.878273672000034 ], [ 80.141476754000053, 6.877739243000065 ], [ 80.141763893000075, 6.877844896000056 ], [ 80.142061039000055, 6.878527166000026 ], [ 80.142634413000053, 6.878517160000058 ], [ 80.142878324000037, 6.878144791000068 ], [ 80.143225695000069, 6.876153454000075 ], [ 80.144463166000037, 6.875411006000036 ], [ 80.14623547900004, 6.874827168000024 ], [ 80.146365808000041, 6.872208694000051 ], [ 80.14667662100004, 6.871604983000054 ], [ 80.147232204000034, 6.871464553000067 ], [ 80.147406150000052, 6.870261328000026 ], [ 80.147732280000071, 6.869840667000062 ], [ 80.148124714000062, 6.869719499000041 ], [ 80.14831563000007, 6.869314368000062 ], [ 80.148518319000061, 6.869415380000021 ], [ 80.148537023000074, 6.870088526000075 ], [ 80.148788654000043, 6.870165261000068 ], [ 80.149120021000044, 6.870687654000051 ], [ 80.151512885000045, 6.872183347000032 ], [ 80.153725677000068, 6.872701448000043 ], [ 80.153525914000056, 6.872722719000024 ], [ 80.15519094800004, 6.872621020000054 ], [ 80.157053879000046, 6.87208358700002 ], [ 80.159057455000038, 6.872217490000025 ], [ 80.161133420000056, 6.873363982000058 ], [ 80.163569217000031, 6.872755107000046 ], [ 80.166409539000085, 6.868655496000031 ], [ 80.168290972000079, 6.867169965000073 ], [ 80.168936718000054, 6.866849847000026 ], [ 80.16948439500004, 6.866900411000074 ], [ 80.169510292000041, 6.866425946000049 ], [ 80.170739586000082, 6.864553593000039 ], [ 80.171168512000065, 6.864550978000068 ], [ 80.171430921000081, 6.864781623000056 ], [ 80.171481383000071, 6.865740849000076 ], [ 80.173717209000074, 6.866473753000037 ], [ 80.174619172000064, 6.86598738400005 ], [ 80.176448587000039, 6.86612511800007 ], [ 80.177779950000058, 6.865942025000038 ], [ 80.178575316000035, 6.866120248000072 ], [ 80.179291539000076, 6.865655033000053 ] ] ] } },
{ "type": "Feature", "properties": { "ADM3_EN": "Maharagama", "ADM3_PCODE": "LK1121", "ADM2_EN": "Colombo" }, "geometry": { "type": "Polygon", "coordinates": [ [ [ 79.922118760000046, 6.884436073000074 ], [ 79.922175155000048, 6.884159268000076 ], [ 79.923124571000074, 6.883366257000034 ], [ 79.923789467000063, 6.883138836000057 ], [ 79.923652925000056, 6.882533425000076 ], [ 79.924139222000065, 6.882515953000052 ], [ 79.924223776000076, 6.881996624000067 ], [ 79.924507462000065, 6.882076791000031 ], [ 79.92560373200007, 6.88073171800005 ], [ 79.926543786000082, 6.878903327000046 ], [ 79.926852232000044, 6.876885905000051 ], [ 79.928169562000051, 6.876768586000026 ], [ 79.928348028000073, 6.87888134700006 ], [ 79.929360747000032, 6.879197606000048 ], [ 79.930117780000046, 6.878928033000022 ], [ 79.930941640000071, 6.877367227000036 ], [ 79.932306462000042, 6.875833691000025 ], [ 79.932947468000066, 6.875326911000059 ], [ 79.933308208000085, 6.875265342000034 ], [ 79.933619289000035, 6.875511350000068 ], [ 79.934159799000042, 6.875055582000073 ], [ 79.934831794000047, 6.87585801900002 ], [ 79.934429901000044, 6.87671973700003 ], [ 79.934918182000047, 6.877366040000027 ], [ 79.934810973000083, 6.877899642000045 ], [ 79.935093368000082, 6.877859946000058 ], [ 79.935690710000074, 6.878470354000058 ], [ 79.936516851000079, 6.878732132000039 ], [ 79.937213760000077, 6.879423823000025 ], [ 79.937425254000061, 6.879949188000069 ], [ 79.938547163000067, 6.880322954000064 ], [ 79.939638203000072, 6.881135589000053 ], [ 79.940270342000076, 6.881079649000071 ], [ 79.941713020000066, 6.881746866000071 ], [ 79.942585302000055, 6.881715849000045 ], [ 79.944800235000059, 6.882123156000034 ], [ 79.945105683000065, 6.881499440000027 ], [ 79.946889523000038, 6.881888683000057 ], [ 79.946892404000039, 6.881256303000043 ], [ 79.947200664000036, 6.880785823000053 ], [ 79.947015238000063, 6.880200698000067 ], [ 79.946345267000083, 6.879846668000027 ], [ 79.946458473000064, 6.879051549000053 ], [ 79.946800651000046, 6.878966905000027 ], [ 79.94573216100008, 6.875762450000025 ], [ 79.94562247500005, 6.874424632000057 ], [ 79.945808009000075, 6.873870571000054 ], [ 79.946608166000033, 6.873626457000057 ], [ 79.94687003100006, 6.873790530000065 ], [ 79.947254716000032, 6.873252324000021 ], [ 79.947638870000048, 6.873101079000037 ], [ 79.947882259000039, 6.873249164000072 ], [ 79.948544779000031, 6.873015206000048 ], [ 79.949505034000083, 6.872999323000045 ], [ 79.951103402000058, 6.87340888500006 ], [ 79.95225342100008, 6.873125696000045 ], [ 79.953860739000049, 6.87352111000007 ], [ 79.954071670000076, 6.873988571000041 ], [ 79.956250147000048, 6.873954125000068 ], [ 79.957222043000058, 6.874182060000066 ], [ 79.957371938000051, 6.873699065000039 ], [ 79.957723527000041, 6.873547430000031 ], [ 79.957592705000081, 6.87275487900007 ], [ 79.957709784000031, 6.87143128200006 ], [ 79.958646156000043, 6.868129148000037 ], [ 79.959166422000067, 6.866999427000053 ], [ 79.959487102000082, 6.867111693000027 ], [ 79.959574814000064, 6.866622429000074 ], [ 79.960211487000038, 6.866267135000044 ], [ 79.961541257000079, 6.866024621000065 ], [ 79.961955165000063, 6.865768522000053 ], [ 79.963851074000047, 6.866218395000033 ], [ 79.965203450000047, 6.866839248000076 ], [ 79.966056111000057, 6.86660005300007 ], [ 79.966515952000066, 6.866080919000069 ], [ 79.967044352000073, 6.866232513000057 ], [ 79.968126369000061, 6.866167334000068 ], [ 79.968791903000067, 6.866492444000073 ], [ 79.970253842000034, 6.865559292000057 ], [ 79.972389058000033, 6.865456720000054 ], [ 79.97311475600003, 6.865553873000067 ], [ 79.972975419000079, 6.866447041000072 ], [ 79.974503844000083, 6.866315580000048 ], [ 79.975746063000031, 6.865891670000053 ], [ 79.977781724000067, 6.866200225000057 ], [ 79.977952780000066, 6.865948952000053 ], [ 79.978074242000048, 6.863865262000047 ], [ 79.981978223000056, 6.863925463000044 ], [ 79.982540441000083, 6.863162137000074 ], [ 79.983523366000043, 6.863433311000051 ], [ 79.984218178000049, 6.86338459500007 ], [ 79.984444727000039, 6.862589763000074 ], [ 79.98536881800004, 6.861378309000031 ], [ 79.985530213000061, 6.860238189000029 ], [ 79.985252935000062, 6.85931273500006 ], [ 79.985569633000068, 6.858597251000049 ], [ 79.986510702000032, 6.858330175000049 ], [ 79.986679268000046, 6.857762474000026 ], [ 79.988446082000053, 6.858130011000071 ], [ 79.989557633000061, 6.85861013300007 ], [ 79.989794827000082, 6.85824070700005 ], [ 79.989786945000048, 6.857493265000073 ], [ 79.990248301000065, 6.856819294000047 ], [ 79.990087302000063, 6.85562404500007 ], [ 79.990654753000058, 6.853840040000023 ], [ 79.990381834000061, 6.853439829000024 ], [ 79.989560385000061, 6.853098310000064 ], [ 79.989571598000055, 6.852263754000035 ], [ 79.990770437000037, 6.85035681100004 ], [ 79.990631882000059, 6.850247399000068 ], [ 79.990623971000048, 6.849317968000037 ], [ 79.990685886000051, 6.848949856000047 ], [ 79.990974599000083, 6.848737868000057 ], [ 79.990976308000029, 6.847748731000024 ], [ 79.990805340000065, 6.84731862700005 ], [ 79.990465487000051, 6.847189719000028 ], [ 79.990498704000061, 6.846783387000073 ], [ 79.991767361000029, 6.846839119000037 ], [ 79.991441839000061, 6.845826831000068 ], [ 79.991807081000047, 6.84587048800006 ], [ 79.991622153000037, 6.845762400000069 ], [ 79.991712095000082, 6.84536703200007 ], [ 79.991257918000031, 6.844761715000061 ], [ 79.990988499000082, 6.844701957000041 ], [ 79.990006537000056, 6.843196600000056 ], [ 79.988847564000082, 6.842385771000068 ], [ 79.986880278000058, 6.842886264000072 ], [ 79.987228104000053, 6.841381116000036 ], [ 79.988070030000074, 6.840082753000047 ], [ 79.988729590000048, 6.839968116000023 ], [ 79.98926571700008, 6.83877121300003 ], [ 79.988508121000052, 6.838218060000031 ], [ 79.987240452000037, 6.837959328000068 ], [ 79.985042771000053, 6.837090930000045 ], [ 79.983368205000033, 6.835877057000062 ], [ 79.982975693000071, 6.836300784000059 ], [ 79.98234472300004, 6.835824155000068 ], [ 79.981854517000045, 6.835849369000073 ], [ 79.981637092000085, 6.836338454000042 ], [ 79.979087184000036, 6.836194013000068 ], [ 79.976741550000042, 6.835450980000076 ], [ 79.976124844000083, 6.835045803000071 ], [ 79.974551782000049, 6.834859313000038 ], [ 79.973059806000037, 6.833383246000039 ], [ 79.972812953000073, 6.833386424000025 ], [ 79.972547617000032, 6.834265293000044 ], [ 79.972271917000057, 6.834526622000055 ], [ 79.971730713000056, 6.834726996000029 ], [ 79.970989261000057, 6.834628580000071 ], [ 79.970516258000032, 6.834139144000062 ], [ 79.969832982000071, 6.832627477000074 ], [ 79.969165585000042, 6.831896073000053 ], [ 79.968903284000078, 6.831265263000034 ], [ 79.967889316000083, 6.829903440000066 ], [ 79.967700431000083, 6.829890350000028 ], [ 79.967406572000073, 6.830146700000057 ], [ 79.96760662500003, 6.830680134000033 ], [ 79.96725478500008, 6.830835656000033 ], [ 79.967583680000075, 6.831442458000026 ], [ 79.967560979000041, 6.831926567000039 ], [ 79.967014257000073, 6.832193182000026 ], [ 79.966695468000069, 6.832133331000023 ], [ 79.966698100000031, 6.831629302000067 ], [ 79.966459169000075, 6.831559972000036 ], [ 79.966410013000029, 6.831708984000045 ], [ 79.965914701000031, 6.831316941000068 ], [ 79.964702627000065, 6.831186913000067 ], [ 79.964730491000068, 6.832986193000067 ], [ 79.965283357000033, 6.835556418000067 ], [ 79.965126115000032, 6.836632013000042 ], [ 79.96493647300008, 6.836578086000031 ], [ 79.963629833000084, 6.838271826000039 ], [ 79.963818546000084, 6.838835422000045 ], [ 79.96333247900003, 6.838921327000037 ], [ 79.96307644400008, 6.838670547000049 ], [ 79.962621543000068, 6.838709356000038 ], [ 79.962217620000047, 6.839610445000062 ], [ 79.961523646000046, 6.84028862200006 ], [ 79.960439122000082, 6.840537462000043 ], [ 79.96054117400007, 6.840822612000068 ], [ 79.957618215000082, 6.841474766000033 ], [ 79.957580183000061, 6.84214982900005 ], [ 79.957022007000035, 6.842383999000049 ], [ 79.957086635000053, 6.842534114000046 ], [ 79.956231020000075, 6.843629917000044 ], [ 79.955649649000065, 6.843988769000021 ], [ 79.955567933000054, 6.84370158400003 ], [ 79.953783252000051, 6.843491807000021 ], [ 79.953222173000086, 6.844045896000068 ], [ 79.953422057000068, 6.844978326000046 ], [ 79.952880409000045, 6.845146797000041 ], [ 79.952711795000084, 6.845329179000032 ], [ 79.952800515000035, 6.845545175000041 ], [ 79.952045440000063, 6.84582170300007 ], [ 79.952098274000036, 6.846082929000033 ], [ 79.951785366000081, 6.846203450000075 ], [ 79.951761217000069, 6.846544404000042 ], [ 79.951424107000037, 6.846574792000069 ], [ 79.951338201000056, 6.845977537000067 ], [ 79.95116627200008, 6.846000547000074 ], [ 79.950842564000084, 6.84542155400004 ], [ 79.950464945000078, 6.843898538000076 ], [ 79.950039731000061, 6.84355615100003 ], [ 79.948454274000085, 6.843055204000052 ], [ 79.948118735000037, 6.842501679000065 ], [ 79.947452849000058, 6.842500842000049 ], [ 79.946604930000035, 6.843450254000061 ], [ 79.945515552000074, 6.84294963800005 ], [ 79.945371732000069, 6.842221103000043 ], [ 79.94483402700007, 6.841854498000032 ], [ 79.944173547000048, 6.841713604000063 ], [ 79.944146386000057, 6.841400685000053 ], [ 79.943402982000066, 6.841478486000028 ], [ 79.942017502000056, 6.841018634000022 ], [ 79.941604147000078, 6.84106891600004 ], [ 79.941068281000071, 6.841490984000075 ], [ 79.940613745000064, 6.841446973000075 ], [ 79.935127574000035, 6.838425516000029 ], [ 79.934799782000084, 6.838023374000045 ], [ 79.934892111000067, 6.837839525000049 ], [ 79.934391794000078, 6.837593152000068 ], [ 79.933768078000071, 6.835049789000038 ], [ 79.933538791000046, 6.835195980000037 ], [ 79.93270650200003, 6.834462024000061 ], [ 79.931344208000041, 6.833954443000039 ], [ 79.930790174000037, 6.833184605000042 ], [ 79.930191262000051, 6.832815956000047 ], [ 79.930140493000067, 6.832403390000025 ], [ 79.929201061000072, 6.832068265000032 ], [ 79.929643200000044, 6.831046263000076 ], [ 79.928405360000056, 6.829677163000042 ], [ 79.927869179000083, 6.83012651100006 ], [ 79.927245435000032, 6.82918502900003 ], [ 79.926583702000073, 6.828752909000059 ], [ 79.926607097000044, 6.828465496000035 ], [ 79.925335896000036, 6.827771971000061 ], [ 79.924740940000049, 6.827131090000023 ], [ 79.922779253000044, 6.826790971000037 ], [ 79.922142576000056, 6.82824127400005 ], [ 79.922613359000081, 6.828473224000049 ], [ 79.922453250000046, 6.828894105000074 ], [ 79.920873097000083, 6.831315704000076 ], [ 79.920348986000079, 6.831444418000046 ], [ 79.919632771000067, 6.832349110000052 ], [ 79.919802793000031, 6.83282235300004 ], [ 79.918900455000085, 6.833263418000058 ], [ 79.918531083000062, 6.835224349000043 ], [ 79.918396676000043, 6.83524675600006 ], [ 79.91854270400006, 6.835791613000026 ], [ 79.918099466000058, 6.836668924000037 ], [ 79.917455865000079, 6.836266390000048 ], [ 79.917187563000084, 6.835767277000059 ], [ 79.917010669000035, 6.83591137600007 ], [ 79.916559079000081, 6.835651184000028 ], [ 79.916130448000047, 6.836260782000068 ], [ 79.915674729000045, 6.836276109000039 ], [ 79.915276927000036, 6.835917351000035 ], [ 79.914374768000073, 6.835733832000074 ], [ 79.913984801000083, 6.835750497000049 ], [ 79.913846242000034, 6.836130211000068 ], [ 79.913210055000036, 6.836152587000072 ], [ 79.913175724000041, 6.836955078000074 ], [ 79.91295129000008, 6.83704582200005 ], [ 79.913017642000057, 6.837678987000061 ], [ 79.91388825100006, 6.837634845000025 ], [ 79.914089646000036, 6.838440735000063 ], [ 79.91460548200007, 6.838746147000052 ], [ 79.914464140000064, 6.840365788000042 ], [ 79.914699280000036, 6.84077346600003 ], [ 79.914408329000082, 6.843078612000056 ], [ 79.914775045000056, 6.844385484000043 ], [ 79.913146572000073, 6.845412989000067 ], [ 79.912097496000058, 6.84531972000002 ], [ 79.910761133000051, 6.845838891000028 ], [ 79.910080482000069, 6.847962016000054 ], [ 79.91032066300005, 6.848398019000058 ], [ 79.910107210000035, 6.848710466000057 ], [ 79.910700806000079, 6.850146821000067 ], [ 79.910579213000062, 6.851366220000045 ], [ 79.909881640000037, 6.851099360000035 ], [ 79.909248607000052, 6.851293343000066 ], [ 79.908542849000071, 6.85110886800004 ], [ 79.907524251000041, 6.851146262000043 ], [ 79.907170880000081, 6.851199412000028 ], [ 79.906851668000058, 6.851603113000067 ], [ 79.904946252000059, 6.851754476000053 ], [ 79.90455118400007, 6.851642359000039 ], [ 79.904220203000079, 6.851215328000023 ], [ 79.903085766000061, 6.85147250700004 ], [ 79.902156622000064, 6.851226315000076 ], [ 79.901618621000068, 6.852052066000056 ], [ 79.900798834000057, 6.851716926000051 ], [ 79.898551574000066, 6.851963715000068 ], [ 79.898659418000079, 6.853057642000067 ], [ 79.900793203000035, 6.852823126000033 ], [ 79.901524350000045, 6.852578295000058 ], [ 79.90173911100004, 6.853104941000026 ], [ 79.901288326000042, 6.853349219000052 ], [ 79.900504186000035, 6.853114302000051 ], [ 79.899904492000076, 6.85335746100003 ], [ 79.899246079000079, 6.853052146000039 ], [ 79.897627271000033, 6.853299476000075 ], [ 79.897513049000054, 6.854855247000046 ], [ 79.897668506000059, 6.856752822000033 ], [ 79.89626673600003, 6.856462318000069 ], [ 79.896006209000063, 6.857052324000051 ], [ 79.895087559000046, 6.857359913000039 ], [ 79.894936709000035, 6.858101653000062 ], [ 79.893911708000076, 6.85877522800007 ], [ 79.89153680000004, 6.860901109000054 ], [ 79.891187331000083, 6.861487262000026 ], [ 79.890510568000082, 6.861892430000069 ], [ 79.889464887000031, 6.863974557000063 ], [ 79.890318199000035, 6.864462159000027 ], [ 79.890381438000077, 6.865162673000043 ], [ 79.890681846000064, 6.865625102000024 ], [ 79.891988225000034, 6.866571764000071 ], [ 79.892206352000073, 6.867208044000051 ], [ 79.892488676000085, 6.867172038000035 ], [ 79.892684003000056, 6.866396222000049 ], [ 79.893085143000064, 6.86555566800007 ], [ 79.893286981000074, 6.865520091000064 ], [ 79.893325404000052, 6.865247949000036 ], [ 79.893545983000081, 6.865268226000069 ], [ 79.893663101000072, 6.864689594000026 ], [ 79.894172135000076, 6.864648782000074 ], [ 79.894213853000053, 6.864790936000077 ], [ 79.894594161000043, 6.864654972000039 ], [ 79.895049374000052, 6.864933060000055 ], [ 79.895659982000041, 6.864828916000022 ], [ 79.897663611000041, 6.863862379000068 ], [ 79.898262614000032, 6.863343333000046 ], [ 79.898462947000041, 6.86347446700006 ], [ 79.898966527000084, 6.863139285000045 ], [ 79.899387843000056, 6.863238915000068 ], [ 79.900652907000051, 6.862788758000022 ], [ 79.900525068000036, 6.862445972000046 ], [ 79.900992379000058, 6.862224143000049 ], [ 79.901176146000068, 6.86254776100003 ], [ 79.901821357000074, 6.862004285000069 ], [ 79.903225754000061, 6.861765675000072 ], [ 79.903135112000029, 6.861151430000064 ], [ 79.904486028000065, 6.861025133000055 ], [ 79.90504046500007, 6.860538942000062 ], [ 79.90506361100006, 6.86008990800002 ], [ 79.905422757000053, 6.859996649000038 ], [ 79.905616298000041, 6.859267889000023 ], [ 79.906417933000057, 6.859202273000051 ], [ 79.906689017000076, 6.858751903000041 ], [ 79.906650868000042, 6.858305356000074 ], [ 79.907112950000055, 6.858443741000031 ], [ 79.907075076000069, 6.858121959000073 ], [ 79.90743612700004, 6.857818234000035 ], [ 79.907512267000072, 6.857326635000049 ], [ 79.90865344100007, 6.856759342000032 ], [ 79.908897655000033, 6.856731075000027 ], [ 79.908932843000059, 6.857352076000041 ], [ 79.909332464000045, 6.857073370000023 ], [ 79.909370712000054, 6.857246991000068 ], [ 79.91005892700008, 6.857242730000053 ], [ 79.91012930200003, 6.857051139000021 ], [ 79.910877667000079, 6.856770891000053 ], [ 79.911453853000069, 6.857893594000075 ], [ 79.911838079000063, 6.857810069000038 ], [ 79.911914568000043, 6.858040344000074 ], [ 79.911530396000046, 6.858135451000066 ], [ 79.911529969000071, 6.858622554000021 ], [ 79.911814686000071, 6.858924536000075 ], [ 79.911496988000067, 6.859014764000051 ], [ 79.911687918000041, 6.859428398000034 ], [ 79.911546481000073, 6.859525157000064 ], [ 79.911810975000037, 6.860065844000076 ], [ 79.912053107000077, 6.860169240000062 ], [ 79.912593073000039, 6.861811697000064 ], [ 79.913076946000047, 6.861095224000053 ], [ 79.913288142000056, 6.859628638000061 ], [ 79.914298869000049, 6.860075721000044 ], [ 79.914051896000046, 6.860338154000033 ], [ 79.914402094000081, 6.860794805000069 ], [ 79.914238180000041, 6.86124862500003 ], [ 79.914354399000047, 6.861521169000071 ], [ 79.913919035000049, 6.861565707000068 ], [ 79.913432402000069, 6.86297324100002 ], [ 79.913136787000042, 6.863240242000074 ], [ 79.913151674000062, 6.864310652000029 ], [ 79.912827926000034, 6.864519575000031 ], [ 79.912129267000068, 6.866267466000068 ], [ 79.911140966000062, 6.867416174000027 ], [ 79.910920150000038, 6.867988223000054 ], [ 79.910508648000075, 6.86838797200005 ], [ 79.91017720800005, 6.86844861000003 ], [ 79.909901580000053, 6.867916345000026 ], [ 79.909759060000056, 6.867965131000062 ], [ 79.909423797000045, 6.868643744000053 ], [ 79.909601746000078, 6.869071323000071 ], [ 79.908091678000062, 6.870379734000039 ], [ 79.906662195000081, 6.872256761000074 ], [ 79.906119379000074, 6.872570100000075 ], [ 79.905705818000058, 6.87324062600004 ], [ 79.904909291000081, 6.873881382000036 ], [ 79.90461283500008, 6.874615286000051 ], [ 79.904318893000038, 6.874671827000043 ], [ 79.904256008000061, 6.874916867000024 ], [ 79.903708972000061, 6.874776392000058 ], [ 79.90311377300003, 6.874956126000029 ], [ 79.902309925000054, 6.87563631200004 ], [ 79.901357157000064, 6.87576589300005 ], [ 79.901161463000051, 6.876525208000032 ], [ 79.901355644000034, 6.876576716000045 ], [ 79.901316984000061, 6.87699948900007 ], [ 79.901093367000044, 6.877590430000055 ], [ 79.900900849000038, 6.877582365000023 ], [ 79.901019285000075, 6.878174045000037 ], [ 79.900690996000037, 6.878354072000036 ], [ 79.900623049000046, 6.878704765000066 ], [ 79.900751342000035, 6.878728308000063 ], [ 79.900373383000044, 6.879371298000024 ], [ 79.900352475000034, 6.880124565000074 ], [ 79.900522643000045, 6.880169748000071 ], [ 79.900765439000054, 6.880939070000068 ], [ 79.901192305000052, 6.881006730000024 ], [ 79.901349889000073, 6.881440430000055 ], [ 79.902027652000072, 6.88123646400004 ], [ 79.902609482000059, 6.880688934000034 ], [ 79.903690549000032, 6.880926660000057 ], [ 79.904078037000033, 6.881208154000035 ], [ 79.904657476000068, 6.881142222000051 ], [ 79.905408751000039, 6.881573461000073 ], [ 79.906685626000069, 6.881150625000032 ], [ 79.90802044600008, 6.881292908000034 ], [ 79.908277869000074, 6.882480823000037 ], [ 79.909038700000053, 6.883224751000057 ], [ 79.909429254000031, 6.884341310000025 ], [ 79.910196632000066, 6.884668230000045 ], [ 79.912999808000052, 6.884964577000062 ], [ 79.914342065000085, 6.88488837500006 ], [ 79.916748311000049, 6.884254217000034 ], [ 79.91768383200008, 6.884733422000068 ], [ 79.920537173000071, 6.884983331000058 ], [ 79.920704656000055, 6.885191319000057 ], [ 79.922118760000046, 6.884436073000074 ] ] ] } },
{ "type": "Feature", "properties": { "ADM3_EN": "Sri Jayawardanapura Kotte", "ADM3_PCODE": "LK1124", "ADM2_EN": "Colombo" }, "geometry": { "type": "Polygon", "coordinates": [ [ [ 79.901197917000047, 6.91347293900003 ], [ 79.901625279000029, 6.913033132000066 ], [ 79.902186680000057, 6.911585873000035 ], [ 79.902819763000082, 6.911050223000075 ], [ 79.904102613000077, 6.910412946000065 ], [ 79.904089853000073, 6.910099912000021 ], [ 79.905251141000065, 6.908223675000045 ], [ 79.905938225000057, 6.908285009000053 ], [ 79.907436122000036, 6.907178602000045 ], [ 79.908306724000056, 6.907095728000058 ], [ 79.909092346000079, 6.906589121000025 ], [ 79.909221195000043, 6.906408553000063 ], [ 79.906246899000053, 6.904748561000076 ], [ 79.907435724000038, 6.903478910000047 ], [ 79.908709619000035, 6.903235618000053 ], [ 79.910276701000043, 6.89986360100005 ], [ 79.91057270500005, 6.898291445000041 ], [ 79.911445436000065, 6.897027445000049 ], [ 79.912581077000084, 6.896149705000028 ], [ 79.913617902000055, 6.894990691000032 ], [ 79.914618404000066, 6.892973079000058 ], [ 79.915627103000077, 6.891932328000053 ], [ 79.918138433000081, 6.890171234000036 ], [ 79.91932997300006, 6.890140126000063 ], [ 79.921809119000045, 6.885955869000043 ], [ 79.922118760000046, 6.884436073000074 ], [ 79.920704656000055, 6.885191319000057 ], [ 79.920537173000071, 6.884983331000058 ], [ 79.91768383200008, 6.884733422000068 ], [ 79.916748311000049, 6.884254217000034 ], [ 79.914342065000085, 6.88488837500006 ], [ 79.912999808000052, 6.884964577000062 ], [ 79.910196632000066, 6.884668230000045 ], [ 79.909429254000031, 6.884341310000025 ], [ 79.909038700000053, 6.883224751000057 ], [ 79.908277869000074, 6.882480823000037 ], [ 79.90802044600008, 6.881292908000034 ], [ 79.906685626000069, 6.881150625000032 ], [ 79.905408751000039, 6.881573461000073 ], [ 79.904657476000068, 6.881142222000051 ], [ 79.904078037000033, 6.881208154000035 ], [ 79.903690549000032, 6.880926660000057 ], [ 79.902609482000059, 6.880688934000034 ], [ 79.902027652000072, 6.88123646400004 ], [ 79.901349889000073, 6.881440430000055 ], [ 79.901192305000052, 6.881006730000024 ], [ 79.900765439000054, 6.880939070000068 ], [ 79.900522643000045, 6.880169748000071 ], [ 79.900352475000034, 6.880124565000074 ], [ 79.900373383000044, 6.879371298000024 ], [ 79.900751342000035, 6.878728308000063 ], [ 79.900623049000046, 6.878704765000066 ], [ 79.900690996000037, 6.878354072000036 ], [ 79.901019285000075, 6.878174045000037 ], [ 79.900900849000038, 6.877582365000023 ], [ 79.901093367000044, 6.877590430000055 ], [ 79.901316984000061, 6.87699948900007 ], [ 79.901355644000034, 6.876576716000045 ], [ 79.901161463000051, 6.876525208000032 ], [ 79.901357157000064, 6.87576589300005 ], [ 79.902309925000054, 6.87563631200004 ], [ 79.90311377300003, 6.874956126000029 ], [ 79.903708972000061, 6.874776392000058 ], [ 79.904256008000061, 6.874916867000024 ], [ 79.904318893000038, 6.874671827000043 ], [ 79.90461283500008, 6.874615286000051 ], [ 79.904909291000081, 6.873881382000036 ], [ 79.905705818000058, 6.87324062600004 ], [ 79.906119379000074, 6.872570100000075 ], [ 79.906662195000081, 6.872256761000074 ], [ 79.908091678000062, 6.870379734000039 ], [ 79.909601746000078, 6.869071323000071 ], [ 79.909423797000045, 6.868643744000053 ], [ 79.909759060000056, 6.867965131000062 ], [ 79.909901580000053, 6.867916345000026 ], [ 79.91017720800005, 6.86844861000003 ], [ 79.910508648000075, 6.86838797200005 ], [ 79.910920150000038, 6.867988223000054 ], [ 79.911140966000062, 6.867416174000027 ], [ 79.912129267000068, 6.866267466000068 ], [ 79.912827926000034, 6.864519575000031 ], [ 79.913151674000062, 6.864310652000029 ], [ 79.913136787000042, 6.863240242000074 ], [ 79.913432402000069, 6.86297324100002 ], [ 79.913919035000049, 6.861565707000068 ], [ 79.914354399000047, 6.861521169000071 ], [ 79.914238180000041, 6.86124862500003 ], [ 79.914402094000081, 6.860794805000069 ], [ 79.914051896000046, 6.860338154000033 ], [ 79.914298869000049, 6.860075721000044 ], [ 79.913288142000056, 6.859628638000061 ], [ 79.913076946000047, 6.861095224000053 ], [ 79.912593073000039, 6.861811697000064 ], [ 79.912053107000077, 6.860169240000062 ], [ 79.911810975000037, 6.860065844000076 ], [ 79.911546481000073, 6.859525157000064 ], [ 79.911687918000041, 6.859428398000034 ], [ 79.911496988000067, 6.859014764000051 ], [ 79.911814686000071, 6.858924536000075 ], [ 79.911529969000071, 6.858622554000021 ], [ 79.911530396000046, 6.858135451000066 ], [ 79.911914568000043, 6.858040344000074 ], [ 79.911838079000063, 6.857810069000038 ], [ 79.911453853000069, 6.857893594000075 ], [ 79.910841661000063, 6.856758794000029 ], [ 79.91012930200003, 6.857051139000021 ], [ 79.91005892700008, 6.857242730000053 ], [ 79.909370712000054, 6.857246991000068 ], [ 79.909332464000045, 6.857073370000023 ], [ 79.908932843000059, 6.857352076000041 ], [ 79.908897655000033, 6.856731075000027 ], [ 79.90865344100007, 6.856759342000032 ], [ 79.907512267000072, 6.857326635000049 ], [ 79.90743612700004, 6.857818234000035 ], [ 79.907075076000069, 6.858121959000073 ], [ 79.907112950000055, 6.858443741000031 ], [ 79.906650868000042, 6.858305356000074 ], [ 79.906689017000076, 6.858751903000041 ], [ 79.906417933000057, 6.859202273000051 ], [ 79.905616298000041, 6.859267889000023 ], [ 79.905422757000053, 6.859996649000038 ], [ 79.90506361100006, 6.86008990800002 ], [ 79.90504046500007, 6.860538942000062 ], [ 79.904486028000065, 6.861025133000055 ], [ 79.903135112000029, 6.861151430000064 ], [ 79.903225754000061, 6.861765675000072 ], [ 79.901821357000074, 6.862004285000069 ], [ 79.901176146000068, 6.86254776100003 ], [ 79.900992379000058, 6.862224143000049 ], [ 79.900525068000036, 6.862445972000046 ], [ 79.900652907000051, 6.862788758000022 ], [ 79.899387843000056, 6.863238915000068 ], [ 79.898966527000084, 6.863139285000045 ], [ 79.898462947000041, 6.86347446700006 ], [ 79.898262614000032, 6.863343333000046 ], [ 79.897663611000041, 6.863862379000068 ], [ 79.895659982000041, 6.864828916000022 ], [ 79.895049374000052, 6.864933060000055 ], [ 79.894594161000043, 6.864654972000039 ], [ 79.894213853000053, 6.864790936000077 ], [ 79.894172135000076, 6.864648782000074 ], [ 79.893663101000072, 6.864689594000026 ], [ 79.893545983000081, 6.865268226000069 ], [ 79.893325404000052, 6.865247949000036 ], [ 79.893286981000074, 6.865520091000064 ], [ 79.893085143000064, 6.86555566800007 ], [ 79.892684003000056, 6.866396222000049 ], [ 79.892488676000085, 6.867172038000035 ], [ 79.892206352000073, 6.867208044000051 ], [ 79.892766195000036, 6.867687809000074 ], [ 79.893136439000045, 6.868508075000022 ], [ 79.893130266000071, 6.869332891000056 ], [ 79.892395246000035, 6.869468562000066 ], [ 79.892067571000041, 6.870653704000063 ], [ 79.891418230000056, 6.870883247000052 ], [ 79.890878699000041, 6.870125060000021 ], [ 79.888765008000064, 6.870499040000027 ], [ 79.888653372000078, 6.870343195000032 ], [ 79.887799263000034, 6.871334382000043 ], [ 79.887968307000051, 6.872043089000044 ], [ 79.886857641000063, 6.871986122000067 ], [ 79.886292113000081, 6.872147004000055 ], [ 79.885674866000045, 6.871947440000042 ], [ 79.88510649400007, 6.873408256000062 ], [ 79.885602945000073, 6.873839224000051 ], [ 79.885753260000058, 6.873952530000054 ], [ 79.888068475000068, 6.873399250000034 ], [ 79.888041006000037, 6.873900775000038 ], [ 79.887622591000081, 6.873994429000049 ], [ 79.886105887000042, 6.875029748000031 ], [ 79.88548239000005, 6.876317928000049 ], [ 79.884940001000075, 6.877732427000069 ], [ 79.884441562000063, 6.882534773000032 ], [ 79.884464531000049, 6.884586293000041 ], [ 79.882490940000082, 6.887935085000038 ], [ 79.883783262000065, 6.888846418000071 ], [ 79.883959688000061, 6.890194397000073 ], [ 79.884737186000052, 6.892676364000067 ], [ 79.884209007000038, 6.89423464500004 ], [ 79.883568011000079, 6.897387684000023 ], [ 79.882559955000033, 6.900050219000036 ], [ 79.885711575000073, 6.904312815000026 ], [ 79.88650747500003, 6.905006902000025 ], [ 79.887238823000075, 6.905148841000027 ], [ 79.887532207000049, 6.907514264000042 ], [ 79.887937433000047, 6.908454039000048 ], [ 79.889189736000048, 6.91012352100006 ], [ 79.888966903000039, 6.913197989000025 ], [ 79.890040930000055, 6.914399034000041 ], [ 79.889881003000085, 6.91542866900005 ], [ 79.889542400000039, 6.915987861000076 ], [ 79.887119536000057, 6.916300670000055 ], [ 79.886683490000053, 6.916476894000027 ], [ 79.88620568500005, 6.917095349000022 ], [ 79.886680074000083, 6.91845995500006 ], [ 79.886848914000041, 6.920074404000047 ], [ 79.885992824000084, 6.922265319000076 ], [ 79.886206946000073, 6.92412304100003 ], [ 79.889385919000063, 6.923364822000053 ], [ 79.894126550000067, 6.923929185000077 ], [ 79.896345807000046, 6.923833222000042 ], [ 79.89868802500007, 6.923399741000026 ], [ 79.900558695000029, 6.923582624000062 ], [ 79.901292328000068, 6.922522614000059 ], [ 79.901236028000085, 6.921019257000069 ], [ 79.900971168000069, 6.919952638000041 ], [ 79.899328672000081, 6.917142467000076 ], [ 79.899208783000063, 6.914989112000058 ], [ 79.899511730000029, 6.914167985000063 ], [ 79.901197917000047, 6.91347293900003 ] ] ] } },
{ "type": "Feature", "properties": { "ADM3_EN": "Thimbirigasyaya", "ADM3_PCODE": "LK1127", "ADM2_EN": "Colombo" }, "geometry": { "type": "Polygon", "coordinates": [ [ [ 79.886206946000073, 6.92412304100003 ], [ 79.885992824000084, 6.922265319000076 ], [ 79.886848914000041, 6.920074404000047 ], [ 79.886680074000083, 6.91845995500006 ], [ 79.88620568500005, 6.917095349000022 ], [ 79.886683490000053, 6.916476894000027 ], [ 79.887119536000057, 6.916300670000055 ], [ 79.889542400000039, 6.915987861000076 ], [ 79.889881003000085, 6.91542866900005 ], [ 79.890040930000055, 6.914399034000041 ], [ 79.888966903000039, 6.913197989000025 ], [ 79.889189736000048, 6.91012352100006 ], [ 79.887937433000047, 6.908454039000048 ], [ 79.887532207000049, 6.907514264000042 ], [ 79.887238823000075, 6.905148841000027 ], [ 79.88650747500003, 6.905006902000025 ], [ 79.885711575000073, 6.904312815000026 ], [ 79.882559955000033, 6.900050219000036 ], [ 79.883568011000079, 6.897387684000023 ], [ 79.884209007000038, 6.89423464500004 ], [ 79.884737186000052, 6.892676364000067 ], [ 79.883959688000061, 6.890194397000073 ], [ 79.883783262000065, 6.888846418000071 ], [ 79.882490940000082, 6.887935085000038 ], [ 79.884464531000049, 6.884586293000041 ], [ 79.884441562000063, 6.882534773000032 ], [ 79.884940001000075, 6.877732427000069 ], [ 79.88548239000005, 6.876317928000049 ], [ 79.886105887000042, 6.875029748000031 ], [ 79.887622591000081, 6.873994429000049 ], [ 79.888004428000045, 6.874004060000061 ], [ 79.888068475000068, 6.873399250000034 ], [ 79.885753260000058, 6.873952530000054 ], [ 79.885082639000075, 6.873392206000062 ], [ 79.883671036000067, 6.873106920000055 ], [ 79.883405460000063, 6.872445262000042 ], [ 79.882960361000073, 6.872479062000025 ], [ 79.882549874000063, 6.872104721000028 ], [ 79.882706968000036, 6.870759040000053 ], [ 79.881756512000038, 6.870678422000026 ], [ 79.88047810900008, 6.870264140000074 ], [ 79.879799068000068, 6.870858818000045 ], [ 79.878859422000062, 6.870797607000043 ], [ 79.878857667000034, 6.870924284000068 ], [ 79.878160966000053, 6.871015831000022 ], [ 79.877408950000074, 6.871296108000024 ], [ 79.877413747000048, 6.871458713000038 ], [ 79.876223866000032, 6.87215954900006 ], [ 79.875422309000044, 6.872262308000074 ], [ 79.875374216000068, 6.872831886000029 ], [ 79.874897180000062, 6.872851514000047 ], [ 79.874747085000081, 6.873313493000069 ], [ 79.87374228200008, 6.874165143000027 ], [ 79.872891107000044, 6.873661655000035 ], [ 79.871672239000077, 6.873669521000068 ], [ 79.869721249000065, 6.873037078000038 ], [ 79.868537610000033, 6.872439805000056 ], [ 79.867690412000059, 6.871698947000027 ], [ 79.866472632000068, 6.871662545000049 ], [ 79.865854273000082, 6.871117100000049 ], [ 79.865363616000081, 6.869507279000061 ], [ 79.865667578000057, 6.867960575000041 ], [ 79.86436083600006, 6.866187736000029 ], [ 79.864380898000036, 6.865081291000024 ], [ 79.864925790000029, 6.864521843000034 ], [ 79.864545636000059, 6.864050182000028 ], [ 79.862324838000063, 6.862440029000027 ], [ 79.859470429000055, 6.862644850000038 ], [ 79.858130528000061, 6.870722607000062 ], [ 79.856231880000053, 6.878273990000025 ], [ 79.855958857000076, 6.878396401000032 ], [ 79.855836774000068, 6.878833824000026 ], [ 79.856039932000044, 6.879145097000048 ], [ 79.855693707000057, 6.881292017000021 ], [ 79.853780619000077, 6.889942505000022 ], [ 79.846312695000051, 6.917283309000027 ], [ 79.846610515000066, 6.918278517000033 ], [ 79.847262112000067, 6.919049629000028 ], [ 79.849015394000048, 6.920031165000069 ], [ 79.849454254000079, 6.918393292000076 ], [ 79.850247123000031, 6.91738818400006 ], [ 79.850490789000048, 6.916693504000023 ], [ 79.851326319000066, 6.916500092000035 ], [ 79.852828609000085, 6.916495413000064 ], [ 79.855960970000069, 6.915215246000059 ], [ 79.85568956000003, 6.912906642000053 ], [ 79.856525351000073, 6.912994519000051 ], [ 79.857931195000049, 6.913637501000039 ], [ 79.862141459000043, 6.91592249200005 ], [ 79.863843836000058, 6.917128989000048 ], [ 79.864560386000051, 6.917167525000025 ], [ 79.864546179000058, 6.917404221000027 ], [ 79.864916476000076, 6.917760556000076 ], [ 79.866958940000075, 6.918806113000073 ], [ 79.866281194000067, 6.920331393000026 ], [ 79.865504147000081, 6.923290559000066 ], [ 79.865958244000069, 6.923265750000041 ], [ 79.867940494000038, 6.924629653000068 ], [ 79.866502078000053, 6.926132953000035 ], [ 79.869736944000067, 6.927203118000023 ], [ 79.869601627000065, 6.927888432000032 ], [ 79.870074944000066, 6.92808274600003 ], [ 79.87009551500006, 6.928445917000033 ], [ 79.871036720000063, 6.928647451000074 ], [ 79.870580123000082, 6.929883811000025 ], [ 79.871480850000069, 6.930008411000074 ], [ 79.872909026000059, 6.930841013000077 ], [ 79.875534591000076, 6.93111183700006 ], [ 79.878035833000069, 6.930425938000042 ], [ 79.878285075000065, 6.943214599000044 ], [ 79.878761089000079, 6.94349440700006 ], [ 79.879476457000067, 6.942742155000076 ], [ 79.880664877000072, 6.942513474000066 ], [ 79.881383895000056, 6.942108124000072 ], [ 79.881930227000055, 6.941229947000068 ], [ 79.88232296700005, 6.940049864000059 ], [ 79.883760212000084, 6.938698830000021 ], [ 79.882861270000035, 6.937713262000045 ], [ 79.881823152000038, 6.936093438000057 ], [ 79.881587876000083, 6.935529332000044 ], [ 79.88161124800007, 6.934372610000025 ], [ 79.882201888000054, 6.932621493000056 ], [ 79.883005952000076, 6.931766323000033 ], [ 79.884386671000073, 6.929328191000025 ], [ 79.884483812000042, 6.928595819000066 ], [ 79.883633174000067, 6.928149652000059 ], [ 79.88357768700007, 6.927891987000066 ], [ 79.883938436000051, 6.925903442000049 ], [ 79.884564215000069, 6.925448600000038 ], [ 79.885665479000068, 6.925456647000033 ], [ 79.886097434000078, 6.924913183000058 ], [ 79.886206946000073, 6.92412304100003 ] ] ] } },
{ "type": "Feature", "properties": { "ADM3_EN": "Dehiwala", "ADM3_PCODE": "LK1130", "ADM2_EN": "Colombo" }, "geometry": { "type": "Polygon", "coordinates": [ [ [ 79.88510649400007, 6.873408256000062 ], [ 79.885674866000045, 6.871947440000042 ], [ 79.886292113000081, 6.872147004000055 ], [ 79.886857641000063, 6.871986122000067 ], [ 79.887968307000051, 6.872043089000044 ], [ 79.887799263000034, 6.871334382000043 ], [ 79.888653372000078, 6.870343195000032 ], [ 79.888765008000064, 6.870499040000027 ], [ 79.890878699000041, 6.870125060000021 ], [ 79.891418230000056, 6.870883247000052 ], [ 79.892067571000041, 6.870653704000063 ], [ 79.892395246000035, 6.869468562000066 ], [ 79.893130266000071, 6.869332891000056 ], [ 79.893136439000045, 6.868508075000022 ], [ 79.892766195000036, 6.867687809000074 ], [ 79.89222354900005, 6.867300269000054 ], [ 79.892121057000054, 6.866725108000026 ], [ 79.890681846000064, 6.865625102000024 ], [ 79.890381438000077, 6.865162673000043 ], [ 79.890318199000035, 6.864462159000027 ], [ 79.889464887000031, 6.863974557000063 ], [ 79.89035109200006, 6.862197053000045 ], [ 79.88884915400007, 6.861232154000049 ], [ 79.888725184000066, 6.861405730000058 ], [ 79.887880598000038, 6.861116271000071 ], [ 79.887464594000051, 6.861163348000048 ], [ 79.887225031000071, 6.860231658000032 ], [ 79.886534606000055, 6.859808039000029 ], [ 79.884959275000085, 6.859704188000023 ], [ 79.88495617600006, 6.859373659000028 ], [ 79.884503013000085, 6.85896589400005 ], [ 79.884787670000037, 6.858285015000035 ], [ 79.884706129000051, 6.858037717000059 ], [ 79.88406103300008, 6.857642774000055 ], [ 79.883332505000055, 6.857705831000033 ], [ 79.882710989000032, 6.857347524000033 ], [ 79.882680771000082, 6.855695917000048 ], [ 79.883103005000066, 6.855422146000024 ], [ 79.883123050000052, 6.854289240000071 ], [ 79.883949875000042, 6.854433593000067 ], [ 79.884520942000051, 6.854240436000055 ], [ 79.884548009000071, 6.854513864000069 ], [ 79.884700003000034, 6.85450273500004 ], [ 79.884732184000029, 6.854199668000035 ], [ 79.885543278000057, 6.854148930000065 ], [ 79.885539763000054, 6.853826578000053 ], [ 79.885810581000044, 6.853577377000022 ], [ 79.886100584000076, 6.852456780000068 ], [ 79.885930294000048, 6.850541533000069 ], [ 79.886125142000083, 6.84970133500002 ], [ 79.885840855000083, 6.848113872000056 ], [ 79.885634964000076, 6.847969768000041 ], [ 79.885474457000043, 6.847237839000059 ], [ 79.885862682000038, 6.847133499000051 ], [ 79.885845800000084, 6.846995175000075 ], [ 79.885795896000047, 6.846839660000057 ], [ 79.885185746000047, 6.846836479000046 ], [ 79.885121772000048, 6.846425107000073 ], [ 79.885647273000075, 6.846271670000021 ], [ 79.885642078000046, 6.845024952000074 ], [ 79.88544698700008, 6.844490447000055 ], [ 79.884851357000059, 6.844664802000068 ], [ 79.884594124000046, 6.843367859000068 ], [ 79.884532378000074, 6.840760255000021 ], [ 79.884705741000062, 6.839771454000072 ], [ 79.882662853000056, 6.83958401600006 ], [ 79.876839479000068, 6.840792501000067 ], [ 79.876410882000073, 6.842025139000043 ], [ 79.875890223000056, 6.842416683000067 ], [ 79.87558281500003, 6.844247325000026 ], [ 79.872347088000083, 6.845257136000043 ], [ 79.871061930000053, 6.846285794000039 ], [ 79.869895362000079, 6.847750048000023 ], [ 79.868858328000044, 6.847834896000052 ], [ 79.866016922000085, 6.847510606000071 ], [ 79.865982810000048, 6.849421866000057 ], [ 79.862425040000062, 6.848998381000058 ], [ 79.861567842000056, 6.852912183000058 ], [ 79.86137786200004, 6.85323353800004 ], [ 79.860975864000068, 6.853095974000041 ], [ 79.860887199000047, 6.853344779000054 ], [ 79.860485464000078, 6.856968179000035 ], [ 79.859510942000043, 6.86238886700005 ], [ 79.859775906000039, 6.862593344000061 ], [ 79.860545788000081, 6.86262199500004 ], [ 79.862324838000063, 6.862440029000027 ], [ 79.86405813500005, 6.863616230000048 ], [ 79.864925790000029, 6.864521843000034 ], [ 79.864380898000036, 6.865081291000024 ], [ 79.86436083600006, 6.866187736000029 ], [ 79.865667578000057, 6.867960575000041 ], [ 79.865363616000081, 6.869507279000061 ], [ 79.865749926000035, 6.870916538000074 ], [ 79.866266321000069, 6.871581410000033 ], [ 79.867690412000059, 6.871698947000027 ], [ 79.868537610000033, 6.872439805000056 ], [ 79.869721249000065, 6.873037078000038 ], [ 79.871672239000077, 6.873669521000068 ], [ 79.872891107000044, 6.873661655000035 ], [ 79.87374228200008, 6.874165143000027 ], [ 79.874747085000081, 6.873313493000069 ], [ 79.874897180000062, 6.872851514000047 ], [ 79.875374216000068, 6.872831886000029 ], [ 79.875422309000044, 6.872262308000074 ], [ 79.876223866000032, 6.87215954900006 ], [ 79.877413747000048, 6.871458713000038 ], [ 79.877408950000074, 6.871296108000024 ], [ 79.878160966000053, 6.871015831000022 ], [ 79.878857667000034, 6.870924284000068 ], [ 79.878859422000062, 6.870797607000043 ], [ 79.879799068000068, 6.870858818000045 ], [ 79.88047810900008, 6.870264140000074 ], [ 79.881756512000038, 6.870678422000026 ], [ 79.882706968000036, 6.870759040000053 ], [ 79.882586639000067, 6.872166873000026 ], [ 79.882960361000073, 6.872479062000025 ], [ 79.883405460000063, 6.872445262000042 ], [ 79.883671036000067, 6.873106920000055 ], [ 79.88510649400007, 6.873408256000062 ] ] ] } },
{ "type": "Feature", "properties": { "ADM3_EN": "Ratmalana", "ADM3_PCODE": "LK1131", "ADM2_EN": "Colombo" }, "geometry": { "type": "Polygon", "coordinates": [ [ [ 79.884851357000059, 6.844664802000068 ], [ 79.888736976000075, 6.843334704000029 ], [ 79.889148850000083, 6.841808393000065 ], [ 79.890104063000081, 6.839634931000035 ], [ 79.891018174000067, 6.838327872000036 ], [ 79.891591994000066, 6.837085456000068 ], [ 79.893015472000059, 6.835419412000022 ], [ 79.89365310900007, 6.833802203000062 ], [ 79.893616660000077, 6.832204879000074 ], [ 79.893937197000071, 6.830925406000063 ], [ 79.896708085000057, 6.824842018000027 ], [ 79.89763539900008, 6.821083524000073 ], [ 79.898507511000048, 6.818440709000072 ], [ 79.875497675000076, 6.805753421000077 ], [ 79.874524146000056, 6.807615652000038 ], [ 79.872753243000034, 6.807095011000058 ], [ 79.871970292000071, 6.80661430400005 ], [ 79.869386972000029, 6.805695253000067 ], [ 79.868735359000084, 6.807046936000063 ], [ 79.868029901000057, 6.810030686000061 ], [ 79.867237121000073, 6.81182721700003 ], [ 79.86514040600008, 6.819255378000037 ], [ 79.862805091000041, 6.824969564000071 ], [ 79.862737856000081, 6.825504368000054 ], [ 79.862987317000034, 6.826576694000039 ], [ 79.862514202000057, 6.829235266000069 ], [ 79.861026751000054, 6.833662086000061 ], [ 79.86134803300007, 6.834167518000072 ], [ 79.862026043000071, 6.833950800000025 ], [ 79.862218177000045, 6.834246119000056 ], [ 79.862151506000032, 6.834530457000028 ], [ 79.862315564000085, 6.834413673000029 ], [ 79.862554394000085, 6.834653381000066 ], [ 79.86274594300005, 6.835304958000052 ], [ 79.862470506000079, 6.835761786000035 ], [ 79.862724645000071, 6.835848619000046 ], [ 79.86269416600004, 6.836177514000042 ], [ 79.862923457000079, 6.836438995000037 ], [ 79.862830744000064, 6.838096420000056 ], [ 79.862556510000047, 6.839109884000038 ], [ 79.862569830000041, 6.840431323000075 ], [ 79.861696048000056, 6.845761304000064 ], [ 79.861599821000084, 6.847562079000056 ], [ 79.861980346000053, 6.847841933000041 ], [ 79.861863228000061, 6.848904886000071 ], [ 79.865982810000048, 6.849421866000057 ], [ 79.866016922000085, 6.847510606000071 ], [ 79.868858328000044, 6.847834896000052 ], [ 79.869895362000079, 6.847750048000023 ], [ 79.871061930000053, 6.846285794000039 ], [ 79.872347088000083, 6.845257136000043 ], [ 79.87558281500003, 6.844247325000026 ], [ 79.875890223000056, 6.842416683000067 ], [ 79.876410882000073, 6.842025139000043 ], [ 79.876839479000068, 6.840792501000067 ], [ 79.882662853000056, 6.83958401600006 ], [ 79.884705741000062, 6.839771454000072 ], [ 79.884532378000074, 6.840760255000021 ], [ 79.884594124000046, 6.843367859000068 ], [ 79.884851357000059, 6.844664802000068 ] ] ] } },
{ "type": "Feature", "properties": { "ADM3_EN": "Moratuwa", "ADM3_PCODE": "LK1133", "ADM2_EN": "Colombo" }, "geometry": { "type": "Polygon", "coordinates": [ [ [ 79.905422155000053, 6.768162160000031 ], [ 79.902166209000029, 6.770871657000043 ], [ 79.900949074000039, 6.771580374000052 ], [ 79.899443326000039, 6.772946618000049 ], [ 79.899027207000074, 6.773733872000037 ], [ 79.897271856000032, 6.774704495000037 ], [ 79.89614421400006, 6.776233660000059 ], [ 79.894706694000035, 6.777068388000032 ], [ 79.893413599000041, 6.777448831000072 ], [ 79.89020744100003, 6.776940618000026 ], [ 79.888916435000056, 6.776172703000043 ], [ 79.887117680000074, 6.774441540000055 ], [ 79.886457676000077, 6.773272362000057 ], [ 79.886314321000043, 6.772531496000056 ], [ 79.886626977000049, 6.771694719000038 ], [ 79.887826902000029, 6.769955755000069 ], [ 79.890885816000036, 6.767149970000048 ], [ 79.892450687000064, 6.765272703000051 ], [ 79.892939956000077, 6.763930391000031 ], [ 79.893117909000068, 6.762441514000045 ], [ 79.892732387000081, 6.75834793100006 ], [ 79.892995864000056, 6.754537838000033 ], [ 79.893602481000073, 6.752903733000039 ], [ 79.894879601000071, 6.751009063000026 ], [ 79.895371578000038, 6.747873827000035 ], [ 79.896449200000063, 6.744379664000064 ], [ 79.899166342000058, 6.739134122000053 ], [ 79.901660473000049, 6.731616483000039 ], [ 79.902874396000072, 6.726501335000023 ], [ 79.903841822000061, 6.720766595000043 ], [ 79.903960467000047, 6.719099782000058 ], [ 79.903744427000049, 6.717926587000022 ], [ 79.90288474700003, 6.71642969100003 ], [ 79.902013270000054, 6.715645699000049 ], [ 79.901092186000085, 6.715340985000068 ], [ 79.900729742000067, 6.715729151000062 ], [ 79.900706446000072, 6.716712400000063 ], [ 79.899503386000049, 6.716531433000057 ], [ 79.899478763000047, 6.717007178000074 ], [ 79.900391888000058, 6.717405960000065 ], [ 79.90029510100004, 6.719410389000075 ], [ 79.898503954000034, 6.723376106000046 ], [ 79.892979366000077, 6.738718555000048 ], [ 79.891043214000035, 6.74382005700005 ], [ 79.889918283000043, 6.746111761000066 ], [ 79.888574418000076, 6.750030780000031 ], [ 79.886949842000035, 6.753846731000067 ], [ 79.88684760700005, 6.754517100000044 ], [ 79.884011574000056, 6.760778815000037 ], [ 79.88372137600004, 6.761847416000023 ], [ 79.882960503000049, 6.763127462000057 ], [ 79.882959236000033, 6.764867795000043 ], [ 79.882737272000043, 6.764904454000032 ], [ 79.882407192000073, 6.765832567000075 ], [ 79.881982440000058, 6.765978566000058 ], [ 79.882243183000071, 6.766462086000047 ], [ 79.882220714000084, 6.767065177000063 ], [ 79.881608492000055, 6.768074796000064 ], [ 79.881132230000048, 6.768424228000072 ], [ 79.880454688000043, 6.769961728000055 ], [ 79.880315142000029, 6.771402214000034 ], [ 79.879166731000055, 6.773882892000074 ], [ 79.879386483000076, 6.773883299000033 ], [ 79.87936587300004, 6.774070072000029 ], [ 79.878743197000063, 6.776245281000058 ], [ 79.877413319000084, 6.778808795000032 ], [ 79.876348370000073, 6.781715407000036 ], [ 79.875242939000032, 6.786188315000061 ], [ 79.874702040000045, 6.787566416000061 ], [ 79.874844299000074, 6.788115993000076 ], [ 79.874457797000048, 6.789549449000049 ], [ 79.872784790000082, 6.794351773000074 ], [ 79.872115593000046, 6.797033236000061 ], [ 79.871329329000048, 6.798849594000046 ], [ 79.87015634100004, 6.803641085000038 ], [ 79.869386972000029, 6.805695253000067 ], [ 79.871970292000071, 6.80661430400005 ], [ 79.872753243000034, 6.807095011000058 ], [ 79.874524146000056, 6.807615652000038 ], [ 79.875497675000076, 6.805753421000077 ], [ 79.897135278000064, 6.817567517000043 ], [ 79.899129050000056, 6.818833363000067 ], [ 79.899694828000065, 6.816760259000034 ], [ 79.900133230000051, 6.816095340000061 ], [ 79.901263894000067, 6.815065412000024 ], [ 79.901743988000078, 6.813293205000036 ], [ 79.902868248000061, 6.810712543000022 ], [ 79.902979624000068, 6.806920723000076 ], [ 79.902806758000054, 6.803701443000023 ], [ 79.904066729000078, 6.800035053000045 ], [ 79.904802045000054, 6.795562008000047 ], [ 79.904914226000074, 6.792598250000026 ], [ 79.90549014100003, 6.789368760000059 ], [ 79.908926929000074, 6.777236695000056 ], [ 79.908952581000051, 6.774867672000028 ], [ 79.908490182000037, 6.773376003000067 ], [ 79.907161348000045, 6.770117761000051 ], [ 79.905422155000053, 6.768162160000031 ] ] ] } },
{ "type": "Feature", "properties": { "ADM3_EN": "Kesbewa", "ADM3_PCODE": "LK1136", "ADM2_EN": "Colombo" }, "geometry": { "type": "Polygon", "coordinates": [ [ [ 79.96725478500008, 6.830835656000033 ], [ 79.966196521000029, 6.830354862000036 ], [ 79.96600980900007, 6.830653429000051 ], [ 79.964907844000038, 6.830497764000029 ], [ 79.965510780000045, 6.829231002000029 ], [ 79.965746021000029, 6.829335471000036 ], [ 79.965822607000064, 6.829133124000066 ], [ 79.96664955500006, 6.829399164000051 ], [ 79.968058675000066, 6.828947231000029 ], [ 79.969286597000064, 6.829042136000055 ], [ 79.969247345000042, 6.828479758000071 ], [ 79.968567895000035, 6.828289426000026 ], [ 79.967305929000077, 6.827172734000044 ], [ 79.967816926000069, 6.826154814000063 ], [ 79.966835458000048, 6.825918368000032 ], [ 79.966303140000036, 6.826519462000022 ], [ 79.966259426000079, 6.826711773000056 ], [ 79.966828642000053, 6.827101151000022 ], [ 79.966713402000039, 6.827320728000075 ], [ 79.966420092000078, 6.827158990000044 ], [ 79.96628333600006, 6.827377446000071 ], [ 79.966855611000085, 6.827718588000039 ], [ 79.965850206000084, 6.828727549000064 ], [ 79.962511737000057, 6.828626769000039 ], [ 79.962390047000042, 6.828184236000027 ], [ 79.961609636000048, 6.828343590000031 ], [ 79.961114962000067, 6.827419002000056 ], [ 79.96084902900003, 6.826356313000076 ], [ 79.96100828200008, 6.825402394000037 ], [ 79.961244329000067, 6.825366407000047 ], [ 79.961397631000068, 6.824774006000041 ], [ 79.961308925000083, 6.824334124000075 ], [ 79.960996066000064, 6.82405215600005 ], [ 79.961012940000046, 6.823625916000026 ], [ 79.959948402000066, 6.823460647000047 ], [ 79.958869777000075, 6.823650118000046 ], [ 79.959281199000031, 6.823985265000033 ], [ 79.958938119000038, 6.824710371000037 ], [ 79.957487872000058, 6.823313849000044 ], [ 79.95650910300003, 6.821930371000064 ], [ 79.956173043000035, 6.821819598000047 ], [ 79.95589633700007, 6.821189254000046 ], [ 79.955394149000085, 6.820942385000023 ], [ 79.95546891500004, 6.820301331000053 ], [ 79.95447168000004, 6.82018908200007 ], [ 79.953712967000058, 6.819799602000046 ], [ 79.952833788000078, 6.818967383000029 ], [ 79.952496880000069, 6.818972776000066 ], [ 79.952131076000057, 6.818683701000054 ], [ 79.952111588000037, 6.818028124000023 ], [ 79.951275618000068, 6.817964525000036 ], [ 79.951228957000069, 6.81722940800006 ], [ 79.951624917000061, 6.815669537000076 ], [ 79.951415901000075, 6.815531561000057 ], [ 79.951634836000039, 6.81459373000007 ], [ 79.95144302500006, 6.814748568000027 ], [ 79.951373032000049, 6.814595453000038 ], [ 79.951810391000038, 6.813910428000042 ], [ 79.95174078000008, 6.812896637000051 ], [ 79.950658617000045, 6.810741915000051 ], [ 79.950560897000059, 6.810034800000039 ], [ 79.950171864000083, 6.810055225000042 ], [ 79.950144027000078, 6.809835999000029 ], [ 79.950564615000076, 6.80847757600003 ], [ 79.950503515000037, 6.807864934000065 ], [ 79.95147597700003, 6.806953318000069 ], [ 79.951619871000048, 6.80591324300002 ], [ 79.952805107000074, 6.802051651000056 ], [ 79.953414870000074, 6.800699413000075 ], [ 79.954493925000065, 6.799308544000041 ], [ 79.956160179000051, 6.798126633000038 ], [ 79.956288477000044, 6.797805364000055 ], [ 79.957036722000055, 6.797428622000041 ], [ 79.958326400000033, 6.796142256000053 ], [ 79.960114709000038, 6.794772461000036 ], [ 79.960785928000064, 6.793811668000046 ], [ 79.961349963000032, 6.793378854000025 ], [ 79.961928470000032, 6.791763596000067 ], [ 79.962571202000049, 6.791384805000064 ], [ 79.963464075000047, 6.790459009000074 ], [ 79.964036730000032, 6.78876615300004 ], [ 79.964726481000071, 6.788737526000034 ], [ 79.965035664000084, 6.787766708000049 ], [ 79.964775920000079, 6.787018234000072 ], [ 79.965467556000078, 6.786702102000049 ], [ 79.965808722000077, 6.784902147000025 ], [ 79.966525515000058, 6.782839349000028 ], [ 79.966055797000081, 6.782813867000073 ], [ 79.965714847000072, 6.783091120000051 ], [ 79.965257641000051, 6.783048267000026 ], [ 79.964160797000034, 6.783397451000042 ], [ 79.960830137000073, 6.777976489000025 ], [ 79.960445775000039, 6.777681091000034 ], [ 79.95997015100005, 6.77629266200006 ], [ 79.959769837000067, 6.775858094000057 ], [ 79.959506513000065, 6.77574640000006 ], [ 79.959204807000049, 6.774976476000063 ], [ 79.958170283000072, 6.774092236000058 ], [ 79.956918980000069, 6.771661335000033 ], [ 79.956218155000045, 6.770896085000061 ], [ 79.955638959000055, 6.769537286000059 ], [ 79.954915787000061, 6.769201404000057 ], [ 79.953780972000061, 6.767947774000049 ], [ 79.95377355200003, 6.766693571000076 ], [ 79.95351957500003, 6.766509744000075 ], [ 79.952675672000055, 6.764545791000046 ], [ 79.952383088000033, 6.764192408000042 ], [ 79.950085126000033, 6.76319809000006 ], [ 79.94911243100006, 6.762337825000031 ], [ 79.948288921000085, 6.757364160000066 ], [ 79.947291328000063, 6.755757936000066 ], [ 79.947258088000069, 6.752791230000071 ], [ 79.94663674800006, 6.752257850000035 ], [ 79.945958612000084, 6.749944982000045 ], [ 79.945585208000068, 6.749627345000022 ], [ 79.945041153000034, 6.749387171000023 ], [ 79.941698192000047, 6.749151784000048 ], [ 79.940069039000036, 6.748775769000076 ], [ 79.938967601000058, 6.748397066000052 ], [ 79.938217811000072, 6.747417264000035 ], [ 79.937583894000056, 6.747248703000025 ], [ 79.936626439000065, 6.747342753000055 ], [ 79.934914246000062, 6.747940307000022 ], [ 79.933066040000085, 6.748032163000062 ], [ 79.927424569000038, 6.747472919000074 ], [ 79.925689843000043, 6.747809463000067 ], [ 79.923909559000037, 6.748619276000056 ], [ 79.92120495000006, 6.748761874000024 ], [ 79.92023452400008, 6.749178530000052 ], [ 79.91856113800003, 6.750365387000045 ], [ 79.917411938000043, 6.751885720000075 ], [ 79.917507126000032, 6.752572931000032 ], [ 79.917815295000082, 6.752959399000076 ], [ 79.919667149000077, 6.753657308000072 ], [ 79.920168213000068, 6.754121295000061 ], [ 79.92028308700003, 6.754661794000071 ], [ 79.919379114000037, 6.756239576000041 ], [ 79.918646404000071, 6.758344434000037 ], [ 79.914276033000078, 6.762549894000074 ], [ 79.913219749000064, 6.764390254000034 ], [ 79.912572449000038, 6.765011121000043 ], [ 79.911518253000054, 6.765655211000023 ], [ 79.910201318000077, 6.766011755000022 ], [ 79.905422155000053, 6.768162160000031 ], [ 79.907161348000045, 6.770117761000051 ], [ 79.908490182000037, 6.773376003000067 ], [ 79.908952581000051, 6.774867672000028 ], [ 79.909046818000036, 6.775835899000072 ], [ 79.908926929000074, 6.777236695000056 ], [ 79.908233238000037, 6.779950123000049 ], [ 79.90549014100003, 6.789368760000059 ], [ 79.904914226000074, 6.792598250000026 ], [ 79.904802045000054, 6.795562008000047 ], [ 79.904066729000078, 6.800035053000045 ], [ 79.902806758000054, 6.803701443000023 ], [ 79.902979624000068, 6.806920723000076 ], [ 79.902868248000061, 6.810712543000022 ], [ 79.901743988000078, 6.813293205000036 ], [ 79.901263894000067, 6.815065412000024 ], [ 79.900133230000051, 6.816095340000061 ], [ 79.899694828000065, 6.816760259000034 ], [ 79.899129050000056, 6.818833363000067 ], [ 79.898507511000048, 6.818440709000072 ], [ 79.89763539900008, 6.821083524000073 ], [ 79.896708085000057, 6.824842018000027 ], [ 79.893937197000071, 6.830925406000063 ], [ 79.893616660000077, 6.832204879000074 ], [ 79.89365310900007, 6.833802203000062 ], [ 79.893015472000059, 6.835419412000022 ], [ 79.891591994000066, 6.837085456000068 ], [ 79.891018174000067, 6.838327872000036 ], [ 79.890104063000081, 6.839634931000035 ], [ 79.889148850000083, 6.841808393000065 ], [ 79.888736976000075, 6.843334704000029 ], [ 79.885451482000065, 6.844503580000037 ], [ 79.88572758600003, 6.845857832000036 ], [ 79.885632519000069, 6.846302562000062 ], [ 79.885121772000048, 6.846425107000073 ], [ 79.885185746000047, 6.846836479000046 ], [ 79.885795896000047, 6.846839660000057 ], [ 79.885845800000084, 6.846995175000075 ], [ 79.885862682000038, 6.847133499000051 ], [ 79.885474457000043, 6.847237839000059 ], [ 79.885634964000076, 6.847969768000041 ], [ 79.885840855000083, 6.848113872000056 ], [ 79.886125142000083, 6.84970133500002 ], [ 79.885932844000081, 6.85045780300004 ], [ 79.886109205000082, 6.851715776000049 ], [ 79.886003558000084, 6.852973581000072 ], [ 79.885539763000054, 6.853826578000053 ], [ 79.885543278000057, 6.854148930000065 ], [ 79.884732184000029, 6.854199668000035 ], [ 79.884609022000063, 6.854513092000047 ], [ 79.884520942000051, 6.854240436000055 ], [ 79.883949875000042, 6.854433593000067 ], [ 79.88305871700004, 6.854371006000065 ], [ 79.883103005000066, 6.855422146000024 ], [ 79.882680771000082, 6.855695917000048 ], [ 79.882710989000032, 6.857347524000033 ], [ 79.883332505000055, 6.857705831000033 ], [ 79.88406103300008, 6.857642774000055 ], [ 79.884706129000051, 6.858037717000059 ], [ 79.884787670000037, 6.858285015000035 ], [ 79.884503013000085, 6.85896589400005 ], [ 79.88495617600006, 6.859373659000028 ], [ 79.884959275000085, 6.859704188000023 ], [ 79.886534606000055, 6.859808039000029 ], [ 79.887225031000071, 6.860231658000032 ], [ 79.887464594000051, 6.861163348000048 ], [ 79.887880598000038, 6.861116271000071 ], [ 79.888725184000066, 6.861405730000058 ], [ 79.88884915400007, 6.861232154000049 ], [ 79.89035109200006, 6.862197053000045 ], [ 79.89209812200005, 6.860383150000075 ], [ 79.894936709000035, 6.858101653000062 ], [ 79.895001100000059, 6.857465493000063 ], [ 79.895271389000072, 6.857222104000073 ], [ 79.896006209000063, 6.857052324000051 ], [ 79.89626673600003, 6.856462318000069 ], [ 79.897668506000059, 6.856752822000033 ], [ 79.897513049000054, 6.854855247000046 ], [ 79.897627271000033, 6.853299476000075 ], [ 79.899246079000079, 6.853052146000039 ], [ 79.899904492000076, 6.85335746100003 ], [ 79.900504186000035, 6.853114302000051 ], [ 79.901288326000042, 6.853349219000052 ], [ 79.90173911100004, 6.853104941000026 ], [ 79.901524350000045, 6.852578295000058 ], [ 79.900793203000035, 6.852823126000033 ], [ 79.898659418000079, 6.853057642000067 ], [ 79.898551574000066, 6.851963715000068 ], [ 79.900798834000057, 6.851716926000051 ], [ 79.901618621000068, 6.852052066000056 ], [ 79.902156622000064, 6.851226315000076 ], [ 79.903085766000061, 6.85147250700004 ], [ 79.904220203000079, 6.851215328000023 ], [ 79.90455118400007, 6.851642359000039 ], [ 79.904946252000059, 6.851754476000053 ], [ 79.906851668000058, 6.851603113000067 ], [ 79.907170880000081, 6.851199412000028 ], [ 79.907524251000041, 6.851146262000043 ], [ 79.908542849000071, 6.85110886800004 ], [ 79.909248607000052, 6.851293343000066 ], [ 79.909881640000037, 6.851099360000035 ], [ 79.910579213000062, 6.851366220000045 ], [ 79.910700806000079, 6.850146821000067 ], [ 79.910107210000035, 6.848710466000057 ], [ 79.91032066300005, 6.848398019000058 ], [ 79.910080482000069, 6.847962016000054 ], [ 79.910761133000051, 6.845838891000028 ], [ 79.912097496000058, 6.84531972000002 ], [ 79.913146572000073, 6.845412989000067 ], [ 79.914775045000056, 6.844385484000043 ], [ 79.914408329000082, 6.843078612000056 ], [ 79.914699280000036, 6.84077346600003 ], [ 79.914464140000064, 6.840365788000042 ], [ 79.91460548200007, 6.838746147000052 ], [ 79.914089646000036, 6.838440735000063 ], [ 79.91388825100006, 6.837634845000025 ], [ 79.913017642000057, 6.837678987000061 ], [ 79.91295129000008, 6.83704582200005 ], [ 79.913175724000041, 6.836955078000074 ], [ 79.913210055000036, 6.836152587000072 ], [ 79.913846242000034, 6.836130211000068 ], [ 79.913984801000083, 6.835750497000049 ], [ 79.914374768000073, 6.835733832000074 ], [ 79.915276927000036, 6.835917351000035 ], [ 79.915674729000045, 6.836276109000039 ], [ 79.916130448000047, 6.836260782000068 ], [ 79.916559079000081, 6.835651184000028 ], [ 79.917010669000035, 6.83591137600007 ], [ 79.917187563000084, 6.835767277000059 ], [ 79.917455865000079, 6.836266390000048 ], [ 79.918099466000058, 6.836668924000037 ], [ 79.91854270400006, 6.835791613000026 ], [ 79.918396676000043, 6.83524675600006 ], [ 79.918531083000062, 6.835224349000043 ], [ 79.918900455000085, 6.833263418000058 ], [ 79.919802793000031, 6.83282235300004 ], [ 79.919632771000067, 6.832349110000052 ], [ 79.920348986000079, 6.831444418000046 ], [ 79.920873097000083, 6.831315704000076 ], [ 79.922453250000046, 6.828894105000074 ], [ 79.922613359000081, 6.828473224000049 ], [ 79.922142576000056, 6.82824127400005 ], [ 79.922779253000044, 6.826790971000037 ], [ 79.924740940000049, 6.827131090000023 ], [ 79.925335896000036, 6.827771971000061 ], [ 79.926607097000044, 6.828465496000035 ], [ 79.926583702000073, 6.828752909000059 ], [ 79.927245435000032, 6.82918502900003 ], [ 79.927869179000083, 6.83012651100006 ], [ 79.928405360000056, 6.829677163000042 ], [ 79.929643200000044, 6.831046263000076 ], [ 79.929201061000072, 6.832068265000032 ], [ 79.930140493000067, 6.832403390000025 ], [ 79.930191262000051, 6.832815956000047 ], [ 79.930790174000037, 6.833184605000042 ], [ 79.931344208000041, 6.833954443000039 ], [ 79.93270650200003, 6.834462024000061 ], [ 79.933538791000046, 6.835195980000037 ], [ 79.933768078000071, 6.835049789000038 ], [ 79.934391794000078, 6.837593152000068 ], [ 79.934892111000067, 6.837839525000049 ], [ 79.934799782000084, 6.838023374000045 ], [ 79.935127574000035, 6.838425516000029 ], [ 79.940613745000064, 6.841446973000075 ], [ 79.941068281000071, 6.841490984000075 ], [ 79.941604147000078, 6.84106891600004 ], [ 79.942017502000056, 6.841018634000022 ], [ 79.943402982000066, 6.841478486000028 ], [ 79.944146386000057, 6.841400685000053 ], [ 79.944173547000048, 6.841713604000063 ], [ 79.94483402700007, 6.841854498000032 ], [ 79.945371732000069, 6.842221103000043 ], [ 79.945515552000074, 6.84294963800005 ], [ 79.946604930000035, 6.843450254000061 ], [ 79.947452849000058, 6.842500842000049 ], [ 79.948118735000037, 6.842501679000065 ], [ 79.948454274000085, 6.843055204000052 ], [ 79.950039731000061, 6.84355615100003 ], [ 79.950464945000078, 6.843898538000076 ], [ 79.950842564000084, 6.84542155400004 ], [ 79.95116627200008, 6.846000547000074 ], [ 79.951338201000056, 6.845977537000067 ], [ 79.951424107000037, 6.846574792000069 ], [ 79.951761217000069, 6.846544404000042 ], [ 79.951785366000081, 6.846203450000075 ], [ 79.952098274000036, 6.846082929000033 ], [ 79.952045440000063, 6.84582170300007 ], [ 79.952800515000035, 6.845545175000041 ], [ 79.952711795000084, 6.845329179000032 ], [ 79.952880409000045, 6.845146797000041 ], [ 79.953422057000068, 6.844978326000046 ], [ 79.953222173000086, 6.844045896000068 ], [ 79.953783252000051, 6.843491807000021 ], [ 79.955567933000054, 6.84370158400003 ], [ 79.955649649000065, 6.843988769000021 ], [ 79.956231020000075, 6.843629917000044 ], [ 79.957086635000053, 6.842534114000046 ], [ 79.957022007000035, 6.842383999000049 ], [ 79.957580183000061, 6.84214982900005 ], [ 79.957618215000082, 6.841474766000033 ], [ 79.96054117400007, 6.840822612000068 ], [ 79.960439122000082, 6.840537462000043 ], [ 79.961523646000046, 6.84028862200006 ], [ 79.962217620000047, 6.839610445000062 ], [ 79.962621543000068, 6.838709356000038 ], [ 79.96307644400008, 6.838670547000049 ], [ 79.96333247900003, 6.838921327000037 ], [ 79.963818546000084, 6.838835422000045 ], [ 79.963629833000084, 6.838271826000039 ], [ 79.96493647300008, 6.836578086000031 ], [ 79.965126115000032, 6.836632013000042 ], [ 79.965283357000033, 6.835556418000067 ], [ 79.964730491000068, 6.832986193000067 ], [ 79.964702627000065, 6.831186913000067 ], [ 79.965914701000031, 6.831316941000068 ], [ 79.966410013000029, 6.831708984000045 ], [ 79.966459169000075, 6.831559972000036 ], [ 79.966698100000031, 6.831629302000067 ], [ 79.966695468000069, 6.832133331000023 ], [ 79.967014257000073, 6.832193182000026 ], [ 79.967560979000041, 6.831926567000039 ], [ 79.967583680000075, 6.831442458000026 ], [ 79.96725478500008, 6.830835656000033 ] ] ] } },
{ "type": "Feature", "properties": { "ADM3_EN": "Negombo", "ADM3_PCODE": "LK1203", "ADM2_EN": "Gampaha" }, "geometry": { "type": "Polygon", "coordinates": [ [ [ 79.860953507000033, 7.270036407000021 ], [ 79.861120810000045, 7.269189529000073 ], [ 79.861414025000045, 7.269022122000024 ], [ 79.861375785000064, 7.268450708000046 ], [ 79.861835234000068, 7.267596419000029 ], [ 79.861431932000073, 7.266599213000063 ], [ 79.861759194000058, 7.265096829000072 ], [ 79.862306871000044, 7.264867522000031 ], [ 79.862307978000047, 7.264319206000039 ], [ 79.862715841000067, 7.263586216000022 ], [ 79.862898317000031, 7.262512409000067 ], [ 79.861389712000062, 7.261978171000067 ], [ 79.860859814000037, 7.26158941500006 ], [ 79.860181287000046, 7.261617192000074 ], [ 79.859542655000041, 7.261392968000052 ], [ 79.858836075000056, 7.260479883000073 ], [ 79.85856093600006, 7.25978243000003 ], [ 79.856397547000086, 7.259885159000021 ], [ 79.855910329000039, 7.257804874000044 ], [ 79.855492560000073, 7.254665488000057 ], [ 79.854927417000056, 7.253652855000041 ], [ 79.855362881000076, 7.253367121000053 ], [ 79.856142099000067, 7.250433795000049 ], [ 79.856880644000057, 7.249106724000058 ], [ 79.857216455000071, 7.24786195400003 ], [ 79.857943154000054, 7.247409789000073 ], [ 79.858623427000055, 7.244382009000049 ], [ 79.860009471000069, 7.243638056000066 ], [ 79.859243744000082, 7.242612524000037 ], [ 79.859297068000046, 7.24183688100004 ], [ 79.86008976200003, 7.24145829400004 ], [ 79.860360975000049, 7.240760761000047 ], [ 79.860997401000077, 7.240299951000054 ], [ 79.860837522000054, 7.239410329000066 ], [ 79.860520289000078, 7.239003711000066 ], [ 79.85842312300008, 7.238330240000039 ], [ 79.857255760000044, 7.237465850000035 ], [ 79.858751808000079, 7.234466581000049 ], [ 79.86325451700003, 7.236670582000045 ], [ 79.864119208000034, 7.237279 ], [ 79.864903965000053, 7.236106398000061 ], [ 79.86600995100008, 7.235782106000045 ], [ 79.865831827000079, 7.235162733000038 ], [ 79.867018173000076, 7.233127169000056 ], [ 79.863401860000067, 7.231272929000056 ], [ 79.864942959000075, 7.227449809000063 ], [ 79.865312743000061, 7.225507476000075 ], [ 79.865194159000055, 7.225348475000033 ], [ 79.863679987000069, 7.224946984000042 ], [ 79.86264972400005, 7.224264733000041 ], [ 79.862010378000036, 7.224872632000029 ], [ 79.861186499000041, 7.22474552500006 ], [ 79.860469907000038, 7.225001128000031 ], [ 79.859900650000043, 7.224540739000076 ], [ 79.859637872000064, 7.22461609800007 ], [ 79.859849136000037, 7.224076066000066 ], [ 79.859146366000061, 7.223761662000072 ], [ 79.859168120000049, 7.224126732000059 ], [ 79.858710683000083, 7.224849728000038 ], [ 79.856988485000045, 7.224664248000067 ], [ 79.857099384000037, 7.223956301000044 ], [ 79.855673507000063, 7.223224147000053 ], [ 79.855397217000075, 7.223849793000056 ], [ 79.851935935000085, 7.222713549000048 ], [ 79.852900883000075, 7.221301157000028 ], [ 79.853204406000032, 7.219903975000022 ], [ 79.854987763000054, 7.215539138000054 ], [ 79.856216846000052, 7.213137446000076 ], [ 79.85676107900008, 7.21284939800006 ], [ 79.857213796000053, 7.211168849000046 ], [ 79.858105011000077, 7.209733603000075 ], [ 79.858329536000042, 7.207942116000027 ], [ 79.859295891000045, 7.205451366000034 ], [ 79.860273196000037, 7.203272852000055 ], [ 79.860404815000038, 7.203299187000027 ], [ 79.861298200000078, 7.200610883000024 ], [ 79.861155425000049, 7.200545785000031 ], [ 79.861780514000031, 7.198375748000046 ], [ 79.863413864000051, 7.197987309000041 ], [ 79.863586071000043, 7.196430172000021 ], [ 79.864255436000064, 7.194763944000044 ], [ 79.864192262000074, 7.194420593000075 ], [ 79.864380990000029, 7.19414564300007 ], [ 79.864684518000047, 7.194189881000057 ], [ 79.864812636000067, 7.194010258000048 ], [ 79.864796454000043, 7.192909440000051 ], [ 79.865215954000064, 7.191683969000053 ], [ 79.864933153000038, 7.191010965000032 ], [ 79.865212222000082, 7.190595619000021 ], [ 79.865723486000036, 7.190539999000066 ], [ 79.866292193000049, 7.188984676000075 ], [ 79.866362873000071, 7.188086103000046 ], [ 79.868396654000037, 7.183699090000061 ], [ 79.868082603000062, 7.183590600000059 ], [ 79.867925034000052, 7.183905276000075 ], [ 79.866785932000084, 7.183961815000032 ], [ 79.864983427000084, 7.183399769000061 ], [ 79.863652639000065, 7.183231319000072 ], [ 79.862813797000058, 7.182824484000037 ], [ 79.862155122000047, 7.182824231000041 ], [ 79.861540909000041, 7.18252147000004 ], [ 79.860914678000086, 7.182738523000069 ], [ 79.860483915000032, 7.182586875000027 ], [ 79.860158288000036, 7.182203491000053 ], [ 79.859516854000049, 7.182100543000047 ], [ 79.858390397000051, 7.181529460000036 ], [ 79.857729728000038, 7.181460323000067 ], [ 79.857650223000064, 7.181107165000071 ], [ 79.857254904000058, 7.181292851000023 ], [ 79.857277860000067, 7.181610947000024 ], [ 79.857825727000034, 7.182116696000037 ], [ 79.858240337000041, 7.182860067000036 ], [ 79.857879618000084, 7.184172147000027 ], [ 79.857311727000081, 7.18512964100006 ], [ 79.857173473000046, 7.185747998000068 ], [ 79.856722877000038, 7.186132861000033 ], [ 79.855715730000043, 7.188152136000042 ], [ 79.854228196000065, 7.189446231000034 ], [ 79.854467600000078, 7.190257938000059 ], [ 79.854027263000035, 7.19079713800005 ], [ 79.853912290000039, 7.191415825000036 ], [ 79.854070036000053, 7.191637840000055 ], [ 79.852841910000052, 7.194730395000022 ], [ 79.852211066000052, 7.195484692000036 ], [ 79.85072961000003, 7.196238382000047 ], [ 79.849150891000079, 7.197902777000024 ], [ 79.848786563000033, 7.199013826000055 ], [ 79.848220497000057, 7.199288322000029 ], [ 79.847540608000031, 7.19921068900004 ], [ 79.846662243000083, 7.198292198000047 ], [ 79.84649203400005, 7.197965608000061 ], [ 79.846697501000051, 7.197277782000072 ], [ 79.846514758000069, 7.196737270000028 ], [ 79.844822580000084, 7.195758665000028 ], [ 79.84282397100003, 7.195110605000025 ], [ 79.841263714000036, 7.194981062000068 ], [ 79.839539352000031, 7.19450938600005 ], [ 79.836198158000059, 7.194756280000036 ], [ 79.836855899000057, 7.194412792000037 ], [ 79.837325941000074, 7.194584875000032 ], [ 79.837634114000082, 7.194245434000038 ], [ 79.837663515000031, 7.191585688000032 ], [ 79.837865283000042, 7.191231929000026 ], [ 79.837712382000063, 7.190739872000051 ], [ 79.838279305000071, 7.19012168200004 ], [ 79.837650520000068, 7.189821523000035 ], [ 79.836950040000033, 7.188786820000075 ], [ 79.832814653000071, 7.184851575000039 ], [ 79.832256432000065, 7.184673166000039 ], [ 79.831116670000085, 7.184692978000044 ], [ 79.82755355900008, 7.18644848200006 ], [ 79.826610506000065, 7.189858862000051 ], [ 79.825785219000068, 7.189367053000069 ], [ 79.824357288000044, 7.189470322000034 ], [ 79.82411705800007, 7.188838519000058 ], [ 79.824178271000051, 7.188572091000026 ], [ 79.824629758000071, 7.188402770000039 ], [ 79.82460586600007, 7.187832899000057 ], [ 79.824539964000053, 7.187351010000043 ], [ 79.824164789000065, 7.187176900000054 ], [ 79.824506937000081, 7.186863766000045 ], [ 79.824503391000064, 7.186566731000028 ], [ 79.824087075000079, 7.186629161000042 ], [ 79.824255495000045, 7.186094682000032 ], [ 79.824136473000067, 7.185862421000024 ], [ 79.823812598000075, 7.185792126000024 ], [ 79.824005834000047, 7.185513585000024 ], [ 79.823614818000067, 7.185296129000051 ], [ 79.823000562000061, 7.183202288000075 ], [ 79.823573866000061, 7.181484706000049 ], [ 79.824134839000067, 7.181079346000047 ], [ 79.823916151000049, 7.180929069000058 ], [ 79.825157279000052, 7.180489765000061 ], [ 79.825779239000042, 7.179879732000074 ], [ 79.825657016000036, 7.177963410000075 ], [ 79.825419478000072, 7.177431074000026 ], [ 79.825002903000041, 7.177273605000039 ], [ 79.82536987900005, 7.177119659000027 ], [ 79.825466017000053, 7.176795457000026 ], [ 79.825138853000055, 7.175979901000062 ], [ 79.825568972000042, 7.173667874000046 ], [ 79.825804467000069, 7.173308313000064 ], [ 79.825523764000081, 7.172680134000075 ], [ 79.826308385000061, 7.171595825000054 ], [ 79.827908128000047, 7.168200457000069 ], [ 79.827629083000033, 7.167251929000031 ], [ 79.828421111000068, 7.165818159000025 ], [ 79.828028636000056, 7.16556842600005 ], [ 79.828054180000038, 7.165298216000053 ], [ 79.828400165000062, 7.165265203000047 ], [ 79.828795414000069, 7.164785260000031 ], [ 79.828846648000081, 7.16448146700003 ], [ 79.828636670000037, 7.164237445000026 ], [ 79.828883316000031, 7.163910456000053 ], [ 79.828748334000068, 7.163735578000058 ], [ 79.828938715000049, 7.163167323000039 ], [ 79.829370115000074, 7.163198683000076 ], [ 79.829584177000072, 7.162999027000069 ], [ 79.829508772000054, 7.162645333000057 ], [ 79.829859222000039, 7.162508798000033 ], [ 79.82950788100004, 7.162111677000041 ], [ 79.82963952700004, 7.161796656000035 ], [ 79.830357995000043, 7.161344772000064 ], [ 79.830694588000085, 7.160551584000075 ], [ 79.83121165700004, 7.159952806000035 ], [ 79.832147633000034, 7.159514566000041 ], [ 79.83265872000004, 7.158492724000041 ], [ 79.832628397000065, 7.157064072000026 ], [ 79.83210322900004, 7.15641327700007 ], [ 79.832611868000072, 7.153565751000031 ], [ 79.832161797000083, 7.15262374100007 ], [ 79.832184571000084, 7.151857223000036 ], [ 79.833736460000068, 7.149567182000055 ], [ 79.837714663000042, 7.146719544000064 ], [ 79.838173408000046, 7.146436373000029 ], [ 79.838573720000056, 7.14657440700006 ], [ 79.838888389000033, 7.146250039000051 ], [ 79.838259425000047, 7.145164605000048 ], [ 79.83796647500003, 7.144966452000062 ], [ 79.837930234000055, 7.144521445000066 ], [ 79.837404351000032, 7.143974102000072 ], [ 79.838455561000046, 7.14149450900004 ], [ 79.838095622000083, 7.140214491000052 ], [ 79.838093925000067, 7.139389603000041 ], [ 79.838955144000067, 7.137516765000044 ], [ 79.839176067000039, 7.136070711000059 ], [ 79.839099204000036, 7.135120682000036 ], [ 79.838640049000048, 7.134931682000058 ], [ 79.838983979000034, 7.134830780000073 ], [ 79.839331591000075, 7.134358556000052 ], [ 79.838284771000076, 7.134213148000072 ], [ 79.839375055000062, 7.134196899000074 ], [ 79.83917384800003, 7.133404129000041 ], [ 79.838531831000068, 7.132435608000037 ], [ 79.83843859600006, 7.131357874000059 ], [ 79.838596888000041, 7.130653280000047 ], [ 79.839260272000047, 7.13013114000006 ], [ 79.839483571000073, 7.129635782000037 ], [ 79.839855795000062, 7.129471124000077 ], [ 79.839957538000078, 7.128896232000045 ], [ 79.840565142000059, 7.128349603000061 ], [ 79.841085797000062, 7.126621029000034 ], [ 79.841467072000057, 7.126221502000021 ], [ 79.841792267000073, 7.126300196000045 ], [ 79.841927404000046, 7.126034748000052 ], [ 79.841941858000041, 7.125192029000061 ], [ 79.842456520000042, 7.124379580000038 ], [ 79.84305425000008, 7.12372429900006 ], [ 79.843565788000035, 7.12348051500004 ], [ 79.843848783000055, 7.122977358000071 ], [ 79.843546145000062, 7.122764081000071 ], [ 79.843086552000045, 7.123172845000056 ], [ 79.843516441000077, 7.122725955000021 ], [ 79.84407413100007, 7.122841926000035 ], [ 79.84414928800004, 7.122585786000059 ], [ 79.84539415200004, 7.121472802000028 ], [ 79.845497942000065, 7.121154355000044 ], [ 79.845972562000043, 7.121252630000072 ], [ 79.847411368000053, 7.120012883000072 ], [ 79.846563966000076, 7.119446680000067 ], [ 79.845797057000084, 7.118599198000027 ], [ 79.846001454000032, 7.118060871000068 ], [ 79.845930229000032, 7.117690633000052 ], [ 79.845130018000077, 7.116581862000032 ], [ 79.843578032000039, 7.116570399000068 ], [ 79.845106532000045, 7.116498338000042 ], [ 79.845070590000034, 7.115386116000025 ], [ 79.844674981000082, 7.114943340000025 ], [ 79.84544881000005, 7.114777880000076 ], [ 79.84506398700006, 7.113656625000033 ], [ 79.845144234000031, 7.113194649000036 ], [ 79.843363114000056, 7.112859957000069 ], [ 79.843338517000063, 7.112301869000021 ], [ 79.842292395000072, 7.112013190000027 ], [ 79.839848925000069, 7.118635141000027 ], [ 79.838975938000033, 7.120503579000058 ], [ 79.836204980000048, 7.128302179000059 ], [ 79.834984347000045, 7.132363291000047 ], [ 79.832645119000063, 7.13828559500007 ], [ 79.831217462000041, 7.144187956000053 ], [ 79.828416932000039, 7.153110287000061 ], [ 79.826704883000048, 7.160328894000031 ], [ 79.824912177000044, 7.16633362500005 ], [ 79.824861313000042, 7.167068715000028 ], [ 79.823400725000056, 7.172324367000044 ], [ 79.82216634100007, 7.176143720000027 ], [ 79.820502844000032, 7.183118259000025 ], [ 79.819339267000032, 7.190114228000027 ], [ 79.817806682000082, 7.197678818000043 ], [ 79.816886921000048, 7.203618280000057 ], [ 79.817210605000071, 7.203850349000049 ], [ 79.817753247000041, 7.205035876000068 ], [ 79.818831058000058, 7.205811613000037 ], [ 79.819302719000063, 7.206546783000022 ], [ 79.819228398000064, 7.20687149500003 ], [ 79.819633821000082, 7.207281540000054 ], [ 79.822030089000066, 7.208055578000028 ], [ 79.825808639000059, 7.208318716000065 ], [ 79.825968561000082, 7.208248428000047 ], [ 79.826031105000084, 7.207127997000043 ], [ 79.826939477000053, 7.205300439000041 ], [ 79.826997921000043, 7.204799639000043 ], [ 79.827407381000057, 7.204298031000064 ], [ 79.828790431000073, 7.203385858000047 ], [ 79.829468433000045, 7.203271254000072 ], [ 79.829181917000085, 7.202493406000031 ], [ 79.829780566000068, 7.202592673000026 ], [ 79.830618003000041, 7.201518329000066 ], [ 79.830518255000072, 7.200544852000064 ], [ 79.83019287500008, 7.200190279000026 ], [ 79.83029435900005, 7.199670218000051 ], [ 79.829998716000034, 7.198584887000038 ], [ 79.831515798000055, 7.198800192000022 ], [ 79.831466140000032, 7.199461912000061 ], [ 79.833230465000042, 7.199211417000072 ], [ 79.833677025000043, 7.199311536000039 ], [ 79.833688443000085, 7.199567001000048 ], [ 79.833218041000066, 7.199488085000041 ], [ 79.832492486000035, 7.200274560000025 ], [ 79.832456706000073, 7.201462531000061 ], [ 79.83272134300006, 7.202129319000051 ], [ 79.83247986300006, 7.202369489000034 ], [ 79.832275168000081, 7.201903315000038 ], [ 79.83023425600004, 7.204248912000025 ], [ 79.830111377000037, 7.205567870000039 ], [ 79.830380940000055, 7.206381927000052 ], [ 79.830980930000067, 7.206342391000021 ], [ 79.831955088000029, 7.206665390000069 ], [ 79.832328674000053, 7.206541934000029 ], [ 79.832186352000065, 7.206783689000076 ], [ 79.83231122400008, 7.206890702000067 ], [ 79.834925609000038, 7.207812634000049 ], [ 79.834867324000072, 7.208170550000034 ], [ 79.832959976000041, 7.207954747000031 ], [ 79.832316369000068, 7.208824432000029 ], [ 79.832184963000032, 7.208716141000025 ], [ 79.832519473000048, 7.208145359000071 ], [ 79.832368700000075, 7.207927234000067 ], [ 79.830202098000029, 7.206701732000056 ], [ 79.829476932000034, 7.206810270000062 ], [ 79.829039907000038, 7.207244099000036 ], [ 79.828612423000038, 7.20613666600002 ], [ 79.82853082500003, 7.206452240000033 ], [ 79.828855973000032, 7.207268674000034 ], [ 79.828479396000034, 7.20784829300004 ], [ 79.829325453000081, 7.209211756000059 ], [ 79.828569353000034, 7.20983714700003 ], [ 79.829194611000048, 7.209610232000045 ], [ 79.82971542000007, 7.209858335000035 ], [ 79.831573414000047, 7.211540899000056 ], [ 79.831702282000037, 7.211919841000054 ], [ 79.83154098600005, 7.212116168000023 ], [ 79.832502034000072, 7.21173052000006 ], [ 79.833480634000068, 7.212301701000058 ], [ 79.836062695000066, 7.21532299100005 ], [ 79.837668463000057, 7.218505615000026 ], [ 79.837591832000044, 7.21899318100003 ], [ 79.837768396000058, 7.21900114400006 ], [ 79.83803570200007, 7.219448968000052 ], [ 79.838081866000039, 7.219891934000032 ], [ 79.83789265200005, 7.220046878000062 ], [ 79.838273257000083, 7.220625647000077 ], [ 79.83845763100004, 7.222073455000043 ], [ 79.839155869000081, 7.22418847800003 ], [ 79.839206576000038, 7.225927296000066 ], [ 79.839513459000045, 7.225927927000043 ], [ 79.839393284000039, 7.226536769000063 ], [ 79.840361514000051, 7.231328108000071 ], [ 79.840490686000066, 7.233898249000049 ], [ 79.841014738000069, 7.237741229000051 ], [ 79.840985500000045, 7.23966242900002 ], [ 79.841350161000037, 7.242681599000036 ], [ 79.841785583000046, 7.250813124000047 ], [ 79.841630982000083, 7.257498413000064 ], [ 79.841804059000083, 7.259402899000065 ], [ 79.84173368200004, 7.265830654000069 ], [ 79.841012357000068, 7.272888403000024 ], [ 79.843869083000072, 7.272788107000054 ], [ 79.847987723000074, 7.272178772000075 ], [ 79.850521520000029, 7.272295850000035 ], [ 79.852158638000049, 7.273103019000075 ], [ 79.852573930000062, 7.273878987000046 ], [ 79.852399638000065, 7.274754231000031 ], [ 79.851809081000056, 7.275327189000052 ], [ 79.851790490000042, 7.276273686000025 ], [ 79.852820994000069, 7.27691403700004 ], [ 79.854091310000058, 7.277011271000049 ], [ 79.854853433000073, 7.276897989000076 ], [ 79.855990804000044, 7.276053409000042 ], [ 79.856538700000044, 7.275250691000053 ], [ 79.85788291800003, 7.271650537000028 ], [ 79.858445209000081, 7.270833491000076 ], [ 79.85946417100007, 7.270086139000057 ], [ 79.860254714000064, 7.269930449000071 ], [ 79.860953507000033, 7.270036407000021 ] ] ] } },
{ "type": "Feature", "properties": { "ADM3_EN": "Katana", "ADM3_PCODE": "LK1206", "ADM2_EN": "Gampaha" }, "geometry": { "type": "Polygon", "coordinates": [ [ [ 79.912571060000062, 7.267773962000035 ], [ 79.914434208000046, 7.264666028000022 ], [ 79.914776534000055, 7.263790229000051 ], [ 79.915409888000056, 7.263818447000062 ], [ 79.915689865000047, 7.261443462000045 ], [ 79.916148729000042, 7.259611411000037 ], [ 79.916381264000051, 7.256834750000053 ], [ 79.915270268000029, 7.256387147000055 ], [ 79.911112519000085, 7.253421764000052 ], [ 79.907024009000054, 7.25144713100002 ], [ 79.90419711800007, 7.250365361000036 ], [ 79.904378851000047, 7.249911386000065 ], [ 79.903680788000031, 7.249510434000058 ], [ 79.90390642300008, 7.248921382000049 ], [ 79.904722789000061, 7.248530403000075 ], [ 79.903932353000073, 7.246788135000031 ], [ 79.904167167000082, 7.245324966000055 ], [ 79.905059306000055, 7.244549429000074 ], [ 79.907453186000055, 7.243237752000027 ], [ 79.90790534000007, 7.242643828000041 ], [ 79.908343615000035, 7.24154125900003 ], [ 79.908467220000034, 7.240762218000043 ], [ 79.907833058000051, 7.237584660000039 ], [ 79.907986265000034, 7.236373803000049 ], [ 79.907835773000045, 7.235180488000026 ], [ 79.908756640000036, 7.230712983000046 ], [ 79.909730998000043, 7.230711763000045 ], [ 79.910059936000039, 7.228865271000075 ], [ 79.911223545000041, 7.227141708000033 ], [ 79.91159489100005, 7.225891620000027 ], [ 79.912554877000048, 7.225538627000049 ], [ 79.912770505000083, 7.222992595000051 ], [ 79.914289845000042, 7.221449548000066 ], [ 79.91500803200006, 7.219775675000051 ], [ 79.915049301000067, 7.218301891000067 ], [ 79.916090079000071, 7.215767634000031 ], [ 79.916112248000047, 7.214624482000033 ], [ 79.916770720000045, 7.213087121000058 ], [ 79.916777780000075, 7.211286666000035 ], [ 79.917037870000058, 7.210921131000021 ], [ 79.917654665000043, 7.210666670000023 ], [ 79.918006171000059, 7.210295521000035 ], [ 79.91824106200005, 7.208811426000068 ], [ 79.919071923000047, 7.207143812000027 ], [ 79.920576906000065, 7.205831726000042 ], [ 79.922184107000078, 7.200299193000035 ], [ 79.925470135000069, 7.200641536000035 ], [ 79.925434156000051, 7.199757142000067 ], [ 79.926909514000045, 7.199491228000056 ], [ 79.92716415700005, 7.20001280300005 ], [ 79.92716527500005, 7.201105792000021 ], [ 79.928316955000071, 7.200972096000044 ], [ 79.928272611000068, 7.200744327000052 ], [ 79.928576001000067, 7.200449518000028 ], [ 79.930402340000057, 7.200580617000071 ], [ 79.930563320000033, 7.200450552000063 ], [ 79.930669228000056, 7.199243413000033 ], [ 79.932015122000053, 7.199132071000065 ], [ 79.932148827000049, 7.198650581000038 ], [ 79.932715311000038, 7.19844284900006 ], [ 79.932901100000038, 7.19782389300002 ], [ 79.934879896000041, 7.197985628000026 ], [ 79.934786914000085, 7.198357170000065 ], [ 79.93582864900003, 7.198458964000054 ], [ 79.936304836000033, 7.198753747000069 ], [ 79.936750370000084, 7.198539458000027 ], [ 79.93710055400004, 7.199113559000068 ], [ 79.936856595000052, 7.199633267000024 ], [ 79.936943123000049, 7.19999844900002 ], [ 79.93795966600004, 7.200400673000047 ], [ 79.937956216000032, 7.200686091000023 ], [ 79.938759425000057, 7.200558909000051 ], [ 79.938770978000036, 7.199177634000023 ], [ 79.939670112000044, 7.199112287000048 ], [ 79.93959688800004, 7.197941894000053 ], [ 79.939290435000032, 7.197776329000021 ], [ 79.937304815000061, 7.19728845700007 ], [ 79.936837724000043, 7.197523691000072 ], [ 79.935898212000041, 7.197271096000065 ], [ 79.934775824000042, 7.196602312000039 ], [ 79.934211722000043, 7.195714680000037 ], [ 79.932952868000029, 7.195642632000045 ], [ 79.931445930000052, 7.194882301000064 ], [ 79.93092637400008, 7.194268829000066 ], [ 79.930409604000033, 7.194125503000066 ], [ 79.928731893000077, 7.192605826000033 ], [ 79.92744263600008, 7.192737356000066 ], [ 79.927111083000057, 7.19054064900007 ], [ 79.926301401000046, 7.190716556000041 ], [ 79.925497277000034, 7.19015227400007 ], [ 79.923369236000042, 7.191404712000065 ], [ 79.923352944000044, 7.192028615000027 ], [ 79.922929005000071, 7.192138802000045 ], [ 79.921332986000039, 7.19050502500005 ], [ 79.920981791000031, 7.190404998000076 ], [ 79.920747428000084, 7.188839038000026 ], [ 79.920983242000034, 7.188678180000068 ], [ 79.921500537000043, 7.187523053000064 ], [ 79.922593880000079, 7.186992753000027 ], [ 79.922810204000029, 7.186357502000021 ], [ 79.923051620000081, 7.186251280000022 ], [ 79.920927988000074, 7.185012718000053 ], [ 79.919149370000071, 7.180873983000026 ], [ 79.91861424800004, 7.180097064000051 ], [ 79.917698304000055, 7.180527247000043 ], [ 79.917899469000076, 7.178636433000065 ], [ 79.916983142000049, 7.176573477000034 ], [ 79.915757705000033, 7.175011869000059 ], [ 79.915668297000082, 7.174026563000041 ], [ 79.915388508000035, 7.173854781000045 ], [ 79.91553944900005, 7.172253885000032 ], [ 79.915059901000063, 7.171377960000029 ], [ 79.914868141000056, 7.171424584000022 ], [ 79.914361192000058, 7.170979267000064 ], [ 79.913839878000033, 7.17023720800006 ], [ 79.91305262000003, 7.167693967000048 ], [ 79.912144598000054, 7.166780251000034 ], [ 79.91179518000007, 7.166032018000067 ], [ 79.911775096000042, 7.165012883000031 ], [ 79.912361496000074, 7.164930044000073 ], [ 79.912332061000029, 7.164407229000062 ], [ 79.912730190000048, 7.164322803000061 ], [ 79.912789547000045, 7.164139073000058 ], [ 79.914278627000044, 7.164327638000032 ], [ 79.914594409000074, 7.164768039000023 ], [ 79.91549862200003, 7.165269098000067 ], [ 79.916470282000034, 7.165067744000055 ], [ 79.916529216000072, 7.164838577000069 ], [ 79.916523982000058, 7.163556824000068 ], [ 79.915968378000059, 7.161888524000062 ], [ 79.915217312000038, 7.16147230200005 ], [ 79.914271014000064, 7.161419791000071 ], [ 79.913962473000083, 7.162114386000042 ], [ 79.913208403000056, 7.162001484000029 ], [ 79.913155156000073, 7.161160126000027 ], [ 79.91364604000006, 7.160643266000022 ], [ 79.912582346000079, 7.159601301000066 ], [ 79.913050991000034, 7.158714299000053 ], [ 79.913423990000069, 7.158869281000023 ], [ 79.913415989000043, 7.159613307000029 ], [ 79.914412079000044, 7.159824996000054 ], [ 79.914556693000065, 7.158611546000031 ], [ 79.915210923000075, 7.158450295000023 ], [ 79.915875457000084, 7.158533092000027 ], [ 79.916842615000064, 7.157147311000074 ], [ 79.921015022000063, 7.159361299000068 ], [ 79.921142133000046, 7.159042399000043 ], [ 79.922263462000046, 7.159621009000034 ], [ 79.92336584800006, 7.157630798000071 ], [ 79.924500503000047, 7.156880835000038 ], [ 79.925185215000056, 7.156797880000056 ], [ 79.927508782000075, 7.155908105000037 ], [ 79.928635979000035, 7.155214287000035 ], [ 79.930844472000047, 7.155642209000064 ], [ 79.931468450000068, 7.152765235000061 ], [ 79.931742178000036, 7.152193006000061 ], [ 79.931104005000066, 7.151531610000063 ], [ 79.929915400000084, 7.151371776000076 ], [ 79.929706519000035, 7.149596062000057 ], [ 79.929949971000042, 7.149298859000055 ], [ 79.93271954100004, 7.149836976000074 ], [ 79.931841318000068, 7.146592269000053 ], [ 79.929984399000034, 7.14378500600003 ], [ 79.930103692000046, 7.143154732000028 ], [ 79.929911249000043, 7.142594505000034 ], [ 79.929613424000081, 7.142653023000037 ], [ 79.929370381000069, 7.14220877200006 ], [ 79.927732614000035, 7.142572372000075 ], [ 79.923126428000046, 7.143028558000026 ], [ 79.917739676000053, 7.143982501000039 ], [ 79.917361704000029, 7.143049662000067 ], [ 79.917097741000077, 7.14174291300003 ], [ 79.917212813000049, 7.140422160000071 ], [ 79.918559285000072, 7.140201074000061 ], [ 79.918928514000072, 7.139653011000064 ], [ 79.91888206200008, 7.139389211000037 ], [ 79.917697854000039, 7.138174247000052 ], [ 79.917069878000063, 7.137058620000062 ], [ 79.917051173000061, 7.136727173000054 ], [ 79.917753879000031, 7.136383589000047 ], [ 79.918014194000079, 7.135910741000032 ], [ 79.917803758000048, 7.135612294000055 ], [ 79.917233926000051, 7.135567918000049 ], [ 79.91693431300007, 7.134857529000044 ], [ 79.917267686000059, 7.134173100000055 ], [ 79.918301867000082, 7.13433232400007 ], [ 79.918499780000047, 7.134165222000036 ], [ 79.918399458000067, 7.133531288000029 ], [ 79.917797513000039, 7.132749806000049 ], [ 79.918429222000043, 7.131908486000043 ], [ 79.918461741000044, 7.13138960200007 ], [ 79.919169397000076, 7.129842912000072 ], [ 79.918729324000083, 7.129307991000076 ], [ 79.917933101000074, 7.12893658400003 ], [ 79.917498802000068, 7.128976043000023 ], [ 79.917327907000072, 7.128718068000069 ], [ 79.917506494000065, 7.128008997000052 ], [ 79.918340621000084, 7.126712309000027 ], [ 79.919152470000085, 7.126831760000073 ], [ 79.920009305000065, 7.126350641000045 ], [ 79.920878819000052, 7.125275539000029 ], [ 79.92170877500007, 7.124996717000045 ], [ 79.922336763000033, 7.124488780000036 ], [ 79.922868232000042, 7.123518900000022 ], [ 79.923332318000064, 7.123545383000021 ], [ 79.923625730000083, 7.124253360000068 ], [ 79.92402845600003, 7.124034599000026 ], [ 79.924337331000061, 7.122079312000039 ], [ 79.923206281000034, 7.120855763000066 ], [ 79.921313928000075, 7.119420328000047 ], [ 79.920995946000062, 7.118848702000037 ], [ 79.920681251000076, 7.117428611000037 ], [ 79.915769050000051, 7.116691140000057 ], [ 79.914368396000043, 7.116661023000063 ], [ 79.913714895000055, 7.116974325000058 ], [ 79.913429020000081, 7.11673191400007 ], [ 79.913238718000059, 7.116899695000029 ], [ 79.912680280000075, 7.116879071000028 ], [ 79.912674673000083, 7.124592014000029 ], [ 79.912164523000058, 7.125058267000043 ], [ 79.908047710000062, 7.126812230000041 ], [ 79.906839810000065, 7.127117030000022 ], [ 79.905722008000055, 7.126844156000061 ], [ 79.905347253000059, 7.127132070000073 ], [ 79.905068871000083, 7.126412062000043 ], [ 79.904679007000084, 7.126192520000075 ], [ 79.90108061400008, 7.124616106000076 ], [ 79.900749605000044, 7.124636141000053 ], [ 79.900404592000029, 7.124945524000054 ], [ 79.900158680000061, 7.124854150000033 ], [ 79.897954276000064, 7.123306238000055 ], [ 79.897530615000051, 7.117650092000076 ], [ 79.897096202000057, 7.116980475000048 ], [ 79.896661360000053, 7.116741034000029 ], [ 79.894556253000076, 7.116288626000028 ], [ 79.89423419700006, 7.115863208000064 ], [ 79.894778717000065, 7.112610051000047 ], [ 79.895245664000072, 7.111566900000071 ], [ 79.89537794000006, 7.110145500000044 ], [ 79.895049712000059, 7.11012740700005 ], [ 79.895017329000041, 7.110396384000069 ], [ 79.894782531000033, 7.110513131000062 ], [ 79.894348389000072, 7.110473490000061 ], [ 79.894554735000042, 7.10956421800006 ], [ 79.893324770000049, 7.107788957000025 ], [ 79.891397343000051, 7.107692188000044 ], [ 79.890664592000064, 7.10782202300004 ], [ 79.890376590000074, 7.108217866000075 ], [ 79.889526268000054, 7.108139909000045 ], [ 79.889423869000041, 7.107807953000076 ], [ 79.888974826000037, 7.107663341000034 ], [ 79.887991244000034, 7.107559218000063 ], [ 79.887560820000033, 7.10778715400005 ], [ 79.887030043000038, 7.107576723000022 ], [ 79.886208196000041, 7.109491543000047 ], [ 79.886108058000048, 7.110196444000053 ], [ 79.885631918000058, 7.110264392000033 ], [ 79.885268116000077, 7.110662241000057 ], [ 79.884522879000031, 7.110728175000077 ], [ 79.88291348000007, 7.110516605000043 ], [ 79.88246332500006, 7.109780146000048 ], [ 79.880464438000047, 7.108882512000037 ], [ 79.879531519000068, 7.107555116000071 ], [ 79.878661054000077, 7.106972107000047 ], [ 79.877893242000084, 7.106937593000055 ], [ 79.876843616000031, 7.107434433000037 ], [ 79.87515318700008, 7.107708661000061 ], [ 79.872760662000076, 7.107258946000059 ], [ 79.872184775000051, 7.107661129000064 ], [ 79.871708788000035, 7.109252623000032 ], [ 79.871127158000036, 7.109910519000039 ], [ 79.870754524000063, 7.109892178000052 ], [ 79.869336984000086, 7.108717922000039 ], [ 79.868240955000033, 7.108287023000059 ], [ 79.867093586000067, 7.108124007000072 ], [ 79.865284443000064, 7.108586966000075 ], [ 79.863791972000058, 7.107868809000024 ], [ 79.862952814000039, 7.108327688000031 ], [ 79.862372002000029, 7.108338504000073 ], [ 79.861417908000078, 7.107876091000037 ], [ 79.860698605000039, 7.108281373000068 ], [ 79.859728300000029, 7.107120074000022 ], [ 79.859831031000056, 7.106739968000056 ], [ 79.859519084000055, 7.104925292000075 ], [ 79.857910599000036, 7.103398070000026 ], [ 79.856874990000051, 7.103594484000041 ], [ 79.854263753000055, 7.104507214000023 ], [ 79.853054963000034, 7.106535339000061 ], [ 79.853148519000058, 7.106723192000061 ], [ 79.852904931000069, 7.107277492000037 ], [ 79.853743139000073, 7.10866076700006 ], [ 79.855231691000085, 7.108835544000044 ], [ 79.856365935000042, 7.109459749000052 ], [ 79.856356484000059, 7.109800819000043 ], [ 79.85586780400007, 7.110185712000032 ], [ 79.855840410000042, 7.110871357000065 ], [ 79.855455938000034, 7.111348647000057 ], [ 79.855642688000046, 7.111983309000038 ], [ 79.856077481000057, 7.112473875000035 ], [ 79.856800025000041, 7.111553589000039 ], [ 79.857370592000052, 7.111327971000037 ], [ 79.85860127400008, 7.111327148000044 ], [ 79.859611430000029, 7.112316425000074 ], [ 79.859324333000075, 7.112422156000036 ], [ 79.859341475000065, 7.112783906000061 ], [ 79.859007294000037, 7.112732916000027 ], [ 79.858796064000046, 7.113069458000041 ], [ 79.858312555000055, 7.113179898000055 ], [ 79.858585773000073, 7.113644403000023 ], [ 79.859054273000083, 7.113814499000057 ], [ 79.859191120000048, 7.114325723000036 ], [ 79.858283810000046, 7.115808358000038 ], [ 79.858213072000069, 7.11666542200004 ], [ 79.858425195000052, 7.117140314000039 ], [ 79.859645491000038, 7.117794719000074 ], [ 79.859886734000042, 7.118658764000031 ], [ 79.859978119000061, 7.121717576000037 ], [ 79.860755917000063, 7.122022306000076 ], [ 79.861090683000043, 7.122425970000052 ], [ 79.861924339000041, 7.124069482000039 ], [ 79.86200911800006, 7.125255061000075 ], [ 79.862386596000078, 7.125538710000058 ], [ 79.862507423000068, 7.126115503000051 ], [ 79.862655490000066, 7.126147106000076 ], [ 79.862953593000043, 7.125694159000034 ], [ 79.862823852000076, 7.125175765000051 ], [ 79.86300575100006, 7.123628001000043 ], [ 79.862761632000058, 7.122524302000045 ], [ 79.86295494500007, 7.12144134700003 ], [ 79.862865342000077, 7.120631391000074 ], [ 79.862416233000033, 7.120001073000026 ], [ 79.862315383000066, 7.119379679000076 ], [ 79.862229385000035, 7.118099638000047 ], [ 79.862420888000031, 7.116767937000077 ], [ 79.863922678000051, 7.114325402000077 ], [ 79.864618418000077, 7.113592811000046 ], [ 79.865017191000049, 7.113570447000029 ], [ 79.865227293000032, 7.113339397000061 ], [ 79.865154104000055, 7.112787469000068 ], [ 79.864662108000061, 7.112640697000074 ], [ 79.86478270300006, 7.112331396000059 ], [ 79.865378888000066, 7.112347065000051 ], [ 79.865555248000078, 7.111930231000031 ], [ 79.865737126000056, 7.112161795000077 ], [ 79.865964593000058, 7.111730918000035 ], [ 79.866760336000084, 7.112800435000054 ], [ 79.866516293000075, 7.111700649000056 ], [ 79.866285818000051, 7.111554316000024 ], [ 79.866623621000031, 7.111078879000047 ], [ 79.867002616000036, 7.111389909000025 ], [ 79.86689793000005, 7.111653243000035 ], [ 79.867067172000077, 7.112033369000073 ], [ 79.867293516000075, 7.111337891000062 ], [ 79.867445328000031, 7.11136274100005 ], [ 79.86797757100004, 7.112520172000075 ], [ 79.867972364000082, 7.113206441000045 ], [ 79.868192204000081, 7.113301811000042 ], [ 79.868007739000063, 7.114820519000034 ], [ 79.868348230000038, 7.116240141000048 ], [ 79.870374432000062, 7.117921286000069 ], [ 79.870368486000075, 7.118115335000027 ], [ 79.870909467000047, 7.117963428000053 ], [ 79.871330607000061, 7.118362085000058 ], [ 79.871685951000075, 7.117982161000043 ], [ 79.871798944000034, 7.118058425000072 ], [ 79.871223451000048, 7.11870385800006 ], [ 79.871981245000029, 7.120838477000063 ], [ 79.871863735000034, 7.121044330000075 ], [ 79.872025972000074, 7.121150512000042 ], [ 79.871783291000042, 7.121256423000034 ], [ 79.872087731000079, 7.121634529000062 ], [ 79.871287498000072, 7.12167118900004 ], [ 79.871025451000037, 7.121265645000051 ], [ 79.870735813000067, 7.121229947000074 ], [ 79.869995448000054, 7.122152486000061 ], [ 79.869554211000036, 7.123068801000045 ], [ 79.86945305900008, 7.124670017000028 ], [ 79.87007550900006, 7.126258574000076 ], [ 79.870979201000068, 7.127299203000064 ], [ 79.871182397000041, 7.128231925000023 ], [ 79.871009341000047, 7.129351611000061 ], [ 79.871076067000047, 7.131416008000031 ], [ 79.870599055000071, 7.132132589000037 ], [ 79.870644291000076, 7.132531692000043 ], [ 79.870243968000068, 7.133944 ], [ 79.869850358000065, 7.134284490000027 ], [ 79.869668924000052, 7.135030821000043 ], [ 79.868896165000081, 7.136455302000059 ], [ 79.869223267000052, 7.136557390000064 ], [ 79.868400377000057, 7.138264174000028 ], [ 79.867567035000036, 7.141142630000047 ], [ 79.867095827000071, 7.144040351000058 ], [ 79.867208332000075, 7.147227916000077 ], [ 79.866877136000085, 7.148441498000068 ], [ 79.867142366000053, 7.14899439900006 ], [ 79.866679029000068, 7.150205572000061 ], [ 79.866437274000077, 7.151753089000067 ], [ 79.866516329000035, 7.152519271000074 ], [ 79.865974458000039, 7.15416331800003 ], [ 79.866142398000079, 7.155274890000044 ], [ 79.865974192000067, 7.155566620000059 ], [ 79.866355284000065, 7.156782987000042 ], [ 79.866708610000046, 7.156449201000044 ], [ 79.867883776000042, 7.153718415000071 ], [ 79.868361209000057, 7.153317408000021 ], [ 79.868726199000037, 7.15529955300002 ], [ 79.868199237000056, 7.156391131000021 ], [ 79.868551456000034, 7.156387696000024 ], [ 79.86865219200007, 7.156613132000075 ], [ 79.868218196000043, 7.156713639000031 ], [ 79.868229255000074, 7.157223953000027 ], [ 79.867864799000074, 7.157820104000052 ], [ 79.868183319000082, 7.158181167000066 ], [ 79.86817433300007, 7.159194573000036 ], [ 79.867705813000043, 7.161305936000076 ], [ 79.867743923000035, 7.162633199000027 ], [ 79.866547714000035, 7.164481369000043 ], [ 79.866931435000083, 7.165001912000037 ], [ 79.86691724700006, 7.165819661000057 ], [ 79.866699907000054, 7.165949905000048 ], [ 79.866680709000036, 7.166638130000024 ], [ 79.864574145000063, 7.171483383000066 ], [ 79.864290124000036, 7.171711806000076 ], [ 79.864079540000034, 7.172324366000055 ], [ 79.863697880000075, 7.172553109000035 ], [ 79.862767100000042, 7.174748183000077 ], [ 79.861226620000082, 7.176698205000037 ], [ 79.860776694000037, 7.178125752000028 ], [ 79.859966922000069, 7.179544903000021 ], [ 79.859519047000049, 7.179815865000023 ], [ 79.859443923000072, 7.180141849000051 ], [ 79.858823199000085, 7.18075490700005 ], [ 79.858271940000066, 7.181045987000061 ], [ 79.857650223000064, 7.181107165000071 ], [ 79.857729728000038, 7.181460323000067 ], [ 79.858390397000051, 7.181529460000036 ], [ 79.859516854000049, 7.182100543000047 ], [ 79.860158288000036, 7.182203491000053 ], [ 79.860483915000032, 7.182586875000027 ], [ 79.860914678000086, 7.182738523000069 ], [ 79.861540909000041, 7.18252147000004 ], [ 79.862155122000047, 7.182824231000041 ], [ 79.862813797000058, 7.182824484000037 ], [ 79.863652639000065, 7.183231319000072 ], [ 79.864983427000084, 7.183399769000061 ], [ 79.866785932000084, 7.183961815000032 ], [ 79.867925034000052, 7.183905276000075 ], [ 79.868082603000062, 7.183590600000059 ], [ 79.868396654000037, 7.183699090000061 ], [ 79.866362873000071, 7.188086103000046 ], [ 79.866292193000049, 7.188984676000075 ], [ 79.865723486000036, 7.190539999000066 ], [ 79.865212222000082, 7.190595619000021 ], [ 79.864933153000038, 7.191010965000032 ], [ 79.865215954000064, 7.191683969000053 ], [ 79.864796454000043, 7.192909440000051 ], [ 79.864812636000067, 7.194010258000048 ], [ 79.864684518000047, 7.194189881000057 ], [ 79.864380990000029, 7.19414564300007 ], [ 79.864192262000074, 7.194420593000075 ], [ 79.864255436000064, 7.194763944000044 ], [ 79.863586071000043, 7.196430172000021 ], [ 79.863413864000051, 7.197987309000041 ], [ 79.861780514000031, 7.198375748000046 ], [ 79.861155425000049, 7.200545785000031 ], [ 79.861298200000078, 7.200610883000024 ], [ 79.860404815000038, 7.203299187000027 ], [ 79.860273196000037, 7.203272852000055 ], [ 79.859295891000045, 7.205451366000034 ], [ 79.858329536000042, 7.207942116000027 ], [ 79.858105011000077, 7.209733603000075 ], [ 79.857213796000053, 7.211168849000046 ], [ 79.85676107900008, 7.21284939800006 ], [ 79.856216846000052, 7.213137446000076 ], [ 79.854987763000054, 7.215539138000054 ], [ 79.853204406000032, 7.219903975000022 ], [ 79.852900883000075, 7.221301157000028 ], [ 79.851935935000085, 7.222713549000048 ], [ 79.855397217000075, 7.223849793000056 ], [ 79.855673507000063, 7.223224147000053 ], [ 79.857099384000037, 7.223956301000044 ], [ 79.856988485000045, 7.224664248000067 ], [ 79.858710683000083, 7.224849728000038 ], [ 79.859168120000049, 7.224126732000059 ], [ 79.859146366000061, 7.223761662000072 ], [ 79.859849136000037, 7.224076066000066 ], [ 79.859637872000064, 7.22461609800007 ], [ 79.859900650000043, 7.224540739000076 ], [ 79.860469907000038, 7.225001128000031 ], [ 79.861186499000041, 7.22474552500006 ], [ 79.862010378000036, 7.224872632000029 ], [ 79.86264972400005, 7.224264733000041 ], [ 79.863679987000069, 7.224946984000042 ], [ 79.865194159000055, 7.225348475000033 ], [ 79.865312743000061, 7.225507476000075 ], [ 79.864942959000075, 7.227449809000063 ], [ 79.863401860000067, 7.231272929000056 ], [ 79.867018173000076, 7.233127169000056 ], [ 79.865831827000079, 7.235162733000038 ], [ 79.86600995100008, 7.235782106000045 ], [ 79.864903965000053, 7.236106398000061 ], [ 79.864119208000034, 7.237279 ], [ 79.86325451700003, 7.236670582000045 ], [ 79.858751808000079, 7.234466581000049 ], [ 79.857332923000058, 7.237269203000039 ], [ 79.857255760000044, 7.237465850000035 ], [ 79.85842312300008, 7.238330240000039 ], [ 79.860520289000078, 7.239003711000066 ], [ 79.86101197000005, 7.240038910000067 ], [ 79.860846833000039, 7.240009163000025 ], [ 79.860997401000077, 7.240299951000054 ], [ 79.860360975000049, 7.240760761000047 ], [ 79.86008976200003, 7.24145829400004 ], [ 79.859297068000046, 7.24183688100004 ], [ 79.859243744000082, 7.242612524000037 ], [ 79.860009471000069, 7.243638056000066 ], [ 79.858623427000055, 7.244382009000049 ], [ 79.857943154000054, 7.247409789000073 ], [ 79.857216455000071, 7.24786195400003 ], [ 79.856880644000057, 7.249106724000058 ], [ 79.856142099000067, 7.250433795000049 ], [ 79.855362881000076, 7.253367121000053 ], [ 79.854927417000056, 7.253652855000041 ], [ 79.855492560000073, 7.254665488000057 ], [ 79.855910329000039, 7.257804874000044 ], [ 79.856397547000086, 7.259885159000021 ], [ 79.85856093600006, 7.25978243000003 ], [ 79.858836075000056, 7.260479883000073 ], [ 79.859542655000041, 7.261392968000052 ], [ 79.860181287000046, 7.261617192000074 ], [ 79.860859814000037, 7.26158941500006 ], [ 79.861389712000062, 7.261978171000067 ], [ 79.862898317000031, 7.262512409000067 ], [ 79.862715841000067, 7.263586216000022 ], [ 79.862307978000047, 7.264319206000039 ], [ 79.862306871000044, 7.264867522000031 ], [ 79.861759194000058, 7.265096829000072 ], [ 79.861431932000073, 7.266599213000063 ], [ 79.861835234000068, 7.267596419000029 ], [ 79.861375785000064, 7.268450708000046 ], [ 79.861414025000045, 7.269022122000024 ], [ 79.861120810000045, 7.269189529000073 ], [ 79.860953507000033, 7.270036407000021 ], [ 79.863763056000039, 7.270715041000074 ], [ 79.866356035000081, 7.270983412000021 ], [ 79.867235392000055, 7.271541400000046 ], [ 79.868245395000031, 7.272661852000056 ], [ 79.869970046000049, 7.275835180000058 ], [ 79.870214787000066, 7.279238801000076 ], [ 79.870548113000041, 7.280286125000032 ], [ 79.871755575000066, 7.281520605000026 ], [ 79.873969595000062, 7.282625510000059 ], [ 79.875670675000038, 7.282640859000026 ], [ 79.878715613000054, 7.281582306000075 ], [ 79.880550390000053, 7.28062899400004 ], [ 79.880958479000071, 7.280235061000042 ], [ 79.882297374000075, 7.278005822000068 ], [ 79.884144477000063, 7.274463781000065 ], [ 79.885272099000076, 7.273676518000059 ], [ 79.888087164000069, 7.273729892000063 ], [ 79.890759348000074, 7.273340380000036 ], [ 79.893848213000069, 7.274279433000061 ], [ 79.89754884000007, 7.274812947000044 ], [ 79.898206711000057, 7.275328583000032 ], [ 79.898863050000045, 7.276633701000037 ], [ 79.898615856000049, 7.280544759000065 ], [ 79.89885156400004, 7.281150422000053 ], [ 79.899311438000041, 7.281385831000023 ], [ 79.900483522000059, 7.281144077000022 ], [ 79.90144190400008, 7.279904286000033 ], [ 79.901730764000035, 7.279208663000077 ], [ 79.90210961300005, 7.276582561000055 ], [ 79.90269494000006, 7.274968834000049 ], [ 79.903457877000051, 7.274432019000074 ], [ 79.903838935000067, 7.274375335000059 ], [ 79.905937311000059, 7.274601862000054 ], [ 79.906673940000076, 7.275161734000051 ], [ 79.907117949000053, 7.276028710000048 ], [ 79.906461499000045, 7.279491994000068 ], [ 79.906552135000084, 7.280057675000023 ], [ 79.907083382000053, 7.280396021000058 ], [ 79.90800370900007, 7.280247067000062 ], [ 79.908629370000085, 7.279917907000026 ], [ 79.909186230000046, 7.279249889000027 ], [ 79.909401242000058, 7.277386061000072 ], [ 79.909198321000076, 7.275756459000036 ], [ 79.908446274000084, 7.273667366000041 ], [ 79.906227547000071, 7.271242020000045 ], [ 79.90495719900008, 7.269029019000072 ], [ 79.905074856000056, 7.267651232000048 ], [ 79.905325426000047, 7.266924430000074 ], [ 79.905882978000079, 7.266035534000025 ], [ 79.906526042000053, 7.265529582000056 ], [ 79.90807910400008, 7.265245471000071 ], [ 79.908510082000078, 7.265389838000033 ], [ 79.910413900000037, 7.267106425000065 ], [ 79.912571060000062, 7.267773962000035 ] ] ] } },
{ "type": "Feature", "properties": { "ADM3_EN": "Divulapitiya", "ADM3_PCODE": "LK1209", "ADM2_EN": "Gampaha" }, "geometry": { "type": "Polygon", "coordinates": [ [ [ 80.094756733000054, 7.307578399000022 ], [ 80.095579008000072, 7.306570935000025 ], [ 80.096513748000064, 7.306816377000075 ], [ 80.097715661000052, 7.306507164000038 ], [ 80.097988070000042, 7.306212980000055 ], [ 80.097751398000071, 7.305626705000066 ], [ 80.097991239000066, 7.305477773000064 ], [ 80.099094748000084, 7.305895274000022 ], [ 80.099048331000063, 7.305767653000032 ], [ 80.099541787000078, 7.305533149000041 ], [ 80.100587104000056, 7.305261972000039 ], [ 80.100967222000065, 7.306369090000032 ], [ 80.101923657000043, 7.306103774000064 ], [ 80.102219406000074, 7.305823697000051 ], [ 80.102755341000034, 7.305883712000025 ], [ 80.103071743000044, 7.30533295400005 ], [ 80.103893797000069, 7.30499217800002 ], [ 80.104823212000042, 7.30368239400002 ], [ 80.102229008000052, 7.299181326000053 ], [ 80.102465270000039, 7.298459782000066 ], [ 80.103189672000042, 7.298166456000047 ], [ 80.104023307000034, 7.298102612000037 ], [ 80.105047842000033, 7.297428170000046 ], [ 80.105568081000058, 7.296442370000022 ], [ 80.10554257900003, 7.295244069000034 ], [ 80.104912600000034, 7.294205698000042 ], [ 80.104647942000042, 7.294410895000055 ], [ 80.104426408000052, 7.294308422000029 ], [ 80.104678153000066, 7.293267009000033 ], [ 80.103048871000055, 7.291409650000048 ], [ 80.102143531000081, 7.288683087000038 ], [ 80.100758118000044, 7.287885581000069 ], [ 80.100820101000068, 7.286682093000024 ], [ 80.101371365000034, 7.286012931000073 ], [ 80.101492725000071, 7.285562125000069 ], [ 80.101785134000068, 7.282957264000061 ], [ 80.101477322000051, 7.283134681000035 ], [ 80.101141466000058, 7.281484497000065 ], [ 80.100636706000046, 7.28050707500006 ], [ 80.100788547000036, 7.280489093000028 ], [ 80.100893893000034, 7.280797908000068 ], [ 80.101220735000084, 7.280662867000046 ], [ 80.102204130000075, 7.280776019000029 ], [ 80.10287956500008, 7.280022511000027 ], [ 80.104974801000083, 7.278686159000074 ], [ 80.107663478000063, 7.277815605000058 ], [ 80.111156372000039, 7.278061513000068 ], [ 80.111065962000055, 7.277253514000051 ], [ 80.113096158000076, 7.271066714000028 ], [ 80.113282584000046, 7.271098376000054 ], [ 80.113745822000055, 7.270183129000031 ], [ 80.114778791000049, 7.269488392000028 ], [ 80.117059769000036, 7.269349172000034 ], [ 80.117386246000081, 7.269126792000066 ], [ 80.117784866000079, 7.268084653000074 ], [ 80.117633675000036, 7.266878476000045 ], [ 80.118194423000034, 7.264120990000038 ], [ 80.119082751000064, 7.263941178000039 ], [ 80.119240259000037, 7.263622449000025 ], [ 80.119016994000049, 7.262342032000049 ], [ 80.118425457000058, 7.261635887000068 ], [ 80.118350881000083, 7.260570510000036 ], [ 80.117360123000083, 7.260724691000064 ], [ 80.116781606000075, 7.260584787000028 ], [ 80.115735978000032, 7.259736307000026 ], [ 80.113921188000063, 7.259297597000057 ], [ 80.114034160000074, 7.257790181000075 ], [ 80.113897395000038, 7.25712571300005 ], [ 80.113650981000035, 7.256859224000038 ], [ 80.115643513000066, 7.254801225000051 ], [ 80.115358272000037, 7.254287172000033 ], [ 80.114395740000077, 7.25437505900004 ], [ 80.116515041000071, 7.249758266000072 ], [ 80.116977045000056, 7.247547606000069 ], [ 80.117800379000073, 7.246686867000051 ], [ 80.118022221000047, 7.246920595000063 ], [ 80.119145872000047, 7.246328788000028 ], [ 80.118991645000051, 7.246201700000029 ], [ 80.119102533000046, 7.246003826000049 ], [ 80.117829596000036, 7.244274357000052 ], [ 80.116165184000067, 7.243535519000034 ], [ 80.114937844000053, 7.240890816000046 ], [ 80.114865558000076, 7.240098087000035 ], [ 80.114332538000042, 7.239075855000067 ], [ 80.114310739000075, 7.238639136000074 ], [ 80.113713067000049, 7.238237370000036 ], [ 80.11332555000007, 7.23749200900005 ], [ 80.112722192000035, 7.23777108400003 ], [ 80.111984230000076, 7.236568028000022 ], [ 80.111394689000065, 7.236075216000074 ], [ 80.111741307000045, 7.235973817000058 ], [ 80.111721677000048, 7.23565829100005 ], [ 80.110824518000072, 7.235176094000053 ], [ 80.111154068000076, 7.234383742000034 ], [ 80.110356007000064, 7.234444602000053 ], [ 80.110243346000061, 7.234664849000069 ], [ 80.109037498000077, 7.23853144800006 ], [ 80.104073510000035, 7.237205495000069 ], [ 80.103944806000072, 7.237956446000055 ], [ 80.104364933000056, 7.239297372000067 ], [ 80.10354684400005, 7.23926502300003 ], [ 80.101151443000049, 7.238451080000061 ], [ 80.100381995000077, 7.238594954000064 ], [ 80.099958002000051, 7.238717919000067 ], [ 80.100329550000083, 7.238928304000069 ], [ 80.099708208000038, 7.240219780000075 ], [ 80.099551546000043, 7.240140539000038 ], [ 80.09929365000005, 7.240380894000054 ], [ 80.098506241000052, 7.239452194000023 ], [ 80.098305900000071, 7.238786568000023 ], [ 80.095277937000048, 7.237915386000054 ], [ 80.095347907000075, 7.237675723000052 ], [ 80.096115348000069, 7.237421563000055 ], [ 80.097093673000074, 7.235983998000052 ], [ 80.098115332000077, 7.235013067000068 ], [ 80.09783064800007, 7.235121160000062 ], [ 80.097607063000055, 7.234912305000023 ], [ 80.097501911000052, 7.233442550000063 ], [ 80.098105364000048, 7.229733125000052 ], [ 80.096902276000037, 7.229428497000072 ], [ 80.096491345000061, 7.229411954000057 ], [ 80.095335495000029, 7.229885368000055 ], [ 80.094509318000064, 7.23079509400003 ], [ 80.093818427000031, 7.230719695000062 ], [ 80.09191147000007, 7.231177334000051 ], [ 80.090478165000036, 7.23264066400003 ], [ 80.089153243000055, 7.232290135000028 ], [ 80.089127568000038, 7.232022879000056 ], [ 80.088255309000033, 7.23317802300005 ], [ 80.087985096000068, 7.234967032000043 ], [ 80.087495775000036, 7.234832741000048 ], [ 80.087501558000042, 7.235217840000075 ], [ 80.086654530000033, 7.235633005000068 ], [ 80.086170122000055, 7.235260162000031 ], [ 80.084943034000048, 7.234953879000045 ], [ 80.083853614000077, 7.235277828000051 ], [ 80.083007123000073, 7.235900062000042 ], [ 80.082722809000074, 7.236498506000032 ], [ 80.079890495000029, 7.235737468000025 ], [ 80.079940265000062, 7.236128206000046 ], [ 80.079443106000042, 7.236993965000067 ], [ 80.079581411000049, 7.237729298000033 ], [ 80.078789487000051, 7.238811200000043 ], [ 80.078495927000063, 7.238245880000022 ], [ 80.078738366000039, 7.23681500400005 ], [ 80.07843689300006, 7.236334871000054 ], [ 80.078073332000031, 7.235978407000061 ], [ 80.075952208000047, 7.234876496000027 ], [ 80.075337138000066, 7.232996208000031 ], [ 80.074889552000059, 7.23285058700003 ], [ 80.074124003000065, 7.232192886000064 ], [ 80.073144306000074, 7.231913880000036 ], [ 80.07035094400004, 7.232104022000044 ], [ 80.068210364000038, 7.23170125300004 ], [ 80.067638698000053, 7.233400771000049 ], [ 80.066923988000042, 7.23440505800005 ], [ 80.066636360000075, 7.235841029000028 ], [ 80.06489964900004, 7.234755692000022 ], [ 80.063945920000037, 7.234516780000035 ], [ 80.064537610000059, 7.235286635000023 ], [ 80.064257487000077, 7.235106626000061 ], [ 80.063243926000041, 7.235650873000054 ], [ 80.061471876000041, 7.235474470000042 ], [ 80.060767438000084, 7.236394921000056 ], [ 80.060140401000069, 7.23643220200006 ], [ 80.061234372000058, 7.234230928000045 ], [ 80.061954031000084, 7.231180147000032 ], [ 80.062769938000031, 7.229610592000029 ], [ 80.062387416000036, 7.229366463000076 ], [ 80.060313593000046, 7.228978811000047 ], [ 80.059058960000073, 7.228368613000043 ], [ 80.053157973000054, 7.228905156000053 ], [ 80.05277976900004, 7.22971070400007 ], [ 80.051786431000039, 7.230730493000067 ], [ 80.049308119000045, 7.232045786000072 ], [ 80.048395710000079, 7.232828003000066 ], [ 80.047621154000069, 7.231804332000024 ], [ 80.047530823000045, 7.231149152000057 ], [ 80.046456661000036, 7.230837060000056 ], [ 80.046303186000046, 7.230468689000077 ], [ 80.045363990000055, 7.230345521000061 ], [ 80.044331777000082, 7.230775814000026 ], [ 80.043610679000039, 7.230374402000052 ], [ 80.044529362000048, 7.228875355000071 ], [ 80.045138192000081, 7.228567413000064 ], [ 80.045794159000081, 7.228587923000021 ], [ 80.046335221000049, 7.228187026000057 ], [ 80.046633284000052, 7.227466476000075 ], [ 80.046682155000042, 7.22565338000004 ], [ 80.047309161000044, 7.223583521000023 ], [ 80.04855849900008, 7.222748258000024 ], [ 80.048819982000055, 7.222192026000073 ], [ 80.04856735900006, 7.221738601000027 ], [ 80.049286521000056, 7.220909107000068 ], [ 80.049203869000053, 7.220069323000075 ], [ 80.049353210000049, 7.219561336000027 ], [ 80.048946233000038, 7.219062265000048 ], [ 80.04904278500004, 7.218510809000065 ], [ 80.049318886000037, 7.218159211000057 ], [ 80.049293162000083, 7.217722769000034 ], [ 80.049127789000067, 7.216838521000057 ], [ 80.048698260000037, 7.216260301000034 ], [ 80.048842205000085, 7.215877675000058 ], [ 80.048716873000046, 7.215321821000032 ], [ 80.048429020000071, 7.215101089000029 ], [ 80.04725764300008, 7.215213337000023 ], [ 80.046865124000078, 7.214425571000049 ], [ 80.046801120000055, 7.21300509100007 ], [ 80.046245720000059, 7.212835111000061 ], [ 80.046002585000053, 7.212510915000053 ], [ 80.045830432000059, 7.211624848000042 ], [ 80.045979893000037, 7.210483837000027 ], [ 80.046868957000072, 7.210082618000058 ], [ 80.046318639000049, 7.208579626000073 ], [ 80.04597810100006, 7.206606211000064 ], [ 80.04566029800003, 7.206286741000042 ], [ 80.045381105000047, 7.206467404000023 ], [ 80.045601204000036, 7.20793487800006 ], [ 80.04526213500003, 7.20782782200007 ], [ 80.041346808000071, 7.208570580000071 ], [ 80.039785562000077, 7.209226899000043 ], [ 80.038548648000074, 7.210223941000038 ], [ 80.03827992600003, 7.210670038000046 ], [ 80.037930980000056, 7.210728462000077 ], [ 80.037117963000071, 7.21139316600005 ], [ 80.033508954000069, 7.210820947000059 ], [ 80.033358324000062, 7.210448173000032 ], [ 80.031453728000031, 7.210311296000043 ], [ 80.029626670000084, 7.209689727000068 ], [ 80.028765055000065, 7.211550850000037 ], [ 80.024585899000044, 7.212225790000048 ], [ 80.024632456000063, 7.211620415000027 ], [ 80.024409503000072, 7.21107018500004 ], [ 80.023774858000081, 7.21175303800004 ], [ 80.023446448000072, 7.212612683000032 ], [ 80.02257256300004, 7.213032562000024 ], [ 80.02151322800006, 7.215351134000059 ], [ 80.021175840000069, 7.215174775000037 ], [ 80.020447133000062, 7.215241912000067 ], [ 80.020090986000071, 7.215536555000028 ], [ 80.019303104000073, 7.215568885000039 ], [ 80.018159491000063, 7.216316692000021 ], [ 80.017388824000079, 7.217653204000044 ], [ 80.016802742000039, 7.217366877000075 ], [ 80.017870380000033, 7.216149812000026 ], [ 80.017447479000054, 7.215725816000031 ], [ 80.017559018000043, 7.214638022000031 ], [ 80.013992504000043, 7.214013958000066 ], [ 80.01364755000003, 7.213989010000034 ], [ 80.013574792000043, 7.214173376000076 ], [ 80.013013589000082, 7.213875690000066 ], [ 80.012906905000079, 7.213715717000071 ], [ 80.013179088000072, 7.213515364000045 ], [ 80.013388521000081, 7.212813101000052 ], [ 80.014380534000054, 7.212381150000056 ], [ 80.013389264000068, 7.212223747000053 ], [ 80.012880609000035, 7.210971200000074 ], [ 80.012202728000034, 7.209988500000065 ], [ 80.011766617000035, 7.209819431000028 ], [ 80.011569628000075, 7.210059995000051 ], [ 80.010956700000065, 7.210246778000055 ], [ 80.008022034000078, 7.21034213300004 ], [ 80.006974298000046, 7.211075238000035 ], [ 80.006575430000055, 7.211678593000045 ], [ 80.003095139000038, 7.208147307000047 ], [ 80.000965276000045, 7.206299886000068 ], [ 80.001980845000048, 7.205620641000053 ], [ 80.002501681000069, 7.206300192000072 ], [ 80.003288732000044, 7.206573427000023 ], [ 80.003687423000031, 7.205959703000076 ], [ 80.004364191000036, 7.205413355000076 ], [ 80.004739218000054, 7.205212919000076 ], [ 80.005123324000067, 7.205513327000062 ], [ 80.005708723000055, 7.205003174000069 ], [ 80.005388598000081, 7.20468057100004 ], [ 80.006233800000075, 7.203913804000024 ], [ 80.006658344000073, 7.203030176000027 ], [ 80.008464862000039, 7.200947305000057 ], [ 80.008272475000069, 7.200360136000029 ], [ 80.007566259000043, 7.199505608000038 ], [ 80.007311998000034, 7.198694277000072 ], [ 80.006923993000044, 7.198495684000022 ], [ 80.005881876000046, 7.199031756000068 ], [ 80.003627842000071, 7.199117500000057 ], [ 80.003275078000058, 7.200371460000042 ], [ 80.002172906000055, 7.200611233000075 ], [ 80.002070754000044, 7.199017341000058 ], [ 80.001588363000053, 7.197924288000024 ], [ 80.000683410000079, 7.198794125000063 ], [ 79.998716863000084, 7.199911941000039 ], [ 79.998647390000031, 7.201628592000077 ], [ 79.998396692000085, 7.201941483000041 ], [ 79.99728585500003, 7.201823099000023 ], [ 79.995969747000061, 7.200859953000077 ], [ 79.995547201000079, 7.20124082500007 ], [ 79.992433811000069, 7.197890131000065 ], [ 79.990098686000067, 7.196521467000025 ], [ 79.98835297100004, 7.195741283000075 ], [ 79.985570720000055, 7.195457263000037 ], [ 79.982149371000048, 7.194226749000052 ], [ 79.98062583400008, 7.19320459100004 ], [ 79.979972749000069, 7.194198830000062 ], [ 79.979615176000038, 7.195885761000056 ], [ 79.978677549000054, 7.196533569000053 ], [ 79.979380211000034, 7.195266359000072 ], [ 79.979389646000072, 7.194821018000027 ], [ 79.978299697000068, 7.194775963000041 ], [ 79.978275059000055, 7.194431142000042 ], [ 79.978180870000074, 7.194533914000033 ], [ 79.977615646000061, 7.194278332000067 ], [ 79.977000218000057, 7.193807303000028 ], [ 79.976606571000048, 7.193208397000035 ], [ 79.976610231000052, 7.192793455000071 ], [ 79.97642529400008, 7.192709032000039 ], [ 79.975414187000069, 7.192660464000028 ], [ 79.975305460000072, 7.192357671000025 ], [ 79.974980747000075, 7.192180036000025 ], [ 79.973769972000071, 7.192281076000029 ], [ 79.972633771000062, 7.192010925000034 ], [ 79.972389770000063, 7.191514746000053 ], [ 79.971698004000075, 7.191200613000035 ], [ 79.971106341000052, 7.190480228000069 ], [ 79.970740964000072, 7.189451391000034 ], [ 79.970334316000049, 7.189011306000054 ], [ 79.969878583000082, 7.189823062000073 ], [ 79.969708202000049, 7.190755808000063 ], [ 79.96926374700007, 7.191408313000068 ], [ 79.969300548000035, 7.191894454000021 ], [ 79.96907292800006, 7.192236326000057 ], [ 79.966408229000081, 7.194308381000042 ], [ 79.964402767000081, 7.196723930000076 ], [ 79.964246996000043, 7.19659606700003 ], [ 79.963497981000046, 7.197115236000059 ], [ 79.963494667000077, 7.198745468000027 ], [ 79.963274941000066, 7.198988836000069 ], [ 79.961727416000031, 7.199666576000027 ], [ 79.961423149000041, 7.200304234000043 ], [ 79.960658211000066, 7.200638971000046 ], [ 79.959656319000032, 7.201484528000037 ], [ 79.958294020000039, 7.202055553000037 ], [ 79.958158653000055, 7.202313556000036 ], [ 79.957850049000058, 7.202336513000034 ], [ 79.957552406000048, 7.202053954000064 ], [ 79.957128579000084, 7.200644873000044 ], [ 79.95679479000006, 7.200626462000059 ], [ 79.956612180000036, 7.201277535000031 ], [ 79.95618197400006, 7.201727278000021 ], [ 79.956497230000082, 7.203071572000056 ], [ 79.956261356000084, 7.20308028200003 ], [ 79.955779931000052, 7.203846469000041 ], [ 79.955124039000054, 7.204420732000074 ], [ 79.954749286000038, 7.203595518000043 ], [ 79.954413637000073, 7.203517202000057 ], [ 79.953035983000063, 7.203346918000022 ], [ 79.952023326000074, 7.203492758000039 ], [ 79.951139676000082, 7.203270557000053 ], [ 79.950988567000081, 7.203718221000031 ], [ 79.950376379000033, 7.203291411000066 ], [ 79.949531082000078, 7.203196658000024 ], [ 79.949588293000033, 7.20370689300006 ], [ 79.948537750000071, 7.204074882000043 ], [ 79.947721761000082, 7.204636652000033 ], [ 79.947271411000031, 7.20501899900006 ], [ 79.947344949000069, 7.205308029000037 ], [ 79.946852539000076, 7.205683472000032 ], [ 79.945598504000031, 7.204265011000075 ], [ 79.945322160000046, 7.203477387000021 ], [ 79.944140467000068, 7.201592429000073 ], [ 79.943315926000082, 7.199561428000038 ], [ 79.942364867000038, 7.198306025000022 ], [ 79.942228766000085, 7.197742249000044 ], [ 79.941729665000082, 7.197543460000077 ], [ 79.941506040000036, 7.197553126000059 ], [ 79.941406566000069, 7.197817136000026 ], [ 79.941436592000059, 7.199049715000058 ], [ 79.938770978000036, 7.199177634000023 ], [ 79.938759425000057, 7.200558909000051 ], [ 79.938201814000081, 7.200667987000031 ], [ 79.937956216000032, 7.200686091000023 ], [ 79.93795966600004, 7.200400673000047 ], [ 79.936943123000049, 7.19999844900002 ], [ 79.936856595000052, 7.199633267000024 ], [ 79.93710055400004, 7.199113559000068 ], [ 79.936750370000084, 7.198539458000027 ], [ 79.936304836000033, 7.198753747000069 ], [ 79.93582864900003, 7.198458964000054 ], [ 79.934786914000085, 7.198357170000065 ], [ 79.934879896000041, 7.197985628000026 ], [ 79.932901100000038, 7.19782389300002 ], [ 79.932715311000038, 7.19844284900006 ], [ 79.932148827000049, 7.198650581000038 ], [ 79.932015122000053, 7.199132071000065 ], [ 79.930669228000056, 7.199243413000033 ], [ 79.930563320000033, 7.200450552000063 ], [ 79.930402340000057, 7.200580617000071 ], [ 79.928576001000067, 7.200449518000028 ], [ 79.928272611000068, 7.200744327000052 ], [ 79.928316955000071, 7.200972096000044 ], [ 79.92716527500005, 7.201105792000021 ], [ 79.92716415700005, 7.20001280300005 ], [ 79.926909514000045, 7.199491228000056 ], [ 79.925434156000051, 7.199757142000067 ], [ 79.925470135000069, 7.200641536000035 ], [ 79.922184107000078, 7.200299193000035 ], [ 79.920576906000065, 7.205831726000042 ], [ 79.919071923000047, 7.207143812000027 ], [ 79.91824106200005, 7.208811426000068 ], [ 79.918006171000059, 7.210295521000035 ], [ 79.917654665000043, 7.210666670000023 ], [ 79.917037870000058, 7.210921131000021 ], [ 79.916777780000075, 7.211286666000035 ], [ 79.916770720000045, 7.213087121000058 ], [ 79.916112248000047, 7.214624482000033 ], [ 79.916090079000071, 7.215767634000031 ], [ 79.915049301000067, 7.218301891000067 ], [ 79.91500803200006, 7.219775675000051 ], [ 79.914289845000042, 7.221449548000066 ], [ 79.912770505000083, 7.222992595000051 ], [ 79.912554877000048, 7.225538627000049 ], [ 79.91159489100005, 7.225891620000027 ], [ 79.911223545000041, 7.227141708000033 ], [ 79.910059936000039, 7.228865271000075 ], [ 79.909730998000043, 7.230711763000045 ], [ 79.908756640000036, 7.230712983000046 ], [ 79.907835773000045, 7.235180488000026 ], [ 79.907986265000034, 7.236373803000049 ], [ 79.907833058000051, 7.237584660000039 ], [ 79.908467220000034, 7.240762218000043 ], [ 79.908343615000035, 7.24154125900003 ], [ 79.90790534000007, 7.242643828000041 ], [ 79.907453186000055, 7.243237752000027 ], [ 79.905059306000055, 7.244549429000074 ], [ 79.904167167000082, 7.245324966000055 ], [ 79.903932353000073, 7.246788135000031 ], [ 79.904722789000061, 7.248530403000075 ], [ 79.90390642300008, 7.248921382000049 ], [ 79.903680788000031, 7.249510434000058 ], [ 79.904378851000047, 7.249911386000065 ], [ 79.90419711800007, 7.250365361000036 ], [ 79.907024009000054, 7.25144713100002 ], [ 79.911112519000085, 7.253421764000052 ], [ 79.915270268000029, 7.256387147000055 ], [ 79.916381264000051, 7.256834750000053 ], [ 79.916148729000042, 7.259611411000037 ], [ 79.915689865000047, 7.261443462000045 ], [ 79.915409888000056, 7.263818447000062 ], [ 79.914776534000055, 7.263790229000051 ], [ 79.914434208000046, 7.264666028000022 ], [ 79.912571060000062, 7.267773962000035 ], [ 79.914934244000051, 7.268713147000028 ], [ 79.916129650000073, 7.270045584000059 ], [ 79.916530465000051, 7.27093631300005 ], [ 79.916326680000054, 7.272266096000067 ], [ 79.914904389000071, 7.274320848000059 ], [ 79.914432729000055, 7.275401311000053 ], [ 79.914526685000055, 7.276387152000041 ], [ 79.914928176000046, 7.276923811000074 ], [ 79.915656262000084, 7.277068737000036 ], [ 79.919251265000071, 7.276482242000043 ], [ 79.920419711000079, 7.276886373000025 ], [ 79.922899261000055, 7.278278639000064 ], [ 79.923618112000042, 7.278241714000046 ], [ 79.924395314000037, 7.27775512900007 ], [ 79.924972880000041, 7.276406905000044 ], [ 79.924030884000047, 7.272806974000048 ], [ 79.923983796000073, 7.272366686000055 ], [ 79.924406773000044, 7.271678472000076 ], [ 79.925260667000032, 7.271172887000034 ], [ 79.92602719000007, 7.271260453000025 ], [ 79.927032638000071, 7.271702539000046 ], [ 79.928238015000034, 7.272853145000056 ], [ 79.928638552000052, 7.27390654800007 ], [ 79.928349301000083, 7.274834258000055 ], [ 79.927590106000082, 7.275942907000058 ], [ 79.924709140000061, 7.279047611000067 ], [ 79.923073665000061, 7.282346033000067 ], [ 79.92293864100003, 7.282795548000024 ], [ 79.923214654000049, 7.28381044300005 ], [ 79.923788454000032, 7.28446225600004 ], [ 79.924411151000072, 7.284597402000031 ], [ 79.925283733000072, 7.284359805000065 ], [ 79.928075423000053, 7.282881762000045 ], [ 79.929544620000058, 7.281353379000052 ], [ 79.931187011000077, 7.279103199000076 ], [ 79.933127660000082, 7.278208083000038 ], [ 79.934110273000044, 7.278060387000039 ], [ 79.935433559000046, 7.278314048000027 ], [ 79.936234861000059, 7.279033255000058 ], [ 79.93730434400004, 7.280488621000075 ], [ 79.93786070200008, 7.280866454000034 ], [ 79.938268058000062, 7.28084328500006 ], [ 79.938982274000068, 7.280079037000064 ], [ 79.94054757400005, 7.277141495000023 ], [ 79.941436976000034, 7.276302043000044 ], [ 79.944032861000039, 7.27461502400007 ], [ 79.945345561000067, 7.27395642700003 ], [ 79.945942353000078, 7.273924780000073 ], [ 79.946581845000082, 7.274697503000027 ], [ 79.946777750000081, 7.275654825000061 ], [ 79.946634634000077, 7.278567316000021 ], [ 79.947614249000083, 7.28005240300007 ], [ 79.948242122000067, 7.280633710000075 ], [ 79.949367410000036, 7.281078362000073 ], [ 79.95237548800003, 7.280455840000059 ], [ 79.953825238000036, 7.280350818000045 ], [ 79.954645473000085, 7.280561643000055 ], [ 79.955106096000065, 7.280891434000068 ], [ 79.95604970800008, 7.28243027000002 ], [ 79.955760887000054, 7.283147469000028 ], [ 79.953045100000054, 7.284428458000036 ], [ 79.95205564500003, 7.285036720000051 ], [ 79.95147348100005, 7.285657686000036 ], [ 79.950788163000084, 7.287002166000036 ], [ 79.950401584000076, 7.288759879000054 ], [ 79.95049633900004, 7.289548592000074 ], [ 79.950968192000062, 7.290094681000028 ], [ 79.952054357000065, 7.290358405000063 ], [ 79.955581088000031, 7.289786083000024 ], [ 79.956449467000084, 7.28988335400004 ], [ 79.956957685000077, 7.29039864300006 ], [ 79.957076267000048, 7.291068734000021 ], [ 79.956411957000057, 7.292642158000035 ], [ 79.956236635000039, 7.293527031000053 ], [ 79.956361860000072, 7.293838272000073 ], [ 79.957323232000078, 7.294162036000046 ], [ 79.958243291000031, 7.294173272000023 ], [ 79.960410243000069, 7.293660428000067 ], [ 79.962285005000069, 7.29251957200006 ], [ 79.964355588000046, 7.290298350000057 ], [ 79.965890426000044, 7.289529549000065 ], [ 79.966874781000058, 7.28936696300002 ], [ 79.968148948000078, 7.289378085000067 ], [ 79.96924443000006, 7.289768809000066 ], [ 79.970243216000085, 7.290637842000024 ], [ 79.972072345000072, 7.293065347000038 ], [ 79.972690112000066, 7.293296118000058 ], [ 79.973739884000054, 7.293125729000053 ], [ 79.976020736000066, 7.292274952000071 ], [ 79.976847135000071, 7.292407998000044 ], [ 79.977714574000061, 7.293043523000051 ], [ 79.978090807000058, 7.293690142000059 ], [ 79.979651825000076, 7.29939476800007 ], [ 79.980067447000067, 7.300127581000027 ], [ 79.981030752000038, 7.301065151000046 ], [ 79.982020089000059, 7.301580830000034 ], [ 79.982851500000038, 7.301762224000072 ], [ 79.98611119800006, 7.301410885000053 ], [ 79.987071651000065, 7.301732402000027 ], [ 79.988833729000078, 7.303092925000044 ], [ 79.98998527100008, 7.303576713000041 ], [ 79.991028731000085, 7.303669935000073 ], [ 79.993761348000078, 7.303146118000029 ], [ 79.994825497000079, 7.304344515000025 ], [ 79.994317927000054, 7.305510803000061 ], [ 79.993349796000075, 7.305566543000054 ], [ 79.991261228000042, 7.305079643000056 ], [ 79.988903312000048, 7.305156879000037 ], [ 79.988327440000035, 7.30561521900006 ], [ 79.988202181000077, 7.305993004000072 ], [ 79.988161672000047, 7.306534077000038 ], [ 79.988466586000072, 7.307307733000073 ], [ 79.989195314000085, 7.308080935000021 ], [ 79.990464048000035, 7.308776950000038 ], [ 79.993283616000042, 7.309359782000058 ], [ 79.99525747000007, 7.310188437000022 ], [ 79.997942103000071, 7.313792492000061 ], [ 79.998850885000081, 7.314434615000039 ], [ 79.999821238000038, 7.314827811000043 ], [ 80.000869647000059, 7.314820304000023 ], [ 80.002982389000067, 7.314374696000073 ], [ 80.004170214000055, 7.314769092000063 ], [ 80.004562446000079, 7.315200402000073 ], [ 80.004991622000034, 7.316445203000058 ], [ 80.005162752000047, 7.319498900000042 ], [ 80.006238875000065, 7.320762751000075 ], [ 80.007847191000053, 7.321817796000062 ], [ 80.008461810000085, 7.321752770000046 ], [ 80.009072102000061, 7.321402872000021 ], [ 80.009226769000065, 7.318064396000068 ], [ 80.009548939000069, 7.317386387000056 ], [ 80.009935217000077, 7.317144514000063 ], [ 80.010839927000063, 7.317025652000041 ], [ 80.014002736000066, 7.317157395000038 ], [ 80.014326719000053, 7.316864869000028 ], [ 80.014922420000062, 7.314651317000028 ], [ 80.015258968000069, 7.314312599000061 ], [ 80.016379705000077, 7.314711636000027 ], [ 80.018051147000051, 7.31639889500002 ], [ 80.020534609000038, 7.317608694000057 ], [ 80.021612719000075, 7.317715768000028 ], [ 80.024124172000029, 7.317545231000054 ], [ 80.026288043000079, 7.317877805000023 ], [ 80.027325918000031, 7.317328157000077 ], [ 80.027542923000055, 7.316519871000025 ], [ 80.027171475000046, 7.315825874000041 ], [ 80.024922693000065, 7.314005749000046 ], [ 80.024711123000031, 7.31335234200003 ], [ 80.024727381000048, 7.312227920000055 ], [ 80.02534668800007, 7.311573421000048 ], [ 80.027970125000081, 7.31035763400007 ], [ 80.028899727000066, 7.30970364600006 ], [ 80.029307948000053, 7.309177983000041 ], [ 80.029898969000044, 7.307670677000033 ], [ 80.03037181600007, 7.303505441000027 ], [ 80.030961840000032, 7.302314117000037 ], [ 80.031466324000064, 7.301922774000047 ], [ 80.03244907800007, 7.301715055000045 ], [ 80.034765045000086, 7.303100506000021 ], [ 80.037855155000045, 7.30364985500006 ], [ 80.039403091000054, 7.30306280700006 ], [ 80.043090256000085, 7.300255120000031 ], [ 80.045600799000056, 7.299882378000063 ], [ 80.047100287000035, 7.299441 ], [ 80.047368668000047, 7.298570932000075 ], [ 80.047007009000083, 7.296673253000051 ], [ 80.047123485000043, 7.295769091000068 ], [ 80.048606879000033, 7.294156572000077 ], [ 80.052440989000047, 7.291781154000034 ], [ 80.053277659000059, 7.290823233000026 ], [ 80.053567198000053, 7.289570045000062 ], [ 80.05323736500003, 7.286066950000077 ], [ 80.053353786000059, 7.285186711000051 ], [ 80.053853220000065, 7.284527187000037 ], [ 80.055378049000069, 7.283936288000064 ], [ 80.058277875000044, 7.283689511000034 ], [ 80.059140296000066, 7.283786577000058 ], [ 80.061282524000035, 7.284814901000061 ], [ 80.063340487000062, 7.285284625000031 ], [ 80.064889767000068, 7.286252334000039 ], [ 80.067178831000035, 7.288337941000066 ], [ 80.073436953000055, 7.292279758000063 ], [ 80.078617678000057, 7.29601343500002 ], [ 80.080604706000031, 7.296970096000052 ], [ 80.081790191000039, 7.297803367000029 ], [ 80.082318231000045, 7.298331659000041 ], [ 80.08251857700003, 7.298934870000039 ], [ 80.082464931000061, 7.302647912000054 ], [ 80.08273211900007, 7.303413915000021 ], [ 80.083950895000044, 7.304769108000073 ], [ 80.084880311000063, 7.304961932000026 ], [ 80.085708853000085, 7.304759881000052 ], [ 80.086656877000053, 7.303756491000058 ], [ 80.087566108000033, 7.303559990000053 ], [ 80.088504670000077, 7.30407746800006 ], [ 80.090817775000062, 7.306140955000046 ], [ 80.092350465000038, 7.306707906000042 ], [ 80.093902780000064, 7.306978215000072 ], [ 80.094756733000054, 7.307578399000022 ] ] ] } },
{ "type": "Feature", "properties": { "ADM3_EN": "Mirigama", "ADM3_PCODE": "LK1212", "ADM2_EN": "Gampaha" }, "geometry": { "type": "Polygon", "coordinates": [ [ [ 80.125205753000046, 7.330118281000068 ], [ 80.129884179000044, 7.328483535000032 ], [ 80.132521926000038, 7.327228267000066 ], [ 80.139309376000085, 7.323077966000028 ], [ 80.139810810000085, 7.322226347000026 ], [ 80.140085740000075, 7.320284522000065 ], [ 80.140341629000034, 7.319800402000055 ], [ 80.142954828000029, 7.317653589000031 ], [ 80.145963466000069, 7.314550775000043 ], [ 80.148104257000057, 7.313623148000033 ], [ 80.148621866000042, 7.313004142000068 ], [ 80.148989708000045, 7.312132585000029 ], [ 80.148899887000084, 7.311301221000065 ], [ 80.147534643000085, 7.309340299000041 ], [ 80.143997014000036, 7.307169879000071 ], [ 80.143095427000048, 7.306368171000031 ], [ 80.142916636000052, 7.305694972000026 ], [ 80.142999936000081, 7.305034601000045 ], [ 80.143633397000031, 7.30366715100007 ], [ 80.146101931000032, 7.301240861000053 ], [ 80.146563532000073, 7.300401178000072 ], [ 80.147190992000048, 7.299746543000026 ], [ 80.151464218000058, 7.298159780000049 ], [ 80.153468491000069, 7.296733968000069 ], [ 80.155018651000034, 7.294769514000052 ], [ 80.155032513000037, 7.293405802000052 ], [ 80.157490120000034, 7.291821041000048 ], [ 80.158414712000081, 7.290748767000025 ], [ 80.159412819000067, 7.290339456000027 ], [ 80.161746765000032, 7.290325163000034 ], [ 80.163399890000051, 7.289838876000033 ], [ 80.164041420000046, 7.28942259400003 ], [ 80.165942974000075, 7.287481245000038 ], [ 80.167730435000067, 7.28647624000007 ], [ 80.168929930000047, 7.284662095000044 ], [ 80.16923806300008, 7.28270662400007 ], [ 80.16976760600005, 7.280918926000027 ], [ 80.17058098900003, 7.280047100000047 ], [ 80.172702983000079, 7.278949375000025 ], [ 80.173782218000042, 7.278197168000077 ], [ 80.174729952000064, 7.277229458000022 ], [ 80.175697500000069, 7.275998515000026 ], [ 80.176881256000058, 7.273167534000038 ], [ 80.178174144000081, 7.271332311000037 ], [ 80.179596204000063, 7.269965828000068 ], [ 80.180742782000038, 7.269291876000068 ], [ 80.182574722000084, 7.267512173000057 ], [ 80.183280626000055, 7.265962800000068 ], [ 80.183356339000056, 7.263403172000039 ], [ 80.184507161000056, 7.261365855000065 ], [ 80.185446040000045, 7.261077946000057 ], [ 80.186374155000067, 7.261393190000035 ], [ 80.187359334000064, 7.261975196000037 ], [ 80.188373442000056, 7.263354815000071 ], [ 80.188857269000039, 7.263669484000047 ], [ 80.189922639000031, 7.263818566000054 ], [ 80.19050956600006, 7.263581567000074 ], [ 80.191127430000051, 7.263071228000058 ], [ 80.193825128000071, 7.259810121000044 ], [ 80.196021390000055, 7.258222692000061 ], [ 80.195733601000029, 7.256502216000058 ], [ 80.195927934000053, 7.255778225000029 ], [ 80.199518413000078, 7.252330585000038 ], [ 80.200511815000084, 7.251130885000066 ], [ 80.200727285000085, 7.245686565000028 ], [ 80.200588983000046, 7.24510788300006 ], [ 80.195809789000066, 7.240603379000049 ], [ 80.194960336000065, 7.24059483700006 ], [ 80.193619109000053, 7.240234243000032 ], [ 80.190637672000037, 7.23912985100003 ], [ 80.188818644000037, 7.237715915000024 ], [ 80.18850113700006, 7.23771550500004 ], [ 80.187171449000061, 7.236471684000037 ], [ 80.186683404000064, 7.235235760000023 ], [ 80.18673558100005, 7.234746857000061 ], [ 80.187509939000051, 7.233795654000062 ], [ 80.189111220000029, 7.231095517000028 ], [ 80.189035537000052, 7.229834390000065 ], [ 80.188470565000046, 7.228302413000051 ], [ 80.189373927000076, 7.227222694000034 ], [ 80.188911622000035, 7.226012541000046 ], [ 80.187855870000078, 7.225367798000036 ], [ 80.187598733000073, 7.224929966000047 ], [ 80.187626568000042, 7.223334415000068 ], [ 80.18835129200005, 7.220890497000028 ], [ 80.185164077000081, 7.214516899000046 ], [ 80.184574515000065, 7.212097019000055 ], [ 80.184396301000049, 7.210423995000042 ], [ 80.184656050000058, 7.208841611000025 ], [ 80.18615542200007, 7.205695211000034 ], [ 80.186164030000043, 7.203877887000033 ], [ 80.185462267000048, 7.203155155000047 ], [ 80.185103102000085, 7.201919396000051 ], [ 80.183456964000072, 7.199549620000028 ], [ 80.183406262000062, 7.198906172000022 ], [ 80.184543124000072, 7.196565731000021 ], [ 80.184414881000066, 7.196102329000041 ], [ 80.182407922000039, 7.193796423000038 ], [ 80.181351649000078, 7.193614904000071 ], [ 80.179425095000056, 7.193792546000054 ], [ 80.179076881000071, 7.194063476000053 ], [ 80.17828628400008, 7.194062466000048 ], [ 80.17788123400004, 7.193812201000071 ], [ 80.176403654000069, 7.193968744000074 ], [ 80.174268812000037, 7.194752611000069 ], [ 80.173899752000068, 7.193941737000046 ], [ 80.173209532000044, 7.194650266000053 ], [ 80.172421857000074, 7.194397533000028 ], [ 80.168964225000082, 7.194644656000037 ], [ 80.16790080800007, 7.192618625000023 ], [ 80.167087121000066, 7.192421957000022 ], [ 80.166555242000072, 7.192005631000029 ], [ 80.166004533000034, 7.191943777000063 ], [ 80.163995772000078, 7.193010704000073 ], [ 80.164098705000072, 7.19383596800003 ], [ 80.16380747900007, 7.19422980500002 ], [ 80.163446642000054, 7.194052073000023 ], [ 80.163032778000058, 7.194168870000055 ], [ 80.162553763000062, 7.193581472000062 ], [ 80.161790346000032, 7.193321299000047 ], [ 80.160913423000068, 7.191763436000031 ], [ 80.160521663000054, 7.190656077000028 ], [ 80.161065936000057, 7.190009371000031 ], [ 80.161098523000078, 7.18881689400007 ], [ 80.160614584000029, 7.188455241000042 ], [ 80.160596079000072, 7.187749231000055 ], [ 80.160168728000031, 7.187249934000022 ], [ 80.159824428000036, 7.18488224400005 ], [ 80.158757967000042, 7.18440742000007 ], [ 80.157826073000081, 7.184456437000051 ], [ 80.155864398000062, 7.185383796000053 ], [ 80.155176461000053, 7.186704456000029 ], [ 80.154830139000069, 7.189605991000064 ], [ 80.153912682000055, 7.191997515000025 ], [ 80.152965990000041, 7.192720340000051 ], [ 80.152146334000065, 7.192719239000041 ], [ 80.151390095000068, 7.192466337000042 ], [ 80.150448245000064, 7.189631511000073 ], [ 80.149880985000038, 7.189504801000055 ], [ 80.148588108000069, 7.189786386000037 ], [ 80.147421717000043, 7.189784787000065 ], [ 80.146791452000059, 7.189626503000056 ], [ 80.146161882000058, 7.188964480000038 ], [ 80.146353152000074, 7.187422038000022 ], [ 80.147173813000052, 7.186667555000042 ], [ 80.149702129000048, 7.185253529000022 ], [ 80.152157516000045, 7.184533464000026 ], [ 80.15369004300004, 7.183671761000028 ], [ 80.155577242000049, 7.173634918000062 ], [ 80.155549757000074, 7.172641473000056 ], [ 80.157257899000058, 7.167345592000061 ], [ 80.157239330000039, 7.166559736000067 ], [ 80.156638648000069, 7.164104860000066 ], [ 80.156679147000034, 7.163019462000022 ], [ 80.156333841000048, 7.160101201000032 ], [ 80.15521612200007, 7.155640924000068 ], [ 80.154765585000064, 7.153069291000065 ], [ 80.153942972000038, 7.150675668000076 ], [ 80.154089618000057, 7.150095180000051 ], [ 80.155219861000035, 7.148313608000024 ], [ 80.156420594000053, 7.144594063000056 ], [ 80.157699954000066, 7.142345103000025 ], [ 80.158367338000062, 7.140709896000033 ], [ 80.158890298000074, 7.136388478000072 ], [ 80.157239907000076, 7.136292836000052 ], [ 80.156490405000056, 7.135668397000074 ], [ 80.154815109000083, 7.135622425000065 ], [ 80.154191542000035, 7.135985353000024 ], [ 80.151697497000043, 7.135852496000041 ], [ 80.151058311000043, 7.135478714000044 ], [ 80.150591293000048, 7.13635759400006 ], [ 80.149634218000074, 7.13684267900004 ], [ 80.148596612000063, 7.136667555000031 ], [ 80.148483160000069, 7.136388718000035 ], [ 80.148653272000047, 7.135791893000032 ], [ 80.148011514000075, 7.135459491000063 ], [ 80.147710758000073, 7.135639135000076 ], [ 80.146815359000072, 7.135650345000045 ], [ 80.146727037000062, 7.137473185000033 ], [ 80.145995072000062, 7.137835643000074 ], [ 80.144948128000067, 7.137601497000048 ], [ 80.144854818000056, 7.137774255000068 ], [ 80.144264324000062, 7.13763383600002 ], [ 80.143493899000077, 7.137766598000042 ], [ 80.143438222000043, 7.137562636000041 ], [ 80.143142567000041, 7.137551039000073 ], [ 80.143081863000077, 7.138131957000041 ], [ 80.142486078000047, 7.137443638000036 ], [ 80.141360040000052, 7.138043981000067 ], [ 80.140997807000076, 7.13851713300005 ], [ 80.14079612900008, 7.139218561000064 ], [ 80.139676475000044, 7.140367593000065 ], [ 80.139697573000035, 7.141085331000056 ], [ 80.139324536000061, 7.141704324000045 ], [ 80.139360590000081, 7.142606101000069 ], [ 80.138369496000053, 7.142103155000029 ], [ 80.137742900000035, 7.143035844000053 ], [ 80.137444106000032, 7.143915676000063 ], [ 80.135534251000081, 7.14292651300002 ], [ 80.135070571000085, 7.142063660000076 ], [ 80.134494860000075, 7.141945034000059 ], [ 80.13391580900003, 7.143118947000062 ], [ 80.13228261200004, 7.144891683000026 ], [ 80.133211681000034, 7.145432467000035 ], [ 80.13264719600005, 7.146987358000047 ], [ 80.132181110000033, 7.147522700000025 ], [ 80.130879617000062, 7.147966496000038 ], [ 80.129906808000044, 7.151569217000031 ], [ 80.129559061000066, 7.151492157000064 ], [ 80.129515689000073, 7.151686778000055 ], [ 80.127124801000036, 7.150985433000073 ], [ 80.126713237000047, 7.151941813000064 ], [ 80.126660438000044, 7.152730751000036 ], [ 80.12690097400008, 7.153680517000055 ], [ 80.126460851000047, 7.153987723000057 ], [ 80.126276302000065, 7.154698111000073 ], [ 80.127441495000085, 7.15511409100003 ], [ 80.127152160000037, 7.155655463000073 ], [ 80.126780150000059, 7.155698185000062 ], [ 80.126228537000031, 7.157550660000027 ], [ 80.127090947000056, 7.15779126800004 ], [ 80.127104136000071, 7.158137875000023 ], [ 80.126808349000044, 7.158766391000029 ], [ 80.126475631000062, 7.158901176000029 ], [ 80.126039880000064, 7.159470473000056 ], [ 80.12634883000004, 7.159640928000044 ], [ 80.126173187000063, 7.159866970000053 ], [ 80.126497306000033, 7.160137262000035 ], [ 80.126380613000038, 7.160344645000066 ], [ 80.126854149000053, 7.160633406000045 ], [ 80.126725762000035, 7.161063802000058 ], [ 80.125267539000049, 7.161051006000037 ], [ 80.125115311000059, 7.161768592000044 ], [ 80.125254062000067, 7.162287570000046 ], [ 80.124849582000081, 7.162280012000053 ], [ 80.124843466000073, 7.163247054000067 ], [ 80.124179784000034, 7.164239889000044 ], [ 80.124223479000079, 7.165090853000038 ], [ 80.123906436000084, 7.165526254000042 ], [ 80.123688402000084, 7.165491523000071 ], [ 80.122969434000083, 7.164409255000066 ], [ 80.122167965000074, 7.163633374000028 ], [ 80.121380922000071, 7.163555832000043 ], [ 80.121304149000082, 7.16440848700006 ], [ 80.120867435000036, 7.164735428000029 ], [ 80.11928148700008, 7.162318872000071 ], [ 80.118531558000029, 7.16290231000005 ], [ 80.117080102000045, 7.16358439000004 ], [ 80.115886533000037, 7.163733598000022 ], [ 80.114887882000062, 7.163509084000054 ], [ 80.114099159000034, 7.163804633000041 ], [ 80.113720189000048, 7.164108368000029 ], [ 80.113597668000068, 7.164878706000025 ], [ 80.112818564000065, 7.166425305000075 ], [ 80.111447812000051, 7.166224476000025 ], [ 80.11150342500008, 7.165809144000036 ], [ 80.111153985000044, 7.165535595000051 ], [ 80.110535395000056, 7.166384199000049 ], [ 80.110016668000071, 7.166644068000039 ], [ 80.108731848000048, 7.166560300000071 ], [ 80.109160532000033, 7.165835772000037 ], [ 80.109885014000042, 7.16521864300006 ], [ 80.110878326000034, 7.162865031000024 ], [ 80.11007457900007, 7.161997004000057 ], [ 80.108983114000068, 7.161900661000061 ], [ 80.108661189000031, 7.161700988000064 ], [ 80.108491679000053, 7.161874272000034 ], [ 80.107870930000047, 7.161671880000029 ], [ 80.10653985700003, 7.161747861000038 ], [ 80.104089214000055, 7.162998594000044 ], [ 80.102548457000069, 7.16325751100004 ], [ 80.102559823000036, 7.163550730000054 ], [ 80.102318796000077, 7.163581653000051 ], [ 80.102271785000084, 7.161486134000029 ], [ 80.10250454700008, 7.159947622000061 ], [ 80.101661197000055, 7.159773312000027 ], [ 80.100754739000081, 7.159972907000054 ], [ 80.098515883000061, 7.160964832000047 ], [ 80.097362603000079, 7.162255425000069 ], [ 80.096287092000068, 7.160961905000022 ], [ 80.09430113600007, 7.161069646000044 ], [ 80.092852152000034, 7.162326301000064 ], [ 80.091801455000052, 7.162702825000054 ], [ 80.091998050000029, 7.163437552000062 ], [ 80.091024537000067, 7.163693713000043 ], [ 80.089370645000031, 7.165631211000061 ], [ 80.08720762300004, 7.167511056000023 ], [ 80.086673634000078, 7.166887719000044 ], [ 80.086748617000069, 7.16657397900002 ], [ 80.087303527000074, 7.16615949100003 ], [ 80.084673212000041, 7.16459664000007 ], [ 80.083450074000041, 7.164125634000072 ], [ 80.08215081700007, 7.163194434000047 ], [ 80.082179094000082, 7.162257877000059 ], [ 80.082023585000059, 7.161934777000056 ], [ 80.081230858000083, 7.161581285000068 ], [ 80.080004999000039, 7.160274533000063 ], [ 80.07886273500003, 7.160087872000076 ], [ 80.077544471000067, 7.160395878000031 ], [ 80.077448030000085, 7.160196032000044 ], [ 80.076915095000061, 7.160071229000039 ], [ 80.076488883000081, 7.161149345000069 ], [ 80.075779123000075, 7.16080185800007 ], [ 80.075159115000076, 7.160116636000055 ], [ 80.074605833000078, 7.160079906000021 ], [ 80.074717496000062, 7.159428457000047 ], [ 80.075174599000036, 7.158775202000072 ], [ 80.074188419000052, 7.15768743700005 ], [ 80.07279107100004, 7.157867588000045 ], [ 80.072888609000074, 7.159013081000069 ], [ 80.072212019000062, 7.159887473000026 ], [ 80.072057663000066, 7.160751085000072 ], [ 80.072211776000074, 7.160940136000022 ], [ 80.07205530300007, 7.160996707000038 ], [ 80.071805467000047, 7.162038491000033 ], [ 80.072299071000032, 7.161967459000039 ], [ 80.072347072000071, 7.162411195000061 ], [ 80.071849174000079, 7.162481237000065 ], [ 80.071922654000048, 7.162869925000052 ], [ 80.071115475000056, 7.163093235000076 ], [ 80.071126010000057, 7.162322552000035 ], [ 80.06993570700007, 7.16271434600003 ], [ 80.070072002000074, 7.163632935000066 ], [ 80.069778635000034, 7.163662803000022 ], [ 80.069669986000065, 7.163925093000046 ], [ 80.068920898000044, 7.163991270000054 ], [ 80.068985100000077, 7.164872870000067 ], [ 80.068364003000056, 7.164355382000053 ], [ 80.067876255000044, 7.164413010000033 ], [ 80.067954819000079, 7.163790495000057 ], [ 80.067420580000032, 7.163016010000035 ], [ 80.065761888000054, 7.163432829000044 ], [ 80.065746211000032, 7.162949409000021 ], [ 80.065446696000038, 7.162454396000044 ], [ 80.063782607000064, 7.162832656000035 ], [ 80.063650206000034, 7.162716551000074 ], [ 80.062715597000079, 7.163354508000054 ], [ 80.062023530000033, 7.164237873000047 ], [ 80.061469530000068, 7.164325163000058 ], [ 80.061308005000058, 7.16408014700005 ], [ 80.061368796000068, 7.162988350000035 ], [ 80.060128730000031, 7.163129580000032 ], [ 80.059230243000059, 7.164010993000034 ], [ 80.058635281000079, 7.163063413000032 ], [ 80.057965496000065, 7.163126659000056 ], [ 80.05687137700005, 7.162729854000077 ], [ 80.056502619000071, 7.163612076000049 ], [ 80.056745677000038, 7.163894351000067 ], [ 80.056375880000076, 7.164617151000073 ], [ 80.055566836000082, 7.164739189000045 ], [ 80.055434146000039, 7.165099824000038 ], [ 80.052304613000047, 7.165051118000065 ], [ 80.052199676000043, 7.166064811000069 ], [ 80.052735046000066, 7.16732021100006 ], [ 80.052604891000044, 7.167380088000073 ], [ 80.052069735000032, 7.166635536000058 ], [ 80.050903434000077, 7.165649998000049 ], [ 80.049452125000073, 7.165402630000074 ], [ 80.048501289000058, 7.164366867000069 ], [ 80.048114393000048, 7.165142368000033 ], [ 80.048250164000081, 7.165325280000047 ], [ 80.047963203000052, 7.165524012000049 ], [ 80.047684845000049, 7.165440425000043 ], [ 80.047605346000068, 7.165705040000034 ], [ 80.045806995000078, 7.166986781000048 ], [ 80.04537896800008, 7.166621943000052 ], [ 80.045239191000064, 7.166738304000035 ], [ 80.044964133000065, 7.167061496000031 ], [ 80.04555401500005, 7.167778165000072 ], [ 80.045096394000041, 7.168298432000029 ], [ 80.044308472000068, 7.167751697000028 ], [ 80.043725366000047, 7.168296161000058 ], [ 80.043399392000083, 7.168947507000041 ], [ 80.042060413000058, 7.168807202000039 ], [ 80.042268615000069, 7.169221767000067 ], [ 80.042295892000084, 7.169996019000052 ], [ 80.042165397000076, 7.170436125000037 ], [ 80.041520475000084, 7.170357675000048 ], [ 80.041327857000056, 7.17170601600003 ], [ 80.041085648000035, 7.171947241000055 ], [ 80.040191245000074, 7.172201393000023 ], [ 80.040103597000041, 7.17245041700005 ], [ 80.038799104000077, 7.173454736000053 ], [ 80.037529176000078, 7.17528350200007 ], [ 80.038529452000034, 7.178016004000028 ], [ 80.039659117000042, 7.17889845600007 ], [ 80.040322730000071, 7.180154422000044 ], [ 80.040452723000044, 7.182080930000041 ], [ 80.040779643000064, 7.183610069000053 ], [ 80.04010015800003, 7.187375038000027 ], [ 80.040578219000054, 7.187591739000027 ], [ 80.041040528000053, 7.187547204000055 ], [ 80.041314288000081, 7.188025119000031 ], [ 80.042277736000074, 7.188097310000046 ], [ 80.04267288300008, 7.18864166000003 ], [ 80.043385715000056, 7.188856971000064 ], [ 80.043615990000035, 7.188405739000075 ], [ 80.044178739000074, 7.188838088000068 ], [ 80.044593375000034, 7.188777733000052 ], [ 80.044511838000062, 7.189294784000026 ], [ 80.045280363000074, 7.189417287000026 ], [ 80.045374333000041, 7.189094875000023 ], [ 80.046439373000055, 7.189170988000058 ], [ 80.046937015000083, 7.189562490000071 ], [ 80.048374374000048, 7.189146739000023 ], [ 80.049130514000069, 7.189747294000028 ], [ 80.049738865000052, 7.190391453000075 ], [ 80.050347756000065, 7.191665004000072 ], [ 80.050355576000072, 7.192375637000055 ], [ 80.049706621000041, 7.194131174000063 ], [ 80.049234891000083, 7.194118883000044 ], [ 80.049434939000037, 7.195442492000041 ], [ 80.050065653000047, 7.195813039000029 ], [ 80.049882209000032, 7.196604301000036 ], [ 80.049177452000038, 7.197623551000049 ], [ 80.048535229000038, 7.197165515000052 ], [ 80.048030137000069, 7.197743643000024 ], [ 80.04799119300003, 7.198214241000073 ], [ 80.047668066000085, 7.198492816000055 ], [ 80.047447248000083, 7.199147215000039 ], [ 80.045519585000079, 7.198902044000022 ], [ 80.044706836000046, 7.198302811000076 ], [ 80.042286009000065, 7.197470186000032 ], [ 80.03982962300006, 7.197798603000024 ], [ 80.037746491000064, 7.198597394000046 ], [ 80.036949689000039, 7.199099255000021 ], [ 80.035620201000029, 7.200906931000077 ], [ 80.035021380000046, 7.200541006000037 ], [ 80.034791106000057, 7.201064601000041 ], [ 80.03417782300005, 7.200950653000064 ], [ 80.03373627600007, 7.201078585000062 ], [ 80.033492070000079, 7.201340815000037 ], [ 80.033257698000057, 7.201265274000036 ], [ 80.033084023000072, 7.201719913000034 ], [ 80.033119855000052, 7.202012221000075 ], [ 80.034287002000042, 7.202844680000055 ], [ 80.033634964000044, 7.203829133000056 ], [ 80.033339259000059, 7.204778992000058 ], [ 80.032675673000085, 7.205521063000049 ], [ 80.033732460000067, 7.207308512000054 ], [ 80.034495468000046, 7.209407415000044 ], [ 80.034944788000075, 7.20984166900007 ], [ 80.034119340000075, 7.21010224500003 ], [ 80.033881564000069, 7.210423754000033 ], [ 80.033358324000062, 7.210448173000032 ], [ 80.033508954000069, 7.210820947000059 ], [ 80.037117963000071, 7.21139316600005 ], [ 80.037930980000056, 7.210728462000077 ], [ 80.03827992600003, 7.210670038000046 ], [ 80.038548648000074, 7.210223941000038 ], [ 80.039785562000077, 7.209226899000043 ], [ 80.041346808000071, 7.208570580000071 ], [ 80.04526213500003, 7.20782782200007 ], [ 80.045601204000036, 7.20793487800006 ], [ 80.045381105000047, 7.206467404000023 ], [ 80.04566029800003, 7.206286741000042 ], [ 80.04597810100006, 7.206606211000064 ], [ 80.046318639000049, 7.208579626000073 ], [ 80.046868957000072, 7.210082618000058 ], [ 80.045979893000037, 7.210483837000027 ], [ 80.045830432000059, 7.211624848000042 ], [ 80.046002585000053, 7.212510915000053 ], [ 80.046245720000059, 7.212835111000061 ], [ 80.046801120000055, 7.21300509100007 ], [ 80.046865124000078, 7.214425571000049 ], [ 80.04725764300008, 7.215213337000023 ], [ 80.048429020000071, 7.215101089000029 ], [ 80.048716873000046, 7.215321821000032 ], [ 80.048842205000085, 7.215877675000058 ], [ 80.048698260000037, 7.216260301000034 ], [ 80.049127789000067, 7.216838521000057 ], [ 80.049293162000083, 7.217722769000034 ], [ 80.049318886000037, 7.218159211000057 ], [ 80.04904278500004, 7.218510809000065 ], [ 80.048946233000038, 7.219062265000048 ], [ 80.049353210000049, 7.219561336000027 ], [ 80.049203869000053, 7.220069323000075 ], [ 80.049286521000056, 7.220909107000068 ], [ 80.04856735900006, 7.221738601000027 ], [ 80.048819982000055, 7.222192026000073 ], [ 80.04855849900008, 7.222748258000024 ], [ 80.047309161000044, 7.223583521000023 ], [ 80.046682155000042, 7.22565338000004 ], [ 80.046633284000052, 7.227466476000075 ], [ 80.046335221000049, 7.228187026000057 ], [ 80.045794159000081, 7.228587923000021 ], [ 80.045138192000081, 7.228567413000064 ], [ 80.044529362000048, 7.228875355000071 ], [ 80.043610679000039, 7.230374402000052 ], [ 80.044331777000082, 7.230775814000026 ], [ 80.045363990000055, 7.230345521000061 ], [ 80.046303186000046, 7.230468689000077 ], [ 80.046456661000036, 7.230837060000056 ], [ 80.047530823000045, 7.231149152000057 ], [ 80.047621154000069, 7.231804332000024 ], [ 80.048395710000079, 7.232828003000066 ], [ 80.049308119000045, 7.232045786000072 ], [ 80.051786431000039, 7.230730493000067 ], [ 80.05277976900004, 7.22971070400007 ], [ 80.053157973000054, 7.228905156000053 ], [ 80.059058960000073, 7.228368613000043 ], [ 80.060313593000046, 7.228978811000047 ], [ 80.062387416000036, 7.229366463000076 ], [ 80.062769938000031, 7.229610592000029 ], [ 80.061954031000084, 7.231180147000032 ], [ 80.061234372000058, 7.234230928000045 ], [ 80.060140401000069, 7.23643220200006 ], [ 80.060767438000084, 7.236394921000056 ], [ 80.061471876000041, 7.235474470000042 ], [ 80.063243926000041, 7.235650873000054 ], [ 80.064257487000077, 7.235106626000061 ], [ 80.064537610000059, 7.235286635000023 ], [ 80.063945920000037, 7.234516780000035 ], [ 80.06489964900004, 7.234755692000022 ], [ 80.066636360000075, 7.235841029000028 ], [ 80.066923988000042, 7.23440505800005 ], [ 80.067638698000053, 7.233400771000049 ], [ 80.068210364000038, 7.23170125300004 ], [ 80.07035094400004, 7.232104022000044 ], [ 80.073144306000074, 7.231913880000036 ], [ 80.074124003000065, 7.232192886000064 ], [ 80.074889552000059, 7.23285058700003 ], [ 80.075337138000066, 7.232996208000031 ], [ 80.075952208000047, 7.234876496000027 ], [ 80.078073332000031, 7.235978407000061 ], [ 80.07843689300006, 7.236334871000054 ], [ 80.078738366000039, 7.23681500400005 ], [ 80.078495927000063, 7.238245880000022 ], [ 80.078789487000051, 7.238811200000043 ], [ 80.079581411000049, 7.237729298000033 ], [ 80.079443106000042, 7.236993965000067 ], [ 80.079940265000062, 7.236128206000046 ], [ 80.079890495000029, 7.235737468000025 ], [ 80.082722809000074, 7.236498506000032 ], [ 80.083007123000073, 7.235900062000042 ], [ 80.083853614000077, 7.235277828000051 ], [ 80.084943034000048, 7.234953879000045 ], [ 80.086170122000055, 7.235260162000031 ], [ 80.086654530000033, 7.235633005000068 ], [ 80.087501558000042, 7.235217840000075 ], [ 80.087495775000036, 7.234832741000048 ], [ 80.087985096000068, 7.234967032000043 ], [ 80.088255309000033, 7.23317802300005 ], [ 80.089127568000038, 7.232022879000056 ], [ 80.089153243000055, 7.232290135000028 ], [ 80.090478165000036, 7.23264066400003 ], [ 80.09191147000007, 7.231177334000051 ], [ 80.093818427000031, 7.230719695000062 ], [ 80.094509318000064, 7.23079509400003 ], [ 80.095335495000029, 7.229885368000055 ], [ 80.096491345000061, 7.229411954000057 ], [ 80.096902276000037, 7.229428497000072 ], [ 80.098105364000048, 7.229733125000052 ], [ 80.097501911000052, 7.233442550000063 ], [ 80.097607063000055, 7.234912305000023 ], [ 80.09783064800007, 7.235121160000062 ], [ 80.098115332000077, 7.235013067000068 ], [ 80.097093673000074, 7.235983998000052 ], [ 80.096115348000069, 7.237421563000055 ], [ 80.095347907000075, 7.237675723000052 ], [ 80.095277937000048, 7.237915386000054 ], [ 80.098305900000071, 7.238786568000023 ], [ 80.098413598000036, 7.239289575000043 ], [ 80.099141093000071, 7.240321926000036 ], [ 80.099708208000038, 7.240219780000075 ], [ 80.100329550000083, 7.238928304000069 ], [ 80.099958002000051, 7.238717919000067 ], [ 80.100381995000077, 7.238594954000064 ], [ 80.101151443000049, 7.238451080000061 ], [ 80.10354684400005, 7.23926502300003 ], [ 80.104364933000056, 7.239297372000067 ], [ 80.103944806000072, 7.237956446000055 ], [ 80.104073510000035, 7.237205495000069 ], [ 80.109037498000077, 7.23853144800006 ], [ 80.10955016500003, 7.237155181000048 ], [ 80.109652198000049, 7.236273264000033 ], [ 80.110243346000061, 7.234664849000069 ], [ 80.110491671000034, 7.234409902000039 ], [ 80.111154068000076, 7.234383742000034 ], [ 80.110824518000072, 7.235176094000053 ], [ 80.111721677000048, 7.23565829100005 ], [ 80.111741307000045, 7.235973817000058 ], [ 80.111394689000065, 7.236075216000074 ], [ 80.111984230000076, 7.236568028000022 ], [ 80.112722192000035, 7.23777108400003 ], [ 80.11332555000007, 7.23749200900005 ], [ 80.113713067000049, 7.238237370000036 ], [ 80.114310739000075, 7.238639136000074 ], [ 80.114332538000042, 7.239075855000067 ], [ 80.114865558000076, 7.240098087000035 ], [ 80.114937844000053, 7.240890816000046 ], [ 80.116165184000067, 7.243535519000034 ], [ 80.117829596000036, 7.244274357000052 ], [ 80.118732624000074, 7.245357094000042 ], [ 80.118667028000061, 7.245523927000022 ], [ 80.119102533000046, 7.246003826000049 ], [ 80.118991645000051, 7.246201700000029 ], [ 80.119145872000047, 7.246328788000028 ], [ 80.118022221000047, 7.246920595000063 ], [ 80.117800379000073, 7.246686867000051 ], [ 80.116885492000051, 7.247767769000063 ], [ 80.116515041000071, 7.249758266000072 ], [ 80.114395740000077, 7.25437505900004 ], [ 80.115358272000037, 7.254287172000033 ], [ 80.115643513000066, 7.254801225000051 ], [ 80.113650981000035, 7.256859224000038 ], [ 80.113897395000038, 7.25712571300005 ], [ 80.114034160000074, 7.257790181000075 ], [ 80.11388690800004, 7.25917706000007 ], [ 80.115735978000032, 7.259736307000026 ], [ 80.116781606000075, 7.260584787000028 ], [ 80.117360123000083, 7.260724691000064 ], [ 80.118350881000083, 7.260570510000036 ], [ 80.118425457000058, 7.261635887000068 ], [ 80.119016994000049, 7.262342032000049 ], [ 80.119240259000037, 7.263622449000025 ], [ 80.119082751000064, 7.263941178000039 ], [ 80.118194423000034, 7.264120990000038 ], [ 80.117633675000036, 7.266878476000045 ], [ 80.117784866000079, 7.268084653000074 ], [ 80.117386246000081, 7.269126792000066 ], [ 80.117059769000036, 7.269349172000034 ], [ 80.114778791000049, 7.269488392000028 ], [ 80.113745822000055, 7.270183129000031 ], [ 80.113282584000046, 7.271098376000054 ], [ 80.113096158000076, 7.271066714000028 ], [ 80.111065962000055, 7.277253514000051 ], [ 80.111156372000039, 7.278061513000068 ], [ 80.107663478000063, 7.277815605000058 ], [ 80.104974801000083, 7.278686159000074 ], [ 80.10287956500008, 7.280022511000027 ], [ 80.102204130000075, 7.280776019000029 ], [ 80.101220735000084, 7.280662867000046 ], [ 80.100893893000034, 7.280797908000068 ], [ 80.100788547000036, 7.280489093000028 ], [ 80.100636706000046, 7.28050707500006 ], [ 80.101141466000058, 7.281484497000065 ], [ 80.101477322000051, 7.283134681000035 ], [ 80.101785134000068, 7.282957264000061 ], [ 80.101492725000071, 7.285562125000069 ], [ 80.101371365000034, 7.286012931000073 ], [ 80.100820101000068, 7.286682093000024 ], [ 80.100758118000044, 7.287885581000069 ], [ 80.102143531000081, 7.288683087000038 ], [ 80.103048871000055, 7.291409650000048 ], [ 80.104678153000066, 7.293267009000033 ], [ 80.104426408000052, 7.294308422000029 ], [ 80.104647942000042, 7.294410895000055 ], [ 80.104912600000034, 7.294205698000042 ], [ 80.10554257900003, 7.295244069000034 ], [ 80.105568081000058, 7.296442370000022 ], [ 80.105047842000033, 7.297428170000046 ], [ 80.104023307000034, 7.298102612000037 ], [ 80.103189672000042, 7.298166456000047 ], [ 80.102465270000039, 7.298459782000066 ], [ 80.102229008000052, 7.299181326000053 ], [ 80.104823212000042, 7.30368239400002 ], [ 80.103893797000069, 7.30499217800002 ], [ 80.103071743000044, 7.30533295400005 ], [ 80.102755341000034, 7.305883712000025 ], [ 80.102219406000074, 7.305823697000051 ], [ 80.101923657000043, 7.306103774000064 ], [ 80.100967222000065, 7.306369090000032 ], [ 80.100587104000056, 7.305261972000039 ], [ 80.099541787000078, 7.305533149000041 ], [ 80.099048331000063, 7.305767653000032 ], [ 80.099094748000084, 7.305895274000022 ], [ 80.097991239000066, 7.305477773000064 ], [ 80.097751398000071, 7.305626705000066 ], [ 80.097988070000042, 7.306212980000055 ], [ 80.097715661000052, 7.306507164000038 ], [ 80.096513748000064, 7.306816377000075 ], [ 80.095579008000072, 7.306570935000025 ], [ 80.094756733000054, 7.307578399000022 ], [ 80.096039639000082, 7.309538825000061 ], [ 80.099175178000053, 7.312116113000059 ], [ 80.099623787000041, 7.312301555000033 ], [ 80.10140894500006, 7.312316193000072 ], [ 80.102820888000053, 7.313532491000046 ], [ 80.103400269000076, 7.314669786000024 ], [ 80.103888614000084, 7.317052033000039 ], [ 80.107674289000045, 7.32113468600005 ], [ 80.109649557000068, 7.322368834000031 ], [ 80.112754500000051, 7.323824049000052 ], [ 80.116273947000082, 7.324679004000075 ], [ 80.118222593000041, 7.325418204000073 ], [ 80.12070065100005, 7.327038748000064 ], [ 80.123543427000072, 7.33020295700004 ], [ 80.124190268000063, 7.330317538000031 ], [ 80.125205753000046, 7.330118281000068 ] ], [ [ 80.16086612600003, 7.198321006000072 ], [ 80.164134121000075, 7.199672391000036 ], [ 80.167061052000065, 7.20009976700004 ], [ 80.167153168000084, 7.201145388000043 ], [ 80.166997723000065, 7.201620723000076 ], [ 80.166303546000051, 7.202529378000065 ], [ 80.165213829000038, 7.203101360000062 ], [ 80.162571194000066, 7.203165464000051 ], [ 80.160626656000034, 7.202556319000053 ], [ 80.159468451000066, 7.200487663000047 ], [ 80.15912456600006, 7.200202507000029 ], [ 80.158958710000036, 7.199619572000074 ], [ 80.159102243000063, 7.19926259500005 ], [ 80.160191487000077, 7.198503794000032 ], [ 80.16086612600003, 7.198321006000072 ] ] ] } },
{ "type": "Feature", "properties": { "ADM3_EN": "Minuwangoda", "ADM3_PCODE": "LK1215", "ADM2_EN": "Gampaha" }, "geometry": { "type": "Polygon", "coordinates": [ [ [ 80.031453728000031, 7.210311296000043 ], [ 80.033881564000069, 7.210423754000033 ], [ 80.034119340000075, 7.21010224500003 ], [ 80.034944788000075, 7.20984166900007 ], [ 80.034495468000046, 7.209407415000044 ], [ 80.033732460000067, 7.207308512000054 ], [ 80.032675673000085, 7.205521063000049 ], [ 80.033339259000059, 7.204778992000058 ], [ 80.033634964000044, 7.203829133000056 ], [ 80.034287002000042, 7.202844680000055 ], [ 80.033076392000055, 7.201958438000077 ], [ 80.033257698000057, 7.201265274000036 ], [ 80.033492070000079, 7.201340815000037 ], [ 80.03417782300005, 7.200950653000064 ], [ 80.034791106000057, 7.201064601000041 ], [ 80.035021380000046, 7.200541006000037 ], [ 80.035620201000029, 7.200906931000077 ], [ 80.036949689000039, 7.199099255000021 ], [ 80.037746491000064, 7.198597394000046 ], [ 80.040277252000067, 7.197669020000035 ], [ 80.042286009000065, 7.197470186000032 ], [ 80.044706836000046, 7.198302811000076 ], [ 80.045519585000079, 7.198902044000022 ], [ 80.047447248000083, 7.199147215000039 ], [ 80.047668066000085, 7.198492816000055 ], [ 80.04799119300003, 7.198214241000073 ], [ 80.048030137000069, 7.197743643000024 ], [ 80.048535229000038, 7.197165515000052 ], [ 80.049177452000038, 7.197623551000049 ], [ 80.049882209000032, 7.196604301000036 ], [ 80.050065653000047, 7.195813039000029 ], [ 80.049434939000037, 7.195442492000041 ], [ 80.049234891000083, 7.194118883000044 ], [ 80.049706621000041, 7.194131174000063 ], [ 80.050355576000072, 7.192375637000055 ], [ 80.050347756000065, 7.191665004000072 ], [ 80.049738865000052, 7.190391453000075 ], [ 80.048374374000048, 7.189146739000023 ], [ 80.046937015000083, 7.189562490000071 ], [ 80.046439373000055, 7.189170988000058 ], [ 80.045564684000055, 7.189092065000068 ], [ 80.045374333000041, 7.189094875000023 ], [ 80.045280363000074, 7.189417287000026 ], [ 80.044924974000082, 7.18938445200007 ], [ 80.044511838000062, 7.189294784000026 ], [ 80.044593375000034, 7.188777733000052 ], [ 80.044178739000074, 7.188838088000068 ], [ 80.043615990000035, 7.188405739000075 ], [ 80.043385715000056, 7.188856971000064 ], [ 80.04267288300008, 7.18864166000003 ], [ 80.042277736000074, 7.188097310000046 ], [ 80.041314288000081, 7.188025119000031 ], [ 80.041040528000053, 7.187547204000055 ], [ 80.040578219000054, 7.187591739000027 ], [ 80.04010015800003, 7.187375038000027 ], [ 80.040779643000064, 7.183610069000053 ], [ 80.040452723000044, 7.182080930000041 ], [ 80.040322730000071, 7.180154422000044 ], [ 80.039659117000042, 7.17889845600007 ], [ 80.038529452000034, 7.178016004000028 ], [ 80.037529176000078, 7.17528350200007 ], [ 80.038799104000077, 7.173454736000053 ], [ 80.040103597000041, 7.17245041700005 ], [ 80.040191245000074, 7.172201393000023 ], [ 80.041085648000035, 7.171947241000055 ], [ 80.041327857000056, 7.17170601600003 ], [ 80.041520475000084, 7.170357675000048 ], [ 80.039895308000041, 7.168422977000034 ], [ 80.039633544000083, 7.167879185000061 ], [ 80.038338090000082, 7.167032733000042 ], [ 80.038311486000055, 7.166329522000069 ], [ 80.038031188000048, 7.166190372000074 ], [ 80.038255912000068, 7.165494549000073 ], [ 80.037728824000055, 7.164997458000073 ], [ 80.037437063000084, 7.165082072000075 ], [ 80.037099615000045, 7.164647445000071 ], [ 80.037132352000071, 7.164399876000061 ], [ 80.036635270000033, 7.163949947000049 ], [ 80.037348249000047, 7.160895724000056 ], [ 80.038053825000077, 7.160341398000071 ], [ 80.037793266000051, 7.160129759000029 ], [ 80.037449644000048, 7.160157809000054 ], [ 80.03709875800007, 7.159637017000023 ], [ 80.036797099000069, 7.159654661000047 ], [ 80.037452010000038, 7.159317768000051 ], [ 80.036747741000056, 7.158544258000063 ], [ 80.036591198000053, 7.157827589000021 ], [ 80.037072714000033, 7.157776872000056 ], [ 80.037905451000086, 7.157009860000073 ], [ 80.03822086200006, 7.156025578000026 ], [ 80.038200888000063, 7.155489508000073 ], [ 80.036958473000084, 7.154048899000031 ], [ 80.036484064000035, 7.153836338000076 ], [ 80.033478972000069, 7.154091018000031 ], [ 80.032907717000057, 7.154433152000024 ], [ 80.03282697700007, 7.154723489000048 ], [ 80.029989299000079, 7.155507575000058 ], [ 80.028666828000041, 7.153988323000021 ], [ 80.029394581000076, 7.152729991000058 ], [ 80.029912084000046, 7.152383331000067 ], [ 80.031226960000083, 7.152335275000041 ], [ 80.03262426100008, 7.151423168000065 ], [ 80.033359927000049, 7.151573961000054 ], [ 80.033496509000031, 7.150703133000036 ], [ 80.03400378300006, 7.150176121000072 ], [ 80.034351189000063, 7.148893155000053 ], [ 80.033232977000068, 7.146955858000069 ], [ 80.033068304000039, 7.146281755000075 ], [ 80.032991387000038, 7.145307768000066 ], [ 80.03316803000007, 7.144287981000048 ], [ 80.032718394000085, 7.142365931000029 ], [ 80.032857838000041, 7.141227087000061 ], [ 80.032387931000073, 7.140478253000026 ], [ 80.031465308000065, 7.139882681000074 ], [ 80.031674187000078, 7.139250865000065 ], [ 80.031230067000081, 7.138261159000024 ], [ 80.030339293000054, 7.138541356000076 ], [ 80.029429223000079, 7.138247455000055 ], [ 80.028782943000067, 7.136940286000026 ], [ 80.028668764000031, 7.135426102000054 ], [ 80.028384729000038, 7.134887908000053 ], [ 80.027795694000076, 7.134365482000021 ], [ 80.027154549000045, 7.133062679000034 ], [ 80.025898219000055, 7.131848438000077 ], [ 80.026713727000072, 7.130854570000054 ], [ 80.024977313000079, 7.129117258000065 ], [ 80.021654540000043, 7.124390518000041 ], [ 80.020965473000047, 7.124779568000065 ], [ 80.020938174000037, 7.12499484600005 ], [ 80.021212219000063, 7.126482378000048 ], [ 80.020898607000049, 7.126678527000024 ], [ 80.021395884000071, 7.127004445000068 ], [ 80.02119459100004, 7.127502179000032 ], [ 80.021220803000062, 7.128167770000061 ], [ 80.020707921000053, 7.128781056000037 ], [ 80.020252475000063, 7.129022877000068 ], [ 80.020008465000046, 7.129531197000063 ], [ 80.018683133000081, 7.126841463000062 ], [ 80.018539265000072, 7.126704461000031 ], [ 80.017497555000034, 7.127068591000068 ], [ 80.016874706000067, 7.126229358000046 ], [ 80.016859213000032, 7.125797470000066 ], [ 80.016492314000061, 7.125816526000051 ], [ 80.016554240000062, 7.125593038000034 ], [ 80.016089857000054, 7.12539405900003 ], [ 80.016037130000029, 7.125109350000059 ], [ 80.016516385000045, 7.124904232000063 ], [ 80.016229574000079, 7.124140542000021 ], [ 80.015321119000077, 7.124131711000075 ], [ 80.015077692000034, 7.123905684000022 ], [ 80.014843842000062, 7.122930262000068 ], [ 80.014907101000063, 7.120746728000029 ], [ 80.014712838000037, 7.119042920000027 ], [ 80.014040159000047, 7.118047787000023 ], [ 80.013157602000035, 7.117296766000038 ], [ 80.011566790000074, 7.116542872000025 ], [ 80.011515874000054, 7.115309306000029 ], [ 80.010734082000056, 7.114340030000051 ], [ 80.010717187000068, 7.11393798000006 ], [ 80.011087730000042, 7.113429508000024 ], [ 80.011081030000071, 7.113160563000065 ], [ 80.010502719000044, 7.112531399000034 ], [ 80.009757461000049, 7.112753605000023 ], [ 80.008811297000079, 7.112294606000034 ], [ 80.008265012000038, 7.112749983000072 ], [ 80.006260262000069, 7.110980258000041 ], [ 80.005528065000078, 7.110779303000072 ], [ 80.006232302000058, 7.109908196000049 ], [ 80.006846772000074, 7.109750861000066 ], [ 80.007251161000056, 7.108572751000054 ], [ 80.007153398000071, 7.108028420000039 ], [ 80.007548856000085, 7.107722540000054 ], [ 80.008230792000063, 7.107580693000045 ], [ 80.008679079000046, 7.106987260000039 ], [ 80.007483516000036, 7.106157549000045 ], [ 80.006850672000041, 7.104947510000045 ], [ 80.005706928000052, 7.104381309000075 ], [ 80.005156402000068, 7.104805904000045 ], [ 80.00329053300004, 7.105441204000044 ], [ 80.002524842000071, 7.105375426000023 ], [ 80.002119808000032, 7.105677336000042 ], [ 80.001874870000051, 7.105144223000025 ], [ 80.001531175000082, 7.105536330000064 ], [ 80.000227126000084, 7.104400676000068 ], [ 79.998066541000071, 7.104146541000034 ], [ 79.997607483000081, 7.103604780000069 ], [ 79.996848944000078, 7.103542226000059 ], [ 79.996107416000029, 7.103006429000061 ], [ 79.995303349000039, 7.101041977000023 ], [ 79.99348137800007, 7.099628076000045 ], [ 79.993211727000073, 7.098239600000056 ], [ 79.992986120000069, 7.098056850000035 ], [ 79.992144920000044, 7.098071836000031 ], [ 79.991139258000032, 7.096959876000028 ], [ 79.990603012000065, 7.097395778000021 ], [ 79.990257297000085, 7.09693470600007 ], [ 79.990199473000075, 7.096405262000076 ], [ 79.989024630000074, 7.09622504400005 ], [ 79.988253850000035, 7.095642834000046 ], [ 79.98641211000006, 7.094986861000052 ], [ 79.986017357000037, 7.095092305000037 ], [ 79.985843242000044, 7.095662245000028 ], [ 79.984339022000086, 7.096376604000056 ], [ 79.983730630000082, 7.096062055000061 ], [ 79.982257559000061, 7.096458119000033 ], [ 79.980935181000063, 7.098836827000071 ], [ 79.980382356000064, 7.099284081000064 ], [ 79.979261764000057, 7.099765884000021 ], [ 79.976481256000056, 7.098649124000076 ], [ 79.975535576000084, 7.097042946000045 ], [ 79.974349154000038, 7.096046246000071 ], [ 79.97388983500008, 7.095337874000052 ], [ 79.973075538000046, 7.095665475000033 ], [ 79.973012140000037, 7.094452012000033 ], [ 79.972201365000046, 7.092823640000063 ], [ 79.971629367000048, 7.09257096500005 ], [ 79.970801301000051, 7.092890681000029 ], [ 79.96934127600008, 7.09305011400005 ], [ 79.968749978000062, 7.093335552000042 ], [ 79.967729173000066, 7.094104112000025 ], [ 79.968155648000049, 7.094899528000042 ], [ 79.967885979000073, 7.095160896000039 ], [ 79.966657454000085, 7.094917960000032 ], [ 79.964198560000057, 7.09487202300005 ], [ 79.963803053000049, 7.095563016000028 ], [ 79.963667635000036, 7.096650462000071 ], [ 79.963303663000033, 7.096938550000061 ], [ 79.961972838000065, 7.096664102000034 ], [ 79.960884318000069, 7.097205048000035 ], [ 79.960357859000055, 7.095835821000037 ], [ 79.960102191000033, 7.095472065000024 ], [ 79.959855721000054, 7.09546743900006 ], [ 79.956804198000043, 7.097262058000069 ], [ 79.956447977000039, 7.097309277000022 ], [ 79.956254418000071, 7.097062515000061 ], [ 79.955651709000051, 7.09726859400007 ], [ 79.953535273000057, 7.099375446000067 ], [ 79.953149629000052, 7.100166161000061 ], [ 79.952084144000082, 7.099566080000045 ], [ 79.951786913000035, 7.09957649200004 ], [ 79.951573268000061, 7.100467779000041 ], [ 79.952038510000079, 7.102806808000025 ], [ 79.950406733000079, 7.104316243000028 ], [ 79.950335304000077, 7.105571422000025 ], [ 79.948958623000067, 7.106670087000055 ], [ 79.948041255000078, 7.106387145000042 ], [ 79.946880687000032, 7.106761317000064 ], [ 79.946162454000046, 7.107692662000034 ], [ 79.946047855000074, 7.108497235000073 ], [ 79.945693697000081, 7.108668003000048 ], [ 79.945011370000032, 7.108520243000044 ], [ 79.944722418000083, 7.109117740000045 ], [ 79.94328893900007, 7.108976719000054 ], [ 79.94287913900007, 7.109112350000032 ], [ 79.942595349000044, 7.109762578000073 ], [ 79.941365394000059, 7.110309723000057 ], [ 79.940403425000056, 7.11039272000005 ], [ 79.939761640000029, 7.110672670000042 ], [ 79.939159718000042, 7.110435764000044 ], [ 79.938215539000055, 7.111027543000034 ], [ 79.937112288000037, 7.110544669000035 ], [ 79.937147103000029, 7.109837773000038 ], [ 79.935852909000062, 7.109284789000071 ], [ 79.934613003000038, 7.109621119000053 ], [ 79.933603808000044, 7.110672377000071 ], [ 79.933175942000048, 7.110697440000024 ], [ 79.932208696000032, 7.109962892000055 ], [ 79.931431517000078, 7.110553082000024 ], [ 79.930521044000045, 7.110862911000027 ], [ 79.929717249000078, 7.110706619000041 ], [ 79.928818766000063, 7.111304234000045 ], [ 79.927740665000044, 7.112836058000028 ], [ 79.927697808000062, 7.114126643000077 ], [ 79.927215579000062, 7.114072938000049 ], [ 79.926677501000086, 7.113272254000037 ], [ 79.925751468000044, 7.112536188000036 ], [ 79.925524831000075, 7.11294414300005 ], [ 79.925814823000053, 7.113306307000073 ], [ 79.925856352000039, 7.113786362000042 ], [ 79.925369067000076, 7.11392001400003 ], [ 79.92468474900005, 7.113676259000044 ], [ 79.924231746000032, 7.113728847000061 ], [ 79.924131474000035, 7.114665990000049 ], [ 79.923267916000043, 7.11506715400003 ], [ 79.922703751000086, 7.115796041000067 ], [ 79.921117250000066, 7.115546476000077 ], [ 79.920548428000075, 7.116954533000069 ], [ 79.921125215000075, 7.119131740000057 ], [ 79.921624204000068, 7.119749458000058 ], [ 79.923206281000034, 7.120855763000066 ], [ 79.923584911000034, 7.121426777000067 ], [ 79.924282609000045, 7.121932309000044 ], [ 79.924350739000033, 7.122404065000069 ], [ 79.92402845600003, 7.124034599000026 ], [ 79.923625730000083, 7.124253360000068 ], [ 79.923332318000064, 7.123545383000021 ], [ 79.922868232000042, 7.123518900000022 ], [ 79.922336763000033, 7.124488780000036 ], [ 79.92170877500007, 7.124996717000045 ], [ 79.920878819000052, 7.125275539000029 ], [ 79.920009305000065, 7.126350641000045 ], [ 79.919152470000085, 7.126831760000073 ], [ 79.918340621000084, 7.126712309000027 ], [ 79.917506494000065, 7.128008997000052 ], [ 79.917327907000072, 7.128718068000069 ], [ 79.917498802000068, 7.128976043000023 ], [ 79.917933101000074, 7.12893658400003 ], [ 79.918729324000083, 7.129307991000076 ], [ 79.919169397000076, 7.129842912000072 ], [ 79.918461741000044, 7.13138960200007 ], [ 79.918429222000043, 7.131908486000043 ], [ 79.917797513000039, 7.132749806000049 ], [ 79.918399458000067, 7.133531288000029 ], [ 79.918499780000047, 7.134165222000036 ], [ 79.918301867000082, 7.13433232400007 ], [ 79.917267686000059, 7.134173100000055 ], [ 79.91693431300007, 7.134857529000044 ], [ 79.917233926000051, 7.135567918000049 ], [ 79.917803758000048, 7.135612294000055 ], [ 79.918014194000079, 7.135910741000032 ], [ 79.917753879000031, 7.136383589000047 ], [ 79.917051173000061, 7.136727173000054 ], [ 79.917069878000063, 7.137058620000062 ], [ 79.917697854000039, 7.138174247000052 ], [ 79.91888206200008, 7.139389211000037 ], [ 79.918928514000072, 7.139653011000064 ], [ 79.918559285000072, 7.140201074000061 ], [ 79.917212813000049, 7.140422160000071 ], [ 79.917097741000077, 7.14174291300003 ], [ 79.917361704000029, 7.143049662000067 ], [ 79.917739676000053, 7.143982501000039 ], [ 79.923126428000046, 7.143028558000026 ], [ 79.927732614000035, 7.142572372000075 ], [ 79.929370381000069, 7.14220877200006 ], [ 79.929613424000081, 7.142653023000037 ], [ 79.929911249000043, 7.142594505000034 ], [ 79.930103692000046, 7.143154732000028 ], [ 79.929984399000034, 7.14378500600003 ], [ 79.931841318000068, 7.146592269000053 ], [ 79.932729645000052, 7.149757475000058 ], [ 79.932276441000056, 7.149826119000068 ], [ 79.929949971000042, 7.149298859000055 ], [ 79.929706519000035, 7.149596062000057 ], [ 79.929915400000084, 7.151371776000076 ], [ 79.931104005000066, 7.151531610000063 ], [ 79.931742178000036, 7.152193006000061 ], [ 79.930810935000068, 7.155664843000068 ], [ 79.928635979000035, 7.155214287000035 ], [ 79.927508782000075, 7.155908105000037 ], [ 79.925185215000056, 7.156797880000056 ], [ 79.924500503000047, 7.156880835000038 ], [ 79.92336584800006, 7.157630798000071 ], [ 79.922263462000046, 7.159621009000034 ], [ 79.921142133000046, 7.159042399000043 ], [ 79.921015022000063, 7.159361299000068 ], [ 79.916842615000064, 7.157147311000074 ], [ 79.915875457000084, 7.158533092000027 ], [ 79.915210923000075, 7.158450295000023 ], [ 79.914556693000065, 7.158611546000031 ], [ 79.914412079000044, 7.159824996000054 ], [ 79.913415989000043, 7.159613307000029 ], [ 79.913423990000069, 7.158869281000023 ], [ 79.913050991000034, 7.158714299000053 ], [ 79.912582346000079, 7.159601301000066 ], [ 79.91364604000006, 7.160643266000022 ], [ 79.913155156000073, 7.161160126000027 ], [ 79.913208403000056, 7.162001484000029 ], [ 79.913962473000083, 7.162114386000042 ], [ 79.914271014000064, 7.161419791000071 ], [ 79.915217312000038, 7.16147230200005 ], [ 79.915968378000059, 7.161888524000062 ], [ 79.916523982000058, 7.163556824000068 ], [ 79.916553803000056, 7.164665466000031 ], [ 79.916470282000034, 7.165067744000055 ], [ 79.915698912000039, 7.165302908000058 ], [ 79.914594409000074, 7.164768039000023 ], [ 79.914278627000044, 7.164327638000032 ], [ 79.912789547000045, 7.164139073000058 ], [ 79.912730190000048, 7.164322803000061 ], [ 79.912332061000029, 7.164407229000062 ], [ 79.912361496000074, 7.164930044000073 ], [ 79.911775096000042, 7.165012883000031 ], [ 79.91179518000007, 7.166032018000067 ], [ 79.912144598000054, 7.166780251000034 ], [ 79.91305262000003, 7.167693967000048 ], [ 79.913839878000033, 7.17023720800006 ], [ 79.914361192000058, 7.170979267000064 ], [ 79.914868141000056, 7.171424584000022 ], [ 79.915059901000063, 7.171377960000029 ], [ 79.91553944900005, 7.172253885000032 ], [ 79.915388508000035, 7.173854781000045 ], [ 79.915668297000082, 7.174026563000041 ], [ 79.915757705000033, 7.175011869000059 ], [ 79.916983142000049, 7.176573477000034 ], [ 79.917899469000076, 7.178636433000065 ], [ 79.917698304000055, 7.180527247000043 ], [ 79.91861424800004, 7.180097064000051 ], [ 79.919149370000071, 7.180873983000026 ], [ 79.920927988000074, 7.185012718000053 ], [ 79.923051620000081, 7.186251280000022 ], [ 79.922810204000029, 7.186357502000021 ], [ 79.922593880000079, 7.186992753000027 ], [ 79.921500537000043, 7.187523053000064 ], [ 79.920742155000084, 7.188964992000024 ], [ 79.92091189000007, 7.189228296000067 ], [ 79.920981791000031, 7.190404998000076 ], [ 79.921332986000039, 7.19050502500005 ], [ 79.922929005000071, 7.192138802000045 ], [ 79.923352944000044, 7.192028615000027 ], [ 79.923369236000042, 7.191404712000065 ], [ 79.925497277000034, 7.19015227400007 ], [ 79.926301401000046, 7.190716556000041 ], [ 79.926979670000037, 7.190484472000037 ], [ 79.92744263600008, 7.192737356000066 ], [ 79.928731893000077, 7.192605826000033 ], [ 79.930409604000033, 7.194125503000066 ], [ 79.93092637400008, 7.194268829000066 ], [ 79.931445930000052, 7.194882301000064 ], [ 79.932952868000029, 7.195642632000045 ], [ 79.934211722000043, 7.195714680000037 ], [ 79.934775824000042, 7.196602312000039 ], [ 79.935898212000041, 7.197271096000065 ], [ 79.936837724000043, 7.197523691000072 ], [ 79.937304815000061, 7.19728845700007 ], [ 79.939290435000032, 7.197776329000021 ], [ 79.93959688800004, 7.197941894000053 ], [ 79.939675778000037, 7.199202835000051 ], [ 79.941436592000059, 7.199049715000058 ], [ 79.941506040000036, 7.197553126000059 ], [ 79.942025241000067, 7.197615330000076 ], [ 79.942228766000085, 7.197742249000044 ], [ 79.942645044000074, 7.198800995000056 ], [ 79.943315926000082, 7.199561428000038 ], [ 79.944140467000068, 7.201592429000073 ], [ 79.945322160000046, 7.203477387000021 ], [ 79.945598504000031, 7.204265011000075 ], [ 79.946852539000076, 7.205683472000032 ], [ 79.947344949000069, 7.205308029000037 ], [ 79.947271411000031, 7.20501899900006 ], [ 79.947721761000082, 7.204636652000033 ], [ 79.948537750000071, 7.204074882000043 ], [ 79.949588293000033, 7.20370689300006 ], [ 79.949531082000078, 7.203196658000024 ], [ 79.950376379000033, 7.203291411000066 ], [ 79.950988567000081, 7.203718221000031 ], [ 79.951139676000082, 7.203270557000053 ], [ 79.952023326000074, 7.203492758000039 ], [ 79.953035983000063, 7.203346918000022 ], [ 79.954413637000073, 7.203517202000057 ], [ 79.954749286000038, 7.203595518000043 ], [ 79.955124039000054, 7.204420732000074 ], [ 79.955779931000052, 7.203846469000041 ], [ 79.956261356000084, 7.20308028200003 ], [ 79.956497230000082, 7.203071572000056 ], [ 79.95618197400006, 7.201727278000021 ], [ 79.956612180000036, 7.201277535000031 ], [ 79.95679479000006, 7.200626462000059 ], [ 79.957128579000084, 7.200644873000044 ], [ 79.957518093000033, 7.202002443000026 ], [ 79.957914954000046, 7.202344134000043 ], [ 79.959656319000032, 7.201484528000037 ], [ 79.960658211000066, 7.200638971000046 ], [ 79.961423149000041, 7.200304234000043 ], [ 79.961724787000037, 7.199668291000023 ], [ 79.963494667000077, 7.198745468000027 ], [ 79.963497981000046, 7.197115236000059 ], [ 79.964246996000043, 7.19659606700003 ], [ 79.964402767000081, 7.196723930000076 ], [ 79.966408229000081, 7.194308381000042 ], [ 79.96907292800006, 7.192236326000057 ], [ 79.969300548000035, 7.191894454000021 ], [ 79.96926374700007, 7.191408313000068 ], [ 79.969708202000049, 7.190755808000063 ], [ 79.969878583000082, 7.189823062000073 ], [ 79.970334316000049, 7.189011306000054 ], [ 79.970740964000072, 7.189451391000034 ], [ 79.971106341000052, 7.190480228000069 ], [ 79.971698004000075, 7.191200613000035 ], [ 79.972389770000063, 7.191514746000053 ], [ 79.972633771000062, 7.192010925000034 ], [ 79.973769972000071, 7.192281076000029 ], [ 79.974980747000075, 7.192180036000025 ], [ 79.975305460000072, 7.192357671000025 ], [ 79.975414187000069, 7.192660464000028 ], [ 79.97642529400008, 7.192709032000039 ], [ 79.976610231000052, 7.192793455000071 ], [ 79.976606571000048, 7.193208397000035 ], [ 79.977000218000057, 7.193807303000028 ], [ 79.977615646000061, 7.194278332000067 ], [ 79.978180870000074, 7.194533914000033 ], [ 79.978275059000055, 7.194431142000042 ], [ 79.978299697000068, 7.194775963000041 ], [ 79.979389646000072, 7.194821018000027 ], [ 79.979380211000034, 7.195266359000072 ], [ 79.978677549000054, 7.196533569000053 ], [ 79.979615176000038, 7.195885761000056 ], [ 79.979972749000069, 7.194198830000062 ], [ 79.98062583400008, 7.19320459100004 ], [ 79.982149371000048, 7.194226749000052 ], [ 79.985570720000055, 7.195457263000037 ], [ 79.98835297100004, 7.195741283000075 ], [ 79.990098686000067, 7.196521467000025 ], [ 79.992433811000069, 7.197890131000065 ], [ 79.995547201000079, 7.20124082500007 ], [ 79.995969747000061, 7.200859953000077 ], [ 79.99728585500003, 7.201823099000023 ], [ 79.998396692000085, 7.201941483000041 ], [ 79.998647390000031, 7.201628592000077 ], [ 79.998716863000084, 7.199911941000039 ], [ 80.000683410000079, 7.198794125000063 ], [ 80.001588363000053, 7.197924288000024 ], [ 80.002070754000044, 7.199017341000058 ], [ 80.002172906000055, 7.200611233000075 ], [ 80.003275078000058, 7.200371460000042 ], [ 80.003627842000071, 7.199117500000057 ], [ 80.005881876000046, 7.199031756000068 ], [ 80.006923993000044, 7.198495684000022 ], [ 80.007311998000034, 7.198694277000072 ], [ 80.007566259000043, 7.199505608000038 ], [ 80.008272475000069, 7.200360136000029 ], [ 80.008464862000039, 7.200947305000057 ], [ 80.006658344000073, 7.203030176000027 ], [ 80.006233800000075, 7.203913804000024 ], [ 80.005388598000081, 7.20468057100004 ], [ 80.005708723000055, 7.205003174000069 ], [ 80.005123324000067, 7.205513327000062 ], [ 80.004739218000054, 7.205212919000076 ], [ 80.004364191000036, 7.205413355000076 ], [ 80.003687423000031, 7.205959703000076 ], [ 80.003288732000044, 7.206573427000023 ], [ 80.002501681000069, 7.206300192000072 ], [ 80.001980845000048, 7.205620641000053 ], [ 80.000965276000045, 7.206299886000068 ], [ 80.003095139000038, 7.208147307000047 ], [ 80.006575430000055, 7.211678593000045 ], [ 80.006974298000046, 7.211075238000035 ], [ 80.008022034000078, 7.21034213300004 ], [ 80.010956700000065, 7.210246778000055 ], [ 80.011569628000075, 7.210059995000051 ], [ 80.011766617000035, 7.209819431000028 ], [ 80.012202728000034, 7.209988500000065 ], [ 80.012880609000035, 7.210971200000074 ], [ 80.013389264000068, 7.212223747000053 ], [ 80.014380534000054, 7.212381150000056 ], [ 80.013388521000081, 7.212813101000052 ], [ 80.013179088000072, 7.213515364000045 ], [ 80.012906905000079, 7.213715717000071 ], [ 80.013013589000082, 7.213875690000066 ], [ 80.013574792000043, 7.214173376000076 ], [ 80.01364755000003, 7.213989010000034 ], [ 80.013992504000043, 7.214013958000066 ], [ 80.017559018000043, 7.214638022000031 ], [ 80.017447479000054, 7.215725816000031 ], [ 80.017870380000033, 7.216149812000026 ], [ 80.016802742000039, 7.217366877000075 ], [ 80.017388824000079, 7.217653204000044 ], [ 80.018159491000063, 7.216316692000021 ], [ 80.019303104000073, 7.215568885000039 ], [ 80.020090986000071, 7.215536555000028 ], [ 80.020447133000062, 7.215241912000067 ], [ 80.021175840000069, 7.215174775000037 ], [ 80.02151322800006, 7.215351134000059 ], [ 80.02257256300004, 7.213032562000024 ], [ 80.023446448000072, 7.212612683000032 ], [ 80.023774858000081, 7.21175303800004 ], [ 80.024409503000072, 7.21107018500004 ], [ 80.024632456000063, 7.211620415000027 ], [ 80.024585899000044, 7.212225790000048 ], [ 80.024750080000047, 7.212230624000028 ], [ 80.028765055000065, 7.211550850000037 ], [ 80.029626670000084, 7.209689727000068 ], [ 80.031453728000031, 7.210311296000043 ] ] ] } },
{ "type": "Feature", "properties": { "ADM3_EN": "Wattala", "ADM3_PCODE": "LK1218", "ADM2_EN": "Gampaha" }, "geometry": { "type": "Polygon", "coordinates": [ [ [ 79.853054963000034, 7.106535339000061 ], [ 79.854263753000055, 7.104507214000023 ], [ 79.857910599000036, 7.103398070000026 ], [ 79.860083572000065, 7.10544999800004 ], [ 79.861110480000036, 7.105724757000075 ], [ 79.86273527000003, 7.105225563000033 ], [ 79.863502506000032, 7.104634153000063 ], [ 79.86421152500003, 7.103462007000076 ], [ 79.865284062000057, 7.10093144800004 ], [ 79.865870431000076, 7.098985126000059 ], [ 79.866827364000073, 7.098193646000027 ], [ 79.868033210000078, 7.097574692000023 ], [ 79.868364275000033, 7.097776299000031 ], [ 79.869575626000085, 7.097802591000061 ], [ 79.870254911000075, 7.098253686000021 ], [ 79.871623463000049, 7.098217360000035 ], [ 79.872188881000056, 7.097804879000023 ], [ 79.872401165000042, 7.096023428000024 ], [ 79.872762005000084, 7.095739666000043 ], [ 79.873316832000057, 7.096000350000054 ], [ 79.875619432000065, 7.096075398000039 ], [ 79.876830697000059, 7.095758291000038 ], [ 79.878753046000043, 7.095716789000051 ], [ 79.87911151000003, 7.090229279000027 ], [ 79.878211442000065, 7.081197686000053 ], [ 79.877934081000035, 7.077312904000053 ], [ 79.878078326000036, 7.076908820000028 ], [ 79.878022584000064, 7.07665795500003 ], [ 79.877739272000042, 7.076663469000039 ], [ 79.876682833000075, 7.077147546000049 ], [ 79.876646377000043, 7.076862680000033 ], [ 79.877857630000051, 7.073548679000055 ], [ 79.877979246000052, 7.072207583000022 ], [ 79.877761217000057, 7.069260486000076 ], [ 79.876924611000049, 7.064728591000062 ], [ 79.877551761000063, 7.062396028000023 ], [ 79.878659270000071, 7.059579690000021 ], [ 79.879191544000037, 7.058922077000034 ], [ 79.879481260000034, 7.058974850000027 ], [ 79.880005846000074, 7.054659775000061 ], [ 79.880495169000085, 7.053936624000073 ], [ 79.882257898000034, 7.049539345000028 ], [ 79.881333280000035, 7.049356524000075 ], [ 79.887545548000048, 7.035572081000055 ], [ 79.888425206000079, 7.035569888000055 ], [ 79.889626461000034, 7.035855903000027 ], [ 79.891600996000079, 7.035854949000054 ], [ 79.892910793000055, 7.035484797000038 ], [ 79.895348044000059, 7.035296187000029 ], [ 79.895394473000067, 7.034914585000024 ], [ 79.895521037000037, 7.035205863000044 ], [ 79.895745441000031, 7.035205939000036 ], [ 79.895768780000083, 7.034907624000027 ], [ 79.895939049000049, 7.034859487000062 ], [ 79.896351585000048, 7.034925228000077 ], [ 79.896594737000044, 7.035450179000065 ], [ 79.897299970000063, 7.035564599000054 ], [ 79.897329209000077, 7.035732679000034 ], [ 79.898730971000077, 7.035348757000065 ], [ 79.89871697600006, 7.035619815000075 ], [ 79.899529078000057, 7.035916291000035 ], [ 79.900209098000062, 7.035651273000042 ], [ 79.901414625000029, 7.035699191000049 ], [ 79.901573111000062, 7.035036378000029 ], [ 79.902676205000034, 7.035074954000038 ], [ 79.903179370000032, 7.034164456000042 ], [ 79.903725139000073, 7.034195376000071 ], [ 79.904227347000074, 7.03385378400003 ], [ 79.904252679000081, 7.033416199000044 ], [ 79.905266026000049, 7.033284709000043 ], [ 79.905577328000049, 7.034010021000029 ], [ 79.90542842800005, 7.036149281000064 ], [ 79.906706317000044, 7.035883565000063 ], [ 79.908231742000055, 7.035968499000035 ], [ 79.908581756000046, 7.035759913000049 ], [ 79.908960440000044, 7.034956960000045 ], [ 79.909599255000046, 7.034382145000052 ], [ 79.912232244000052, 7.033309388000021 ], [ 79.911952332000055, 7.032593478000024 ], [ 79.913377940000032, 7.031544276000034 ], [ 79.913197139000033, 7.031207706000032 ], [ 79.913640720000046, 7.030802362000031 ], [ 79.913042812000072, 7.02954995500005 ], [ 79.91270920900007, 7.027932329000066 ], [ 79.915401150000037, 7.027861600000051 ], [ 79.916248524000082, 7.027600072000041 ], [ 79.916170086000079, 7.027144436000071 ], [ 79.916659888000083, 7.025507858000026 ], [ 79.916363877000038, 7.024981232000073 ], [ 79.916775619000077, 7.02256559500006 ], [ 79.918217826000046, 7.022307535000039 ], [ 79.918033840000078, 7.020683867000059 ], [ 79.916658995000034, 7.020587586000033 ], [ 79.916308765000053, 7.018955606000077 ], [ 79.91812913900003, 7.018710101000067 ], [ 79.918642489000035, 7.018901304000053 ], [ 79.919279162000066, 7.018841261000034 ], [ 79.919470836000073, 7.019150586000023 ], [ 79.920579307000082, 7.019294076000051 ], [ 79.921467102000065, 7.019609581000054 ], [ 79.921983132000037, 7.020542271000068 ], [ 79.922090651000076, 7.02122287100002 ], [ 79.922381724000047, 7.021450469000058 ], [ 79.92416443500008, 7.021849721000024 ], [ 79.924373853000077, 7.022101393000071 ], [ 79.925906330000032, 7.022116606000054 ], [ 79.925989677000075, 7.02239574500004 ], [ 79.926463421000051, 7.022459274000028 ], [ 79.92697393800006, 7.02290604500007 ], [ 79.927675141000066, 7.022488304000035 ], [ 79.927840434000075, 7.023044087000073 ], [ 79.928217357000051, 7.023119068000028 ], [ 79.929377290000048, 7.022858052000061 ], [ 79.930733331000056, 7.021475787000043 ], [ 79.93167466400007, 7.021021161000021 ], [ 79.931686380000031, 7.020749043000023 ], [ 79.932138100000031, 7.020572922000042 ], [ 79.932932057000073, 7.021019931000069 ], [ 79.933691939000084, 7.020620133000023 ], [ 79.93432735600004, 7.021014191000063 ], [ 79.934323462000066, 7.020667166000067 ], [ 79.934762026000044, 7.019849347000047 ], [ 79.934744766000051, 7.017846715000076 ], [ 79.934961785000041, 7.017331933000037 ], [ 79.935250934000067, 7.017410195000025 ], [ 79.935782312000072, 7.016237195000031 ], [ 79.935758195000062, 7.015464929000075 ], [ 79.935499480000033, 7.015218582000045 ], [ 79.935431089000076, 7.014753103000032 ], [ 79.935641159000056, 7.014584749000051 ], [ 79.93569124000004, 7.01401381200003 ], [ 79.93639825300005, 7.01230514100007 ], [ 79.93681106300005, 7.011970713000039 ], [ 79.936336328000039, 7.010532604000048 ], [ 79.936871109000037, 7.01011928500003 ], [ 79.936935464000044, 7.009753363000073 ], [ 79.937366992000079, 7.009594610000022 ], [ 79.937948843000072, 7.00946976900002 ], [ 79.939114672000073, 7.009593467000059 ], [ 79.939044815000045, 7.009156606000033 ], [ 79.93674536900005, 7.008950089000052 ], [ 79.936025960000052, 7.007783502000052 ], [ 79.935503833000041, 7.005911394000066 ], [ 79.934564022000075, 7.00391653500003 ], [ 79.933420493000085, 7.003237314000046 ], [ 79.931731825000043, 7.00168300100006 ], [ 79.930282243000079, 7.001299266000046 ], [ 79.929748589000042, 7.001370530000031 ], [ 79.92896759100006, 7.002425097000071 ], [ 79.923442582000064, 7.002743788000032 ], [ 79.923185992000072, 7.004065159000049 ], [ 79.921922298000084, 7.005101354000033 ], [ 79.921061160000079, 7.004910517000042 ], [ 79.918301335000081, 7.006136985000069 ], [ 79.91783713600006, 7.006669790000046 ], [ 79.917182377000074, 7.006897647000073 ], [ 79.916603852000037, 7.006815686000039 ], [ 79.915606407000041, 7.006221126000071 ], [ 79.914897825000082, 7.006506213000023 ], [ 79.914435922000052, 7.006240687000059 ], [ 79.912793601000033, 7.006887152000047 ], [ 79.912011152000048, 7.006532045000029 ], [ 79.911486707000051, 7.006999106000023 ], [ 79.910732600000074, 7.006752924000068 ], [ 79.907407192000051, 7.006707619000053 ], [ 79.906243895000046, 7.006187211000054 ], [ 79.905316283000047, 7.006412922000038 ], [ 79.904859740000063, 7.00610931600005 ], [ 79.904051937000077, 7.006222047000051 ], [ 79.903635961000077, 7.006072194000069 ], [ 79.900864785000067, 7.007644742000025 ], [ 79.90078481300003, 7.00841398700004 ], [ 79.901181309000037, 7.00894128300007 ], [ 79.900286250000079, 7.010253887000033 ], [ 79.90006849100007, 7.009134128000028 ], [ 79.899414944000057, 7.007994515000064 ], [ 79.898849781000081, 7.006121672000063 ], [ 79.900382828000033, 7.005507299000044 ], [ 79.901901488000078, 7.004544843000076 ], [ 79.902444012000046, 7.002723555000046 ], [ 79.904696244000036, 7.000803162000068 ], [ 79.905120408000073, 6.999082289000057 ], [ 79.905185155000083, 6.997483643000066 ], [ 79.904001756000071, 6.997520137000038 ], [ 79.90361809500007, 6.99716965500005 ], [ 79.903432996000049, 6.99670151600003 ], [ 79.903453311000078, 6.995039618000021 ], [ 79.902341806000038, 6.993527228000062 ], [ 79.901629974000059, 6.993422394000049 ], [ 79.900350896000077, 6.993708794000042 ], [ 79.898273997000047, 6.992628982000042 ], [ 79.897191838000083, 6.992592517000048 ], [ 79.896793452000054, 6.99164607900002 ], [ 79.896778377000032, 6.98921881800004 ], [ 79.896923661000073, 6.989121479000062 ], [ 79.896785634000082, 6.988846334000073 ], [ 79.896923683000068, 6.988046718000021 ], [ 79.897414897000033, 6.98698575100002 ], [ 79.896443283000053, 6.985899851000056 ], [ 79.895109612000056, 6.985598698000047 ], [ 79.895161481000059, 6.984751884000048 ], [ 79.896937225000045, 6.984970653000062 ], [ 79.897782468000059, 6.98278140900004 ], [ 79.89739908100006, 6.982176827000046 ], [ 79.898275878000049, 6.98227093600002 ], [ 79.898689794000063, 6.98078577900003 ], [ 79.898469077000073, 6.98065292800004 ], [ 79.898232146000055, 6.980839152000044 ], [ 79.898125523000033, 6.980236068000067 ], [ 79.897797331000049, 6.980243589000054 ], [ 79.89737245300006, 6.979665289000025 ], [ 79.896995208000078, 6.979636583000058 ], [ 79.896409599000037, 6.979694901000073 ], [ 79.896185915000046, 6.980091273000028 ], [ 79.895630273000052, 6.980035976000067 ], [ 79.895099483000081, 6.980617208000069 ], [ 79.894958517000077, 6.98032573100005 ], [ 79.893846856000039, 6.980523473000062 ], [ 79.893267826000056, 6.979385611000055 ], [ 79.892799379000053, 6.979215285000066 ], [ 79.892685322000034, 6.978626228000053 ], [ 79.892942388000051, 6.977783883000029 ], [ 79.892625903000067, 6.97716119200004 ], [ 79.892204149000065, 6.977000775000022 ], [ 79.892521577000082, 6.975984942000025 ], [ 79.892885333000038, 6.976020727000048 ], [ 79.893534729000066, 6.975400402000048 ], [ 79.893491123000047, 6.974921757000061 ], [ 79.892569642000069, 6.974310287000037 ], [ 79.892857090000064, 6.973712926000076 ], [ 79.893142227000055, 6.973542347000034 ], [ 79.893188725000073, 6.972685486000046 ], [ 79.893441542000062, 6.972226990000024 ], [ 79.892367178000029, 6.971897220000074 ], [ 79.893948780000073, 6.971339947000047 ], [ 79.893834738000066, 6.970698335000066 ], [ 79.892604627000082, 6.970762869000055 ], [ 79.892252773000052, 6.970586705000073 ], [ 79.892149443000051, 6.971110142000043 ], [ 79.891825544000085, 6.971218583000052 ], [ 79.891528661000052, 6.971055309000064 ], [ 79.88769734300007, 6.971901704000061 ], [ 79.887916878000055, 6.971342892000052 ], [ 79.888393765000046, 6.97083566200007 ], [ 79.888121126000044, 6.970071073000042 ], [ 79.886174504000053, 6.972052056000052 ], [ 79.886398476000068, 6.972023387000036 ], [ 79.88634330900004, 6.97225667400005 ], [ 79.886580072000072, 6.972277853000037 ], [ 79.887455887000044, 6.973345281000036 ], [ 79.887464932000057, 6.973627602000022 ], [ 79.884976025000071, 6.974658496000075 ], [ 79.884818324000037, 6.976582758000063 ], [ 79.884262315000058, 6.977830334000032 ], [ 79.883645638000075, 6.978617461000056 ], [ 79.882487295000033, 6.979526622000037 ], [ 79.882326736000039, 6.979871183000057 ], [ 79.880245162000051, 6.981012597000074 ], [ 79.879088315000047, 6.981177768000066 ], [ 79.876948133000042, 6.980779546000065 ], [ 79.87354268200005, 6.980600608000032 ], [ 79.870142280000039, 6.97963598900003 ], [ 79.869182042000034, 6.978714313000069 ], [ 79.869179148000057, 6.978107608000073 ], [ 79.869015847000071, 6.978007393000041 ], [ 79.86906196700005, 6.980754858000068 ], [ 79.86890212000003, 6.981382253000049 ], [ 79.869164174000048, 6.982472959000063 ], [ 79.869058062000079, 6.983438722000074 ], [ 79.868899958000043, 6.98348986700006 ], [ 79.868932728000061, 6.98418870200004 ], [ 79.869168798000032, 6.984393960000034 ], [ 79.868792165000059, 6.986406272000067 ], [ 79.868832097000052, 6.988130221000063 ], [ 79.868464666000079, 6.989965959000074 ], [ 79.867645134000043, 6.992537119000076 ], [ 79.867238040000075, 6.995269842000027 ], [ 79.867415888000039, 6.99530644400005 ], [ 79.867577908000044, 6.99496433500002 ], [ 79.867899518000058, 6.995396080000035 ], [ 79.86756014100007, 6.996149083000034 ], [ 79.868046289000063, 6.99741762900004 ], [ 79.867566156000066, 6.999027818000059 ], [ 79.867896363000057, 6.998993373000076 ], [ 79.868017061000046, 6.999522116000037 ], [ 79.867963677000034, 7.000171504000036 ], [ 79.867575371000044, 7.00025213300006 ], [ 79.868117091000045, 7.000316015000067 ], [ 79.868175436000058, 7.000877375000073 ], [ 79.867556645000036, 7.001995243000067 ], [ 79.86750465700004, 7.002824274000034 ], [ 79.866976985000065, 7.003810117000057 ], [ 79.86697313600007, 7.005465529000048 ], [ 79.866681950000043, 7.006608893000021 ], [ 79.865487911000059, 7.008935622000024 ], [ 79.864551969000047, 7.012089210000056 ], [ 79.864680074000034, 7.012250136000034 ], [ 79.864293412000052, 7.01337856300006 ], [ 79.864403716000083, 7.013521904000072 ], [ 79.864100425000061, 7.014156527000068 ], [ 79.864193417000081, 7.014961988000039 ], [ 79.863720890000081, 7.016017292000072 ], [ 79.863932107000039, 7.016282887000045 ], [ 79.863914762000036, 7.016772839000055 ], [ 79.86328969300007, 7.017777631000058 ], [ 79.862709907000067, 7.019548472000054 ], [ 79.862534373000074, 7.020654712000066 ], [ 79.862770043000069, 7.020907001000069 ], [ 79.862679983000078, 7.021494641000061 ], [ 79.862383721000072, 7.022487886000022 ], [ 79.862176228000067, 7.022574142000053 ], [ 79.861787542000059, 7.025360721000027 ], [ 79.861559986000032, 7.025769075000028 ], [ 79.860973310000077, 7.028974056000038 ], [ 79.860441655000045, 7.030748604000053 ], [ 79.858726622000063, 7.039164285000027 ], [ 79.857844304000082, 7.042098864000025 ], [ 79.857256286000052, 7.045264406000058 ], [ 79.854728515000033, 7.054517735000047 ], [ 79.854043493000063, 7.058027994000042 ], [ 79.852083542000059, 7.06551283400006 ], [ 79.850832517000072, 7.072457954000072 ], [ 79.84916992400008, 7.078432493000037 ], [ 79.848439118000044, 7.082499388000031 ], [ 79.847687242000063, 7.085116087000074 ], [ 79.847461872000054, 7.087050622000049 ], [ 79.846775210000033, 7.089995581000039 ], [ 79.846463365000034, 7.093042722000064 ], [ 79.846044249000045, 7.094034710000074 ], [ 79.845960569000056, 7.095360366000023 ], [ 79.844881998000062, 7.100386628000024 ], [ 79.843391039000039, 7.105563333000021 ], [ 79.842292395000072, 7.112013190000027 ], [ 79.842616791000069, 7.112068417000046 ], [ 79.843270349000079, 7.111654502000022 ], [ 79.843225391000033, 7.111965615000031 ], [ 79.844904141000029, 7.112446797000075 ], [ 79.844694058000073, 7.111878452000042 ], [ 79.844159256000069, 7.111590195000076 ], [ 79.844889624000075, 7.111308589000032 ], [ 79.845284903000049, 7.110771150000062 ], [ 79.844956564000086, 7.111371170000041 ], [ 79.845167468000056, 7.111732786000061 ], [ 79.845362986000055, 7.111755599000048 ], [ 79.845533686000067, 7.111153167000055 ], [ 79.845786585000042, 7.111000671000056 ], [ 79.84693362400003, 7.111847220000072 ], [ 79.846845666000036, 7.11142839300004 ], [ 79.846997069000054, 7.111274971000057 ], [ 79.846733161000031, 7.111070906000066 ], [ 79.846355392000078, 7.110590381000065 ], [ 79.846107988000085, 7.110551999000052 ], [ 79.846354252000083, 7.110437479000041 ], [ 79.846824943000058, 7.11111838000005 ], [ 79.847051949000047, 7.110981840000022 ], [ 79.847188361000065, 7.109866704000069 ], [ 79.846631517000048, 7.109625614000038 ], [ 79.846309929000086, 7.110106002000066 ], [ 79.846152806000077, 7.11005179600005 ], [ 79.846567605000075, 7.109312994000049 ], [ 79.846715670000037, 7.109324955000034 ], [ 79.846686502000068, 7.109606013000075 ], [ 79.847168217000046, 7.10971141400006 ], [ 79.847561099000075, 7.10911134600002 ], [ 79.847961547000068, 7.109000153000068 ], [ 79.848868192000054, 7.109541705000026 ], [ 79.849037817000067, 7.109257002000049 ], [ 79.849637218000055, 7.109169270000052 ], [ 79.849096988000042, 7.108346187000052 ], [ 79.849384391000058, 7.108649549000063 ], [ 79.850443880000057, 7.108596952000028 ], [ 79.85093902300008, 7.108125517000076 ], [ 79.851022291000049, 7.107346029000041 ], [ 79.851423165000085, 7.106952769000031 ], [ 79.853054963000034, 7.106535339000061 ] ] ] } },
{ "type": "Feature", "properties": { "ADM3_EN": "Ja Ela", "ADM3_PCODE": "LK1221", "ADM2_EN": "Gampaha" }, "geometry": { "type": "Polygon", "coordinates": [ [ [ 79.920681251000076, 7.117428611000037 ], [ 79.920581632000051, 7.116808060000039 ], [ 79.921117250000066, 7.115546476000077 ], [ 79.922703751000086, 7.115796041000067 ], [ 79.923267916000043, 7.11506715400003 ], [ 79.924131474000035, 7.114665990000049 ], [ 79.924231746000032, 7.113728847000061 ], [ 79.92468474900005, 7.113676259000044 ], [ 79.925369067000076, 7.11392001400003 ], [ 79.925856352000039, 7.113786362000042 ], [ 79.925814823000053, 7.113306307000073 ], [ 79.925524831000075, 7.11294414300005 ], [ 79.925751468000044, 7.112536188000036 ], [ 79.926677501000086, 7.113272254000037 ], [ 79.927215579000062, 7.114072938000049 ], [ 79.927594182000064, 7.114128444000073 ], [ 79.927183921000051, 7.113037831000042 ], [ 79.925790615000039, 7.111529508000046 ], [ 79.924916566000036, 7.110761367000066 ], [ 79.923456746000056, 7.110017692000042 ], [ 79.923517748000052, 7.109358943000075 ], [ 79.923013512000068, 7.108881377000046 ], [ 79.924428689000081, 7.107874068000058 ], [ 79.924528431000056, 7.107340039000064 ], [ 79.925073052000073, 7.106915839000067 ], [ 79.924266106000061, 7.106551895000052 ], [ 79.924348746000078, 7.105799127000068 ], [ 79.92412691800007, 7.105452655000022 ], [ 79.924140092000073, 7.104934382000067 ], [ 79.923934407000047, 7.104928548000032 ], [ 79.923744489000057, 7.104556596000066 ], [ 79.923662468000032, 7.103481603000034 ], [ 79.925492704000078, 7.101114923000068 ], [ 79.926215780000064, 7.100619924000057 ], [ 79.927103180000074, 7.099340616000063 ], [ 79.92851911300005, 7.099508873000048 ], [ 79.929356130000031, 7.098971851000044 ], [ 79.929893853000067, 7.099076522000075 ], [ 79.930267529000048, 7.098480887000051 ], [ 79.931113346000075, 7.098977202000071 ], [ 79.931333328000051, 7.098893486000065 ], [ 79.931818471000042, 7.098339640000063 ], [ 79.931635079000046, 7.097703096000032 ], [ 79.932337142000051, 7.096978370000045 ], [ 79.93357370800004, 7.096735067000054 ], [ 79.934193305000065, 7.096999836000066 ], [ 79.935738408000077, 7.096507462000034 ], [ 79.936288995000041, 7.096796510000047 ], [ 79.937092571000051, 7.096654306000062 ], [ 79.937269528000058, 7.097259877000056 ], [ 79.93745179900003, 7.097347077000052 ], [ 79.938973665000049, 7.096610701000031 ], [ 79.939423531000045, 7.096678560000043 ], [ 79.939691804000063, 7.096452391000071 ], [ 79.939711579000061, 7.095841295000071 ], [ 79.940426539000043, 7.095227929000032 ], [ 79.940469824000047, 7.094848479000063 ], [ 79.940870695000058, 7.094476863000068 ], [ 79.940819925000085, 7.093746139000075 ], [ 79.941060687000061, 7.093177774000026 ], [ 79.941775397000072, 7.093059939000057 ], [ 79.942423477000034, 7.092661401000043 ], [ 79.94256084400007, 7.092453028000023 ], [ 79.942406173000052, 7.091549325000074 ], [ 79.943436771000052, 7.090933859000074 ], [ 79.943392147000054, 7.090788648000057 ], [ 79.942323250000072, 7.090726265000058 ], [ 79.941978161000065, 7.090154019000067 ], [ 79.941686234000031, 7.090358027000036 ], [ 79.941046328000084, 7.090126203000068 ], [ 79.940507965000052, 7.090417528000046 ], [ 79.93959807300007, 7.089901345000044 ], [ 79.939700204000076, 7.089262117000033 ], [ 79.939375269000038, 7.089188611000054 ], [ 79.939577300000053, 7.08898083400004 ], [ 79.939655674000051, 7.08838169400002 ], [ 79.939974319000044, 7.088288030000058 ], [ 79.940118269000038, 7.088009580000062 ], [ 79.940029200000083, 7.087182347000066 ], [ 79.940235271000063, 7.08703510600003 ], [ 79.94002441300006, 7.086113968000063 ], [ 79.940158667000048, 7.085888308000051 ], [ 79.939302065000049, 7.085091691000059 ], [ 79.939252028000055, 7.084683573000063 ], [ 79.937305312000035, 7.083107917000063 ], [ 79.937427903000071, 7.081347893000043 ], [ 79.937264201000062, 7.080477555000073 ], [ 79.936365241000033, 7.079009097000039 ], [ 79.934422463000033, 7.076694958000076 ], [ 79.93320858900006, 7.077249720000054 ], [ 79.932395993000057, 7.076257207000026 ], [ 79.930776814000069, 7.07633056700007 ], [ 79.930389265000031, 7.075569501000075 ], [ 79.929730388000053, 7.075579237000056 ], [ 79.929639315000031, 7.074648722000063 ], [ 79.92924703400007, 7.074199380000039 ], [ 79.928939509000031, 7.073262445000069 ], [ 79.92857734200004, 7.073264493000067 ], [ 79.928439530000048, 7.073471242000039 ], [ 79.928402217000041, 7.073028775000068 ], [ 79.928037450000033, 7.073028890000046 ], [ 79.927987493000046, 7.073417330000041 ], [ 79.926558291000049, 7.07326613400005 ], [ 79.926106959000037, 7.073090067000066 ], [ 79.926088199000048, 7.072807450000028 ], [ 79.92572741400005, 7.072434440000052 ], [ 79.923551213000053, 7.071831647000067 ], [ 79.922909084000082, 7.071302801000058 ], [ 79.923670358000038, 7.070057510000026 ], [ 79.923763264000058, 7.069165465000026 ], [ 79.924504902000081, 7.069078633000061 ], [ 79.924864572000047, 7.066468594000071 ], [ 79.925168470000074, 7.06612982300004 ], [ 79.926145930000075, 7.065837607000049 ], [ 79.926173907000077, 7.063959362000048 ], [ 79.925648353000042, 7.063947535000068 ], [ 79.925666498000055, 7.06318243100003 ], [ 79.925247178000063, 7.063084698000068 ], [ 79.925380166000082, 7.062649041000043 ], [ 79.925857189000055, 7.062683733000028 ], [ 79.926418811000076, 7.062102419000041 ], [ 79.925961420000078, 7.061579957000049 ], [ 79.926335613000049, 7.061138563000043 ], [ 79.929787806000036, 7.060559531000024 ], [ 79.930473612000071, 7.062673336000046 ], [ 79.931872953000038, 7.062862231000054 ], [ 79.932172755000067, 7.063127825000038 ], [ 79.932891016000042, 7.062943313000062 ], [ 79.93434317100008, 7.062092217000043 ], [ 79.935530687000039, 7.062155576000066 ], [ 79.936148600000081, 7.061885289000031 ], [ 79.936721147000071, 7.062051062000023 ], [ 79.938248151000039, 7.061508527000058 ], [ 79.939428465000049, 7.061564919000034 ], [ 79.939565990000062, 7.061941684000033 ], [ 79.939846878000083, 7.061938350000048 ], [ 79.939523542000074, 7.062146668000025 ], [ 79.939563923000037, 7.062330957000029 ], [ 79.940153020000082, 7.062887817000046 ], [ 79.941295167000078, 7.062938877000022 ], [ 79.940837500000043, 7.063498738000021 ], [ 79.941785008000068, 7.063846585000022 ], [ 79.942152293000049, 7.063807580000059 ], [ 79.942714795000029, 7.06334849600006 ], [ 79.942826663000062, 7.063439535000043 ], [ 79.943078280000066, 7.063035243000058 ], [ 79.944286645000034, 7.062071273000072 ], [ 79.944829404000075, 7.062647106000043 ], [ 79.944887114000039, 7.063121746000036 ], [ 79.945299737000084, 7.063236507000056 ], [ 79.945173308000051, 7.062369041000068 ], [ 79.945306293000044, 7.061853692000057 ], [ 79.944989437000061, 7.061736479000047 ], [ 79.945287189000055, 7.060344237000038 ], [ 79.946197623000046, 7.060542860000055 ], [ 79.946581596000044, 7.059901404000072 ], [ 79.948113590000048, 7.058984312000064 ], [ 79.949240107000037, 7.058613243000025 ], [ 79.950386423000054, 7.058807997000031 ], [ 79.950770899000076, 7.058095176000052 ], [ 79.951731765000034, 7.057398565000028 ], [ 79.951367529000038, 7.057236470000021 ], [ 79.951039864000052, 7.054306929000063 ], [ 79.950541506000036, 7.052376050000021 ], [ 79.949164637000081, 7.050445721000074 ], [ 79.94819781800004, 7.04960539800004 ], [ 79.945820157000071, 7.048975879000068 ], [ 79.945967628000062, 7.048383442000045 ], [ 79.947000477000074, 7.047145488000069 ], [ 79.946743346000062, 7.046974570000032 ], [ 79.946320765000053, 7.045913914000039 ], [ 79.944833173000063, 7.040965051000057 ], [ 79.944361408000077, 7.040192012000034 ], [ 79.944476224000084, 7.038717831000042 ], [ 79.942769600000076, 7.037336362000076 ], [ 79.942003251000074, 7.035742992000053 ], [ 79.94205517000006, 7.035343552000029 ], [ 79.941466533000039, 7.034540593000031 ], [ 79.94080176500006, 7.034408969000026 ], [ 79.940324686000054, 7.034920796000051 ], [ 79.93868922300004, 7.034696292000035 ], [ 79.937696702000039, 7.035190473000057 ], [ 79.937556655000037, 7.034915789000024 ], [ 79.93709810200005, 7.034948094000072 ], [ 79.937509558000045, 7.033684468000047 ], [ 79.938416871000072, 7.033534569000039 ], [ 79.938967209000054, 7.033830659000046 ], [ 79.939528238000037, 7.033748599000035 ], [ 79.939688520000061, 7.033042521000027 ], [ 79.938939565000055, 7.032846081000059 ], [ 79.93889568600008, 7.03206735200007 ], [ 79.939365038000062, 7.030896650000045 ], [ 79.939227290000076, 7.029761676000021 ], [ 79.939726430000064, 7.029691839000066 ], [ 79.939788014000044, 7.029411977000052 ], [ 79.939657756000031, 7.029028157000027 ], [ 79.939274392000073, 7.028789502000052 ], [ 79.939278048000062, 7.028536485000075 ], [ 79.938962975000038, 7.028381057000047 ], [ 79.939230010000074, 7.027504997000051 ], [ 79.938108666000062, 7.02619065500005 ], [ 79.937830453000061, 7.025605420000034 ], [ 79.939713023000081, 7.024823580000032 ], [ 79.940579642000046, 7.024014049000073 ], [ 79.938173168000048, 7.022756299000037 ], [ 79.93777194200004, 7.022747422000066 ], [ 79.937521749000041, 7.022543275000032 ], [ 79.937592679000034, 7.022407402000056 ], [ 79.935610514000075, 7.021210667000048 ], [ 79.934929104000048, 7.021493557000042 ], [ 79.93461860900004, 7.021297773000072 ], [ 79.933890633000033, 7.02157532800004 ], [ 79.933505528000069, 7.021274224000024 ], [ 79.933851382000057, 7.020815086000027 ], [ 79.933691939000084, 7.020620133000023 ], [ 79.932932057000073, 7.021019931000069 ], [ 79.932224186000042, 7.02056376400003 ], [ 79.931686380000031, 7.020749043000023 ], [ 79.93167466400007, 7.021021161000021 ], [ 79.930733331000056, 7.021475787000043 ], [ 79.929377290000048, 7.022858052000061 ], [ 79.928034782000054, 7.023087001000022 ], [ 79.927778527000044, 7.022967552000068 ], [ 79.927675141000066, 7.022488304000035 ], [ 79.92697393800006, 7.02290604500007 ], [ 79.926463421000051, 7.022459274000028 ], [ 79.925989677000075, 7.02239574500004 ], [ 79.925906330000032, 7.022116606000054 ], [ 79.924373853000077, 7.022101393000071 ], [ 79.92416443500008, 7.021849721000024 ], [ 79.922381724000047, 7.021450469000058 ], [ 79.922090651000076, 7.02122287100002 ], [ 79.921983132000037, 7.020542271000068 ], [ 79.921467102000065, 7.019609581000054 ], [ 79.919470836000073, 7.019150586000023 ], [ 79.919279162000066, 7.018841261000034 ], [ 79.917503507000049, 7.01871344400007 ], [ 79.916857001000039, 7.019001833000061 ], [ 79.916308765000053, 7.018955606000077 ], [ 79.916658995000034, 7.020587586000033 ], [ 79.918033840000078, 7.020683867000059 ], [ 79.918217826000046, 7.022307535000039 ], [ 79.916775619000077, 7.02256559500006 ], [ 79.916363877000038, 7.024981232000073 ], [ 79.916659888000083, 7.025507858000026 ], [ 79.916170086000079, 7.027144436000071 ], [ 79.916248524000082, 7.027600072000041 ], [ 79.915401150000037, 7.027861600000051 ], [ 79.91270920900007, 7.027932329000066 ], [ 79.913042812000072, 7.02954995500005 ], [ 79.913640720000046, 7.030802362000031 ], [ 79.913197139000033, 7.031207706000032 ], [ 79.913377940000032, 7.031544276000034 ], [ 79.911952332000055, 7.032593478000024 ], [ 79.912232244000052, 7.033309388000021 ], [ 79.90930882300006, 7.034575652000058 ], [ 79.908473622000031, 7.035845613000049 ], [ 79.907967016000043, 7.036062137000044 ], [ 79.906706317000044, 7.035883565000063 ], [ 79.90542842800005, 7.036149281000064 ], [ 79.905577328000049, 7.034010021000029 ], [ 79.905266026000049, 7.033284709000043 ], [ 79.904252679000081, 7.033416199000044 ], [ 79.904227347000074, 7.03385378400003 ], [ 79.903725139000073, 7.034195376000071 ], [ 79.903179370000032, 7.034164456000042 ], [ 79.902676205000034, 7.035074954000038 ], [ 79.901573111000062, 7.035036378000029 ], [ 79.901414625000029, 7.035699191000049 ], [ 79.900209098000062, 7.035651273000042 ], [ 79.899529078000057, 7.035916291000035 ], [ 79.89871697600006, 7.035619815000075 ], [ 79.898730971000077, 7.035348757000065 ], [ 79.897329209000077, 7.035732679000034 ], [ 79.897299970000063, 7.035564599000054 ], [ 79.896594737000044, 7.035450179000065 ], [ 79.896351585000048, 7.034925228000077 ], [ 79.895939049000049, 7.034859487000062 ], [ 79.895768780000083, 7.034907624000027 ], [ 79.895745441000031, 7.035205939000036 ], [ 79.895521037000037, 7.035205863000044 ], [ 79.895394473000067, 7.034914585000024 ], [ 79.895348044000059, 7.035296187000029 ], [ 79.892910793000055, 7.035484797000038 ], [ 79.891600996000079, 7.035854949000054 ], [ 79.889626461000034, 7.035855903000027 ], [ 79.888425206000079, 7.035569888000055 ], [ 79.887545548000048, 7.035572081000055 ], [ 79.881333280000035, 7.049356524000075 ], [ 79.882257898000034, 7.049539345000028 ], [ 79.880495169000085, 7.053936624000073 ], [ 79.880005846000074, 7.054659775000061 ], [ 79.879481260000034, 7.058974850000027 ], [ 79.879191544000037, 7.058922077000034 ], [ 79.878659270000071, 7.059579690000021 ], [ 79.877551761000063, 7.062396028000023 ], [ 79.876924611000049, 7.064728591000062 ], [ 79.877761217000057, 7.069260486000076 ], [ 79.877979246000052, 7.072207583000022 ], [ 79.877857630000051, 7.073548679000055 ], [ 79.876646377000043, 7.076862680000033 ], [ 79.876682833000075, 7.077147546000049 ], [ 79.877739272000042, 7.076663469000039 ], [ 79.878022584000064, 7.07665795500003 ], [ 79.878078326000036, 7.076908820000028 ], [ 79.877934081000035, 7.077312904000053 ], [ 79.878211442000065, 7.081197686000053 ], [ 79.87911151000003, 7.090229279000027 ], [ 79.878753046000043, 7.095716789000051 ], [ 79.876830697000059, 7.095758291000038 ], [ 79.875619432000065, 7.096075398000039 ], [ 79.873316832000057, 7.096000350000054 ], [ 79.872530873000073, 7.09580040000003 ], [ 79.872257711000032, 7.09667154300007 ], [ 79.872188881000056, 7.097804879000023 ], [ 79.871623463000049, 7.098217360000035 ], [ 79.870254911000075, 7.098253686000021 ], [ 79.869575626000085, 7.097802591000061 ], [ 79.868364275000033, 7.097776299000031 ], [ 79.868033210000078, 7.097574692000023 ], [ 79.866827364000073, 7.098193646000027 ], [ 79.865870431000076, 7.098985126000059 ], [ 79.865284062000057, 7.10093144800004 ], [ 79.86421152500003, 7.103462007000076 ], [ 79.863502506000032, 7.104634153000063 ], [ 79.86273527000003, 7.105225563000033 ], [ 79.861110480000036, 7.105724757000075 ], [ 79.860083572000065, 7.10544999800004 ], [ 79.859519084000055, 7.104925292000075 ], [ 79.859520755000062, 7.105349244000024 ], [ 79.859831031000056, 7.106739968000056 ], [ 79.859728300000029, 7.107120074000022 ], [ 79.860698605000039, 7.108281373000068 ], [ 79.861417908000078, 7.107876091000037 ], [ 79.862372002000029, 7.108338504000073 ], [ 79.862952814000039, 7.108327688000031 ], [ 79.863791972000058, 7.107868809000024 ], [ 79.865284443000064, 7.108586966000075 ], [ 79.867093586000067, 7.108124007000072 ], [ 79.868240955000033, 7.108287023000059 ], [ 79.869336984000086, 7.108717922000039 ], [ 79.870754524000063, 7.109892178000052 ], [ 79.871127158000036, 7.109910519000039 ], [ 79.871708788000035, 7.109252623000032 ], [ 79.872184775000051, 7.107661129000064 ], [ 79.872760662000076, 7.107258946000059 ], [ 79.87515318700008, 7.107708661000061 ], [ 79.876843616000031, 7.107434433000037 ], [ 79.877893242000084, 7.106937593000055 ], [ 79.878661054000077, 7.106972107000047 ], [ 79.879531519000068, 7.107555116000071 ], [ 79.880464438000047, 7.108882512000037 ], [ 79.88246332500006, 7.109780146000048 ], [ 79.88291348000007, 7.110516605000043 ], [ 79.884522879000031, 7.110728175000077 ], [ 79.885268116000077, 7.110662241000057 ], [ 79.885631918000058, 7.110264392000033 ], [ 79.886108058000048, 7.110196444000053 ], [ 79.886208196000041, 7.109491543000047 ], [ 79.887030043000038, 7.107576723000022 ], [ 79.887560820000033, 7.10778715400005 ], [ 79.887991244000034, 7.107559218000063 ], [ 79.888974826000037, 7.107663341000034 ], [ 79.889423869000041, 7.107807953000076 ], [ 79.889526268000054, 7.108139909000045 ], [ 79.890376590000074, 7.108217866000075 ], [ 79.890664592000064, 7.10782202300004 ], [ 79.891397343000051, 7.107692188000044 ], [ 79.893324770000049, 7.107788957000025 ], [ 79.894554735000042, 7.10956421800006 ], [ 79.894348389000072, 7.110473490000061 ], [ 79.894782531000033, 7.110513131000062 ], [ 79.895017329000041, 7.110396384000069 ], [ 79.895049712000059, 7.11012740700005 ], [ 79.89537794000006, 7.110145500000044 ], [ 79.895245664000072, 7.111566900000071 ], [ 79.894778717000065, 7.112610051000047 ], [ 79.89423419700006, 7.115863208000064 ], [ 79.894556253000076, 7.116288626000028 ], [ 79.896661360000053, 7.116741034000029 ], [ 79.897096202000057, 7.116980475000048 ], [ 79.897530615000051, 7.117650092000076 ], [ 79.897954276000064, 7.123306238000055 ], [ 79.900158680000061, 7.124854150000033 ], [ 79.900404592000029, 7.124945524000054 ], [ 79.900749605000044, 7.124636141000053 ], [ 79.90108061400008, 7.124616106000076 ], [ 79.904679007000084, 7.126192520000075 ], [ 79.905068871000083, 7.126412062000043 ], [ 79.905347253000059, 7.127132070000073 ], [ 79.905722008000055, 7.126844156000061 ], [ 79.906839810000065, 7.127117030000022 ], [ 79.908047710000062, 7.126812230000041 ], [ 79.912164523000058, 7.125058267000043 ], [ 79.912674673000083, 7.124592014000029 ], [ 79.912680280000075, 7.116879071000028 ], [ 79.913238718000059, 7.116899695000029 ], [ 79.913429020000081, 7.11673191400007 ], [ 79.913714895000055, 7.116974325000058 ], [ 79.914368396000043, 7.116661023000063 ], [ 79.915769050000051, 7.116691140000057 ], [ 79.920681251000076, 7.117428611000037 ] ] ] } },
{ "type": "Feature", "properties": { "ADM3_EN": "Gampaha", "ADM3_PCODE": "LK1224", "ADM2_EN": "Gampaha" }, "geometry": { "type": "Polygon", "coordinates": [ [ [ 80.043092030000082, 7.077678551000076 ], [ 80.042694868000069, 7.077028588000076 ], [ 80.041300958000079, 7.075674185000025 ], [ 80.04106209400004, 7.074923468000065 ], [ 80.040622660000054, 7.074506281000026 ], [ 80.04001424300003, 7.072710849000032 ], [ 80.038562570000067, 7.073125069000071 ], [ 80.037622012000043, 7.073913234000031 ], [ 80.035733524000079, 7.073193106000076 ], [ 80.035933097000054, 7.072791854000059 ], [ 80.035771227000055, 7.072468804000039 ], [ 80.035508048000054, 7.072482348000051 ], [ 80.035060902000055, 7.072904177000055 ], [ 80.034759221000058, 7.072077422000064 ], [ 80.034340221000036, 7.072133076000057 ], [ 80.03397741200007, 7.071860954000044 ], [ 80.033113627000034, 7.071739223000066 ], [ 80.032384646000082, 7.072260491000065 ], [ 80.032233956000084, 7.072935308000069 ], [ 80.032036785000059, 7.073001418000047 ], [ 80.029845886000032, 7.072919974000058 ], [ 80.028886499000066, 7.073238790000062 ], [ 80.028635738000048, 7.073122558000023 ], [ 80.027632303000075, 7.073263671000063 ], [ 80.027789784000049, 7.072324018000074 ], [ 80.025528314000042, 7.072213946000034 ], [ 80.02529467100004, 7.071793997000043 ], [ 80.025927033000073, 7.071423867000021 ], [ 80.025827981000077, 7.069585991000054 ], [ 80.023620952000044, 7.069021297000063 ], [ 80.024149475000058, 7.068411610000055 ], [ 80.024180165000075, 7.067945598000051 ], [ 80.023821615000031, 7.067525408000051 ], [ 80.02360137900007, 7.067531442000075 ], [ 80.023804876000042, 7.066960472000062 ], [ 80.024866528000075, 7.066514045000076 ], [ 80.02600263000005, 7.066542821000041 ], [ 80.027203386000053, 7.064980689000038 ], [ 80.027904020000051, 7.063319187000047 ], [ 80.029020179000042, 7.062020988000029 ], [ 80.02874896700007, 7.061783996000031 ], [ 80.028996764000055, 7.061256611000033 ], [ 80.028814577000048, 7.060785839000062 ], [ 80.029069518000085, 7.059797563000075 ], [ 80.028758052000057, 7.058647721000057 ], [ 80.02888609300004, 7.057678668000051 ], [ 80.028490797000075, 7.057495372000062 ], [ 80.027511387000061, 7.058722641000031 ], [ 80.027151937000042, 7.058658231000038 ], [ 80.027041052000072, 7.058876157000043 ], [ 80.025311603000034, 7.058332999000072 ], [ 80.025318394000067, 7.056700375000048 ], [ 80.024072945000057, 7.056860068000049 ], [ 80.023786611000048, 7.057156477000035 ], [ 80.023314110000058, 7.05419706400005 ], [ 80.02251947700006, 7.052007103000051 ], [ 80.023431241000083, 7.051434689000075 ], [ 80.024524195000083, 7.051323080000031 ], [ 80.025024295000037, 7.051030369000046 ], [ 80.026037697000049, 7.050193567000065 ], [ 80.025796870000079, 7.049658498000042 ], [ 80.026163301000054, 7.049420591000057 ], [ 80.027073492000056, 7.049653198000044 ], [ 80.028197476000059, 7.049366835000058 ], [ 80.028433267000082, 7.048776850000024 ], [ 80.028989588000059, 7.04817270500007 ], [ 80.029631661000053, 7.047877097000026 ], [ 80.030092703000037, 7.047388444000035 ], [ 80.030257321000079, 7.046805975000041 ], [ 80.029754012000069, 7.045055648000073 ], [ 80.03009677600005, 7.044833646000029 ], [ 80.029999180000061, 7.044376348000071 ], [ 80.030917059000046, 7.044238238000048 ], [ 80.031147674000067, 7.044570030000045 ], [ 80.031607970000039, 7.044368984000073 ], [ 80.031722344000059, 7.04459001500004 ], [ 80.031951191000076, 7.044547882000074 ], [ 80.033214866000037, 7.043727829000034 ], [ 80.032710050000048, 7.043010576000029 ], [ 80.033807304000049, 7.042262529000027 ], [ 80.034091098000033, 7.042781810000065 ], [ 80.035757946000047, 7.04196180200006 ], [ 80.035625931000084, 7.040887965000024 ], [ 80.036012035000056, 7.040347540000027 ], [ 80.035547553000072, 7.038988653000047 ], [ 80.035713447000035, 7.038174626000057 ], [ 80.036146126000062, 7.037771043000021 ], [ 80.036310388000061, 7.037151082000037 ], [ 80.037079323000057, 7.036845203000041 ], [ 80.037335, 7.037041043000045 ], [ 80.038101315000063, 7.03686919200004 ], [ 80.038261418000047, 7.037125153000034 ], [ 80.03966177500007, 7.036511579000035 ], [ 80.03965009500007, 7.035610637000048 ], [ 80.038880311000071, 7.034234161000029 ], [ 80.038926572000037, 7.033768549000058 ], [ 80.037142913000082, 7.034204032000048 ], [ 80.037125361000051, 7.034722334000037 ], [ 80.036396569000033, 7.035312872000077 ], [ 80.03496866100005, 7.034757485000057 ], [ 80.034348135000073, 7.035100589000024 ], [ 80.033995556000036, 7.034888677000026 ], [ 80.034706940000035, 7.033798986000022 ], [ 80.034496649000062, 7.033625190000066 ], [ 80.034298161000038, 7.032771181000044 ], [ 80.033000344000072, 7.031863512000029 ], [ 80.032290426000031, 7.032187471000043 ], [ 80.031699844000059, 7.032138879000058 ], [ 80.031729745000064, 7.031834288000027 ], [ 80.030850304000069, 7.030962918000057 ], [ 80.03079204800008, 7.031191332000049 ], [ 80.030330537000054, 7.031091780000054 ], [ 80.029296169000077, 7.030522141000063 ], [ 80.031770950000066, 7.028920252000034 ], [ 80.031359173000055, 7.028232283000023 ], [ 80.029899331000081, 7.028327657000034 ], [ 80.028544521000072, 7.028944721000073 ], [ 80.027980964000051, 7.028104194000036 ], [ 80.02692589600008, 7.027268345000039 ], [ 80.026592464000032, 7.026100740000061 ], [ 80.026514203000033, 7.024992345000044 ], [ 80.02586571900008, 7.024533973000075 ], [ 80.025521969000067, 7.023777755000026 ], [ 80.025818661000073, 7.022360635000041 ], [ 80.025690303000033, 7.02036927100005 ], [ 80.026028309000083, 7.019380352000042 ], [ 80.02647077000006, 7.019314888000054 ], [ 80.027702575000035, 7.017792584000063 ], [ 80.028380665000043, 7.017592239000066 ], [ 80.027936175000036, 7.016888090000066 ], [ 80.027453312000034, 7.016727359000072 ], [ 80.026906180000083, 7.017341673000033 ], [ 80.025815750000049, 7.017622587000062 ], [ 80.025591557000041, 7.016803762000052 ], [ 80.024785915000052, 7.01693556400005 ], [ 80.024117088000082, 7.016699399000061 ], [ 80.022560537000061, 7.014749260000031 ], [ 80.022005987000057, 7.014912407000054 ], [ 80.021569837000072, 7.014759776000062 ], [ 80.019731687000046, 7.015126274000067 ], [ 80.018102872000043, 7.01444834800003 ], [ 80.017259720000084, 7.014328157000023 ], [ 80.015479910000067, 7.01463908900007 ], [ 80.015379161000055, 7.014102172000037 ], [ 80.015206291000084, 7.013876229000061 ], [ 80.015068325000072, 7.013960897000061 ], [ 80.014557029000059, 7.012979148000056 ], [ 80.013568712000051, 7.011870303000023 ], [ 80.013196450000066, 7.011158334000072 ], [ 80.012961017000066, 7.011173039000028 ], [ 80.012188632000061, 7.012532988000032 ], [ 80.010618181000041, 7.011512143000061 ], [ 80.008345906000045, 7.011022761000049 ], [ 80.007434127000067, 7.011717281000074 ], [ 80.005802034000055, 7.014196011000024 ], [ 80.005167552000046, 7.014361433000033 ], [ 80.004607973000077, 7.013898337000057 ], [ 80.004061252000042, 7.014000070000066 ], [ 80.003417909000063, 7.013625525000066 ], [ 80.003093295000042, 7.013654157000076 ], [ 80.00342132600008, 7.015005452000025 ], [ 80.003835071000083, 7.014939577000064 ], [ 80.004108864000045, 7.01714408600003 ], [ 80.005465418000085, 7.018715589000067 ], [ 80.006159268000033, 7.023751502000039 ], [ 80.005695867000043, 7.024278687000049 ], [ 80.005240405000052, 7.024463850000075 ], [ 80.005073821000053, 7.02537396200006 ], [ 80.003824086000066, 7.025273975000061 ], [ 80.003493122000066, 7.026732534000075 ], [ 80.002955771000074, 7.027071857000067 ], [ 80.002262084000051, 7.027208004000045 ], [ 80.002128, 7.027660937000064 ], [ 80.002347323000038, 7.027800753000065 ], [ 80.001212195000051, 7.028598015000057 ], [ 80.00078093500008, 7.02927423400007 ], [ 80.001342353000041, 7.029775777000054 ], [ 80.001264695000032, 7.030486378000035 ], [ 80.00102159100004, 7.03076014100003 ], [ 79.99983850700005, 7.030738832000054 ], [ 79.999227787000052, 7.029303009000046 ], [ 79.998773306000032, 7.029450471000075 ], [ 79.998601162000057, 7.02930776900007 ], [ 79.997844689000033, 7.02970646700004 ], [ 79.996227481000062, 7.029791529000022 ], [ 79.994643384000085, 7.030854604000069 ], [ 79.993609159000073, 7.031114469000045 ], [ 79.993275174000075, 7.030766258000028 ], [ 79.992987435000032, 7.031020854000076 ], [ 79.992362815000035, 7.030769874000043 ], [ 79.991318314000068, 7.030860692000033 ], [ 79.991061367000043, 7.030601592000039 ], [ 79.990149750000057, 7.030343713000036 ], [ 79.989729781000051, 7.03133512200003 ], [ 79.989123629000062, 7.031785941000066 ], [ 79.989068297000074, 7.032641803000047 ], [ 79.988774942000077, 7.033012849000045 ], [ 79.988197137000043, 7.033402204000026 ], [ 79.987254035000035, 7.03246387400003 ], [ 79.986263681000082, 7.031957252000041 ], [ 79.984302417000038, 7.034479490000024 ], [ 79.983682415000033, 7.033541791000061 ], [ 79.983406921000039, 7.033603385000049 ], [ 79.983306891000041, 7.03323847300004 ], [ 79.981901590000064, 7.032193826000025 ], [ 79.982292286000074, 7.031767342000023 ], [ 79.981907973000034, 7.031318250000027 ], [ 79.981253536000054, 7.030917066000029 ], [ 79.980332672000031, 7.031160359000069 ], [ 79.978472741000076, 7.030688909000048 ], [ 79.977674087000082, 7.03005354000004 ], [ 79.976866900000061, 7.028938369000059 ], [ 79.976909887000033, 7.02861447600003 ], [ 79.976439807000077, 7.027566265000075 ], [ 79.976150002000054, 7.027658669000061 ], [ 79.976389453000081, 7.027396259000056 ], [ 79.976316921000034, 7.027219464000041 ], [ 79.976019724000082, 7.027368486000057 ], [ 79.975856920000069, 7.026981894000073 ], [ 79.976191330000063, 7.026834463000057 ], [ 79.975579993000053, 7.025767432000066 ], [ 79.974059086000068, 7.02650777100007 ], [ 79.973435881000057, 7.027635780000026 ], [ 79.973043606000033, 7.02771240900006 ], [ 79.972890083000038, 7.028311551000058 ], [ 79.97303658900006, 7.028747460000034 ], [ 79.972571699000071, 7.029406570000049 ], [ 79.972322685000051, 7.029475950000062 ], [ 79.971661620000077, 7.028879983000024 ], [ 79.970715118000044, 7.028678591000073 ], [ 79.970338935000029, 7.028916482000056 ], [ 79.969463214000029, 7.032101493000027 ], [ 79.968613442000049, 7.032386021000036 ], [ 79.96904132800006, 7.033075902000064 ], [ 79.967477483000039, 7.033193032000042 ], [ 79.964942750000034, 7.03401474900005 ], [ 79.963903230000085, 7.034558286000049 ], [ 79.963455512000053, 7.034543856000028 ], [ 79.963865546000079, 7.035201308000069 ], [ 79.963995837000084, 7.036317623000059 ], [ 79.961937266000064, 7.03795883500004 ], [ 79.961465220000036, 7.038087951000023 ], [ 79.961218123000037, 7.037885696000046 ], [ 79.960450569000045, 7.038273357000037 ], [ 79.960264097000049, 7.038080070000035 ], [ 79.959573096000042, 7.038312818000065 ], [ 79.959889432000068, 7.038446585000031 ], [ 79.960200502000077, 7.039062577000038 ], [ 79.960493208000059, 7.040340567000044 ], [ 79.960227015000044, 7.040358080000033 ], [ 79.959582342000033, 7.040898091000031 ], [ 79.959635546000072, 7.041037707000044 ], [ 79.95989793900003, 7.040899288000048 ], [ 79.95996124900006, 7.04113336000006 ], [ 79.960465524000085, 7.041425270000047 ], [ 79.961005555000042, 7.043252075000055 ], [ 79.961123395000072, 7.044653270000026 ], [ 79.960919001000036, 7.045840770000041 ], [ 79.960214982000082, 7.046104051000043 ], [ 79.960691618000055, 7.046113499000057 ], [ 79.960741787000075, 7.046684789000039 ], [ 79.961384324000051, 7.048096300000054 ], [ 79.961700065000059, 7.04825450200002 ], [ 79.96239921800003, 7.049398169000028 ], [ 79.961480631000029, 7.049970580000036 ], [ 79.961384202000033, 7.050434626000026 ], [ 79.961118851000037, 7.050603160000037 ], [ 79.961384247000069, 7.051234491000059 ], [ 79.961223103000066, 7.051726862000066 ], [ 79.961544222000043, 7.052000552000038 ], [ 79.96058259800003, 7.05354443300007 ], [ 79.960732618000065, 7.053932026000041 ], [ 79.96063123700003, 7.054542045000062 ], [ 79.959056909000083, 7.054596567000033 ], [ 79.958529129000055, 7.054958990000046 ], [ 79.958748985000057, 7.055698604000042 ], [ 79.959546628000055, 7.055717519000041 ], [ 79.959736006000071, 7.055897679000054 ], [ 79.959502388000033, 7.056416965000039 ], [ 79.959777096000039, 7.056747968000025 ], [ 79.959722353000075, 7.057128526000042 ], [ 79.958809202000054, 7.058466089000035 ], [ 79.959000495000055, 7.059180667000021 ], [ 79.958765027000084, 7.059504365000066 ], [ 79.957777012000065, 7.059624503000066 ], [ 79.957692617000077, 7.059332924000046 ], [ 79.956703221000055, 7.05913627700005 ], [ 79.956188070000053, 7.059437780000053 ], [ 79.955535990000044, 7.059366878000048 ], [ 79.954036087000077, 7.057920959000057 ], [ 79.953207513000052, 7.057884824000041 ], [ 79.952697964000038, 7.056829320000077 ], [ 79.951207150000073, 7.057708413000057 ], [ 79.950622493000083, 7.058275187000049 ], [ 79.950386423000054, 7.058807997000031 ], [ 79.949240107000037, 7.058613243000025 ], [ 79.948113590000048, 7.058984312000064 ], [ 79.946581596000044, 7.059901404000072 ], [ 79.946197623000046, 7.060542860000055 ], [ 79.945287189000055, 7.060344237000038 ], [ 79.944989437000061, 7.061736479000047 ], [ 79.945306293000044, 7.061853692000057 ], [ 79.945173308000051, 7.062369041000068 ], [ 79.945299737000084, 7.063236507000056 ], [ 79.944887114000039, 7.063121746000036 ], [ 79.944829404000075, 7.062647106000043 ], [ 79.944286645000034, 7.062071273000072 ], [ 79.943078280000066, 7.063035243000058 ], [ 79.942826663000062, 7.063439535000043 ], [ 79.942714795000029, 7.06334849600006 ], [ 79.942152293000049, 7.063807580000059 ], [ 79.941785008000068, 7.063846585000022 ], [ 79.940837500000043, 7.063498738000021 ], [ 79.941295167000078, 7.062938877000022 ], [ 79.940153020000082, 7.062887817000046 ], [ 79.939563923000037, 7.062330957000029 ], [ 79.939523542000074, 7.062146668000025 ], [ 79.939846878000083, 7.061938350000048 ], [ 79.939565990000062, 7.061941684000033 ], [ 79.939251446000071, 7.061520549000022 ], [ 79.938248151000039, 7.061508527000058 ], [ 79.936721147000071, 7.062051062000023 ], [ 79.936148600000081, 7.061885289000031 ], [ 79.935530687000039, 7.062155576000066 ], [ 79.93434317100008, 7.062092217000043 ], [ 79.932891016000042, 7.062943313000062 ], [ 79.932172755000067, 7.063127825000038 ], [ 79.931872953000038, 7.062862231000054 ], [ 79.930473612000071, 7.062673336000046 ], [ 79.929787806000036, 7.060559531000024 ], [ 79.926892935000069, 7.060950450000064 ], [ 79.926113250000071, 7.061350176000076 ], [ 79.925961420000078, 7.061579957000049 ], [ 79.926418811000076, 7.062102419000041 ], [ 79.925857189000055, 7.062683733000028 ], [ 79.925380166000082, 7.062649041000043 ], [ 79.925247178000063, 7.063084698000068 ], [ 79.925666498000055, 7.06318243100003 ], [ 79.925648353000042, 7.063947535000068 ], [ 79.926173907000077, 7.063959362000048 ], [ 79.926145930000075, 7.065837607000049 ], [ 79.925168470000074, 7.06612982300004 ], [ 79.924864572000047, 7.066468594000071 ], [ 79.924504902000081, 7.069078633000061 ], [ 79.923763264000058, 7.069165465000026 ], [ 79.923670358000038, 7.070057510000026 ], [ 79.922909084000082, 7.071302801000058 ], [ 79.923551213000053, 7.071831647000067 ], [ 79.92572741400005, 7.072434440000052 ], [ 79.926088199000048, 7.072807450000028 ], [ 79.926106959000037, 7.073090067000066 ], [ 79.926558291000049, 7.07326613400005 ], [ 79.927987493000046, 7.073417330000041 ], [ 79.928037450000033, 7.073028890000046 ], [ 79.928402217000041, 7.073028775000068 ], [ 79.928439530000048, 7.073471242000039 ], [ 79.92857734200004, 7.073264493000067 ], [ 79.928939509000031, 7.073262445000069 ], [ 79.92924703400007, 7.074199380000039 ], [ 79.929639315000031, 7.074648722000063 ], [ 79.929730388000053, 7.075579237000056 ], [ 79.930389265000031, 7.075569501000075 ], [ 79.930776814000069, 7.07633056700007 ], [ 79.932395993000057, 7.076257207000026 ], [ 79.93320858900006, 7.077249720000054 ], [ 79.934422463000033, 7.076694958000076 ], [ 79.936365241000033, 7.079009097000039 ], [ 79.937264201000062, 7.080477555000073 ], [ 79.937427903000071, 7.081347893000043 ], [ 79.937305312000035, 7.083107917000063 ], [ 79.939252028000055, 7.084683573000063 ], [ 79.939302065000049, 7.085091691000059 ], [ 79.940158667000048, 7.085888308000051 ], [ 79.94002441300006, 7.086113968000063 ], [ 79.940235271000063, 7.08703510600003 ], [ 79.940029200000083, 7.087182347000066 ], [ 79.940118269000038, 7.088009580000062 ], [ 79.939974319000044, 7.088288030000058 ], [ 79.939655674000051, 7.08838169400002 ], [ 79.939577300000053, 7.08898083400004 ], [ 79.939375269000038, 7.089188611000054 ], [ 79.939700204000076, 7.089262117000033 ], [ 79.93959807300007, 7.089901345000044 ], [ 79.940507965000052, 7.090417528000046 ], [ 79.941046328000084, 7.090126203000068 ], [ 79.941686234000031, 7.090358027000036 ], [ 79.941978161000065, 7.090154019000067 ], [ 79.942323250000072, 7.090726265000058 ], [ 79.943392147000054, 7.090788648000057 ], [ 79.943436771000052, 7.090933859000074 ], [ 79.942406173000052, 7.091549325000074 ], [ 79.94256084400007, 7.092453028000023 ], [ 79.942423477000034, 7.092661401000043 ], [ 79.941775397000072, 7.093059939000057 ], [ 79.941060687000061, 7.093177774000026 ], [ 79.940819925000085, 7.093746139000075 ], [ 79.940870695000058, 7.094476863000068 ], [ 79.940469824000047, 7.094848479000063 ], [ 79.940426539000043, 7.095227929000032 ], [ 79.939711579000061, 7.095841295000071 ], [ 79.939691804000063, 7.096452391000071 ], [ 79.939423531000045, 7.096678560000043 ], [ 79.938973665000049, 7.096610701000031 ], [ 79.93745179900003, 7.097347077000052 ], [ 79.937002633000077, 7.096634899000037 ], [ 79.936288995000041, 7.096796510000047 ], [ 79.935738408000077, 7.096507462000034 ], [ 79.934080240000071, 7.097011115000043 ], [ 79.933431923000057, 7.09673890800002 ], [ 79.932248929000082, 7.097058028000049 ], [ 79.931635079000046, 7.097703096000032 ], [ 79.931723299000055, 7.098566868000034 ], [ 79.93120678300005, 7.098959429000047 ], [ 79.930267529000048, 7.098480887000051 ], [ 79.929893853000067, 7.099076522000075 ], [ 79.929356130000031, 7.098971851000044 ], [ 79.92851911300005, 7.099508873000048 ], [ 79.927103180000074, 7.099340616000063 ], [ 79.927008004000072, 7.099685238000063 ], [ 79.926177510000059, 7.100658735000025 ], [ 79.925497783000083, 7.101109055000052 ], [ 79.923662468000032, 7.103481603000034 ], [ 79.923744489000057, 7.104556596000066 ], [ 79.923934407000047, 7.104928548000032 ], [ 79.924140092000073, 7.104934382000067 ], [ 79.92412691800007, 7.105452655000022 ], [ 79.924348746000078, 7.105799127000068 ], [ 79.924266106000061, 7.106551895000052 ], [ 79.925073052000073, 7.106915839000067 ], [ 79.924528431000056, 7.107340039000064 ], [ 79.924428689000081, 7.107874068000058 ], [ 79.923013512000068, 7.108881377000046 ], [ 79.923517748000052, 7.109358943000075 ], [ 79.923456746000056, 7.110017692000042 ], [ 79.924916566000036, 7.110761367000066 ], [ 79.925790615000039, 7.111529508000046 ], [ 79.927183921000051, 7.113037831000042 ], [ 79.927594182000064, 7.114128444000073 ], [ 79.927820261000079, 7.113985703000026 ], [ 79.927740665000044, 7.112836058000028 ], [ 79.928818766000063, 7.111304234000045 ], [ 79.929717249000078, 7.110706619000041 ], [ 79.930521044000045, 7.110862911000027 ], [ 79.931431517000078, 7.110553082000024 ], [ 79.932208696000032, 7.109962892000055 ], [ 79.933175942000048, 7.110697440000024 ], [ 79.933603808000044, 7.110672377000071 ], [ 79.934613003000038, 7.109621119000053 ], [ 79.935852909000062, 7.109284789000071 ], [ 79.937147103000029, 7.109837773000038 ], [ 79.937112288000037, 7.110544669000035 ], [ 79.938215539000055, 7.111027543000034 ], [ 79.939159718000042, 7.110435764000044 ], [ 79.939761640000029, 7.110672670000042 ], [ 79.940403425000056, 7.11039272000005 ], [ 79.941365394000059, 7.110309723000057 ], [ 79.942595349000044, 7.109762578000073 ], [ 79.94287913900007, 7.109112350000032 ], [ 79.94328893900007, 7.108976719000054 ], [ 79.944722418000083, 7.109117740000045 ], [ 79.945011370000032, 7.108520243000044 ], [ 79.945693697000081, 7.108668003000048 ], [ 79.946047855000074, 7.108497235000073 ], [ 79.946162454000046, 7.107692662000034 ], [ 79.946880687000032, 7.106761317000064 ], [ 79.948041255000078, 7.106387145000042 ], [ 79.948830250000071, 7.106669857000043 ], [ 79.949341266000033, 7.10650442900004 ], [ 79.950335304000077, 7.105571422000025 ], [ 79.950319774000036, 7.104612619000022 ], [ 79.950497553000048, 7.104179040000076 ], [ 79.952038510000079, 7.102806808000025 ], [ 79.951573268000061, 7.100467779000041 ], [ 79.951670096000043, 7.099659774000031 ], [ 79.952084144000082, 7.099566080000045 ], [ 79.953149629000052, 7.100166161000061 ], [ 79.953535273000057, 7.099375446000067 ], [ 79.955651709000051, 7.09726859400007 ], [ 79.956254418000071, 7.097062515000061 ], [ 79.956447977000039, 7.097309277000022 ], [ 79.956804198000043, 7.097262058000069 ], [ 79.959855721000054, 7.09546743900006 ], [ 79.960102191000033, 7.095472065000024 ], [ 79.960357859000055, 7.095835821000037 ], [ 79.960884318000069, 7.097205048000035 ], [ 79.961972838000065, 7.096664102000034 ], [ 79.963303663000033, 7.096938550000061 ], [ 79.963667635000036, 7.096650462000071 ], [ 79.963803053000049, 7.095563016000028 ], [ 79.964198560000057, 7.09487202300005 ], [ 79.966657454000085, 7.094917960000032 ], [ 79.967885979000073, 7.095160896000039 ], [ 79.968155648000049, 7.094899528000042 ], [ 79.967729173000066, 7.094104112000025 ], [ 79.968749978000062, 7.093335552000042 ], [ 79.96934127600008, 7.09305011400005 ], [ 79.970801301000051, 7.092890681000029 ], [ 79.971840919000044, 7.092567726000027 ], [ 79.972201365000046, 7.092823640000063 ], [ 79.973012140000037, 7.094452012000033 ], [ 79.973075538000046, 7.095665475000033 ], [ 79.97388983500008, 7.095337874000052 ], [ 79.974349154000038, 7.096046246000071 ], [ 79.975535576000084, 7.097042946000045 ], [ 79.976481256000056, 7.098649124000076 ], [ 79.97934794300005, 7.099790435000045 ], [ 79.980935181000063, 7.098836827000071 ], [ 79.982257559000061, 7.096458119000033 ], [ 79.983730630000082, 7.096062055000061 ], [ 79.984339022000086, 7.096376604000056 ], [ 79.985843242000044, 7.095662245000028 ], [ 79.986017357000037, 7.095092305000037 ], [ 79.98641211000006, 7.094986861000052 ], [ 79.988253850000035, 7.095642834000046 ], [ 79.989024630000074, 7.09622504400005 ], [ 79.990199473000075, 7.096405262000076 ], [ 79.990257297000085, 7.09693470600007 ], [ 79.990603012000065, 7.097395778000021 ], [ 79.991139258000032, 7.096959876000028 ], [ 79.992144920000044, 7.098071836000031 ], [ 79.992986120000069, 7.098056850000035 ], [ 79.993211727000073, 7.098239600000056 ], [ 79.99348137800007, 7.099628076000045 ], [ 79.995303349000039, 7.101041977000023 ], [ 79.996107416000029, 7.103006429000061 ], [ 79.996848944000078, 7.103542226000059 ], [ 79.997607483000081, 7.103604780000069 ], [ 79.99817855100008, 7.10419409900004 ], [ 80.000227126000084, 7.104400676000068 ], [ 80.001595322000071, 7.105560363000052 ], [ 80.001715828000044, 7.105149699000037 ], [ 80.001915024000084, 7.105194053000048 ], [ 80.002119808000032, 7.105677336000042 ], [ 80.002524842000071, 7.105375426000023 ], [ 80.00329053300004, 7.105441204000044 ], [ 80.005156402000068, 7.104805904000045 ], [ 80.005706928000052, 7.104381309000075 ], [ 80.006850672000041, 7.104947510000045 ], [ 80.007483516000036, 7.106157549000045 ], [ 80.008679079000046, 7.106987260000039 ], [ 80.009321782000029, 7.106517086000053 ], [ 80.009694909000075, 7.105947383000057 ], [ 80.010612664000064, 7.10534717400003 ], [ 80.01131394600003, 7.105065861000071 ], [ 80.012392989000034, 7.104951662000076 ], [ 80.012636200000031, 7.104068099000074 ], [ 80.012941763000072, 7.103951969000036 ], [ 80.014853640000069, 7.105778324000028 ], [ 80.015386999000043, 7.106036430000074 ], [ 80.016168490000041, 7.106088431000046 ], [ 80.016910550000034, 7.105048413000077 ], [ 80.019409104000033, 7.105584398000076 ], [ 80.019932610000069, 7.106042079000076 ], [ 80.01944925500004, 7.106786734000025 ], [ 80.018836230000034, 7.107048818000067 ], [ 80.018210193000073, 7.108491284000024 ], [ 80.018604047000053, 7.108800429000041 ], [ 80.018516886000043, 7.109832103000031 ], [ 80.019064719000085, 7.109812888000022 ], [ 80.019330579000041, 7.110147015000052 ], [ 80.019484636000072, 7.111216477000028 ], [ 80.020206069000039, 7.111650028000042 ], [ 80.021296063000079, 7.111652800000059 ], [ 80.021900520000031, 7.11141353000005 ], [ 80.021740609000062, 7.110887366000043 ], [ 80.022424774000058, 7.109175311000058 ], [ 80.023143755000035, 7.11053780900005 ], [ 80.022759416000042, 7.111578051000038 ], [ 80.02214977400007, 7.112331194000035 ], [ 80.021973098000046, 7.114865302000055 ], [ 80.023102848000065, 7.11494532200004 ], [ 80.023561589000053, 7.114750905000051 ], [ 80.024090344000058, 7.114108595000062 ], [ 80.025217620000035, 7.113791855000045 ], [ 80.025317148000056, 7.114558315000068 ], [ 80.028008009000075, 7.113752753000028 ], [ 80.029005944000062, 7.113925990000041 ], [ 80.029766562000077, 7.113682982000057 ], [ 80.031449836000036, 7.11389685000006 ], [ 80.031670653000049, 7.11295627100003 ], [ 80.032765177000044, 7.113184688000047 ], [ 80.03278560800004, 7.11292626900007 ], [ 80.033897787000058, 7.112819255000034 ], [ 80.033990622000033, 7.112447577000069 ], [ 80.034817018000069, 7.112511777000066 ], [ 80.035001650000083, 7.112718693000033 ], [ 80.036558683000067, 7.113176250000038 ], [ 80.036951173000034, 7.114926869000044 ], [ 80.037377309000078, 7.114899606000051 ], [ 80.038094564000062, 7.117343969000046 ], [ 80.03868831300008, 7.117241141000022 ], [ 80.038660607000054, 7.116864042000032 ], [ 80.039245359000063, 7.11676938100004 ], [ 80.039238485000055, 7.116571603000068 ], [ 80.040529251000066, 7.116392494000024 ], [ 80.043506527000034, 7.117483392000054 ], [ 80.044132838000053, 7.118693638000025 ], [ 80.044574745000034, 7.118565189000037 ], [ 80.043259269000032, 7.113781696000046 ], [ 80.043451546000085, 7.112578684000027 ], [ 80.044070505000036, 7.112393147000034 ], [ 80.044312043000048, 7.112876922000055 ], [ 80.044747433000055, 7.113125948000061 ], [ 80.04548558700003, 7.113211288000059 ], [ 80.046043100000077, 7.113984034000055 ], [ 80.04606711100007, 7.114810699000031 ], [ 80.04629605100007, 7.115382789000023 ], [ 80.046634399000084, 7.115344195000034 ], [ 80.047199526000043, 7.115644841000062 ], [ 80.047447710000085, 7.116237602000069 ], [ 80.048452821000069, 7.115981311000041 ], [ 80.048606060000054, 7.116532070000062 ], [ 80.050091457000065, 7.116609109000024 ], [ 80.050160222000045, 7.11801545700007 ], [ 80.050897399000064, 7.117830092000077 ], [ 80.05219848400003, 7.118362034000029 ], [ 80.051595052000039, 7.119737231000045 ], [ 80.052833348000036, 7.120049838000057 ], [ 80.054675436000082, 7.119664704000058 ], [ 80.055635120000034, 7.119365990000063 ], [ 80.055819177000046, 7.119122403000063 ], [ 80.055928517000041, 7.117451856000059 ], [ 80.055330480000066, 7.11698597000003 ], [ 80.055245712000044, 7.116569940000034 ], [ 80.05644114100005, 7.115464079000049 ], [ 80.056681131000062, 7.114699307000024 ], [ 80.058086201000037, 7.114506436000056 ], [ 80.059237707000079, 7.113308915000061 ], [ 80.059618546000081, 7.112616919000061 ], [ 80.059909772000083, 7.110682218000022 ], [ 80.059388375000083, 7.109591274000024 ], [ 80.058432253000035, 7.108999163000021 ], [ 80.058606304000079, 7.10886862600006 ], [ 80.059157494000033, 7.109154101000058 ], [ 80.059477553000079, 7.108514441000068 ], [ 80.060839594000072, 7.108120170000063 ], [ 80.061396503000083, 7.107022080000036 ], [ 80.061372175000031, 7.106646900000044 ], [ 80.060675547000073, 7.105297420000056 ], [ 80.059954019000031, 7.104693679000036 ], [ 80.059845922000079, 7.103970263000065 ], [ 80.059273725000082, 7.103821045000075 ], [ 80.058509165000032, 7.102537250000069 ], [ 80.057704221000051, 7.102159599000061 ], [ 80.057317632000036, 7.10176612600003 ], [ 80.056640052000034, 7.101849291000065 ], [ 80.056057871000064, 7.100884095000026 ], [ 80.055045398000061, 7.101571318000026 ], [ 80.053217536000034, 7.101586565000048 ], [ 80.052231260000042, 7.100322754000047 ], [ 80.05214017600008, 7.099678231000041 ], [ 80.051030867000065, 7.098922979000065 ], [ 80.051318691000063, 7.09864512200005 ], [ 80.051211052000042, 7.098397128000045 ], [ 80.051628747000052, 7.097528059000069 ], [ 80.052259093000032, 7.097366685000054 ], [ 80.05255371100003, 7.096812993000071 ], [ 80.053109022000058, 7.096905930000048 ], [ 80.053353787000049, 7.09755750100004 ], [ 80.054014210000048, 7.096961932000056 ], [ 80.055712537000034, 7.09631332400005 ], [ 80.056661804000044, 7.096147204000033 ], [ 80.056503133000035, 7.094327777000046 ], [ 80.055813515000068, 7.094068158000027 ], [ 80.054810977000045, 7.092476555000076 ], [ 80.05384532000005, 7.090267930000039 ], [ 80.053701938000074, 7.089399145000073 ], [ 80.053988394000044, 7.088553307000041 ], [ 80.053699781000034, 7.088555721000034 ], [ 80.05354966200008, 7.08797082500007 ], [ 80.053236049000077, 7.087801714000022 ], [ 80.051637024000058, 7.087680955000053 ], [ 80.051511779000066, 7.088537785000028 ], [ 80.051009794000038, 7.088444099000071 ], [ 80.050530108000032, 7.089167054000029 ], [ 80.049179182000046, 7.090178845000025 ], [ 80.047911584000076, 7.09035908200002 ], [ 80.047176206000074, 7.090790347000052 ], [ 80.04698225900006, 7.091299465000077 ], [ 80.04597688900003, 7.091378836000047 ], [ 80.044936195000048, 7.092065385000069 ], [ 80.04446813900006, 7.092093125000076 ], [ 80.044073114000071, 7.09173398400003 ], [ 80.043690125000069, 7.091778364000049 ], [ 80.043519004000075, 7.090908600000034 ], [ 80.043348352000066, 7.090916783000068 ], [ 80.043327532000035, 7.090073202000042 ], [ 80.043586789000074, 7.090007673000059 ], [ 80.043962251000039, 7.090275180000049 ], [ 80.043696131000047, 7.091191784000046 ], [ 80.043849917000045, 7.091300357000023 ], [ 80.044267346000083, 7.091336432000048 ], [ 80.044830212000079, 7.091022615000043 ], [ 80.045627352000054, 7.090303457000061 ], [ 80.045423781000068, 7.088475262000031 ], [ 80.041717954000035, 7.088353949000066 ], [ 80.041568803000075, 7.086665496000023 ], [ 80.041767023000034, 7.086092296000061 ], [ 80.043992146000051, 7.086111809000045 ], [ 80.04442914200007, 7.084630122000021 ], [ 80.04401200600006, 7.083420959000023 ], [ 80.044908656000075, 7.083355134000044 ], [ 80.044527433000042, 7.082080133000034 ], [ 80.043365375000064, 7.080045178000034 ], [ 80.042941979000034, 7.080330024000034 ], [ 80.042586720000031, 7.080032267000036 ], [ 80.04192600600004, 7.078545344000077 ], [ 80.043092030000082, 7.077678551000076 ] ] ] } },
{ "type": "Feature", "properties": { "ADM3_EN": "Attanagalla", "ADM3_PCODE": "LK1227", "ADM2_EN": "Gampaha" }, "geometry": { "type": "Polygon", "coordinates": [ [ [ 80.158890298000074, 7.136388478000072 ], [ 80.158924269000067, 7.136037658000021 ], [ 80.159316519000072, 7.13603818200005 ], [ 80.159501917000057, 7.135210092000023 ], [ 80.160333594000065, 7.133431812000026 ], [ 80.160519030000046, 7.132573042000047 ], [ 80.160295727000062, 7.132319575000054 ], [ 80.160550134000061, 7.132281631000069 ], [ 80.161476112000059, 7.128877475000024 ], [ 80.163290412000038, 7.125112046000027 ], [ 80.163648429000034, 7.125300939000056 ], [ 80.164971788000059, 7.125095435000048 ], [ 80.16569134000008, 7.126101292000044 ], [ 80.166411793000066, 7.125950508000074 ], [ 80.166977909000082, 7.126196943000025 ], [ 80.167350161000059, 7.125995602000046 ], [ 80.168010285000037, 7.126008136000053 ], [ 80.167815816000029, 7.127664219000053 ], [ 80.167400885000063, 7.128538487000071 ], [ 80.168877825000038, 7.129224736000026 ], [ 80.169355894000034, 7.129643678000036 ], [ 80.169429189000084, 7.130360592000045 ], [ 80.170196809000061, 7.130545675000064 ], [ 80.171023521000052, 7.132510230000037 ], [ 80.172035133000065, 7.134014836000063 ], [ 80.172826304000068, 7.13436471600005 ], [ 80.173483167000029, 7.135695066000039 ], [ 80.174704057000042, 7.136246942000071 ], [ 80.178572399000075, 7.136323743000048 ], [ 80.17981734500006, 7.136803861000033 ], [ 80.183194318000062, 7.137143169000069 ], [ 80.184775323000054, 7.137073423000061 ], [ 80.189602880000052, 7.13631397000006 ], [ 80.191925767000043, 7.136771499000076 ], [ 80.193314178000037, 7.137467091000076 ], [ 80.194224675000044, 7.137624733000052 ], [ 80.195246808000036, 7.136847200000034 ], [ 80.196634537000079, 7.136546740000028 ], [ 80.19758728100004, 7.136087744000065 ], [ 80.199033994000047, 7.134725716000048 ], [ 80.200807198000064, 7.13537683800007 ], [ 80.201471315000049, 7.136529956000061 ], [ 80.201960470000074, 7.136894208000058 ], [ 80.202955183000086, 7.137047967000058 ], [ 80.205577236000067, 7.135161176000054 ], [ 80.206575785000041, 7.134985131000064 ], [ 80.209171341000058, 7.135076955000045 ], [ 80.209792806000053, 7.134811825000043 ], [ 80.212435171000038, 7.132909344000041 ], [ 80.212702259000082, 7.132200566000051 ], [ 80.212770197000054, 7.131070517000069 ], [ 80.212438262000035, 7.130383168000037 ], [ 80.207657526000048, 7.128500523000071 ], [ 80.204674236000074, 7.122243924000031 ], [ 80.203925043000083, 7.120174705000068 ], [ 80.203516914000033, 7.119594550000045 ], [ 80.199220475000061, 7.117138880000027 ], [ 80.198865025000032, 7.116624657000045 ], [ 80.198423348000063, 7.114377192000063 ], [ 80.196884736000072, 7.111373223000044 ], [ 80.196157790000029, 7.101963697000031 ], [ 80.195565274000046, 7.101080073000048 ], [ 80.194936855000037, 7.100957795000056 ], [ 80.194961019000061, 7.100361290000023 ], [ 80.194409655000072, 7.100747041000034 ], [ 80.193411155000035, 7.101068303000034 ], [ 80.192505854000046, 7.101016921000053 ], [ 80.19117267300004, 7.101241336000044 ], [ 80.190539329000046, 7.102051611000036 ], [ 80.189920876000031, 7.102449188000037 ], [ 80.187387515000069, 7.102833571000076 ], [ 80.186653831000058, 7.103435559000047 ], [ 80.185913973000083, 7.103244411000048 ], [ 80.186449596000045, 7.102064372000029 ], [ 80.186453838000034, 7.10155476500006 ], [ 80.18695858600006, 7.100166535000028 ], [ 80.186472233000075, 7.098396630000025 ], [ 80.186495111000056, 7.097359490000031 ], [ 80.186237160000076, 7.096792128000061 ], [ 80.186434364000036, 7.094908160000045 ], [ 80.183881136000082, 7.093840275000048 ], [ 80.183513493000078, 7.093134181000039 ], [ 80.183208572000069, 7.091415748000031 ], [ 80.18271879100007, 7.090157269000031 ], [ 80.179654, 7.085183292000067 ], [ 80.177905580000072, 7.083524359000023 ], [ 80.177200682000034, 7.082388318000028 ], [ 80.176774995000073, 7.081192764000036 ], [ 80.176496561000079, 7.078748220000023 ], [ 80.175370960000066, 7.07616379500007 ], [ 80.174174280000045, 7.072233222000023 ], [ 80.173629063000078, 7.071432160000029 ], [ 80.172865157000047, 7.070776333000026 ], [ 80.170900350000068, 7.069464108000034 ], [ 80.166789833000053, 7.065966283000023 ], [ 80.166792216000033, 7.064147295000055 ], [ 80.168390084000066, 7.061820846000046 ], [ 80.167025916000057, 7.061196510000059 ], [ 80.166249056000083, 7.060527327000045 ], [ 80.164834306000046, 7.060098208000056 ], [ 80.16274788100003, 7.060347290000038 ], [ 80.16113875700006, 7.060072707000074 ], [ 80.160690210000041, 7.060236044000021 ], [ 80.159103224000035, 7.060048725000058 ], [ 80.157860147000065, 7.059248040000057 ], [ 80.156923529000039, 7.059068405000062 ], [ 80.156955565000032, 7.059424668000077 ], [ 80.156509342000049, 7.059778501000039 ], [ 80.156707072000074, 7.060996800000055 ], [ 80.155609608000077, 7.062472867000054 ], [ 80.155553841000085, 7.063232623000033 ], [ 80.153397509000058, 7.064519500000074 ], [ 80.15280712200007, 7.063906931000076 ], [ 80.152071604000071, 7.063529214000027 ], [ 80.152353972000071, 7.063035479000064 ], [ 80.151918391000038, 7.062753827000051 ], [ 80.15125889400008, 7.061490217000028 ], [ 80.148915326000065, 7.061272535000057 ], [ 80.14850741500004, 7.061460300000022 ], [ 80.148395073000074, 7.062325016000045 ], [ 80.147779578000041, 7.062907177000056 ], [ 80.147403995000047, 7.063835460000064 ], [ 80.147121748000075, 7.064060049000034 ], [ 80.145746024000061, 7.063491049000049 ], [ 80.14464162400003, 7.063559493000071 ], [ 80.144277134000049, 7.062844350000034 ], [ 80.143626819000076, 7.06247143500002 ], [ 80.143118666000078, 7.062874228000055 ], [ 80.142455885000061, 7.062720184000057 ], [ 80.14129151800006, 7.066761077000024 ], [ 80.140711623000072, 7.06664507000005 ], [ 80.140222318000042, 7.06702047400006 ], [ 80.14039530000008, 7.067321493000065 ], [ 80.140381793000074, 7.068169620000049 ], [ 80.139926965000029, 7.069023156000071 ], [ 80.139627618000077, 7.069201773000032 ], [ 80.137970094000082, 7.068724472000042 ], [ 80.137647879000042, 7.068825141000048 ], [ 80.135612762000051, 7.067681523000033 ], [ 80.134959620000075, 7.067899075000071 ], [ 80.134303826000064, 7.068804103000048 ], [ 80.133789499000045, 7.068654296000034 ], [ 80.133355623000057, 7.068766311000047 ], [ 80.132897729000035, 7.069222770000067 ], [ 80.13104816200007, 7.06783656500005 ], [ 80.129990490000068, 7.069447829000069 ], [ 80.12891627700003, 7.06893518000004 ], [ 80.12871743200003, 7.06941454400004 ], [ 80.128322051000055, 7.069522421000045 ], [ 80.126537127000063, 7.068499889000066 ], [ 80.126492699000039, 7.068039818000045 ], [ 80.125707674000068, 7.069016828000031 ], [ 80.12505425300003, 7.069272064000074 ], [ 80.124407753000071, 7.069264159000056 ], [ 80.123370874000045, 7.06826731600006 ], [ 80.122891634000041, 7.068361647000074 ], [ 80.122396780000031, 7.066333439000061 ], [ 80.121512579000068, 7.066399062000073 ], [ 80.119362183000078, 7.065719646000048 ], [ 80.118553664000046, 7.064659922000033 ], [ 80.119405518000065, 7.064041336000059 ], [ 80.119444958000031, 7.062370989000044 ], [ 80.118622887000072, 7.061740824000026 ], [ 80.117940240000053, 7.060353314000054 ], [ 80.117383180000047, 7.06203659800002 ], [ 80.116462110000043, 7.061739906000071 ], [ 80.115930030000072, 7.060208651000039 ], [ 80.114292612000042, 7.059193932000028 ], [ 80.113789736000058, 7.058578329000056 ], [ 80.113589048000051, 7.058690455000033 ], [ 80.112698914000077, 7.058265284000072 ], [ 80.112280571000042, 7.057843930000047 ], [ 80.111041889000035, 7.057604897000033 ], [ 80.108905719000063, 7.057739746000038 ], [ 80.107625434000056, 7.057388418000073 ], [ 80.106437349000032, 7.056371545000047 ], [ 80.106225649000066, 7.056539210000039 ], [ 80.105651826000042, 7.056434972000034 ], [ 80.105161589000033, 7.056614815000046 ], [ 80.104581719000066, 7.056297766000057 ], [ 80.103639413000053, 7.057069044000059 ], [ 80.102694343000053, 7.057461987000067 ], [ 80.101412254000081, 7.05711063900003 ], [ 80.100263528000085, 7.058114606000061 ], [ 80.099874061000037, 7.05825787200007 ], [ 80.099376294000081, 7.058149768000021 ], [ 80.098839815000076, 7.059365814000046 ], [ 80.098340654000083, 7.059556374000067 ], [ 80.09860748400007, 7.060315740000021 ], [ 80.098309294000046, 7.060511679000058 ], [ 80.098637784000061, 7.061553613000058 ], [ 80.098526029000084, 7.062077789000057 ], [ 80.097518577000073, 7.063144330000057 ], [ 80.096832518000042, 7.064528861000042 ], [ 80.096270847000085, 7.065161440000054 ], [ 80.095858324000062, 7.066598622000072 ], [ 80.093570133000071, 7.068672006000043 ], [ 80.093322508000085, 7.070420411000043 ], [ 80.092844602000071, 7.070895709000069 ], [ 80.092042175000074, 7.072918246000029 ], [ 80.092011028000059, 7.074091648000035 ], [ 80.088328062000073, 7.076638832000071 ], [ 80.088421775000029, 7.07698774000005 ], [ 80.088118569000073, 7.077453572000024 ], [ 80.087108682000064, 7.078229355000076 ], [ 80.087861208000049, 7.079018351000059 ], [ 80.089195830000051, 7.078666881000061 ], [ 80.089713173000064, 7.079835323000054 ], [ 80.089625444000035, 7.080794660000038 ], [ 80.08859465300003, 7.080540527000039 ], [ 80.08758829900006, 7.080027142000063 ], [ 80.086933603000034, 7.079459659000065 ], [ 80.086172525000052, 7.078229473000022 ], [ 80.085999464000054, 7.078448244000072 ], [ 80.086119215000053, 7.078758553000057 ], [ 80.085884523000061, 7.078506883000045 ], [ 80.085330599000031, 7.07891427900006 ], [ 80.08532746000003, 7.079257227000028 ], [ 80.084942044000059, 7.079493571000057 ], [ 80.084357232000059, 7.080509688000063 ], [ 80.08233724300004, 7.08128834300004 ], [ 80.081774775000042, 7.082095699000035 ], [ 80.081659671000068, 7.082979043000023 ], [ 80.081418375000055, 7.083202069000038 ], [ 80.081082050000077, 7.082935569000028 ], [ 80.079949567000085, 7.08372984600004 ], [ 80.079737646000069, 7.083479583000042 ], [ 80.07921314400005, 7.083780423000064 ], [ 80.078695363000065, 7.084244187000024 ], [ 80.078805891000059, 7.084394130000021 ], [ 80.078341441000077, 7.084647095000037 ], [ 80.076333010000042, 7.085472006000032 ], [ 80.074311625000064, 7.085940614000037 ], [ 80.074979659000064, 7.087632683000038 ], [ 80.074461403000043, 7.087811558000055 ], [ 80.073738897000055, 7.087686672000075 ], [ 80.072753972000044, 7.086681055000042 ], [ 80.067848250000054, 7.08627784600003 ], [ 80.064750674000038, 7.085008777000041 ], [ 80.062014408000039, 7.083073915000057 ], [ 80.06086822900005, 7.082466038000064 ], [ 80.060356339000066, 7.082405761000075 ], [ 80.060468498000034, 7.081701759000055 ], [ 80.059757605000073, 7.081632327000023 ], [ 80.060227260000033, 7.080052875000035 ], [ 80.058441282000047, 7.080312668000033 ], [ 80.056217484000058, 7.079095095000071 ], [ 80.055832566000049, 7.078551786000048 ], [ 80.054406586000084, 7.07868305900007 ], [ 80.05353907500006, 7.078457405000051 ], [ 80.052864080000063, 7.078938745000073 ], [ 80.052479829000049, 7.078945689000022 ], [ 80.051659864000044, 7.078040711000028 ], [ 80.051112708000062, 7.078153551000071 ], [ 80.050488074000043, 7.077492954000036 ], [ 80.050013829000079, 7.073712517000047 ], [ 80.048695920000057, 7.072991153000032 ], [ 80.048978246000047, 7.070866104000061 ], [ 80.047028709000074, 7.07082863200003 ], [ 80.046204462000048, 7.073661551000043 ], [ 80.045297496000046, 7.075897226000052 ], [ 80.04192600600004, 7.078545344000077 ], [ 80.042586720000031, 7.080032267000036 ], [ 80.042941979000034, 7.080330024000034 ], [ 80.043365375000064, 7.080045178000034 ], [ 80.044527433000042, 7.082080133000034 ], [ 80.044908656000075, 7.083355134000044 ], [ 80.04401200600006, 7.083420959000023 ], [ 80.04442914200007, 7.084630122000021 ], [ 80.043992146000051, 7.086111809000045 ], [ 80.041767023000034, 7.086092296000061 ], [ 80.041568803000075, 7.086665496000023 ], [ 80.041717954000035, 7.088353949000066 ], [ 80.045492238000065, 7.088517047000039 ], [ 80.045416423000063, 7.089224637000029 ], [ 80.045627352000054, 7.090303457000061 ], [ 80.044830212000079, 7.091022615000043 ], [ 80.044267346000083, 7.091336432000048 ], [ 80.043849917000045, 7.091300357000023 ], [ 80.043696131000047, 7.091191784000046 ], [ 80.043962251000039, 7.090275180000049 ], [ 80.043586789000074, 7.090007673000059 ], [ 80.043327532000035, 7.090073202000042 ], [ 80.043574121000063, 7.091590618000055 ], [ 80.043690125000069, 7.091778364000049 ], [ 80.044136540000068, 7.091760402000034 ], [ 80.04446813900006, 7.092093125000076 ], [ 80.045250704000068, 7.091950247000057 ], [ 80.04597688900003, 7.091378836000047 ], [ 80.04698225900006, 7.091299465000077 ], [ 80.047176206000074, 7.090790347000052 ], [ 80.047911584000076, 7.09035908200002 ], [ 80.04904545200003, 7.090229054000076 ], [ 80.049720752000042, 7.089870014000041 ], [ 80.05061388300004, 7.089081192000037 ], [ 80.051009794000038, 7.088444099000071 ], [ 80.051511779000066, 7.088537785000028 ], [ 80.051637024000058, 7.087680955000053 ], [ 80.053236049000077, 7.087801714000022 ], [ 80.05354966200008, 7.08797082500007 ], [ 80.053699781000034, 7.088555721000034 ], [ 80.053988394000044, 7.088553307000041 ], [ 80.053701938000074, 7.089399145000073 ], [ 80.05384532000005, 7.090267930000039 ], [ 80.054810977000045, 7.092476555000076 ], [ 80.055813515000068, 7.094068158000027 ], [ 80.056503133000035, 7.094327777000046 ], [ 80.056661804000044, 7.096147204000033 ], [ 80.055712537000034, 7.09631332400005 ], [ 80.054014210000048, 7.096961932000056 ], [ 80.053353787000049, 7.09755750100004 ], [ 80.053109022000058, 7.096905930000048 ], [ 80.05255371100003, 7.096812993000071 ], [ 80.052259093000032, 7.097366685000054 ], [ 80.051628747000052, 7.097528059000069 ], [ 80.051211052000042, 7.098397128000045 ], [ 80.051318691000063, 7.09864512200005 ], [ 80.051030867000065, 7.098922979000065 ], [ 80.05214017600008, 7.099678231000041 ], [ 80.052231260000042, 7.100322754000047 ], [ 80.053217536000034, 7.101586565000048 ], [ 80.055045398000061, 7.101571318000026 ], [ 80.056057871000064, 7.100884095000026 ], [ 80.056640052000034, 7.101849291000065 ], [ 80.057317632000036, 7.10176612600003 ], [ 80.057704221000051, 7.102159599000061 ], [ 80.058509165000032, 7.102537250000069 ], [ 80.059273725000082, 7.103821045000075 ], [ 80.059845922000079, 7.103970263000065 ], [ 80.059954019000031, 7.104693679000036 ], [ 80.060876938000035, 7.105582041000048 ], [ 80.061410168000066, 7.106859413000052 ], [ 80.060839594000072, 7.108120170000063 ], [ 80.059477553000079, 7.108514441000068 ], [ 80.059157494000033, 7.109154101000058 ], [ 80.058606304000079, 7.10886862600006 ], [ 80.058432253000035, 7.108999163000021 ], [ 80.059388375000083, 7.109591274000024 ], [ 80.059909772000083, 7.110682218000022 ], [ 80.059618546000081, 7.112616919000061 ], [ 80.059237707000079, 7.113308915000061 ], [ 80.058086201000037, 7.114506436000056 ], [ 80.056681131000062, 7.114699307000024 ], [ 80.05644114100005, 7.115464079000049 ], [ 80.055245712000044, 7.116569940000034 ], [ 80.055330480000066, 7.11698597000003 ], [ 80.055928517000041, 7.117451856000059 ], [ 80.055704535000075, 7.119319260000054 ], [ 80.052833348000036, 7.120049838000057 ], [ 80.051595052000039, 7.119737231000045 ], [ 80.05219848400003, 7.118362034000029 ], [ 80.050897399000064, 7.117830092000077 ], [ 80.050160222000045, 7.11801545700007 ], [ 80.050091457000065, 7.116609109000024 ], [ 80.048606060000054, 7.116532070000062 ], [ 80.048452821000069, 7.115981311000041 ], [ 80.047447710000085, 7.116237602000069 ], [ 80.047199526000043, 7.115644841000062 ], [ 80.046634399000084, 7.115344195000034 ], [ 80.04629605100007, 7.115382789000023 ], [ 80.04606711100007, 7.114810699000031 ], [ 80.046043100000077, 7.113984034000055 ], [ 80.04548558700003, 7.113211288000059 ], [ 80.044747433000055, 7.113125948000061 ], [ 80.044312043000048, 7.112876922000055 ], [ 80.044070505000036, 7.112393147000034 ], [ 80.043451546000085, 7.112578684000027 ], [ 80.043259269000032, 7.113781696000046 ], [ 80.044574745000034, 7.118565189000037 ], [ 80.044132838000053, 7.118693638000025 ], [ 80.043506527000034, 7.117483392000054 ], [ 80.040529251000066, 7.116392494000024 ], [ 80.039238485000055, 7.116571603000068 ], [ 80.039245359000063, 7.11676938100004 ], [ 80.038660607000054, 7.116864042000032 ], [ 80.03868831300008, 7.117241141000022 ], [ 80.038094564000062, 7.117343969000046 ], [ 80.037377309000078, 7.114899606000051 ], [ 80.036951173000034, 7.114926869000044 ], [ 80.036558683000067, 7.113176250000038 ], [ 80.035001650000083, 7.112718693000033 ], [ 80.034817018000069, 7.112511777000066 ], [ 80.033990622000033, 7.112447577000069 ], [ 80.033897787000058, 7.112819255000034 ], [ 80.03278560800004, 7.11292626900007 ], [ 80.032765177000044, 7.113184688000047 ], [ 80.031670653000049, 7.11295627100003 ], [ 80.031449836000036, 7.11389685000006 ], [ 80.029766562000077, 7.113682982000057 ], [ 80.029005944000062, 7.113925990000041 ], [ 80.028008009000075, 7.113752753000028 ], [ 80.025317148000056, 7.114558315000068 ], [ 80.025217620000035, 7.113791855000045 ], [ 80.024090344000058, 7.114108595000062 ], [ 80.023561589000053, 7.114750905000051 ], [ 80.023102848000065, 7.11494532200004 ], [ 80.021973098000046, 7.114865302000055 ], [ 80.02214977400007, 7.112331194000035 ], [ 80.022759416000042, 7.111578051000038 ], [ 80.023146433000079, 7.110727704000055 ], [ 80.022478344000035, 7.109243758000048 ], [ 80.021740609000062, 7.110887366000043 ], [ 80.021900520000031, 7.11141353000005 ], [ 80.021296063000079, 7.111652800000059 ], [ 80.019846011000084, 7.111561015000063 ], [ 80.019484636000072, 7.111216477000028 ], [ 80.019330579000041, 7.110147015000052 ], [ 80.019064719000085, 7.109812888000022 ], [ 80.018516886000043, 7.109832103000031 ], [ 80.018604047000053, 7.108800429000041 ], [ 80.018210193000073, 7.108491284000024 ], [ 80.018459563000079, 7.107731097000055 ], [ 80.018836230000034, 7.107048818000067 ], [ 80.01944925500004, 7.106786734000025 ], [ 80.019932610000069, 7.106042079000076 ], [ 80.019409104000033, 7.105584398000076 ], [ 80.016978103000042, 7.105041346000064 ], [ 80.016168490000041, 7.106088431000046 ], [ 80.015386999000043, 7.106036430000074 ], [ 80.014853640000069, 7.105778324000028 ], [ 80.012941763000072, 7.103951969000036 ], [ 80.012636200000031, 7.104068099000074 ], [ 80.012392989000034, 7.104951662000076 ], [ 80.01131394600003, 7.105065861000071 ], [ 80.010612664000064, 7.10534717400003 ], [ 80.009694909000075, 7.105947383000057 ], [ 80.008230792000063, 7.107580693000045 ], [ 80.007356403000074, 7.107832809000058 ], [ 80.007096944000068, 7.108116850000044 ], [ 80.007251161000056, 7.108572751000054 ], [ 80.006846772000074, 7.109750861000066 ], [ 80.006232302000058, 7.109908196000049 ], [ 80.005528065000078, 7.110779303000072 ], [ 80.006260262000069, 7.110980258000041 ], [ 80.008265012000038, 7.112749983000072 ], [ 80.008811297000079, 7.112294606000034 ], [ 80.009757461000049, 7.112753605000023 ], [ 80.010502719000044, 7.112531399000034 ], [ 80.011081030000071, 7.113160563000065 ], [ 80.011087730000042, 7.113429508000024 ], [ 80.010717187000068, 7.11393798000006 ], [ 80.010734082000056, 7.114340030000051 ], [ 80.011515874000054, 7.115309306000029 ], [ 80.011566790000074, 7.116542872000025 ], [ 80.013157602000035, 7.117296766000038 ], [ 80.014040159000047, 7.118047787000023 ], [ 80.014712838000037, 7.119042920000027 ], [ 80.014907101000063, 7.120746728000029 ], [ 80.014843842000062, 7.122930262000068 ], [ 80.015077692000034, 7.123905684000022 ], [ 80.015321119000077, 7.124131711000075 ], [ 80.016229574000079, 7.124140542000021 ], [ 80.016516385000045, 7.124904232000063 ], [ 80.016037130000029, 7.125109350000059 ], [ 80.016089857000054, 7.12539405900003 ], [ 80.016554240000062, 7.125593038000034 ], [ 80.016492314000061, 7.125816526000051 ], [ 80.016859213000032, 7.125797470000066 ], [ 80.016874706000067, 7.126229358000046 ], [ 80.017497555000034, 7.127068591000068 ], [ 80.018539265000072, 7.126704461000031 ], [ 80.018683133000081, 7.126841463000062 ], [ 80.020008465000046, 7.129531197000063 ], [ 80.020252475000063, 7.129022877000068 ], [ 80.020707921000053, 7.128781056000037 ], [ 80.021220803000062, 7.128167770000061 ], [ 80.02119459100004, 7.127502179000032 ], [ 80.021395884000071, 7.127004445000068 ], [ 80.020898607000049, 7.126678527000024 ], [ 80.021212219000063, 7.126482378000048 ], [ 80.020938174000037, 7.12499484600005 ], [ 80.020965473000047, 7.124779568000065 ], [ 80.021654540000043, 7.124390518000041 ], [ 80.024977313000079, 7.129117258000065 ], [ 80.026713727000072, 7.130854570000054 ], [ 80.025898219000055, 7.131848438000077 ], [ 80.027154549000045, 7.133062679000034 ], [ 80.027795694000076, 7.134365482000021 ], [ 80.028384729000038, 7.134887908000053 ], [ 80.028668764000031, 7.135426102000054 ], [ 80.028782943000067, 7.136940286000026 ], [ 80.029429223000079, 7.138247455000055 ], [ 80.030339293000054, 7.138541356000076 ], [ 80.031230067000081, 7.138261159000024 ], [ 80.031674187000078, 7.139250865000065 ], [ 80.031465308000065, 7.139882681000074 ], [ 80.032387931000073, 7.140478253000026 ], [ 80.032867210000063, 7.14125395800005 ], [ 80.032718394000085, 7.142365931000029 ], [ 80.03316803000007, 7.144287981000048 ], [ 80.032991387000038, 7.145307768000066 ], [ 80.033068304000039, 7.146281755000075 ], [ 80.033232977000068, 7.146955858000069 ], [ 80.034351189000063, 7.148893155000053 ], [ 80.03400378300006, 7.150176121000072 ], [ 80.033496509000031, 7.150703133000036 ], [ 80.033359927000049, 7.151573961000054 ], [ 80.03262426100008, 7.151423168000065 ], [ 80.031226960000083, 7.152335275000041 ], [ 80.029912084000046, 7.152383331000067 ], [ 80.029394581000076, 7.152729991000058 ], [ 80.028666828000041, 7.153988323000021 ], [ 80.029989299000079, 7.155507575000058 ], [ 80.03282697700007, 7.154723489000048 ], [ 80.032907717000057, 7.154433152000024 ], [ 80.033478972000069, 7.154091018000031 ], [ 80.036484064000035, 7.153836338000076 ], [ 80.036958473000084, 7.154048899000031 ], [ 80.038200888000063, 7.155489508000073 ], [ 80.03822086200006, 7.156025578000026 ], [ 80.037905451000086, 7.157009860000073 ], [ 80.037072714000033, 7.157776872000056 ], [ 80.036591198000053, 7.157827589000021 ], [ 80.036747741000056, 7.158544258000063 ], [ 80.037452010000038, 7.159317768000051 ], [ 80.036797099000069, 7.159654661000047 ], [ 80.03709875800007, 7.159637017000023 ], [ 80.037449644000048, 7.160157809000054 ], [ 80.037793266000051, 7.160129759000029 ], [ 80.038053825000077, 7.160341398000071 ], [ 80.037348249000047, 7.160895724000056 ], [ 80.036635270000033, 7.163949947000049 ], [ 80.037132352000071, 7.164399876000061 ], [ 80.037099615000045, 7.164647445000071 ], [ 80.037437063000084, 7.165082072000075 ], [ 80.037728824000055, 7.164997458000073 ], [ 80.038255912000068, 7.165494549000073 ], [ 80.038031188000048, 7.166190372000074 ], [ 80.038311486000055, 7.166329522000069 ], [ 80.038338090000082, 7.167032733000042 ], [ 80.039633544000083, 7.167879185000061 ], [ 80.041470808000042, 7.170351634000042 ], [ 80.042165397000076, 7.170436125000037 ], [ 80.042331648000072, 7.169773634000023 ], [ 80.042060413000058, 7.168807202000039 ], [ 80.043399392000083, 7.168947507000041 ], [ 80.043725366000047, 7.168296161000058 ], [ 80.044308472000068, 7.167751697000028 ], [ 80.045096394000041, 7.168298432000029 ], [ 80.04555401500005, 7.167778165000072 ], [ 80.044964133000065, 7.167061496000031 ], [ 80.045239191000064, 7.166738304000035 ], [ 80.04537896800008, 7.166621943000052 ], [ 80.045806995000078, 7.166986781000048 ], [ 80.047605346000068, 7.165705040000034 ], [ 80.047684845000049, 7.165440425000043 ], [ 80.047963203000052, 7.165524012000049 ], [ 80.048250164000081, 7.165325280000047 ], [ 80.048114393000048, 7.165142368000033 ], [ 80.048501289000058, 7.164366867000069 ], [ 80.049452125000073, 7.165402630000074 ], [ 80.050903434000077, 7.165649998000049 ], [ 80.052069735000032, 7.166635536000058 ], [ 80.052604891000044, 7.167380088000073 ], [ 80.052735046000066, 7.16732021100006 ], [ 80.052199676000043, 7.166064811000069 ], [ 80.052304613000047, 7.165051118000065 ], [ 80.055434146000039, 7.165099824000038 ], [ 80.055566836000082, 7.164739189000045 ], [ 80.056375880000076, 7.164617151000073 ], [ 80.056745677000038, 7.163894351000067 ], [ 80.056502619000071, 7.163612076000049 ], [ 80.05687137700005, 7.162729854000077 ], [ 80.057965496000065, 7.163126659000056 ], [ 80.058635281000079, 7.163063413000032 ], [ 80.059230243000059, 7.164010993000034 ], [ 80.060128730000031, 7.163129580000032 ], [ 80.061368796000068, 7.162988350000035 ], [ 80.061308005000058, 7.16408014700005 ], [ 80.061469530000068, 7.164325163000058 ], [ 80.062023530000033, 7.164237873000047 ], [ 80.062715597000079, 7.163354508000054 ], [ 80.063650206000034, 7.162716551000074 ], [ 80.063782607000064, 7.162832656000035 ], [ 80.065446696000038, 7.162454396000044 ], [ 80.065746211000032, 7.162949409000021 ], [ 80.065761888000054, 7.163432829000044 ], [ 80.067420580000032, 7.163016010000035 ], [ 80.067954819000079, 7.163790495000057 ], [ 80.067876255000044, 7.164413010000033 ], [ 80.068364003000056, 7.164355382000053 ], [ 80.068985100000077, 7.164872870000067 ], [ 80.068920898000044, 7.163991270000054 ], [ 80.069669986000065, 7.163925093000046 ], [ 80.069778635000034, 7.163662803000022 ], [ 80.070072002000074, 7.163632935000066 ], [ 80.06993570700007, 7.16271434600003 ], [ 80.071126010000057, 7.162322552000035 ], [ 80.071115475000056, 7.163093235000076 ], [ 80.071922654000048, 7.162869925000052 ], [ 80.071849174000079, 7.162481237000065 ], [ 80.072347072000071, 7.162411195000061 ], [ 80.072299071000032, 7.161967459000039 ], [ 80.071805467000047, 7.162038491000033 ], [ 80.07205530300007, 7.160996707000038 ], [ 80.072211776000074, 7.160940136000022 ], [ 80.072057663000066, 7.160751085000072 ], [ 80.072212019000062, 7.159887473000026 ], [ 80.072888609000074, 7.159013081000069 ], [ 80.07279107100004, 7.157867588000045 ], [ 80.074188419000052, 7.15768743700005 ], [ 80.075174599000036, 7.158775202000072 ], [ 80.074717496000062, 7.159428457000047 ], [ 80.074605833000078, 7.160079906000021 ], [ 80.075159115000076, 7.160116636000055 ], [ 80.075779123000075, 7.16080185800007 ], [ 80.076488883000081, 7.161149345000069 ], [ 80.076915095000061, 7.160071229000039 ], [ 80.077448030000085, 7.160196032000044 ], [ 80.077544471000067, 7.160395878000031 ], [ 80.07886273500003, 7.160087872000076 ], [ 80.080004999000039, 7.160274533000063 ], [ 80.081230858000083, 7.161581285000068 ], [ 80.082023585000059, 7.161934777000056 ], [ 80.082179094000082, 7.162257877000059 ], [ 80.08215081700007, 7.163194434000047 ], [ 80.083450074000041, 7.164125634000072 ], [ 80.084673212000041, 7.16459664000007 ], [ 80.087303527000074, 7.16615949100003 ], [ 80.086748617000069, 7.16657397900002 ], [ 80.086673634000078, 7.166887719000044 ], [ 80.08720762300004, 7.167511056000023 ], [ 80.089370645000031, 7.165631211000061 ], [ 80.091024537000067, 7.163693713000043 ], [ 80.091998050000029, 7.163437552000062 ], [ 80.091801455000052, 7.162702825000054 ], [ 80.092852152000034, 7.162326301000064 ], [ 80.09430113600007, 7.161069646000044 ], [ 80.096287092000068, 7.160961905000022 ], [ 80.097362603000079, 7.162255425000069 ], [ 80.098515883000061, 7.160964832000047 ], [ 80.100754739000081, 7.159972907000054 ], [ 80.101661197000055, 7.159773312000027 ], [ 80.10250454700008, 7.159947622000061 ], [ 80.102271785000084, 7.161486134000029 ], [ 80.102318796000077, 7.163581653000051 ], [ 80.102559823000036, 7.163550730000054 ], [ 80.102548457000069, 7.16325751100004 ], [ 80.104089214000055, 7.162998594000044 ], [ 80.10653985700003, 7.161747861000038 ], [ 80.107870930000047, 7.161671880000029 ], [ 80.108491679000053, 7.161874272000034 ], [ 80.108661189000031, 7.161700988000064 ], [ 80.108983114000068, 7.161900661000061 ], [ 80.11007457900007, 7.161997004000057 ], [ 80.110878326000034, 7.162865031000024 ], [ 80.109885014000042, 7.16521864300006 ], [ 80.109160532000033, 7.165835772000037 ], [ 80.108731848000048, 7.166560300000071 ], [ 80.110016668000071, 7.166644068000039 ], [ 80.110535395000056, 7.166384199000049 ], [ 80.111153985000044, 7.165535595000051 ], [ 80.11150342500008, 7.165809144000036 ], [ 80.111447812000051, 7.166224476000025 ], [ 80.112818564000065, 7.166425305000075 ], [ 80.113597668000068, 7.164878706000025 ], [ 80.113720189000048, 7.164108368000029 ], [ 80.114099159000034, 7.163804633000041 ], [ 80.114887882000062, 7.163509084000054 ], [ 80.115886533000037, 7.163733598000022 ], [ 80.117080102000045, 7.16358439000004 ], [ 80.118531558000029, 7.16290231000005 ], [ 80.11928148700008, 7.162318872000071 ], [ 80.120867435000036, 7.164735428000029 ], [ 80.121304149000082, 7.16440848700006 ], [ 80.121380922000071, 7.163555832000043 ], [ 80.122167965000074, 7.163633374000028 ], [ 80.122969434000083, 7.164409255000066 ], [ 80.123688402000084, 7.165491523000071 ], [ 80.123906436000084, 7.165526254000042 ], [ 80.124223479000079, 7.165090853000038 ], [ 80.124179784000034, 7.164239889000044 ], [ 80.124843466000073, 7.163247054000067 ], [ 80.124849582000081, 7.162280012000053 ], [ 80.125254062000067, 7.162287570000046 ], [ 80.125115311000059, 7.161768592000044 ], [ 80.125267539000049, 7.161051006000037 ], [ 80.126725762000035, 7.161063802000058 ], [ 80.126854149000053, 7.160633406000045 ], [ 80.126380613000038, 7.160344645000066 ], [ 80.126497306000033, 7.160137262000035 ], [ 80.126173187000063, 7.159866970000053 ], [ 80.12634883000004, 7.159640928000044 ], [ 80.126039880000064, 7.159470473000056 ], [ 80.126475631000062, 7.158901176000029 ], [ 80.126808349000044, 7.158766391000029 ], [ 80.127104136000071, 7.158137875000023 ], [ 80.127090947000056, 7.15779126800004 ], [ 80.126228537000031, 7.157550660000027 ], [ 80.126780150000059, 7.155698185000062 ], [ 80.127152160000037, 7.155655463000073 ], [ 80.127441495000085, 7.15511409100003 ], [ 80.126276302000065, 7.154698111000073 ], [ 80.126460851000047, 7.153987723000057 ], [ 80.12690097400008, 7.153680517000055 ], [ 80.126660438000044, 7.152730751000036 ], [ 80.126713237000047, 7.151941813000064 ], [ 80.127124801000036, 7.150985433000073 ], [ 80.129515689000073, 7.151686778000055 ], [ 80.129559061000066, 7.151492157000064 ], [ 80.129906808000044, 7.151569217000031 ], [ 80.130879617000062, 7.147966496000038 ], [ 80.132181110000033, 7.147522700000025 ], [ 80.13264719600005, 7.146987358000047 ], [ 80.133211681000034, 7.145432467000035 ], [ 80.13228261200004, 7.144891683000026 ], [ 80.13391580900003, 7.143118947000062 ], [ 80.134494860000075, 7.141945034000059 ], [ 80.135070571000085, 7.142063660000076 ], [ 80.135534251000081, 7.14292651300002 ], [ 80.137444106000032, 7.143915676000063 ], [ 80.137742900000035, 7.143035844000053 ], [ 80.138369496000053, 7.142103155000029 ], [ 80.139360590000081, 7.142606101000069 ], [ 80.139324536000061, 7.141704324000045 ], [ 80.139697573000035, 7.141085331000056 ], [ 80.139676475000044, 7.140367593000065 ], [ 80.14079612900008, 7.139218561000064 ], [ 80.140997807000076, 7.13851713300005 ], [ 80.141448872000069, 7.13796534100004 ], [ 80.142486078000047, 7.137443638000036 ], [ 80.143081863000077, 7.138131957000041 ], [ 80.143142567000041, 7.137551039000073 ], [ 80.143438222000043, 7.137562636000041 ], [ 80.143493899000077, 7.137766598000042 ], [ 80.144264324000062, 7.13763383600002 ], [ 80.144854818000056, 7.137774255000068 ], [ 80.144948128000067, 7.137601497000048 ], [ 80.145995072000062, 7.137835643000074 ], [ 80.146573054000044, 7.13762226800003 ], [ 80.146727037000062, 7.137473185000033 ], [ 80.146851788000049, 7.135638655000037 ], [ 80.147710758000073, 7.135639135000076 ], [ 80.148011514000075, 7.135459491000063 ], [ 80.148510843000054, 7.135625276000042 ], [ 80.148653272000047, 7.135791893000032 ], [ 80.148513381000043, 7.136582523000072 ], [ 80.149634218000074, 7.13684267900004 ], [ 80.150591293000048, 7.13635759400006 ], [ 80.151058311000043, 7.135478714000044 ], [ 80.151163924000059, 7.135464938000041 ], [ 80.151697497000043, 7.135852496000041 ], [ 80.154191542000035, 7.135985353000024 ], [ 80.154815109000083, 7.135622425000065 ], [ 80.155600809000077, 7.135559475000036 ], [ 80.156688644000042, 7.135709698000028 ], [ 80.157239907000076, 7.136292836000052 ], [ 80.158890298000074, 7.136388478000072 ] ], [ [ 80.046111390000078, 7.075492562000022 ], [ 80.046580388000052, 7.075851539000041 ], [ 80.046460496000066, 7.076121298000032 ], [ 80.045736756000053, 7.07565422600004 ], [ 80.046111390000078, 7.075492562000022 ] ] ] } },
{ "type": "Feature", "properties": { "ADM3_EN": "Dompe", "ADM3_PCODE": "LK1230", "ADM2_EN": "Gampaha" }, "geometry": { "type": "Polygon", "coordinates": [ [ [ 80.093295731000069, 7.070100070000024 ], [ 80.093690025000058, 7.068487674000039 ], [ 80.095858324000062, 7.066598622000072 ], [ 80.096270847000085, 7.065161440000054 ], [ 80.096832518000042, 7.064528861000042 ], [ 80.097518577000073, 7.063144330000057 ], [ 80.098526029000084, 7.062077789000057 ], [ 80.098637784000061, 7.061553613000058 ], [ 80.098309294000046, 7.060511679000058 ], [ 80.09860748400007, 7.060315740000021 ], [ 80.098340654000083, 7.059556374000067 ], [ 80.098839815000076, 7.059365814000046 ], [ 80.099376294000081, 7.058149768000021 ], [ 80.099874061000037, 7.05825787200007 ], [ 80.100263528000085, 7.058114606000061 ], [ 80.101412254000081, 7.05711063900003 ], [ 80.102694343000053, 7.057461987000067 ], [ 80.103639413000053, 7.057069044000059 ], [ 80.103788723000036, 7.056797129000074 ], [ 80.104717226000048, 7.056258505000073 ], [ 80.105161589000033, 7.056614815000046 ], [ 80.105651826000042, 7.056434972000034 ], [ 80.106225649000066, 7.056539210000039 ], [ 80.106437349000032, 7.056371545000047 ], [ 80.107625434000056, 7.057388418000073 ], [ 80.108905719000063, 7.057739746000038 ], [ 80.111041889000035, 7.057604897000033 ], [ 80.112280571000042, 7.057843930000047 ], [ 80.112698914000077, 7.058265284000072 ], [ 80.113589048000051, 7.058690455000033 ], [ 80.113789736000058, 7.058578329000056 ], [ 80.114292612000042, 7.059193932000028 ], [ 80.115930030000072, 7.060208651000039 ], [ 80.116462110000043, 7.061739906000071 ], [ 80.116932802000065, 7.06193674900004 ], [ 80.117383180000047, 7.06203659800002 ], [ 80.117940240000053, 7.060353314000054 ], [ 80.118622887000072, 7.061740824000026 ], [ 80.119444958000031, 7.062370989000044 ], [ 80.119405518000065, 7.064041336000059 ], [ 80.118553664000046, 7.064659922000033 ], [ 80.118879575000051, 7.065187262000052 ], [ 80.119362183000078, 7.065719646000048 ], [ 80.120352757000035, 7.066134557000055 ], [ 80.121743216000084, 7.066426025000055 ], [ 80.122396780000031, 7.066333439000061 ], [ 80.122891634000041, 7.068361647000074 ], [ 80.123370874000045, 7.06826731600006 ], [ 80.123931533000075, 7.068947932000071 ], [ 80.12467348000007, 7.069315145000076 ], [ 80.125707674000068, 7.069016828000031 ], [ 80.126492699000039, 7.068039818000045 ], [ 80.126537127000063, 7.068499889000066 ], [ 80.128322051000055, 7.069522421000045 ], [ 80.12871743200003, 7.06941454400004 ], [ 80.12891627700003, 7.06893518000004 ], [ 80.129990490000068, 7.069447829000069 ], [ 80.13104816200007, 7.06783656500005 ], [ 80.132897729000035, 7.069222770000067 ], [ 80.133355623000057, 7.068766311000047 ], [ 80.133789499000045, 7.068654296000034 ], [ 80.134303826000064, 7.068804103000048 ], [ 80.134959620000075, 7.067899075000071 ], [ 80.135612762000051, 7.067681523000033 ], [ 80.137647879000042, 7.068825141000048 ], [ 80.137970094000082, 7.068724472000042 ], [ 80.139627618000077, 7.069201773000032 ], [ 80.139926965000029, 7.069023156000071 ], [ 80.140381793000074, 7.068169620000049 ], [ 80.14039530000008, 7.067321493000065 ], [ 80.140222318000042, 7.06702047400006 ], [ 80.140711623000072, 7.06664507000005 ], [ 80.14129151800006, 7.066761077000024 ], [ 80.142455885000061, 7.062720184000057 ], [ 80.143118666000078, 7.062874228000055 ], [ 80.143626819000076, 7.06247143500002 ], [ 80.144277134000049, 7.062844350000034 ], [ 80.14464162400003, 7.063559493000071 ], [ 80.145746024000061, 7.063491049000049 ], [ 80.147121748000075, 7.064060049000034 ], [ 80.147403995000047, 7.063835460000064 ], [ 80.147779578000041, 7.062907177000056 ], [ 80.148395073000074, 7.062325016000045 ], [ 80.14850741500004, 7.061460300000022 ], [ 80.148915326000065, 7.061272535000057 ], [ 80.15125889400008, 7.061490217000028 ], [ 80.151918391000038, 7.062753827000051 ], [ 80.152353972000071, 7.063035479000064 ], [ 80.152071604000071, 7.063529214000027 ], [ 80.15280712200007, 7.063906931000076 ], [ 80.153397509000058, 7.064519500000074 ], [ 80.155553841000085, 7.063232623000033 ], [ 80.155609608000077, 7.062472867000054 ], [ 80.156707072000074, 7.060996800000055 ], [ 80.156509342000049, 7.059778501000039 ], [ 80.156955565000032, 7.059424668000077 ], [ 80.156923529000039, 7.059068405000062 ], [ 80.157860147000065, 7.059248040000057 ], [ 80.159103224000035, 7.060048725000058 ], [ 80.160690210000041, 7.060236044000021 ], [ 80.16113875700006, 7.060072707000074 ], [ 80.16274788100003, 7.060347290000038 ], [ 80.164834306000046, 7.060098208000056 ], [ 80.164338527000041, 7.058637028000021 ], [ 80.164643062000039, 7.057643020000057 ], [ 80.164178523000032, 7.056088628000055 ], [ 80.166420120000055, 7.054638804000035 ], [ 80.167826754000032, 7.052391559000057 ], [ 80.16790217700003, 7.051168072000053 ], [ 80.168659065000043, 7.049998303000052 ], [ 80.169032929000082, 7.048761230000025 ], [ 80.168925233000039, 7.047836618000076 ], [ 80.168266052000035, 7.046414086000027 ], [ 80.168310341000051, 7.046050111000056 ], [ 80.168597712000064, 7.045918507000067 ], [ 80.167951664000043, 7.044687253000063 ], [ 80.167856074000042, 7.041352092000068 ], [ 80.170183020000081, 7.035296918000029 ], [ 80.170818010000062, 7.02249486200003 ], [ 80.173799181000049, 7.015170503000036 ], [ 80.17428310300005, 7.012871410000059 ], [ 80.17466470800008, 7.008426744000076 ], [ 80.175934364000057, 7.006178305000049 ], [ 80.177973008000038, 7.003953168000066 ], [ 80.179818321000084, 7.001275772000042 ], [ 80.181178783000064, 6.998694612000065 ], [ 80.181788075000043, 6.996868648000031 ], [ 80.18179040900003, 6.995023049000054 ], [ 80.182440520000057, 6.993323212000064 ], [ 80.182056097000043, 6.991409487000055 ], [ 80.182784606000041, 6.988888404000022 ], [ 80.182756153000071, 6.988443879000044 ], [ 80.18157440300007, 6.987190819000034 ], [ 80.181441960000029, 6.986697965000076 ], [ 80.18155319300007, 6.985400052000045 ], [ 80.182032469000035, 6.983914827000035 ], [ 80.181737861000045, 6.981716936000055 ], [ 80.181824660000075, 6.981177450000075 ], [ 80.18132560600003, 6.979628540000022 ], [ 80.179566237000074, 6.97837503300002 ], [ 80.179300166000075, 6.977575352000031 ], [ 80.177922335000062, 6.978630109000051 ], [ 80.174621499000068, 6.978633088000038 ], [ 80.171268640000051, 6.979630037000049 ], [ 80.170011933000069, 6.979669143000024 ], [ 80.169188518000055, 6.97943839900006 ], [ 80.168748633000064, 6.978892331000054 ], [ 80.168650731000071, 6.977845710000054 ], [ 80.168948322000062, 6.972585827000046 ], [ 80.168407076000051, 6.971823348000044 ], [ 80.166920048000065, 6.970851007000022 ], [ 80.163658093000038, 6.970961545000023 ], [ 80.162770308000063, 6.971150998000041 ], [ 80.162015031000067, 6.971734681000044 ], [ 80.160328415000038, 6.972431107000034 ], [ 80.158105859000045, 6.972801440000069 ], [ 80.153555991000076, 6.973082567000063 ], [ 80.151878722000049, 6.973941667000076 ], [ 80.151256020000062, 6.974046114000032 ], [ 80.14800011400007, 6.973611135000056 ], [ 80.140853554000046, 6.974692567000034 ], [ 80.136210922000032, 6.974594051000054 ], [ 80.131897457000036, 6.975254634000066 ], [ 80.12798656800004, 6.974491836000027 ], [ 80.124825005000048, 6.974661148000052 ], [ 80.124145190000036, 6.974507088000053 ], [ 80.123351648000039, 6.973481987000071 ], [ 80.123010785000076, 6.970639191000032 ], [ 80.122377279000034, 6.968782070000032 ], [ 80.122005169000033, 6.966286584000045 ], [ 80.121632675000058, 6.965539599000067 ], [ 80.120398102000081, 6.964858409000044 ], [ 80.117708605000075, 6.964358041000025 ], [ 80.115919262000034, 6.963409224000031 ], [ 80.114558385000066, 6.962964959000033 ], [ 80.11320801100004, 6.962915217000045 ], [ 80.110928114000046, 6.963218257000051 ], [ 80.109989942000084, 6.962910693000026 ], [ 80.109579538000048, 6.961895683000023 ], [ 80.109867798000039, 6.961235753000039 ], [ 80.11042403700003, 6.960710181000024 ], [ 80.110434729000076, 6.959920662000059 ], [ 80.10902191100007, 6.958318072000054 ], [ 80.106203945000061, 6.954201979000061 ], [ 80.105713586000036, 6.953810788000055 ], [ 80.104606474000036, 6.95352480300005 ], [ 80.102549528000054, 6.953550174000043 ], [ 80.100883659000033, 6.953131502000076 ], [ 80.099139603000083, 6.952138507000029 ], [ 80.098709404000033, 6.95159239700007 ], [ 80.098516317000076, 6.950996383000074 ], [ 80.098628606000034, 6.947824061000063 ], [ 80.097934947000056, 6.945669801000065 ], [ 80.097139839000079, 6.944139842000027 ], [ 80.09642242700005, 6.943528721000064 ], [ 80.095201442000075, 6.941789999000036 ], [ 80.09423320500008, 6.940783749000047 ], [ 80.09368209400003, 6.939419220000048 ], [ 80.09411618300004, 6.937252222000041 ], [ 80.095110315000056, 6.935229578000076 ], [ 80.095312700000079, 6.934347028000047 ], [ 80.094357037000066, 6.929601288000072 ], [ 80.094502670000054, 6.928223406000029 ], [ 80.095058423000069, 6.926350859000024 ], [ 80.095029786000055, 6.925482335000027 ], [ 80.093464619000031, 6.920843382000044 ], [ 80.093179538000072, 6.919299796000075 ], [ 80.093067104000056, 6.917569841000045 ], [ 80.093618457000048, 6.913752169000077 ], [ 80.093504898000049, 6.91280456800007 ], [ 80.093096389000038, 6.912186710000071 ], [ 80.092443070000058, 6.911991979000049 ], [ 80.091695832000084, 6.912177522000036 ], [ 80.089445650000073, 6.913624149000043 ], [ 80.088468530000057, 6.91383806500005 ], [ 80.087193296000066, 6.911604001000057 ], [ 80.086181986000042, 6.910633567000048 ], [ 80.085184327000036, 6.910158402000036 ], [ 80.083719346000066, 6.910005545000047 ], [ 80.079157, 6.911061166000025 ], [ 80.07745458200003, 6.911195045000056 ], [ 80.076615060000051, 6.910641142000031 ], [ 80.075317761000065, 6.908396253000035 ], [ 80.073853460000066, 6.908196715000031 ], [ 80.073214076000056, 6.908303434000061 ], [ 80.072332446000075, 6.90902647300004 ], [ 80.066714988000058, 6.912509400000033 ], [ 80.065356749000046, 6.913024156000063 ], [ 80.06439438700005, 6.912972477000039 ], [ 80.06370327500008, 6.912445091000052 ], [ 80.063114814000073, 6.908922440000026 ], [ 80.062445636000064, 6.90814148000004 ], [ 80.061689576000049, 6.907824536000021 ], [ 80.061374067000031, 6.90748432700002 ], [ 80.059938289000058, 6.907032380000032 ], [ 80.057849857000065, 6.90755080200006 ], [ 80.054996188000075, 6.907489071000043 ], [ 80.054569577000052, 6.90779466500004 ], [ 80.054420381000057, 6.908296864000022 ], [ 80.054791799000043, 6.909656369000061 ], [ 80.054635425000072, 6.911732824000069 ], [ 80.052754373000084, 6.91334673700004 ], [ 80.051725959000066, 6.913709397000048 ], [ 80.048158798000031, 6.91365610500003 ], [ 80.047330177000049, 6.913822313000026 ], [ 80.045619646000034, 6.914556579000021 ], [ 80.042673234000063, 6.916394270000069 ], [ 80.040682740000079, 6.918568368000024 ], [ 80.039849823000054, 6.919183146000023 ], [ 80.035112904000073, 6.920784742000023 ], [ 80.032555020000075, 6.922144468000056 ], [ 80.030853088000072, 6.923469634000071 ], [ 80.029576809000048, 6.92415218900004 ], [ 80.02669669900007, 6.925066066000056 ], [ 80.020777833000068, 6.924620067000035 ], [ 80.019969501000048, 6.924810181000055 ], [ 80.019169360000035, 6.927368863000027 ], [ 80.018968519000055, 6.929450003000056 ], [ 80.018161478000081, 6.932570904000045 ], [ 80.016247400000054, 6.935504614000024 ], [ 80.014688396000054, 6.937224700000058 ], [ 80.01364355100003, 6.939310459000069 ], [ 80.013478753000072, 6.941289969000024 ], [ 80.01437732200003, 6.944557147000069 ], [ 80.01417624000004, 6.946241608000037 ], [ 80.015432678000082, 6.945533330000046 ], [ 80.015853955000068, 6.945603389000041 ], [ 80.016066741000031, 6.945792736000044 ], [ 80.01604121500003, 6.94634196100003 ], [ 80.015110655000058, 6.946730599000034 ], [ 80.014944042000081, 6.946986128000049 ], [ 80.014980626000067, 6.947483473000034 ], [ 80.015526566000062, 6.947232262000057 ], [ 80.016007542000068, 6.947588886000062 ], [ 80.017875083000035, 6.94768480700003 ], [ 80.018058912000072, 6.948290833000044 ], [ 80.018802463000043, 6.94789830600007 ], [ 80.019553941000083, 6.947774934000051 ], [ 80.019578820000049, 6.947530222000069 ], [ 80.019213295000043, 6.947129945000029 ], [ 80.019676576000052, 6.94664470400005 ], [ 80.020175301000052, 6.947318022000047 ], [ 80.020609182000044, 6.947023154000021 ], [ 80.021408369000085, 6.946852235000051 ], [ 80.021592915000042, 6.94724169400007 ], [ 80.022008505000031, 6.947206728000026 ], [ 80.023659646000056, 6.948016209000059 ], [ 80.023826324000083, 6.948532503000024 ], [ 80.024348328000031, 6.948382176000052 ], [ 80.024486809000052, 6.949003979000054 ], [ 80.024175949000039, 6.950788106000061 ], [ 80.024468604000049, 6.950958028000059 ], [ 80.024328074000039, 6.951580919000037 ], [ 80.024698175000083, 6.952273795000053 ], [ 80.024967999000069, 6.952062901000033 ], [ 80.025411568000038, 6.95242268100003 ], [ 80.025545789000034, 6.952866333000031 ], [ 80.025969555000074, 6.952932564000037 ], [ 80.027155991000029, 6.954088891000026 ], [ 80.027559514000075, 6.955109787000026 ], [ 80.028666471000065, 6.956915866000031 ], [ 80.028849080000043, 6.958237710000049 ], [ 80.028428277000046, 6.959154218000037 ], [ 80.027864664000049, 6.959791541000072 ], [ 80.026610986000037, 6.960452580000037 ], [ 80.025936963000049, 6.960520925000026 ], [ 80.024669614000061, 6.96127457700004 ], [ 80.024292647000038, 6.962129677000064 ], [ 80.023397321000061, 6.963370877000045 ], [ 80.022898747000056, 6.964794882000035 ], [ 80.02456773800003, 6.96446622600007 ], [ 80.025557054000046, 6.964625497000043 ], [ 80.02617417700003, 6.964490478000073 ], [ 80.026530831000059, 6.964825253000072 ], [ 80.028122986000085, 6.964545394000027 ], [ 80.028592041000081, 6.964857975000029 ], [ 80.027295177000042, 6.965386641000066 ], [ 80.026763537000079, 6.966140519000021 ], [ 80.026293939000084, 6.966438331000063 ], [ 80.024363485000038, 6.966050927000026 ], [ 80.022530722000056, 6.966332161000025 ], [ 80.021634511000059, 6.967916572000036 ], [ 80.022123007000062, 6.969672669000033 ], [ 80.023685919000059, 6.97174687100005 ], [ 80.023926447000065, 6.971948540000028 ], [ 80.024734653000053, 6.972051372000067 ], [ 80.024826510000082, 6.97267454100006 ], [ 80.025332485000035, 6.972955934000026 ], [ 80.027397634000067, 6.975744917000043 ], [ 80.028666764000036, 6.97632229900006 ], [ 80.029282771000055, 6.976900814000032 ], [ 80.029675570000052, 6.979959589000032 ], [ 80.028802874000064, 6.983448315000032 ], [ 80.028736464000076, 6.984976470000049 ], [ 80.02885612700004, 6.985589014000027 ], [ 80.029898437000043, 6.986999568000044 ], [ 80.030461255000034, 6.988448035000033 ], [ 80.031729716000029, 6.989164530000039 ], [ 80.033075333000056, 6.989017291000039 ], [ 80.034300701000063, 6.989364950000038 ], [ 80.036141509000061, 6.98842645700006 ], [ 80.037046090000047, 6.988695082000049 ], [ 80.037796061000051, 6.989159591000032 ], [ 80.03854040300007, 6.988772747000041 ], [ 80.039331316000073, 6.988984765000055 ], [ 80.039917240000079, 6.989316545000065 ], [ 80.040996895000035, 6.990832481000041 ], [ 80.04284853300004, 6.991593668000064 ], [ 80.044785589000071, 6.992079186000069 ], [ 80.045512758000029, 6.993364887000041 ], [ 80.046835069000053, 6.994418758000052 ], [ 80.051658962000033, 6.995683367000026 ], [ 80.05264204000008, 6.996418450000021 ], [ 80.05276583400007, 6.997160123000072 ], [ 80.052639207000084, 6.997755056000074 ], [ 80.052146422000078, 6.998696532000054 ], [ 80.052150872000084, 6.999132094000061 ], [ 80.051712262000081, 6.999642312000049 ], [ 80.051024983000048, 6.999073983000073 ], [ 80.04975625700007, 6.998459274000027 ], [ 80.048076250000065, 6.997731176000059 ], [ 80.046645649000084, 6.997347717000025 ], [ 80.045902182000077, 6.998421626000038 ], [ 80.044728847000044, 6.999014936000037 ], [ 80.043608419000066, 6.999435518000041 ], [ 80.04284077300008, 6.999028292000048 ], [ 80.042175704000044, 6.999073797000051 ], [ 80.042422892000047, 6.999862863000033 ], [ 80.043041223000046, 7.000295799000071 ], [ 80.043841087000033, 7.000445716000058 ], [ 80.043505660000051, 7.000792326000067 ], [ 80.042693131000078, 7.000904362000028 ], [ 80.042461178000053, 7.001196102000051 ], [ 80.04207681400004, 7.001193769000054 ], [ 80.042037965000077, 7.000994363000075 ], [ 80.042496467000035, 7.000647060000063 ], [ 80.041853008000032, 6.999270075000027 ], [ 80.039317229000062, 6.999717158000067 ], [ 80.03911855900003, 7.000344709000046 ], [ 80.039271370000051, 7.000922743000046 ], [ 80.039660276000063, 7.001677688000029 ], [ 80.039836579000053, 7.001689113000054 ], [ 80.040455476000034, 7.002589353000076 ], [ 80.039932251000039, 7.003874641000039 ], [ 80.04009217600003, 7.005396670000039 ], [ 80.039766965000069, 7.006067439000049 ], [ 80.04025123100007, 7.006427143000053 ], [ 80.042696395000064, 7.006293938000056 ], [ 80.042547877000061, 7.004036285000041 ], [ 80.042836566000062, 7.003260873000045 ], [ 80.043082832000039, 7.00307919200003 ], [ 80.044145679000053, 7.003095071000075 ], [ 80.044365618000029, 7.002759955000045 ], [ 80.045831759000066, 7.002792192000072 ], [ 80.046023447000039, 7.003413367000064 ], [ 80.046117353000056, 7.00606705000007 ], [ 80.045953650000058, 7.008662276000052 ], [ 80.044989813000029, 7.00866424000003 ], [ 80.044609879000063, 7.008897438000076 ], [ 80.043557668000062, 7.009070714000075 ], [ 80.043258119000029, 7.009237560000031 ], [ 80.043377536000037, 7.009668371000032 ], [ 80.044211799000038, 7.009499764000054 ], [ 80.045802470000069, 7.009629423000035 ], [ 80.045597709000049, 7.010616392000031 ], [ 80.046421653000039, 7.010497113000042 ], [ 80.046894888000054, 7.01175315200004 ], [ 80.047408852000046, 7.012059664000049 ], [ 80.048284030000048, 7.012049600000068 ], [ 80.048844731000031, 7.013483834000056 ], [ 80.049634587000071, 7.014370933000066 ], [ 80.050671570000077, 7.014729865000049 ], [ 80.051251011000033, 7.015181117000054 ], [ 80.051478977000045, 7.015757654000026 ], [ 80.05174087000006, 7.015616084000044 ], [ 80.053338687000064, 7.017364003000068 ], [ 80.054263655000057, 7.018747959000052 ], [ 80.054833809000058, 7.018707003000031 ], [ 80.055182262000073, 7.018078075000062 ], [ 80.055812479000053, 7.017604673000051 ], [ 80.056616923000036, 7.017392951000033 ], [ 80.05712092400006, 7.016798276000031 ], [ 80.058083353000029, 7.016623749000075 ], [ 80.060517066000045, 7.016769601000021 ], [ 80.060534303000054, 7.016906500000061 ], [ 80.060838359000059, 7.016711943000075 ], [ 80.061768180000058, 7.016659498000024 ], [ 80.061841093000055, 7.016838989000064 ], [ 80.063955486000054, 7.016944444000046 ], [ 80.065515684000047, 7.017841391000047 ], [ 80.065519842000072, 7.017535896000027 ], [ 80.066033059000063, 7.017459467000037 ], [ 80.066408010000032, 7.016937429000052 ], [ 80.066651637000064, 7.01699471400002 ], [ 80.066762371000038, 7.016130821000047 ], [ 80.067042843000081, 7.015954917000045 ], [ 80.068342862000065, 7.015889554000069 ], [ 80.070757877000062, 7.014795530000072 ], [ 80.072269281000047, 7.01461108500007 ], [ 80.072950475000084, 7.014790185000038 ], [ 80.073203127000056, 7.014098708000063 ], [ 80.074325543000043, 7.014062144000036 ], [ 80.074876176000032, 7.013432273000035 ], [ 80.075535544000047, 7.013397346000033 ], [ 80.075574636000056, 7.014016009000045 ], [ 80.076119340000048, 7.014414612000053 ], [ 80.076699853000036, 7.014117330000033 ], [ 80.077409944000067, 7.014139684000043 ], [ 80.077875519000031, 7.013455763000024 ], [ 80.078734440000062, 7.014559703000032 ], [ 80.079365782000082, 7.016928706000044 ], [ 80.080428509000058, 7.018862204000072 ], [ 80.081007372000045, 7.021118668000042 ], [ 80.080778560000056, 7.021326368000075 ], [ 80.080855248000034, 7.022452384000076 ], [ 80.08168932500007, 7.022237372000063 ], [ 80.083975895000037, 7.022334468000054 ], [ 80.083683221000058, 7.023107336000066 ], [ 80.083740656000032, 7.023556619000033 ], [ 80.083999698000071, 7.023772222000048 ], [ 80.08397700300003, 7.024650418000022 ], [ 80.084678716000042, 7.02478061000005 ], [ 80.084335968000062, 7.02506041700002 ], [ 80.084457056000076, 7.025291411000069 ], [ 80.084087795000073, 7.026004704000059 ], [ 80.083829182000045, 7.026168495000036 ], [ 80.083771616000035, 7.025984880000067 ], [ 80.083496560000071, 7.026045443000044 ], [ 80.082960042000082, 7.026344725000058 ], [ 80.083190244000036, 7.026944613000069 ], [ 80.082844304000048, 7.02711736200007 ], [ 80.083051270000055, 7.02755465000007 ], [ 80.082465400000046, 7.027885203000039 ], [ 80.08203297600005, 7.027697798000077 ], [ 80.081743323000069, 7.027276444000051 ], [ 80.081336248000071, 7.027509988000077 ], [ 80.082587397000054, 7.028543219000028 ], [ 80.082048384000075, 7.029050015000053 ], [ 80.081554156000038, 7.029062865000071 ], [ 80.080868276000047, 7.029454532000045 ], [ 80.080494368000075, 7.030394972000067 ], [ 80.080339700000081, 7.030339839000021 ], [ 80.080176635000043, 7.030860394000058 ], [ 80.080296278000048, 7.031199274000073 ], [ 80.079844955000056, 7.032108463000043 ], [ 80.080240941000056, 7.032488702000023 ], [ 80.080305946000067, 7.033737434000045 ], [ 80.081197664000058, 7.033842678000042 ], [ 80.081121779000057, 7.034359853000069 ], [ 80.081919722000066, 7.034465492000038 ], [ 80.08162337300007, 7.035273245000042 ], [ 80.082591621000063, 7.035604956000043 ], [ 80.082548927000062, 7.035804032000044 ], [ 80.08337845300008, 7.036364734000074 ], [ 80.084503946000041, 7.037886150000077 ], [ 80.08475706400003, 7.037974806000022 ], [ 80.085350455000082, 7.03770746500004 ], [ 80.085632922000059, 7.036733996000066 ], [ 80.085673604000078, 7.036240134000025 ], [ 80.08521862200007, 7.035003913000025 ], [ 80.085616325000046, 7.034672370000067 ], [ 80.085636678000071, 7.03434167000006 ], [ 80.086171297000078, 7.034031213000048 ], [ 80.087002970000071, 7.034244596000065 ], [ 80.088902396000037, 7.03412819700003 ], [ 80.08959829500003, 7.034361162000039 ], [ 80.092281921000051, 7.04137376400007 ], [ 80.090281842000081, 7.043691539000065 ], [ 80.090286753000044, 7.044300762000034 ], [ 80.08974259300004, 7.045735910000076 ], [ 80.088216308000085, 7.046021455000073 ], [ 80.087964679000038, 7.047936173000039 ], [ 80.087355526000067, 7.047936639000056 ], [ 80.087333484000055, 7.048670715000071 ], [ 80.087018998000076, 7.048831153000037 ], [ 80.087051770000073, 7.049373206000041 ], [ 80.086306580000041, 7.050005051000028 ], [ 80.083482810000078, 7.051427814000021 ], [ 80.083111964000068, 7.051429324000026 ], [ 80.083239153000079, 7.05200368800007 ], [ 80.083013175000076, 7.052529861000039 ], [ 80.083085766000067, 7.05423416900004 ], [ 80.082571957000084, 7.055207254000038 ], [ 80.082677311000054, 7.05544270300004 ], [ 80.083348050000041, 7.054895743000031 ], [ 80.083658675000038, 7.05497243800005 ], [ 80.083950206000054, 7.055589818000044 ], [ 80.084116448000032, 7.055586310000024 ], [ 80.084160703000066, 7.056309344000056 ], [ 80.084707826000056, 7.056395336000037 ], [ 80.085266403000048, 7.056753162000064 ], [ 80.085480133000033, 7.057224593000058 ], [ 80.085681150000084, 7.059432168000058 ], [ 80.085664744000042, 7.060064154000031 ], [ 80.085366874000044, 7.060331508000047 ], [ 80.085150654000074, 7.06109703900006 ], [ 80.084517831000085, 7.060404808000044 ], [ 80.083342771000048, 7.06087894500007 ], [ 80.083229189000065, 7.061241175000021 ], [ 80.08387295700004, 7.062985388000072 ], [ 80.084475679000036, 7.063843022000071 ], [ 80.08671589100004, 7.06578220800003 ], [ 80.087597738000056, 7.06620967300006 ], [ 80.088788962000081, 7.06715175000005 ], [ 80.090375926000036, 7.068621433000033 ], [ 80.092029808000063, 7.069697799000039 ], [ 80.093085576000078, 7.070161448000022 ], [ 80.093295731000069, 7.070100070000024 ] ] ] } },
{ "type": "Feature", "properties": { "ADM3_EN": "Mahara", "ADM3_PCODE": "LK1233", "ADM2_EN": "Gampaha" }, "geometry": { "type": "MultiPolygon", "coordinates": [ [ [ [ 80.093295731000069, 7.070100070000024 ], [ 80.093085576000078, 7.070161448000022 ], [ 80.092029808000063, 7.069697799000039 ], [ 80.090375926000036, 7.068621433000033 ], [ 80.088788962000081, 7.06715175000005 ], [ 80.087597738000056, 7.06620967300006 ], [ 80.08671589100004, 7.06578220800003 ], [ 80.084475679000036, 7.063843022000071 ], [ 80.08387295700004, 7.062985388000072 ], [ 80.083229189000065, 7.061241175000021 ], [ 80.083342771000048, 7.06087894500007 ], [ 80.084517831000085, 7.060404808000044 ], [ 80.085150654000074, 7.06109703900006 ], [ 80.085366874000044, 7.060331508000047 ], [ 80.085664744000042, 7.060064154000031 ], [ 80.085681150000084, 7.059432168000058 ], [ 80.085480133000033, 7.057224593000058 ], [ 80.085266403000048, 7.056753162000064 ], [ 80.084707826000056, 7.056395336000037 ], [ 80.084160703000066, 7.056309344000056 ], [ 80.084116448000032, 7.055586310000024 ], [ 80.083950206000054, 7.055589818000044 ], [ 80.083658675000038, 7.05497243800005 ], [ 80.083348050000041, 7.054895743000031 ], [ 80.082677311000054, 7.05544270300004 ], [ 80.082571957000084, 7.055207254000038 ], [ 80.083085766000067, 7.05423416900004 ], [ 80.083013175000076, 7.052529861000039 ], [ 80.083239153000079, 7.05200368800007 ], [ 80.083111964000068, 7.051429324000026 ], [ 80.083482810000078, 7.051427814000021 ], [ 80.086306580000041, 7.050005051000028 ], [ 80.087051770000073, 7.049373206000041 ], [ 80.087018998000076, 7.048831153000037 ], [ 80.087333484000055, 7.048670715000071 ], [ 80.087355526000067, 7.047936639000056 ], [ 80.087964679000038, 7.047936173000039 ], [ 80.088216308000085, 7.046021455000073 ], [ 80.08974259300004, 7.045735910000076 ], [ 80.090286753000044, 7.044300762000034 ], [ 80.090281842000081, 7.043691539000065 ], [ 80.092281921000051, 7.04137376400007 ], [ 80.08959829500003, 7.034361162000039 ], [ 80.088902396000037, 7.03412819700003 ], [ 80.087002970000071, 7.034244596000065 ], [ 80.086171297000078, 7.034031213000048 ], [ 80.085636678000071, 7.03434167000006 ], [ 80.085616325000046, 7.034672370000067 ], [ 80.08521862200007, 7.035003913000025 ], [ 80.085673604000078, 7.036240134000025 ], [ 80.085632922000059, 7.036733996000066 ], [ 80.085350455000082, 7.03770746500004 ], [ 80.08475706400003, 7.037974806000022 ], [ 80.084503946000041, 7.037886150000077 ], [ 80.08337845300008, 7.036364734000074 ], [ 80.082548927000062, 7.035804032000044 ], [ 80.082591621000063, 7.035604956000043 ], [ 80.08162337300007, 7.035273245000042 ], [ 80.081919722000066, 7.034465492000038 ], [ 80.081121779000057, 7.034359853000069 ], [ 80.081197664000058, 7.033842678000042 ], [ 80.080305946000067, 7.033737434000045 ], [ 80.080240941000056, 7.032488702000023 ], [ 80.079844955000056, 7.032108463000043 ], [ 80.080296278000048, 7.031199274000073 ], [ 80.080176635000043, 7.030860394000058 ], [ 80.080339700000081, 7.030339839000021 ], [ 80.080494368000075, 7.030394972000067 ], [ 80.080868276000047, 7.029454532000045 ], [ 80.081554156000038, 7.029062865000071 ], [ 80.082048384000075, 7.029050015000053 ], [ 80.082587397000054, 7.028543219000028 ], [ 80.081336248000071, 7.027509988000077 ], [ 80.081743323000069, 7.027276444000051 ], [ 80.08203297600005, 7.027697798000077 ], [ 80.082465400000046, 7.027885203000039 ], [ 80.083051270000055, 7.02755465000007 ], [ 80.082844304000048, 7.02711736200007 ], [ 80.083190244000036, 7.026944613000069 ], [ 80.082960042000082, 7.026344725000058 ], [ 80.083496560000071, 7.026045443000044 ], [ 80.083771616000035, 7.025984880000067 ], [ 80.083829182000045, 7.026168495000036 ], [ 80.084087795000073, 7.026004704000059 ], [ 80.084457056000076, 7.025291411000069 ], [ 80.084335968000062, 7.02506041700002 ], [ 80.084678716000042, 7.02478061000005 ], [ 80.08397700300003, 7.024650418000022 ], [ 80.083999698000071, 7.023772222000048 ], [ 80.083740656000032, 7.023556619000033 ], [ 80.083683221000058, 7.023107336000066 ], [ 80.083975895000037, 7.022334468000054 ], [ 80.08168932500007, 7.022237372000063 ], [ 80.080855248000034, 7.022452384000076 ], [ 80.080778560000056, 7.021326368000075 ], [ 80.081007372000045, 7.021118668000042 ], [ 80.080428509000058, 7.018862204000072 ], [ 80.079365782000082, 7.016928706000044 ], [ 80.078734440000062, 7.014559703000032 ], [ 80.077875519000031, 7.013455763000024 ], [ 80.077409944000067, 7.014139684000043 ], [ 80.076699853000036, 7.014117330000033 ], [ 80.076119340000048, 7.014414612000053 ], [ 80.075574636000056, 7.014016009000045 ], [ 80.075535544000047, 7.013397346000033 ], [ 80.074876176000032, 7.013432273000035 ], [ 80.074325543000043, 7.014062144000036 ], [ 80.073203127000056, 7.014098708000063 ], [ 80.072950475000084, 7.014790185000038 ], [ 80.072269281000047, 7.01461108500007 ], [ 80.070757877000062, 7.014795530000072 ], [ 80.068342862000065, 7.015889554000069 ], [ 80.067042843000081, 7.015954917000045 ], [ 80.066762371000038, 7.016130821000047 ], [ 80.066651637000064, 7.01699471400002 ], [ 80.066408010000032, 7.016937429000052 ], [ 80.066033059000063, 7.017459467000037 ], [ 80.065519842000072, 7.017535896000027 ], [ 80.065515684000047, 7.017841391000047 ], [ 80.063955486000054, 7.016944444000046 ], [ 80.061841093000055, 7.016838989000064 ], [ 80.061768180000058, 7.016659498000024 ], [ 80.060838359000059, 7.016711943000075 ], [ 80.060534303000054, 7.016906500000061 ], [ 80.060517066000045, 7.016769601000021 ], [ 80.058083353000029, 7.016623749000075 ], [ 80.05712092400006, 7.016798276000031 ], [ 80.056616923000036, 7.017392951000033 ], [ 80.055812479000053, 7.017604673000051 ], [ 80.055182262000073, 7.018078075000062 ], [ 80.054833809000058, 7.018707003000031 ], [ 80.054263655000057, 7.018747959000052 ], [ 80.053338687000064, 7.017364003000068 ], [ 80.05174087000006, 7.015616084000044 ], [ 80.051478977000045, 7.015757654000026 ], [ 80.051251011000033, 7.015181117000054 ], [ 80.050671570000077, 7.014729865000049 ], [ 80.049634587000071, 7.014370933000066 ], [ 80.048844731000031, 7.013483834000056 ], [ 80.048284030000048, 7.012049600000068 ], [ 80.047408852000046, 7.012059664000049 ], [ 80.046894888000054, 7.01175315200004 ], [ 80.046421653000039, 7.010497113000042 ], [ 80.045597709000049, 7.010616392000031 ], [ 80.045802470000069, 7.009629423000035 ], [ 80.044211799000038, 7.009499764000054 ], [ 80.043377536000037, 7.009668371000032 ], [ 80.043258119000029, 7.009237560000031 ], [ 80.043557668000062, 7.009070714000075 ], [ 80.044609879000063, 7.008897438000076 ], [ 80.044989813000029, 7.00866424000003 ], [ 80.045953650000058, 7.008662276000052 ], [ 80.046117353000056, 7.00606705000007 ], [ 80.046023447000039, 7.003413367000064 ], [ 80.045831759000066, 7.002792192000072 ], [ 80.044365618000029, 7.002759955000045 ], [ 80.044145679000053, 7.003095071000075 ], [ 80.043082832000039, 7.00307919200003 ], [ 80.042836566000062, 7.003260873000045 ], [ 80.042547877000061, 7.004036285000041 ], [ 80.042696395000064, 7.006293938000056 ], [ 80.041305545000057, 7.006477851000056 ], [ 80.040179073000047, 7.006405960000052 ], [ 80.039766965000069, 7.006067439000049 ], [ 80.04009217600003, 7.005396670000039 ], [ 80.039932251000039, 7.003874641000039 ], [ 80.040455476000034, 7.002589353000076 ], [ 80.039836579000053, 7.001689113000054 ], [ 80.039660276000063, 7.001677688000029 ], [ 80.03911855900003, 7.000344709000046 ], [ 80.039317229000062, 6.999717158000067 ], [ 80.039592870000035, 6.999566059000074 ], [ 80.041853008000032, 6.999270075000027 ], [ 80.042496467000035, 7.000647060000063 ], [ 80.042037965000077, 7.000994363000075 ], [ 80.04207681400004, 7.001193769000054 ], [ 80.042461178000053, 7.001196102000051 ], [ 80.04284782700006, 7.000835130000041 ], [ 80.043505660000051, 7.000792326000067 ], [ 80.043841087000033, 7.000445716000058 ], [ 80.043041223000046, 7.000295799000071 ], [ 80.042422892000047, 6.999862863000033 ], [ 80.042175704000044, 6.999073797000051 ], [ 80.04284077300008, 6.999028292000048 ], [ 80.043608419000066, 6.999435518000041 ], [ 80.044728847000044, 6.999014936000037 ], [ 80.045902182000077, 6.998421626000038 ], [ 80.046645649000084, 6.997347717000025 ], [ 80.048076250000065, 6.997731176000059 ], [ 80.04975625700007, 6.998459274000027 ], [ 80.051024983000048, 6.999073983000073 ], [ 80.051712262000081, 6.999642312000049 ], [ 80.052150872000084, 6.999132094000061 ], [ 80.052146422000078, 6.998696532000054 ], [ 80.052639207000084, 6.997755056000074 ], [ 80.05276583400007, 6.997160123000072 ], [ 80.05264204000008, 6.996418450000021 ], [ 80.051658962000033, 6.995683367000026 ], [ 80.046835069000053, 6.994418758000052 ], [ 80.045512758000029, 6.993364887000041 ], [ 80.044785589000071, 6.992079186000069 ], [ 80.04284853300004, 6.991593668000064 ], [ 80.040996895000035, 6.990832481000041 ], [ 80.039917240000079, 6.989316545000065 ], [ 80.039331316000073, 6.988984765000055 ], [ 80.03854040300007, 6.988772747000041 ], [ 80.037796061000051, 6.989159591000032 ], [ 80.037046090000047, 6.988695082000049 ], [ 80.036141509000061, 6.98842645700006 ], [ 80.034300701000063, 6.989364950000038 ], [ 80.033075333000056, 6.989017291000039 ], [ 80.031729716000029, 6.989164530000039 ], [ 80.030435384000043, 6.98839579600002 ], [ 80.02950454300003, 6.989759960000072 ], [ 80.028328683000041, 6.991003870000043 ], [ 80.028076671000065, 6.991608860000042 ], [ 80.028594527000052, 6.992740258000026 ], [ 80.029520564000052, 6.994031089000032 ], [ 80.029836364000062, 6.995486335000066 ], [ 80.029822744000057, 6.996996219000039 ], [ 80.028572066000038, 6.99678824700004 ], [ 80.028343775000053, 6.997101113000042 ], [ 80.027221588000032, 6.997021744000051 ], [ 80.025514249000082, 6.997318599000039 ], [ 80.023144950000074, 6.998084323000057 ], [ 80.022594834000074, 6.998055861000068 ], [ 80.022113280000042, 6.998277533000021 ], [ 80.022234539000067, 6.998906267000052 ], [ 80.021384168000054, 6.999196159000064 ], [ 80.020893532000059, 6.998919313000044 ], [ 80.019934884000065, 6.996721396000055 ], [ 80.019946063000077, 6.99532076600002 ], [ 80.019751779000046, 6.994476292000058 ], [ 80.019990732000053, 6.992849265000075 ], [ 80.019574796000029, 6.992386909000061 ], [ 80.020119357000056, 6.991611875000046 ], [ 80.019507687000043, 6.991391172000021 ], [ 80.018793448000054, 6.991845399000056 ], [ 80.01814720200008, 6.991721111000061 ], [ 80.016938379000067, 6.992565897000077 ], [ 80.016911668000034, 6.99279824100006 ], [ 80.01437155900004, 6.992477294000025 ], [ 80.013682285000073, 6.99208972200006 ], [ 80.013647086000049, 6.991488771000036 ], [ 80.013779511000052, 6.990998275000038 ], [ 80.014013012000078, 6.990888961000053 ], [ 80.013941172000045, 6.990678778000074 ], [ 80.013672428000064, 6.990464646000021 ], [ 80.013519072000065, 6.990563742000063 ], [ 80.011971807000066, 6.990146954000068 ], [ 80.011859675000039, 6.989644902000066 ], [ 80.011336073000052, 6.989404662000027 ], [ 80.011041514000055, 6.989022385000055 ], [ 80.010821277000048, 6.988272425000048 ], [ 80.009986952000077, 6.988133594000033 ], [ 80.009651814000051, 6.987206165000032 ], [ 80.008939425000051, 6.986912465000046 ], [ 80.008764315000064, 6.98710647200005 ], [ 80.009730779000051, 6.988843741000039 ], [ 80.00954910300004, 6.989185159000044 ], [ 80.008433387000082, 6.989488829000038 ], [ 80.007390047000058, 6.990643642000066 ], [ 80.008433663000062, 6.991982136000047 ], [ 80.007590665000066, 6.993777947000069 ], [ 80.007540077000044, 6.994569639000076 ], [ 80.006768925000074, 6.99542333200003 ], [ 80.004991750000045, 6.99589088700003 ], [ 80.003923200000031, 6.99591575200003 ], [ 80.003281064000078, 6.994849241000054 ], [ 80.00360342700003, 6.993909898000027 ], [ 80.004472479000071, 6.993143879000058 ], [ 80.005185444000062, 6.991999551000049 ], [ 80.00532443600008, 6.991378662000045 ], [ 80.004696275000072, 6.991170449000037 ], [ 80.00320066900008, 6.992168801000048 ], [ 80.003191753000067, 6.992019901000049 ], [ 80.002276777000077, 6.992044511000074 ], [ 80.002631473000065, 6.993348462000029 ], [ 80.000401095000029, 6.993400168000051 ], [ 79.999773725000068, 6.994004586000074 ], [ 79.999125968000044, 6.993671489000064 ], [ 79.999162446000071, 6.993328253000072 ], [ 79.997853686000042, 6.994030635000058 ], [ 79.996904563000044, 6.993788817000052 ], [ 79.995462131000068, 6.992140648000031 ], [ 79.993607500000053, 6.992299154000023 ], [ 79.993346727000073, 6.990518309000038 ], [ 79.992761879000057, 6.988734794000038 ], [ 79.991992078000067, 6.990975056000025 ], [ 79.991778747000069, 6.991098604000058 ], [ 79.99133605600008, 6.992076950000069 ], [ 79.989593311000078, 6.993581311000071 ], [ 79.988499502000082, 6.993971196000075 ], [ 79.987844085000063, 6.994454131000055 ], [ 79.987160205000066, 6.994337429000041 ], [ 79.986951637000061, 6.993831882000052 ], [ 79.985886238000035, 6.994064022000032 ], [ 79.985289386000034, 6.99384998000005 ], [ 79.984794814000054, 6.992337359000032 ], [ 79.984639798000046, 6.99378514600005 ], [ 79.983939178000071, 6.993300787000067 ], [ 79.983321840000031, 6.99336803500006 ], [ 79.983300110000073, 6.992263829000024 ], [ 79.981175336000035, 6.99189582200006 ], [ 79.980800257000055, 6.991111599000021 ], [ 79.980322084000079, 6.991378368000028 ], [ 79.980942456000037, 6.99208408100003 ], [ 79.979261260000044, 6.992203054000072 ], [ 79.97811679800003, 6.991974127000049 ], [ 79.977321511000071, 6.992507985000032 ], [ 79.976339362000033, 6.992714713000055 ], [ 79.976026223000076, 6.993610068000066 ], [ 79.974872987000083, 6.993447232000051 ], [ 79.974692857000036, 6.993784293000033 ], [ 79.97428173000003, 6.99382870900007 ], [ 79.973387754000044, 6.995674656000062 ], [ 79.972652419000042, 6.995457070000043 ], [ 79.972398588000033, 6.994539178000025 ], [ 79.971969585000068, 6.99466280200005 ], [ 79.970757050000032, 6.99576191500006 ], [ 79.969955997000056, 6.99701066800003 ], [ 79.968709968000041, 6.997782173000076 ], [ 79.968404014000043, 6.998290346000033 ], [ 79.968457700000044, 6.998581457000057 ], [ 79.966624287000059, 6.998659576000023 ], [ 79.966447679000055, 6.998944465000022 ], [ 79.965742354000042, 6.998764837000067 ], [ 79.964170028000069, 6.999003448000053 ], [ 79.96385473600003, 7.000264523000055 ], [ 79.962545177000038, 7.001313606000053 ], [ 79.961143683000046, 7.001724773000035 ], [ 79.961533178000082, 7.00220758200004 ], [ 79.962049919000037, 7.003733278000027 ], [ 79.961557945000038, 7.003739927000026 ], [ 79.961283005000041, 7.004017966000049 ], [ 79.960210976000042, 7.007362664000027 ], [ 79.959312432000047, 7.006846759000041 ], [ 79.959441741000035, 7.006516737000027 ], [ 79.958562379000057, 7.005959009000037 ], [ 79.957925288000069, 7.005685582000069 ], [ 79.957769537000047, 7.005996942000024 ], [ 79.95668956600008, 7.005303379000054 ], [ 79.956569382000055, 7.004630361000068 ], [ 79.95614058600006, 7.004512263000038 ], [ 79.956270790000076, 7.003859753000029 ], [ 79.955943889000082, 7.003271361000031 ], [ 79.955509732000053, 7.003179397000054 ], [ 79.95447389800006, 7.003371129000072 ], [ 79.954500448000033, 7.003749516000028 ], [ 79.953923276000069, 7.003916838000066 ], [ 79.953049065000073, 7.003807624000046 ], [ 79.952491408000071, 7.003020752000054 ], [ 79.952570693000041, 7.002759768000033 ], [ 79.951825255000074, 7.002408349000063 ], [ 79.951913958000034, 7.002162245000022 ], [ 79.950961714000073, 7.001796261000038 ], [ 79.948858803000064, 7.000552666000033 ], [ 79.948614761000044, 7.000894010000025 ], [ 79.94832483600004, 7.000450126000032 ], [ 79.947928045000083, 7.000654050000037 ], [ 79.947754447000079, 7.000425051000036 ], [ 79.948374838000063, 7.000106797000058 ], [ 79.94812801300003, 6.999580700000024 ], [ 79.948110198000052, 6.998975861000076 ], [ 79.947798008000063, 6.998893994000071 ], [ 79.947372813000072, 6.99682025200002 ], [ 79.945731053000031, 6.995054959000072 ], [ 79.945311773000071, 6.995577303000061 ], [ 79.944572445000063, 6.995510354000032 ], [ 79.944299452000052, 6.994664503000024 ], [ 79.944637040000032, 6.994197581000037 ], [ 79.94284427000008, 6.992605345000072 ], [ 79.942041922000044, 6.992342414000063 ], [ 79.941920825000068, 6.992695090000041 ], [ 79.941370241000072, 6.991998244000058 ], [ 79.941119232000062, 6.991964804000077 ], [ 79.941180337000048, 6.991690740000024 ], [ 79.940251523000029, 6.99150123000004 ], [ 79.940337998000075, 6.991055308000057 ], [ 79.938994702000059, 6.991143308000062 ], [ 79.938649788000077, 6.991012798000042 ], [ 79.938329162000059, 6.991597314000046 ], [ 79.937593846000084, 6.991234603000066 ], [ 79.936933678000059, 6.991485778000026 ], [ 79.936686767000083, 6.991402171000061 ], [ 79.936690766000083, 6.991141869000046 ], [ 79.936051214000031, 6.991409645000033 ], [ 79.935121001000084, 6.991132064000055 ], [ 79.932772987000078, 6.990917999000033 ], [ 79.931777808000049, 6.99126706900006 ], [ 79.929314114000078, 6.99307514700007 ], [ 79.929115428000046, 6.992840448000038 ], [ 79.929131970000071, 6.992337095000039 ], [ 79.928470625000045, 6.992115659000035 ], [ 79.92673092800004, 6.989868860000058 ], [ 79.925462245000062, 6.989430671000036 ], [ 79.924606899000082, 6.989547875000028 ], [ 79.92474022600004, 6.989217655000061 ], [ 79.922790740000039, 6.988723629000049 ], [ 79.922654182000031, 6.987729710000053 ], [ 79.922791762000031, 6.987732666000056 ], [ 79.923016725000082, 6.986539331000074 ], [ 79.923300365000046, 6.986352432000047 ], [ 79.922273014000041, 6.985865046000072 ], [ 79.920931524000082, 6.985800630000028 ], [ 79.920424246000039, 6.986182575000043 ], [ 79.918940637000048, 6.986490119000052 ], [ 79.918166620000079, 6.986309443000039 ], [ 79.917640979000055, 6.986621884000044 ], [ 79.917283226000052, 6.987221990000023 ], [ 79.917152281000085, 6.988159460000077 ], [ 79.916825285000073, 6.988900513000033 ], [ 79.915758373000074, 6.989750335000053 ], [ 79.914992252000047, 6.989469919000044 ], [ 79.914271112000051, 6.989907611000035 ], [ 79.913401072000056, 6.99014021000005 ], [ 79.912183050000067, 6.989901667000026 ], [ 79.910665086000051, 6.99029418300006 ], [ 79.90907676300003, 6.989755248000051 ], [ 79.908837002000041, 6.990512416000058 ], [ 79.909171871000069, 6.991323608000073 ], [ 79.909126421000053, 6.991926708000051 ], [ 79.907732434000081, 6.994702155000027 ], [ 79.907550026000081, 6.99555263600007 ], [ 79.906143245000067, 6.997040671000036 ], [ 79.905242457000043, 6.997298279000063 ], [ 79.905120408000073, 6.999082289000057 ], [ 79.904696244000036, 7.000803162000068 ], [ 79.902444012000046, 7.002723555000046 ], [ 79.901901488000078, 7.004544843000076 ], [ 79.900382828000033, 7.005507299000044 ], [ 79.898849781000081, 7.006121672000063 ], [ 79.899414944000057, 7.007994515000064 ], [ 79.90006849100007, 7.009134128000028 ], [ 79.900286250000079, 7.010253887000033 ], [ 79.901181309000037, 7.00894128300007 ], [ 79.90078481300003, 7.00841398700004 ], [ 79.900864785000067, 7.007644742000025 ], [ 79.903635961000077, 7.006072194000069 ], [ 79.904051937000077, 7.006222047000051 ], [ 79.904859740000063, 7.00610931600005 ], [ 79.905316283000047, 7.006412922000038 ], [ 79.906243895000046, 7.006187211000054 ], [ 79.907407192000051, 7.006707619000053 ], [ 79.910732600000074, 7.006752924000068 ], [ 79.911486707000051, 7.006999106000023 ], [ 79.912011152000048, 7.006532045000029 ], [ 79.912793601000033, 7.006887152000047 ], [ 79.914435922000052, 7.006240687000059 ], [ 79.914897825000082, 7.006506213000023 ], [ 79.915606407000041, 7.006221126000071 ], [ 79.916603852000037, 7.006815686000039 ], [ 79.917182377000074, 7.006897647000073 ], [ 79.91783713600006, 7.006669790000046 ], [ 79.918301335000081, 7.006136985000069 ], [ 79.921061160000079, 7.004910517000042 ], [ 79.921922298000084, 7.005101354000033 ], [ 79.923185992000072, 7.004065159000049 ], [ 79.923442582000064, 7.002743788000032 ], [ 79.92896759100006, 7.002425097000071 ], [ 79.929947826000046, 7.001309064000054 ], [ 79.930830670000034, 7.001352968000049 ], [ 79.931731825000043, 7.00168300100006 ], [ 79.933420493000085, 7.003237314000046 ], [ 79.934564022000075, 7.00391653500003 ], [ 79.935503833000041, 7.005911394000066 ], [ 79.936025960000052, 7.007783502000052 ], [ 79.93674536900005, 7.008950089000052 ], [ 79.939044815000045, 7.009156606000033 ], [ 79.939114672000073, 7.009593467000059 ], [ 79.937948843000072, 7.00946976900002 ], [ 79.937366992000079, 7.009594610000022 ], [ 79.936935464000044, 7.009753363000073 ], [ 79.936871109000037, 7.01011928500003 ], [ 79.936336328000039, 7.010532604000048 ], [ 79.93681106300005, 7.011970713000039 ], [ 79.93639825300005, 7.01230514100007 ], [ 79.93569124000004, 7.01401381200003 ], [ 79.935641159000056, 7.014584749000051 ], [ 79.935431089000076, 7.014753103000032 ], [ 79.935499480000033, 7.015218582000045 ], [ 79.935758195000062, 7.015464929000075 ], [ 79.935782312000072, 7.016237195000031 ], [ 79.935250934000067, 7.017410195000025 ], [ 79.934961785000041, 7.017331933000037 ], [ 79.934744766000051, 7.017846715000076 ], [ 79.934762026000044, 7.019849347000047 ], [ 79.934323462000066, 7.020667166000067 ], [ 79.93432735600004, 7.021014191000063 ], [ 79.933851382000057, 7.020815086000027 ], [ 79.933505528000069, 7.021274224000024 ], [ 79.933890633000033, 7.02157532800004 ], [ 79.93461860900004, 7.021297773000072 ], [ 79.934929104000048, 7.021493557000042 ], [ 79.935610514000075, 7.021210667000048 ], [ 79.937592679000034, 7.022407402000056 ], [ 79.937521749000041, 7.022543275000032 ], [ 79.93777194200004, 7.022747422000066 ], [ 79.938173168000048, 7.022756299000037 ], [ 79.940579642000046, 7.024014049000073 ], [ 79.939713023000081, 7.024823580000032 ], [ 79.937830453000061, 7.025605420000034 ], [ 79.938108666000062, 7.02619065500005 ], [ 79.939230010000074, 7.027504997000051 ], [ 79.938962975000038, 7.028381057000047 ], [ 79.939278048000062, 7.028536485000075 ], [ 79.939274392000073, 7.028789502000052 ], [ 79.939657756000031, 7.029028157000027 ], [ 79.939788014000044, 7.029411977000052 ], [ 79.939726430000064, 7.029691839000066 ], [ 79.939227290000076, 7.029761676000021 ], [ 79.939365038000062, 7.030896650000045 ], [ 79.93889568600008, 7.03206735200007 ], [ 79.938939565000055, 7.032846081000059 ], [ 79.939688520000061, 7.033042521000027 ], [ 79.939528238000037, 7.033748599000035 ], [ 79.938967209000054, 7.033830659000046 ], [ 79.938416871000072, 7.033534569000039 ], [ 79.937509558000045, 7.033684468000047 ], [ 79.93709810200005, 7.034948094000072 ], [ 79.937556655000037, 7.034915789000024 ], [ 79.937696702000039, 7.035190473000057 ], [ 79.938912600000037, 7.03467678100003 ], [ 79.940324686000054, 7.034920796000051 ], [ 79.94080176500006, 7.034408969000026 ], [ 79.941466533000039, 7.034540593000031 ], [ 79.941892836000079, 7.035060956000052 ], [ 79.942003251000074, 7.035742992000053 ], [ 79.942769600000076, 7.037336362000076 ], [ 79.944476224000084, 7.038717831000042 ], [ 79.944361408000077, 7.040192012000034 ], [ 79.944833173000063, 7.040965051000057 ], [ 79.946320765000053, 7.045913914000039 ], [ 79.946743346000062, 7.046974570000032 ], [ 79.947000477000074, 7.047145488000069 ], [ 79.945967628000062, 7.048383442000045 ], [ 79.945820157000071, 7.048975879000068 ], [ 79.94819781800004, 7.04960539800004 ], [ 79.949164637000081, 7.050445721000074 ], [ 79.950541506000036, 7.052376050000021 ], [ 79.951039864000052, 7.054306929000063 ], [ 79.951448142000061, 7.057324004000066 ], [ 79.951731765000034, 7.057398565000028 ], [ 79.952697964000038, 7.056829320000077 ], [ 79.953207513000052, 7.057884824000041 ], [ 79.954036087000077, 7.057920959000057 ], [ 79.955535990000044, 7.059366878000048 ], [ 79.956188070000053, 7.059437780000053 ], [ 79.956703221000055, 7.05913627700005 ], [ 79.957692617000077, 7.059332924000046 ], [ 79.957777012000065, 7.059624503000066 ], [ 79.958443725000052, 7.059631965000051 ], [ 79.959000495000055, 7.059180667000021 ], [ 79.958809202000054, 7.058466089000035 ], [ 79.959722353000075, 7.057128526000042 ], [ 79.959777096000039, 7.056747968000025 ], [ 79.959502388000033, 7.056416965000039 ], [ 79.959736006000071, 7.055897679000054 ], [ 79.959546628000055, 7.055717519000041 ], [ 79.958748985000057, 7.055698604000042 ], [ 79.958529129000055, 7.054958990000046 ], [ 79.959056909000083, 7.054596567000033 ], [ 79.96063123700003, 7.054542045000062 ], [ 79.960732618000065, 7.053932026000041 ], [ 79.96058259800003, 7.05354443300007 ], [ 79.961544222000043, 7.052000552000038 ], [ 79.961223103000066, 7.051726862000066 ], [ 79.961384247000069, 7.051234491000059 ], [ 79.961118851000037, 7.050603160000037 ], [ 79.961384202000033, 7.050434626000026 ], [ 79.961480631000029, 7.049970580000036 ], [ 79.96239921800003, 7.049398169000028 ], [ 79.961700065000059, 7.04825450200002 ], [ 79.961384324000051, 7.048096300000054 ], [ 79.960741787000075, 7.046684789000039 ], [ 79.960691618000055, 7.046113499000057 ], [ 79.960214982000082, 7.046104051000043 ], [ 79.960919001000036, 7.045840770000041 ], [ 79.961123395000072, 7.044653270000026 ], [ 79.961005555000042, 7.043252075000055 ], [ 79.960465524000085, 7.041425270000047 ], [ 79.95996124900006, 7.04113336000006 ], [ 79.95989793900003, 7.040899288000048 ], [ 79.959635546000072, 7.041037707000044 ], [ 79.959582342000033, 7.040898091000031 ], [ 79.960227015000044, 7.040358080000033 ], [ 79.960493208000059, 7.040340567000044 ], [ 79.960200502000077, 7.039062577000038 ], [ 79.959889432000068, 7.038446585000031 ], [ 79.959573096000042, 7.038312818000065 ], [ 79.960264097000049, 7.038080070000035 ], [ 79.960450569000045, 7.038273357000037 ], [ 79.961218123000037, 7.037885696000046 ], [ 79.961465220000036, 7.038087951000023 ], [ 79.961937266000064, 7.03795883500004 ], [ 79.963995837000084, 7.036317623000059 ], [ 79.963865546000079, 7.035201308000069 ], [ 79.963455512000053, 7.034543856000028 ], [ 79.963903230000085, 7.034558286000049 ], [ 79.964942750000034, 7.03401474900005 ], [ 79.967477483000039, 7.033193032000042 ], [ 79.96904132800006, 7.033075902000064 ], [ 79.968613442000049, 7.032386021000036 ], [ 79.969463214000029, 7.032101493000027 ], [ 79.970338935000029, 7.028916482000056 ], [ 79.970715118000044, 7.028678591000073 ], [ 79.971661620000077, 7.028879983000024 ], [ 79.972322685000051, 7.029475950000062 ], [ 79.972571699000071, 7.029406570000049 ], [ 79.97303658900006, 7.028747460000034 ], [ 79.972890083000038, 7.028311551000058 ], [ 79.973043606000033, 7.02771240900006 ], [ 79.973435881000057, 7.027635780000026 ], [ 79.974059086000068, 7.02650777100007 ], [ 79.975579993000053, 7.025767432000066 ], [ 79.976191330000063, 7.026834463000057 ], [ 79.975856920000069, 7.026981894000073 ], [ 79.976019724000082, 7.027368486000057 ], [ 79.976316921000034, 7.027219464000041 ], [ 79.976389453000081, 7.027396259000056 ], [ 79.976150002000054, 7.027658669000061 ], [ 79.976439807000077, 7.027566265000075 ], [ 79.976909887000033, 7.02861447600003 ], [ 79.976866900000061, 7.028938369000059 ], [ 79.977674087000082, 7.03005354000004 ], [ 79.978472741000076, 7.030688909000048 ], [ 79.980332672000031, 7.031160359000069 ], [ 79.981253536000054, 7.030917066000029 ], [ 79.981907973000034, 7.031318250000027 ], [ 79.982292286000074, 7.031767342000023 ], [ 79.981901590000064, 7.032193826000025 ], [ 79.983306891000041, 7.03323847300004 ], [ 79.983406921000039, 7.033603385000049 ], [ 79.983682415000033, 7.033541791000061 ], [ 79.984302417000038, 7.034479490000024 ], [ 79.986263681000082, 7.031957252000041 ], [ 79.987254035000035, 7.03246387400003 ], [ 79.988197137000043, 7.033402204000026 ], [ 79.988774942000077, 7.033012849000045 ], [ 79.989068297000074, 7.032641803000047 ], [ 79.989123629000062, 7.031785941000066 ], [ 79.989729781000051, 7.03133512200003 ], [ 79.990149750000057, 7.030343713000036 ], [ 79.991061367000043, 7.030601592000039 ], [ 79.991318314000068, 7.030860692000033 ], [ 79.992362815000035, 7.030769874000043 ], [ 79.992987435000032, 7.031020854000076 ], [ 79.993275174000075, 7.030766258000028 ], [ 79.993609159000073, 7.031114469000045 ], [ 79.994643384000085, 7.030854604000069 ], [ 79.996227481000062, 7.029791529000022 ], [ 79.997844689000033, 7.02970646700004 ], [ 79.998601162000057, 7.02930776900007 ], [ 79.998773306000032, 7.029450471000075 ], [ 79.999227787000052, 7.029303009000046 ], [ 79.99983850700005, 7.030738832000054 ], [ 80.00102159100004, 7.03076014100003 ], [ 80.001264695000032, 7.030486378000035 ], [ 80.001342353000041, 7.029775777000054 ], [ 80.00078093500008, 7.02927423400007 ], [ 80.001212195000051, 7.028598015000057 ], [ 80.002347323000038, 7.027800753000065 ], [ 80.002128, 7.027660937000064 ], [ 80.002262084000051, 7.027208004000045 ], [ 80.002955771000074, 7.027071857000067 ], [ 80.003493122000066, 7.026732534000075 ], [ 80.003824086000066, 7.025273975000061 ], [ 80.005073821000053, 7.02537396200006 ], [ 80.005240405000052, 7.024463850000075 ], [ 80.005695867000043, 7.024278687000049 ], [ 80.006159268000033, 7.023751502000039 ], [ 80.005465418000085, 7.018715589000067 ], [ 80.004108864000045, 7.01714408600003 ], [ 80.003835071000083, 7.014939577000064 ], [ 80.00342132600008, 7.015005452000025 ], [ 80.003093295000042, 7.013654157000076 ], [ 80.003417909000063, 7.013625525000066 ], [ 80.004061252000042, 7.014000070000066 ], [ 80.004607973000077, 7.013898337000057 ], [ 80.005167552000046, 7.014361433000033 ], [ 80.005802034000055, 7.014196011000024 ], [ 80.007434127000067, 7.011717281000074 ], [ 80.008345906000045, 7.011022761000049 ], [ 80.010618181000041, 7.011512143000061 ], [ 80.012188632000061, 7.012532988000032 ], [ 80.013106174000029, 7.011129161000042 ], [ 80.014370918000054, 7.012703680000072 ], [ 80.015068325000072, 7.013960897000061 ], [ 80.015206291000084, 7.013876229000061 ], [ 80.015379161000055, 7.014102172000037 ], [ 80.015479910000067, 7.01463908900007 ], [ 80.017259720000084, 7.014328157000023 ], [ 80.018102872000043, 7.01444834800003 ], [ 80.019731687000046, 7.015126274000067 ], [ 80.021569837000072, 7.014759776000062 ], [ 80.022005987000057, 7.014912407000054 ], [ 80.022560537000061, 7.014749260000031 ], [ 80.024117088000082, 7.016699399000061 ], [ 80.024785915000052, 7.01693556400005 ], [ 80.025591557000041, 7.016803762000052 ], [ 80.025815750000049, 7.017622587000062 ], [ 80.026906180000083, 7.017341673000033 ], [ 80.027453312000034, 7.016727359000072 ], [ 80.027936175000036, 7.016888090000066 ], [ 80.028380665000043, 7.017592239000066 ], [ 80.027702575000035, 7.017792584000063 ], [ 80.02647077000006, 7.019314888000054 ], [ 80.026028309000083, 7.019380352000042 ], [ 80.025690303000033, 7.02036927100005 ], [ 80.025818661000073, 7.022360635000041 ], [ 80.025521969000067, 7.023777755000026 ], [ 80.02586571900008, 7.024533973000075 ], [ 80.026514203000033, 7.024992345000044 ], [ 80.026592464000032, 7.026100740000061 ], [ 80.02692589600008, 7.027268345000039 ], [ 80.027980964000051, 7.028104194000036 ], [ 80.028544521000072, 7.028944721000073 ], [ 80.029899331000081, 7.028327657000034 ], [ 80.031359173000055, 7.028232283000023 ], [ 80.031770950000066, 7.028920252000034 ], [ 80.029296169000077, 7.030522141000063 ], [ 80.030330537000054, 7.031091780000054 ], [ 80.03079204800008, 7.031191332000049 ], [ 80.030850304000069, 7.030962918000057 ], [ 80.031729745000064, 7.031834288000027 ], [ 80.031699844000059, 7.032138879000058 ], [ 80.032290426000031, 7.032187471000043 ], [ 80.033000344000072, 7.031863512000029 ], [ 80.034298161000038, 7.032771181000044 ], [ 80.034496649000062, 7.033625190000066 ], [ 80.034706940000035, 7.033798986000022 ], [ 80.033995556000036, 7.034888677000026 ], [ 80.034390031000044, 7.035105990000034 ], [ 80.03496866100005, 7.034757485000057 ], [ 80.036396569000033, 7.035312872000077 ], [ 80.037125361000051, 7.034722334000037 ], [ 80.037142913000082, 7.034204032000048 ], [ 80.038885936000042, 7.033739493000041 ], [ 80.038880311000071, 7.034234161000029 ], [ 80.039664749000053, 7.035673053000039 ], [ 80.03966177500007, 7.036511579000035 ], [ 80.038261418000047, 7.037125153000034 ], [ 80.038101315000063, 7.03686919200004 ], [ 80.037335, 7.037041043000045 ], [ 80.037079323000057, 7.036845203000041 ], [ 80.036310388000061, 7.037151082000037 ], [ 80.036146126000062, 7.037771043000021 ], [ 80.035713447000035, 7.038174626000057 ], [ 80.035547553000072, 7.038988653000047 ], [ 80.036012035000056, 7.040347540000027 ], [ 80.035625931000084, 7.040887965000024 ], [ 80.035757946000047, 7.04196180200006 ], [ 80.034091098000033, 7.042781810000065 ], [ 80.033807304000049, 7.042262529000027 ], [ 80.032710050000048, 7.043010576000029 ], [ 80.033214866000037, 7.043727829000034 ], [ 80.031951191000076, 7.044547882000074 ], [ 80.031722344000059, 7.04459001500004 ], [ 80.031607970000039, 7.044368984000073 ], [ 80.031147674000067, 7.044570030000045 ], [ 80.030917059000046, 7.044238238000048 ], [ 80.029999180000061, 7.044376348000071 ], [ 80.03009677600005, 7.044833646000029 ], [ 80.029754012000069, 7.045055648000073 ], [ 80.030257321000079, 7.046805975000041 ], [ 80.030092703000037, 7.047388444000035 ], [ 80.029631661000053, 7.047877097000026 ], [ 80.028989588000059, 7.04817270500007 ], [ 80.028433267000082, 7.048776850000024 ], [ 80.028197476000059, 7.049366835000058 ], [ 80.027073492000056, 7.049653198000044 ], [ 80.026163301000054, 7.049420591000057 ], [ 80.025796870000079, 7.049658498000042 ], [ 80.026037697000049, 7.050193567000065 ], [ 80.025024295000037, 7.051030369000046 ], [ 80.024524195000083, 7.051323080000031 ], [ 80.023431241000083, 7.051434689000075 ], [ 80.02251947700006, 7.052007103000051 ], [ 80.023314110000058, 7.05419706400005 ], [ 80.023803644000054, 7.057176280000022 ], [ 80.024072945000057, 7.056860068000049 ], [ 80.025318394000067, 7.056700375000048 ], [ 80.025311603000034, 7.058332999000072 ], [ 80.027041052000072, 7.058876157000043 ], [ 80.027151937000042, 7.058658231000038 ], [ 80.027511387000061, 7.058722641000031 ], [ 80.028490797000075, 7.057495372000062 ], [ 80.02888609300004, 7.057678668000051 ], [ 80.028758052000057, 7.058647721000057 ], [ 80.029069518000085, 7.059797563000075 ], [ 80.028814577000048, 7.060785839000062 ], [ 80.028996764000055, 7.061256611000033 ], [ 80.02874896700007, 7.061783996000031 ], [ 80.029020179000042, 7.062020988000029 ], [ 80.027904020000051, 7.063319187000047 ], [ 80.027203386000053, 7.064980689000038 ], [ 80.02600263000005, 7.066542821000041 ], [ 80.024734841000054, 7.066559571000028 ], [ 80.023804876000042, 7.066960472000062 ], [ 80.02360137900007, 7.067531442000075 ], [ 80.023821615000031, 7.067525408000051 ], [ 80.024180165000075, 7.067945598000051 ], [ 80.024126742000078, 7.068475593000073 ], [ 80.023620952000044, 7.069021297000063 ], [ 80.025827981000077, 7.069585991000054 ], [ 80.025927033000073, 7.071423867000021 ], [ 80.02529467100004, 7.071793997000043 ], [ 80.025528314000042, 7.072213946000034 ], [ 80.027789784000049, 7.072324018000074 ], [ 80.027632303000075, 7.073263671000063 ], [ 80.028635738000048, 7.073122558000023 ], [ 80.028886499000066, 7.073238790000062 ], [ 80.029845886000032, 7.072919974000058 ], [ 80.032125054000062, 7.072975424000049 ], [ 80.032384646000082, 7.072260491000065 ], [ 80.033238457000039, 7.071734900000024 ], [ 80.03397741200007, 7.071860954000044 ], [ 80.034340221000036, 7.072133076000057 ], [ 80.034759221000058, 7.072077422000064 ], [ 80.035060902000055, 7.072904177000055 ], [ 80.035508048000054, 7.072482348000051 ], [ 80.035771227000055, 7.072468804000039 ], [ 80.035933097000054, 7.072791854000059 ], [ 80.035733524000079, 7.073193106000076 ], [ 80.037622012000043, 7.073913234000031 ], [ 80.038562570000067, 7.073125069000071 ], [ 80.04001424300003, 7.072710849000032 ], [ 80.040622660000054, 7.074506281000026 ], [ 80.04106209400004, 7.074923468000065 ], [ 80.041300958000079, 7.075674185000025 ], [ 80.042694868000069, 7.077028588000076 ], [ 80.043092030000082, 7.077678551000076 ], [ 80.045297496000046, 7.075897226000052 ], [ 80.046204462000048, 7.073661551000043 ], [ 80.047028709000074, 7.07082863200003 ], [ 80.048978246000047, 7.070866104000061 ], [ 80.048695920000057, 7.072991153000032 ], [ 80.050013829000079, 7.073712517000047 ], [ 80.050488074000043, 7.077492954000036 ], [ 80.051112708000062, 7.078153551000071 ], [ 80.051659864000044, 7.078040711000028 ], [ 80.052479829000049, 7.078945689000022 ], [ 80.052864080000063, 7.078938745000073 ], [ 80.05353907500006, 7.078457405000051 ], [ 80.054406586000084, 7.07868305900007 ], [ 80.055832566000049, 7.078551786000048 ], [ 80.056217484000058, 7.079095095000071 ], [ 80.058441282000047, 7.080312668000033 ], [ 80.060227260000033, 7.080052875000035 ], [ 80.059757605000073, 7.081632327000023 ], [ 80.060468498000034, 7.081701759000055 ], [ 80.060356339000066, 7.082405761000075 ], [ 80.06086822900005, 7.082466038000064 ], [ 80.062014408000039, 7.083073915000057 ], [ 80.064750674000038, 7.085008777000041 ], [ 80.067848250000054, 7.08627784600003 ], [ 80.072753972000044, 7.086681055000042 ], [ 80.073738897000055, 7.087686672000075 ], [ 80.074210177000055, 7.08782476600004 ], [ 80.074979659000064, 7.087632683000038 ], [ 80.074311625000064, 7.085940614000037 ], [ 80.076333010000042, 7.085472006000032 ], [ 80.078341441000077, 7.084647095000037 ], [ 80.078805891000059, 7.084394130000021 ], [ 80.078695363000065, 7.084244187000024 ], [ 80.07921314400005, 7.083780423000064 ], [ 80.079737646000069, 7.083479583000042 ], [ 80.079949567000085, 7.08372984600004 ], [ 80.081082050000077, 7.082935569000028 ], [ 80.081418375000055, 7.083202069000038 ], [ 80.081659671000068, 7.082979043000023 ], [ 80.081774775000042, 7.082095699000035 ], [ 80.08233724300004, 7.08128834300004 ], [ 80.084357232000059, 7.080509688000063 ], [ 80.084942044000059, 7.079493571000057 ], [ 80.08532746000003, 7.079257227000028 ], [ 80.085330599000031, 7.07891427900006 ], [ 80.085884523000061, 7.078506883000045 ], [ 80.086119215000053, 7.078758553000057 ], [ 80.085999464000054, 7.078448244000072 ], [ 80.086172525000052, 7.078229473000022 ], [ 80.086933603000034, 7.079459659000065 ], [ 80.08758829900006, 7.080027142000063 ], [ 80.08859465300003, 7.080540527000039 ], [ 80.089625444000035, 7.080794660000038 ], [ 80.089713173000064, 7.079835323000054 ], [ 80.089195830000051, 7.078666881000061 ], [ 80.087861208000049, 7.079018351000059 ], [ 80.087108682000064, 7.078229355000076 ], [ 80.088118569000073, 7.077453572000024 ], [ 80.088421775000029, 7.07698774000005 ], [ 80.088328062000073, 7.076638832000071 ], [ 80.092011028000059, 7.074091648000035 ], [ 80.092042175000074, 7.072918246000029 ], [ 80.092844602000071, 7.070895709000069 ], [ 80.093322508000085, 7.070420411000043 ], [ 80.093295731000069, 7.070100070000024 ] ] ], [ [ [ 80.046111390000078, 7.075492562000022 ], [ 80.045736756000053, 7.07565422600004 ], [ 80.046460496000066, 7.076121298000032 ], [ 80.046580388000052, 7.075851539000041 ], [ 80.046111390000078, 7.075492562000022 ] ] ] ] } },
{ "type": "Feature", "properties": { "ADM3_EN": "Kelaniya", "ADM3_PCODE": "LK1236", "ADM2_EN": "Gampaha" }, "geometry": { "type": "Polygon", "coordinates": [ [ [ 79.938978249000058, 6.991142052000043 ], [ 79.939105718000064, 6.990099742000041 ], [ 79.939349306000054, 6.989912755000034 ], [ 79.939177500000085, 6.988567266000075 ], [ 79.938994629000035, 6.988302460000057 ], [ 79.93784517000006, 6.988467141000058 ], [ 79.937567132000083, 6.988133425000058 ], [ 79.938422076000052, 6.987748981000038 ], [ 79.938304980000055, 6.987181258000021 ], [ 79.937755748000029, 6.98661893700006 ], [ 79.938362607000045, 6.986018933000025 ], [ 79.938498008000067, 6.985484230000054 ], [ 79.937984706000066, 6.986027417000059 ], [ 79.937712008000062, 6.985721454000043 ], [ 79.938403369000071, 6.981589239000073 ], [ 79.938306380000085, 6.980346052000073 ], [ 79.938583295000058, 6.979872839000052 ], [ 79.938375327000074, 6.979841344000022 ], [ 79.938452024000071, 6.978584196000043 ], [ 79.938264397000069, 6.977840679000053 ], [ 79.937985560000072, 6.977851122000061 ], [ 79.937706343000059, 6.976939610000045 ], [ 79.936614423000037, 6.976567486000022 ], [ 79.936528113000065, 6.976350256000046 ], [ 79.936711789000071, 6.976102697000044 ], [ 79.936305060000052, 6.975228629000071 ], [ 79.935892398000078, 6.975486595000064 ], [ 79.933914494000078, 6.974973953000074 ], [ 79.933022563000065, 6.974134593000031 ], [ 79.93105064100007, 6.97307975700005 ], [ 79.930335539000055, 6.972955643000034 ], [ 79.929680457000075, 6.973313522000069 ], [ 79.929065272000059, 6.972911295000074 ], [ 79.929052607000074, 6.972609444000057 ], [ 79.927156636000063, 6.97199557700003 ], [ 79.92717667200003, 6.971461026000043 ], [ 79.927463444000068, 6.97090752500003 ], [ 79.927229837000084, 6.970847295000056 ], [ 79.927050916000042, 6.970354532000044 ], [ 79.926485976000038, 6.970074816000022 ], [ 79.927157407000038, 6.968763753000076 ], [ 79.927530266000076, 6.967534245000024 ], [ 79.928444221000063, 6.966931245000069 ], [ 79.92875906300003, 6.966486620000069 ], [ 79.92901162000004, 6.965017487000068 ], [ 79.928215050000063, 6.963369345000046 ], [ 79.928149436000069, 6.962391037000032 ], [ 79.928723972000057, 6.962023658000021 ], [ 79.928610169000081, 6.961632917000031 ], [ 79.928243374000033, 6.961620814000071 ], [ 79.928164586000037, 6.961336075000077 ], [ 79.927994804000036, 6.961323424000057 ], [ 79.927041618000032, 6.959439734000057 ], [ 79.927016976000061, 6.957804583000041 ], [ 79.927259883000033, 6.956657390000032 ], [ 79.927540520000036, 6.956271827000023 ], [ 79.927469311000038, 6.955591057000049 ], [ 79.927987198000039, 6.955310374000021 ], [ 79.928159109000035, 6.954907794000064 ], [ 79.927572759000043, 6.95481320500005 ], [ 79.927867031000062, 6.952801220000026 ], [ 79.927228847000038, 6.952637946000038 ], [ 79.927125897000053, 6.951293561000057 ], [ 79.927570239000033, 6.951066726000022 ], [ 79.928705240000056, 6.951105271000074 ], [ 79.929010651000056, 6.950927782000065 ], [ 79.929362667000078, 6.949866265000026 ], [ 79.927619359000062, 6.949216988000046 ], [ 79.92581530700005, 6.949442613000031 ], [ 79.925762005000081, 6.950230437000073 ], [ 79.92517041800005, 6.951240560000031 ], [ 79.923938877000069, 6.952176988000076 ], [ 79.922409859000084, 6.952565780000043 ], [ 79.920714038000085, 6.95139961600006 ], [ 79.920214887000043, 6.949389078000024 ], [ 79.918979043000036, 6.947209109000028 ], [ 79.917616095000085, 6.946131385000058 ], [ 79.916711561000056, 6.945758444000035 ], [ 79.915614952000055, 6.945792342000061 ], [ 79.913460455000063, 6.946417025000073 ], [ 79.912141358000042, 6.947180943000035 ], [ 79.911853244000042, 6.947623015000033 ], [ 79.911227877000044, 6.949933775000034 ], [ 79.910446538000031, 6.950382122000065 ], [ 79.909623251000085, 6.950203577000025 ], [ 79.907537856000033, 6.948912638000024 ], [ 79.904275849000044, 6.947465586000021 ], [ 79.902739478000058, 6.947164530000066 ], [ 79.899703195000029, 6.947395773000039 ], [ 79.898387804000038, 6.947919668000054 ], [ 79.897456324000075, 6.948635663000061 ], [ 79.896819518000029, 6.949571709000054 ], [ 79.896304335000082, 6.951111236000031 ], [ 79.896627653000053, 6.951947613000073 ], [ 79.89877890300005, 6.952573631000064 ], [ 79.899668370000029, 6.953214052000021 ], [ 79.90016988800005, 6.953900406000059 ], [ 79.900459484000066, 6.954604310000036 ], [ 79.900355484000045, 6.955235640000069 ], [ 79.899422750000042, 6.956087674000059 ], [ 79.896314547000031, 6.956143031000067 ], [ 79.893798422000032, 6.95518431000005 ], [ 79.89246812500005, 6.954912432000071 ], [ 79.886572514000079, 6.954169314000069 ], [ 79.884525466000071, 6.954158285000062 ], [ 79.883282457000064, 6.954371258000037 ], [ 79.881895132000068, 6.955017294000072 ], [ 79.880595438000057, 6.956199264000077 ], [ 79.879747051000038, 6.957363276000024 ], [ 79.879029712000033, 6.958801964000031 ], [ 79.878481054000076, 6.960568205000072 ], [ 79.878606607000052, 6.963783274000036 ], [ 79.87899961800008, 6.964780460000043 ], [ 79.879580978000035, 6.965571211000054 ], [ 79.882979586000033, 6.969645153000045 ], [ 79.884261150000043, 6.971943640000063 ], [ 79.884976025000071, 6.974658496000075 ], [ 79.887464932000057, 6.973627602000022 ], [ 79.887455887000044, 6.973345281000036 ], [ 79.886580072000072, 6.972277853000037 ], [ 79.88634330900004, 6.97225667400005 ], [ 79.886398476000068, 6.972023387000036 ], [ 79.886174504000053, 6.972052056000052 ], [ 79.888121126000044, 6.970071073000042 ], [ 79.888393765000046, 6.97083566200007 ], [ 79.887916878000055, 6.971342892000052 ], [ 79.88769734300007, 6.971901704000061 ], [ 79.891528661000052, 6.971055309000064 ], [ 79.891825544000085, 6.971218583000052 ], [ 79.892149443000051, 6.971110142000043 ], [ 79.892252773000052, 6.970586705000073 ], [ 79.892604627000082, 6.970762869000055 ], [ 79.893834738000066, 6.970698335000066 ], [ 79.893948780000073, 6.971339947000047 ], [ 79.892367178000029, 6.971897220000074 ], [ 79.893441542000062, 6.972226990000024 ], [ 79.893188725000073, 6.972685486000046 ], [ 79.893142227000055, 6.973542347000034 ], [ 79.892857090000064, 6.973712926000076 ], [ 79.892569642000069, 6.974310287000037 ], [ 79.893491123000047, 6.974921757000061 ], [ 79.893534729000066, 6.975400402000048 ], [ 79.892885333000038, 6.976020727000048 ], [ 79.892521577000082, 6.975984942000025 ], [ 79.892204149000065, 6.977000775000022 ], [ 79.892625903000067, 6.97716119200004 ], [ 79.892942388000051, 6.977783883000029 ], [ 79.892685322000034, 6.978626228000053 ], [ 79.892799379000053, 6.979215285000066 ], [ 79.893267826000056, 6.979385611000055 ], [ 79.893846856000039, 6.980523473000062 ], [ 79.894958517000077, 6.98032573100005 ], [ 79.895099483000081, 6.980617208000069 ], [ 79.895630273000052, 6.980035976000067 ], [ 79.896185915000046, 6.980091273000028 ], [ 79.896409599000037, 6.979694901000073 ], [ 79.896995208000078, 6.979636583000058 ], [ 79.89737245300006, 6.979665289000025 ], [ 79.897797331000049, 6.980243589000054 ], [ 79.898125523000033, 6.980236068000067 ], [ 79.898232146000055, 6.980839152000044 ], [ 79.898469077000073, 6.98065292800004 ], [ 79.898689794000063, 6.98078577900003 ], [ 79.898275878000049, 6.98227093600002 ], [ 79.89739908100006, 6.982176827000046 ], [ 79.897782468000059, 6.98278140900004 ], [ 79.896937225000045, 6.984970653000062 ], [ 79.895161481000059, 6.984751884000048 ], [ 79.895109612000056, 6.985598698000047 ], [ 79.896443283000053, 6.985899851000056 ], [ 79.897414897000033, 6.98698575100002 ], [ 79.896804945000042, 6.988546032000045 ], [ 79.896923661000073, 6.989121479000062 ], [ 79.896778377000032, 6.98921881800004 ], [ 79.896793452000054, 6.99164607900002 ], [ 79.897191838000083, 6.992592517000048 ], [ 79.898273997000047, 6.992628982000042 ], [ 79.900025279000033, 6.993619223000053 ], [ 79.900554356000043, 6.99371814400007 ], [ 79.901917759000071, 6.993410967000045 ], [ 79.902504383000064, 6.993659112000046 ], [ 79.903453311000078, 6.995039618000021 ], [ 79.903432996000049, 6.99670151600003 ], [ 79.904001756000071, 6.997520137000038 ], [ 79.905270536000046, 6.997536472000036 ], [ 79.905263820000073, 6.997280863000071 ], [ 79.906143245000067, 6.997040671000036 ], [ 79.906724596000061, 6.996565977000046 ], [ 79.906909174000077, 6.996115904000021 ], [ 79.907550026000081, 6.99555263600007 ], [ 79.907732434000081, 6.994702155000027 ], [ 79.909126421000053, 6.991926708000051 ], [ 79.909171871000069, 6.991323608000073 ], [ 79.908837002000041, 6.990512416000058 ], [ 79.90907676300003, 6.989755248000051 ], [ 79.910665086000051, 6.99029418300006 ], [ 79.912183050000067, 6.989901667000026 ], [ 79.913401072000056, 6.99014021000005 ], [ 79.914271112000051, 6.989907611000035 ], [ 79.914992252000047, 6.989469919000044 ], [ 79.915758373000074, 6.989750335000053 ], [ 79.916825285000073, 6.988900513000033 ], [ 79.917152281000085, 6.988159460000077 ], [ 79.917283226000052, 6.987221990000023 ], [ 79.917640979000055, 6.986621884000044 ], [ 79.918166620000079, 6.986309443000039 ], [ 79.918940637000048, 6.986490119000052 ], [ 79.920424246000039, 6.986182575000043 ], [ 79.920931524000082, 6.985800630000028 ], [ 79.922273014000041, 6.985865046000072 ], [ 79.923300365000046, 6.986352432000047 ], [ 79.923016725000082, 6.986539331000074 ], [ 79.922791762000031, 6.987732666000056 ], [ 79.922654182000031, 6.987729710000053 ], [ 79.922790740000039, 6.988723629000049 ], [ 79.92474022600004, 6.989217655000061 ], [ 79.924606899000082, 6.989547875000028 ], [ 79.925462245000062, 6.989430671000036 ], [ 79.92673092800004, 6.989868860000058 ], [ 79.928470625000045, 6.992115659000035 ], [ 79.929131970000071, 6.992337095000039 ], [ 79.929115428000046, 6.992840448000038 ], [ 79.929314114000078, 6.99307514700007 ], [ 79.931777808000049, 6.99126706900006 ], [ 79.932772987000078, 6.990917999000033 ], [ 79.935121001000084, 6.991132064000055 ], [ 79.936051214000031, 6.991409645000033 ], [ 79.936690766000083, 6.991141869000046 ], [ 79.936686767000083, 6.991402171000061 ], [ 79.936933678000059, 6.991485778000026 ], [ 79.937593846000084, 6.991234603000066 ], [ 79.938329162000059, 6.991597314000046 ], [ 79.938649788000077, 6.991012798000042 ], [ 79.938978249000058, 6.991142052000043 ] ] ] } },
{ "type": "Feature", "properties": { "ADM3_EN": "Biyagama", "ADM3_PCODE": "LK1239", "ADM2_EN": "Gampaha" }, "geometry": { "type": "Polygon", "coordinates": [ [ [ 80.030435384000043, 6.98839579600002 ], [ 80.029898437000043, 6.986999568000044 ], [ 80.02885612700004, 6.985589014000027 ], [ 80.028736464000076, 6.984976470000049 ], [ 80.028802874000064, 6.983448315000032 ], [ 80.029675570000052, 6.979959589000032 ], [ 80.029282771000055, 6.976900814000032 ], [ 80.028666764000036, 6.97632229900006 ], [ 80.027397634000067, 6.975744917000043 ], [ 80.025332485000035, 6.972955934000026 ], [ 80.024826510000082, 6.97267454100006 ], [ 80.024734653000053, 6.972051372000067 ], [ 80.023926447000065, 6.971948540000028 ], [ 80.023685919000059, 6.97174687100005 ], [ 80.022123007000062, 6.969672669000033 ], [ 80.021634511000059, 6.967916572000036 ], [ 80.022530722000056, 6.966332161000025 ], [ 80.024363485000038, 6.966050927000026 ], [ 80.026293939000084, 6.966438331000063 ], [ 80.026763537000079, 6.966140519000021 ], [ 80.027295177000042, 6.965386641000066 ], [ 80.028592041000081, 6.964857975000029 ], [ 80.028122986000085, 6.964545394000027 ], [ 80.026530831000059, 6.964825253000072 ], [ 80.02617417700003, 6.964490478000073 ], [ 80.025557054000046, 6.964625497000043 ], [ 80.02456773800003, 6.96446622600007 ], [ 80.022898747000056, 6.964794882000035 ], [ 80.023397321000061, 6.963370877000045 ], [ 80.024292647000038, 6.962129677000064 ], [ 80.024669614000061, 6.96127457700004 ], [ 80.025936963000049, 6.960520925000026 ], [ 80.026610986000037, 6.960452580000037 ], [ 80.027864664000049, 6.959791541000072 ], [ 80.028393095000069, 6.959199374000036 ], [ 80.028836022000064, 6.958311565000031 ], [ 80.028772407000076, 6.957280897000032 ], [ 80.027155991000029, 6.954088891000026 ], [ 80.025969555000074, 6.952932564000037 ], [ 80.025545789000034, 6.952866333000031 ], [ 80.025411568000038, 6.95242268100003 ], [ 80.024967999000069, 6.952062901000033 ], [ 80.024698175000083, 6.952273795000053 ], [ 80.024328074000039, 6.951580919000037 ], [ 80.024468604000049, 6.950958028000059 ], [ 80.024175949000039, 6.950788106000061 ], [ 80.024486809000052, 6.949003979000054 ], [ 80.024396137000053, 6.948437745000035 ], [ 80.023826324000083, 6.948532503000024 ], [ 80.023659646000056, 6.948016209000059 ], [ 80.022008505000031, 6.947206728000026 ], [ 80.021592915000042, 6.94724169400007 ], [ 80.021408369000085, 6.946852235000051 ], [ 80.020609182000044, 6.947023154000021 ], [ 80.020234188000074, 6.94732671600002 ], [ 80.019911187000048, 6.947095403000048 ], [ 80.019806997000046, 6.946690341000021 ], [ 80.019543666000061, 6.946667249000029 ], [ 80.019211037000048, 6.94720386900002 ], [ 80.019578820000049, 6.947530222000069 ], [ 80.019553941000083, 6.947774934000051 ], [ 80.018802463000043, 6.94789830600007 ], [ 80.018032627000082, 6.948284970000032 ], [ 80.017875083000035, 6.94768480700003 ], [ 80.016007542000068, 6.947588886000062 ], [ 80.015526566000062, 6.947232262000057 ], [ 80.014980626000067, 6.947483473000034 ], [ 80.014944042000081, 6.946986128000049 ], [ 80.015110655000058, 6.946730599000034 ], [ 80.01604121500003, 6.94634196100003 ], [ 80.016066741000031, 6.945792736000044 ], [ 80.015657758000032, 6.945521729000063 ], [ 80.01417624000004, 6.946241608000037 ], [ 80.013697264000029, 6.946840869000027 ], [ 80.013122438000039, 6.946965549000026 ], [ 80.008403024000074, 6.944942266000055 ], [ 80.005584787000032, 6.944327611000062 ], [ 80.003520832000049, 6.943660340000065 ], [ 80.000890654000045, 6.942257647000076 ], [ 79.998972260000073, 6.942627731000073 ], [ 79.995636835000084, 6.944229990000053 ], [ 79.99386987400004, 6.944234255000026 ], [ 79.991157628000053, 6.942528727000024 ], [ 79.989629277000063, 6.941131367000025 ], [ 79.988949393000041, 6.940099107000037 ], [ 79.987102678000042, 6.936248956000043 ], [ 79.986397621000037, 6.935508512000069 ], [ 79.985823223000068, 6.935383149000074 ], [ 79.985334329000068, 6.935669429000029 ], [ 79.984987584000066, 6.936855513000069 ], [ 79.984383111000056, 6.937533964000067 ], [ 79.98306969500004, 6.938364347000061 ], [ 79.982360610000057, 6.938602407000076 ], [ 79.979936919000068, 6.939048128000024 ], [ 79.977906520000033, 6.939111704000027 ], [ 79.975828771000067, 6.938859387000036 ], [ 79.971463679000067, 6.937715587000071 ], [ 79.969668033000062, 6.937712537000039 ], [ 79.968139827000073, 6.938828409000052 ], [ 79.964599245000045, 6.940664552000044 ], [ 79.962916422000035, 6.941182027000025 ], [ 79.959515773000078, 6.941684578000036 ], [ 79.954808607000075, 6.943147802000055 ], [ 79.953892800000062, 6.943158177000043 ], [ 79.953252795000083, 6.942899878000048 ], [ 79.952500315000066, 6.941923651000025 ], [ 79.951263004000054, 6.940952560000028 ], [ 79.947982727000067, 6.939185664000036 ], [ 79.945317952000039, 6.938408590000051 ], [ 79.943855677000045, 6.938443586000062 ], [ 79.943064270000036, 6.939195815000062 ], [ 79.943041151000045, 6.940508601000033 ], [ 79.943310651000047, 6.942044047000024 ], [ 79.943165923000038, 6.942656256000021 ], [ 79.942011985000079, 6.943613518000063 ], [ 79.939013746000057, 6.945036594000044 ], [ 79.937320603000046, 6.946365584000034 ], [ 79.936477679000063, 6.947286075000022 ], [ 79.93546636700006, 6.949272847000032 ], [ 79.934377280000035, 6.950333373000035 ], [ 79.932088318000069, 6.950805544000048 ], [ 79.93072359100006, 6.950496507000025 ], [ 79.929362667000078, 6.949866265000026 ], [ 79.929010651000056, 6.950927782000065 ], [ 79.928705240000056, 6.951105271000074 ], [ 79.927570239000033, 6.951066726000022 ], [ 79.927125897000053, 6.951293561000057 ], [ 79.927228847000038, 6.952637946000038 ], [ 79.927867031000062, 6.952801220000026 ], [ 79.927572759000043, 6.95481320500005 ], [ 79.928159109000035, 6.954907794000064 ], [ 79.927987198000039, 6.955310374000021 ], [ 79.927469311000038, 6.955591057000049 ], [ 79.927540520000036, 6.956271827000023 ], [ 79.927259883000033, 6.956657390000032 ], [ 79.927016976000061, 6.957804583000041 ], [ 79.927041618000032, 6.959439734000057 ], [ 79.927994804000036, 6.961323424000057 ], [ 79.928164586000037, 6.961336075000077 ], [ 79.928243374000033, 6.961620814000071 ], [ 79.928610169000081, 6.961632917000031 ], [ 79.928723972000057, 6.962023658000021 ], [ 79.928149436000069, 6.962391037000032 ], [ 79.928215050000063, 6.963369345000046 ], [ 79.92901162000004, 6.965017487000068 ], [ 79.92875906300003, 6.966486620000069 ], [ 79.928444221000063, 6.966931245000069 ], [ 79.927530266000076, 6.967534245000024 ], [ 79.927157407000038, 6.968763753000076 ], [ 79.926485976000038, 6.970074816000022 ], [ 79.927050916000042, 6.970354532000044 ], [ 79.927229837000084, 6.970847295000056 ], [ 79.927463444000068, 6.97090752500003 ], [ 79.92717667200003, 6.971461026000043 ], [ 79.927156636000063, 6.97199557700003 ], [ 79.929052607000074, 6.972609444000057 ], [ 79.929065272000059, 6.972911295000074 ], [ 79.929680457000075, 6.973313522000069 ], [ 79.930335539000055, 6.972955643000034 ], [ 79.93105064100007, 6.97307975700005 ], [ 79.933022563000065, 6.974134593000031 ], [ 79.933914494000078, 6.974973953000074 ], [ 79.935892398000078, 6.975486595000064 ], [ 79.936305060000052, 6.975228629000071 ], [ 79.936711789000071, 6.976102697000044 ], [ 79.936555755000029, 6.976477247000048 ], [ 79.937706343000059, 6.976939610000045 ], [ 79.937985560000072, 6.977851122000061 ], [ 79.938264397000069, 6.977840679000053 ], [ 79.938452024000071, 6.978584196000043 ], [ 79.938375327000074, 6.979841344000022 ], [ 79.938583295000058, 6.979872839000052 ], [ 79.938306380000085, 6.980346052000073 ], [ 79.938403369000071, 6.981589239000073 ], [ 79.937712008000062, 6.985721454000043 ], [ 79.937984706000066, 6.986027417000059 ], [ 79.938498008000067, 6.985484230000054 ], [ 79.938362607000045, 6.986018933000025 ], [ 79.937755748000029, 6.98661893700006 ], [ 79.938304980000055, 6.987181258000021 ], [ 79.938422076000052, 6.987748981000038 ], [ 79.937567132000083, 6.988133425000058 ], [ 79.93784517000006, 6.988467141000058 ], [ 79.938994629000035, 6.988302460000057 ], [ 79.939177500000085, 6.988567266000075 ], [ 79.939349306000054, 6.989912755000034 ], [ 79.939105718000064, 6.990099742000041 ], [ 79.938978249000058, 6.991142052000043 ], [ 79.940337998000075, 6.991055308000057 ], [ 79.940251523000029, 6.99150123000004 ], [ 79.941180337000048, 6.991690740000024 ], [ 79.941119232000062, 6.991964804000077 ], [ 79.941370241000072, 6.991998244000058 ], [ 79.941920825000068, 6.992695090000041 ], [ 79.942041922000044, 6.992342414000063 ], [ 79.94284427000008, 6.992605345000072 ], [ 79.944637040000032, 6.994197581000037 ], [ 79.944302397000058, 6.994739288000062 ], [ 79.944455979000054, 6.995381094000038 ], [ 79.94472255200003, 6.995613804000072 ], [ 79.945311773000071, 6.995577303000061 ], [ 79.945731053000031, 6.995054959000072 ], [ 79.946175498000059, 6.995436336000068 ], [ 79.947372813000072, 6.99682025200002 ], [ 79.947798008000063, 6.998893994000071 ], [ 79.948110198000052, 6.998975861000076 ], [ 79.94812801300003, 6.999580700000024 ], [ 79.948374838000063, 7.000106797000058 ], [ 79.947754447000079, 7.000425051000036 ], [ 79.947928045000083, 7.000654050000037 ], [ 79.94832483600004, 7.000450126000032 ], [ 79.948614761000044, 7.000894010000025 ], [ 79.948858803000064, 7.000552666000033 ], [ 79.950961714000073, 7.001796261000038 ], [ 79.951913958000034, 7.002162245000022 ], [ 79.951825255000074, 7.002408349000063 ], [ 79.952570693000041, 7.002759768000033 ], [ 79.952491408000071, 7.003020752000054 ], [ 79.953049065000073, 7.003807624000046 ], [ 79.953923276000069, 7.003916838000066 ], [ 79.954500448000033, 7.003749516000028 ], [ 79.95447389800006, 7.003371129000072 ], [ 79.955509732000053, 7.003179397000054 ], [ 79.955943889000082, 7.003271361000031 ], [ 79.956270790000076, 7.003859753000029 ], [ 79.95614058600006, 7.004512263000038 ], [ 79.956569382000055, 7.004630361000068 ], [ 79.95668956600008, 7.005303379000054 ], [ 79.957769537000047, 7.005996942000024 ], [ 79.957925288000069, 7.005685582000069 ], [ 79.958562379000057, 7.005959009000037 ], [ 79.959441741000035, 7.006516737000027 ], [ 79.959312432000047, 7.006846759000041 ], [ 79.960206786000072, 7.007361282000033 ], [ 79.961283005000041, 7.004017966000049 ], [ 79.961557945000038, 7.003739927000026 ], [ 79.962049919000037, 7.003733278000027 ], [ 79.961533178000082, 7.00220758200004 ], [ 79.961143683000046, 7.001724773000035 ], [ 79.962545177000038, 7.001313606000053 ], [ 79.96385473600003, 7.000264523000055 ], [ 79.964170028000069, 6.999003448000053 ], [ 79.965742354000042, 6.998764837000067 ], [ 79.966447679000055, 6.998944465000022 ], [ 79.966624287000059, 6.998659576000023 ], [ 79.968457700000044, 6.998581457000057 ], [ 79.968404014000043, 6.998290346000033 ], [ 79.968709968000041, 6.997782173000076 ], [ 79.969955997000056, 6.99701066800003 ], [ 79.970757050000032, 6.99576191500006 ], [ 79.971969585000068, 6.99466280200005 ], [ 79.972398588000033, 6.994539178000025 ], [ 79.972652419000042, 6.995457070000043 ], [ 79.973387754000044, 6.995674656000062 ], [ 79.97428173000003, 6.99382870900007 ], [ 79.974692857000036, 6.993784293000033 ], [ 79.974872987000083, 6.993447232000051 ], [ 79.976026223000076, 6.993610068000066 ], [ 79.976339362000033, 6.992714713000055 ], [ 79.977321511000071, 6.992507985000032 ], [ 79.97811679800003, 6.991974127000049 ], [ 79.979261260000044, 6.992203054000072 ], [ 79.980942456000037, 6.99208408100003 ], [ 79.980322084000079, 6.991378368000028 ], [ 79.980800257000055, 6.991111599000021 ], [ 79.981175336000035, 6.99189582200006 ], [ 79.983300110000073, 6.992263829000024 ], [ 79.983321840000031, 6.99336803500006 ], [ 79.983939178000071, 6.993300787000067 ], [ 79.984639798000046, 6.99378514600005 ], [ 79.984794814000054, 6.992337359000032 ], [ 79.985289386000034, 6.99384998000005 ], [ 79.985886238000035, 6.994064022000032 ], [ 79.986951637000061, 6.993831882000052 ], [ 79.987160205000066, 6.994337429000041 ], [ 79.987844085000063, 6.994454131000055 ], [ 79.988499502000082, 6.993971196000075 ], [ 79.989593311000078, 6.993581311000071 ], [ 79.99133605600008, 6.992076950000069 ], [ 79.991778747000069, 6.991098604000058 ], [ 79.991992078000067, 6.990975056000025 ], [ 79.992761879000057, 6.988734794000038 ], [ 79.993346727000073, 6.990518309000038 ], [ 79.993607500000053, 6.992299154000023 ], [ 79.995462131000068, 6.992140648000031 ], [ 79.996904563000044, 6.993788817000052 ], [ 79.997853686000042, 6.994030635000058 ], [ 79.999162446000071, 6.993328253000072 ], [ 79.999125968000044, 6.993671489000064 ], [ 79.999773725000068, 6.994004586000074 ], [ 80.000401095000029, 6.993400168000051 ], [ 80.002631473000065, 6.993348462000029 ], [ 80.002276777000077, 6.992044511000074 ], [ 80.003191753000067, 6.992019901000049 ], [ 80.00320066900008, 6.992168801000048 ], [ 80.004696275000072, 6.991170449000037 ], [ 80.00532443600008, 6.991378662000045 ], [ 80.005185444000062, 6.991999551000049 ], [ 80.004472479000071, 6.993143879000058 ], [ 80.00360342700003, 6.993909898000027 ], [ 80.003281064000078, 6.994849241000054 ], [ 80.003923200000031, 6.99591575200003 ], [ 80.004991750000045, 6.99589088700003 ], [ 80.006768925000074, 6.99542333200003 ], [ 80.007540077000044, 6.994569639000076 ], [ 80.007590665000066, 6.993777947000069 ], [ 80.008433663000062, 6.991982136000047 ], [ 80.007390047000058, 6.990643642000066 ], [ 80.008433387000082, 6.989488829000038 ], [ 80.00954910300004, 6.989185159000044 ], [ 80.009730779000051, 6.988843741000039 ], [ 80.008764315000064, 6.98710647200005 ], [ 80.008939425000051, 6.986912465000046 ], [ 80.009651814000051, 6.987206165000032 ], [ 80.009986952000077, 6.988133594000033 ], [ 80.010821277000048, 6.988272425000048 ], [ 80.011041514000055, 6.989022385000055 ], [ 80.011336073000052, 6.989404662000027 ], [ 80.011859675000039, 6.989644902000066 ], [ 80.011971807000066, 6.990146954000068 ], [ 80.013519072000065, 6.990563742000063 ], [ 80.013672428000064, 6.990464646000021 ], [ 80.013941172000045, 6.990678778000074 ], [ 80.014013012000078, 6.990888961000053 ], [ 80.013779511000052, 6.990998275000038 ], [ 80.013647086000049, 6.991488771000036 ], [ 80.013682285000073, 6.99208972200006 ], [ 80.01437155900004, 6.992477294000025 ], [ 80.016911668000034, 6.99279824100006 ], [ 80.016938379000067, 6.992565897000077 ], [ 80.01814720200008, 6.991721111000061 ], [ 80.018793448000054, 6.991845399000056 ], [ 80.019507687000043, 6.991391172000021 ], [ 80.020119357000056, 6.991611875000046 ], [ 80.019574796000029, 6.992386909000061 ], [ 80.019990732000053, 6.992849265000075 ], [ 80.019751779000046, 6.994476292000058 ], [ 80.019946063000077, 6.99532076600002 ], [ 80.019934884000065, 6.996721396000055 ], [ 80.020893532000059, 6.998919313000044 ], [ 80.021384168000054, 6.999196159000064 ], [ 80.022234539000067, 6.998906267000052 ], [ 80.022113280000042, 6.998277533000021 ], [ 80.022594834000074, 6.998055861000068 ], [ 80.023144950000074, 6.998084323000057 ], [ 80.025514249000082, 6.997318599000039 ], [ 80.027221588000032, 6.997021744000051 ], [ 80.028343775000053, 6.997101113000042 ], [ 80.028572066000038, 6.99678824700004 ], [ 80.029822744000057, 6.996996219000039 ], [ 80.029836364000062, 6.995486335000066 ], [ 80.029520564000052, 6.994031089000032 ], [ 80.028594527000052, 6.992740258000026 ], [ 80.028076671000065, 6.991608860000042 ], [ 80.028328683000041, 6.991003870000043 ], [ 80.02950454300003, 6.989759960000072 ], [ 80.030435384000043, 6.98839579600002 ] ] ] } },
{ "type": "Feature", "properties": { "ADM3_EN": "Panadura", "ADM3_PCODE": "LK1303", "ADM2_EN": "Kalutara" }, "geometry": { "type": "Polygon", "coordinates": [ [ [ 79.905422155000053, 6.768162160000031 ], [ 79.910201318000077, 6.766011755000022 ], [ 79.911518253000054, 6.765655211000023 ], [ 79.912572449000038, 6.765011121000043 ], [ 79.913219749000064, 6.764390254000034 ], [ 79.914276033000078, 6.762549894000074 ], [ 79.918646404000071, 6.758344434000037 ], [ 79.919379114000037, 6.756239576000041 ], [ 79.92028308700003, 6.754661794000071 ], [ 79.920168213000068, 6.754121295000061 ], [ 79.919667149000077, 6.753657308000072 ], [ 79.917815295000082, 6.752959399000076 ], [ 79.917507126000032, 6.752572931000032 ], [ 79.917411938000043, 6.751885720000075 ], [ 79.91856113800003, 6.750365387000045 ], [ 79.92023452400008, 6.749178530000052 ], [ 79.92120495000006, 6.748761874000024 ], [ 79.923909559000037, 6.748619276000056 ], [ 79.925689843000043, 6.747809463000067 ], [ 79.927424569000038, 6.747472919000074 ], [ 79.933066040000085, 6.748032163000062 ], [ 79.934914246000062, 6.747940307000022 ], [ 79.937165059000051, 6.747259945000053 ], [ 79.937966748000065, 6.747285247000036 ], [ 79.938680355000031, 6.747963017000075 ], [ 79.938764715000048, 6.747594530000072 ], [ 79.940569005000043, 6.747592570000052 ], [ 79.941498117000037, 6.74739472300007 ], [ 79.942900738000048, 6.746497992000059 ], [ 79.943773314000055, 6.745375558000035 ], [ 79.947191107000037, 6.742724470000041 ], [ 79.948371353000084, 6.742241696000065 ], [ 79.949066712000047, 6.742374297000026 ], [ 79.949681259000045, 6.741598587000055 ], [ 79.949865831000068, 6.741721960000064 ], [ 79.949513901000046, 6.738878174000035 ], [ 79.949882218000084, 6.735200116000044 ], [ 79.949727442000039, 6.732850545000076 ], [ 79.948646691000079, 6.730290514000046 ], [ 79.948464611000077, 6.729174819000036 ], [ 79.947920937000049, 6.727844282000035 ], [ 79.947343501000034, 6.724088863000077 ], [ 79.947437426000079, 6.722257872000057 ], [ 79.947627441000066, 6.72221651600006 ], [ 79.947423254000057, 6.721033188000035 ], [ 79.948376744000029, 6.718903064000074 ], [ 79.948103310000079, 6.717091869000058 ], [ 79.947308943000053, 6.715791681000042 ], [ 79.946004173000063, 6.715257829000052 ], [ 79.944639581000047, 6.714195360000076 ], [ 79.943989824000084, 6.714722960000074 ], [ 79.943005308000068, 6.714390924000043 ], [ 79.942058160000045, 6.714508 ], [ 79.940934230000039, 6.714330081000071 ], [ 79.939302546000079, 6.71474827000003 ], [ 79.938405092000039, 6.714580540000043 ], [ 79.937712915000077, 6.715140535000046 ], [ 79.937355941000078, 6.715002238000068 ], [ 79.936592584000039, 6.715961416000027 ], [ 79.936785216000033, 6.716749804000074 ], [ 79.936533849000057, 6.718314530000043 ], [ 79.936022189000084, 6.718301950000068 ], [ 79.935716332000084, 6.718602632000056 ], [ 79.935130601000083, 6.718739265000067 ], [ 79.934440217000031, 6.718717002000062 ], [ 79.932930105000082, 6.719764654000073 ], [ 79.931297656000083, 6.719308821000027 ], [ 79.92853924800005, 6.719642417000045 ], [ 79.926608033000036, 6.719424305000075 ], [ 79.926451394000082, 6.71884244000006 ], [ 79.925933945000054, 6.718218165000053 ], [ 79.92372563400005, 6.716271494000068 ], [ 79.922241717000077, 6.714641114000074 ], [ 79.920887080000057, 6.713618688000054 ], [ 79.918685707000066, 6.712704188000032 ], [ 79.918538105000039, 6.712946809000073 ], [ 79.917371838000065, 6.712839903000031 ], [ 79.91814591900004, 6.711294928000029 ], [ 79.923666506000075, 6.714626663000047 ], [ 79.925618477000057, 6.712149245000035 ], [ 79.925512987000047, 6.711343118000059 ], [ 79.926909676000037, 6.710345571000062 ], [ 79.928067463000048, 6.711241923000046 ], [ 79.928381251000076, 6.711734951000039 ], [ 79.929220752000049, 6.713137192000033 ], [ 79.928882510000051, 6.713521145000072 ], [ 79.929350335000038, 6.713752785000054 ], [ 79.929706632000034, 6.713539711000067 ], [ 79.93034799000003, 6.711927374000027 ], [ 79.930139894000035, 6.711319248000052 ], [ 79.930891167000084, 6.709313369000029 ], [ 79.931255320000048, 6.709207148000075 ], [ 79.931827512000041, 6.708597714000064 ], [ 79.930925697000077, 6.707681425000033 ], [ 79.931931512000062, 6.707110813000043 ], [ 79.933627465000029, 6.70683506000006 ], [ 79.932864903000052, 6.705377920000046 ], [ 79.933082726000066, 6.70520280300002 ], [ 79.932926953000049, 6.704456715000049 ], [ 79.933051840000076, 6.703849999000056 ], [ 79.933622686000035, 6.703194996000036 ], [ 79.933032777000051, 6.702128252000023 ], [ 79.932995417000029, 6.701489633000051 ], [ 79.933003237000037, 6.700905847000058 ], [ 79.933430160000057, 6.699902573000031 ], [ 79.931312060000039, 6.699086434000037 ], [ 79.930405591000067, 6.699236043000042 ], [ 79.930027875000064, 6.699122783000064 ], [ 79.93046234500008, 6.698626588000025 ], [ 79.930544413000064, 6.697871243000066 ], [ 79.931113948000075, 6.696602771000073 ], [ 79.93180717000007, 6.694250153000041 ], [ 79.932145315000071, 6.693736586000057 ], [ 79.934065420000081, 6.692149787000062 ], [ 79.935013725000033, 6.690782202000037 ], [ 79.939700543000072, 6.689224007000064 ], [ 79.944633832000079, 6.688827239000034 ], [ 79.949663827000052, 6.687522924000064 ], [ 79.951367050000044, 6.687691956000037 ], [ 79.954990056000042, 6.688763658000028 ], [ 79.955384993000052, 6.686809622000055 ], [ 79.956614586000057, 6.682667521000042 ], [ 79.955539099000077, 6.681200577000027 ], [ 79.955734456000073, 6.680641662000028 ], [ 79.955719654000063, 6.679832384000065 ], [ 79.955049354000039, 6.679285783000068 ], [ 79.955228842000054, 6.678870244000052 ], [ 79.953939754000032, 6.678363306000051 ], [ 79.952662577000069, 6.676983256000028 ], [ 79.952147130000071, 6.675502746000063 ], [ 79.952445089000037, 6.67546064000004 ], [ 79.952475401000072, 6.675221444000044 ], [ 79.952019293000035, 6.674920180000072 ], [ 79.951417413000058, 6.673062195000057 ], [ 79.950958501000059, 6.672824804000072 ], [ 79.949799099000074, 6.67300201300003 ], [ 79.949524460000077, 6.672853648000057 ], [ 79.94886693400008, 6.673304755000061 ], [ 79.948269277000065, 6.673328746000038 ], [ 79.94610722300007, 6.672951093000052 ], [ 79.942530992000059, 6.670825869000055 ], [ 79.941903593000063, 6.670037667000031 ], [ 79.940292172000056, 6.670028239000032 ], [ 79.940055833000031, 6.669076170000039 ], [ 79.940061968000066, 6.667964812000037 ], [ 79.94081198400005, 6.667709150000064 ], [ 79.941033786000048, 6.665413828000055 ], [ 79.942036988000041, 6.663138579000076 ], [ 79.942221457000073, 6.66253735500004 ], [ 79.942108172000076, 6.662379226000041 ], [ 79.942301073000067, 6.662277871000072 ], [ 79.942655725000066, 6.660909151000055 ], [ 79.943529844000068, 6.659030882000025 ], [ 79.942790522000053, 6.655018189000032 ], [ 79.943886590000034, 6.655153755000072 ], [ 79.944221096000035, 6.654948153000021 ], [ 79.944366635000051, 6.654502880000052 ], [ 79.945661858000051, 6.654689117000032 ], [ 79.948879781000073, 6.656626655000025 ], [ 79.94974944900008, 6.656475871000055 ], [ 79.950038375000076, 6.655981693000058 ], [ 79.95118560700007, 6.65593166900004 ], [ 79.95108549400004, 6.655477190000056 ], [ 79.951788909000072, 6.655218834000038 ], [ 79.95132645700005, 6.654261873000053 ], [ 79.949934167000038, 6.653237599000022 ], [ 79.949288509000041, 6.653003254000055 ], [ 79.948543978000032, 6.651043106000031 ], [ 79.947756222000066, 6.649976008000067 ], [ 79.948222027000043, 6.648333767000054 ], [ 79.945284852000043, 6.64878692800005 ], [ 79.944930455000076, 6.650443719000066 ], [ 79.943853630000035, 6.650290885000061 ], [ 79.94361116400006, 6.650008851000052 ], [ 79.943146953000053, 6.650034524000034 ], [ 79.942606606000084, 6.65062381000007 ], [ 79.942306611000049, 6.650690399000041 ], [ 79.94084816600008, 6.650285924000059 ], [ 79.940565703000061, 6.650253802000066 ], [ 79.940397418000032, 6.650488062000022 ], [ 79.939440821000062, 6.650100064000071 ], [ 79.938119364000045, 6.650167 ], [ 79.936252539000066, 6.649621274000026 ], [ 79.935446156000069, 6.649565943000027 ], [ 79.935263367000061, 6.649985742000069 ], [ 79.934529139000063, 6.649726888000032 ], [ 79.934075545000042, 6.650826249000033 ], [ 79.93179099300005, 6.649797086000035 ], [ 79.926286971000081, 6.662650523000025 ], [ 79.923153353000032, 6.668840487000068 ], [ 79.918196366000075, 6.679639798000039 ], [ 79.917371476000085, 6.681809327000053 ], [ 79.917271823000078, 6.682579376000035 ], [ 79.916952208000055, 6.682681899000045 ], [ 79.91633164700005, 6.68366390500006 ], [ 79.91529255100005, 6.685871100000043 ], [ 79.907796716000064, 6.69885658100003 ], [ 79.906685645000039, 6.701647175000062 ], [ 79.905371234000029, 6.703590381000026 ], [ 79.904038412000034, 6.706227228000046 ], [ 79.90072133700005, 6.713784296000028 ], [ 79.900585660000047, 6.714305145000026 ], [ 79.901061464000065, 6.715338279000036 ], [ 79.902013270000054, 6.715645699000049 ], [ 79.90288474700003, 6.71642969100003 ], [ 79.903595614000039, 6.71756971800005 ], [ 79.90392694600007, 6.718639839000048 ], [ 79.903841822000061, 6.720766595000043 ], [ 79.902374853000083, 6.728730488000053 ], [ 79.901443820000054, 6.732371748000048 ], [ 79.899166342000058, 6.739134122000053 ], [ 79.896449200000063, 6.744379664000064 ], [ 79.895371578000038, 6.747873827000035 ], [ 79.894879601000071, 6.751009063000026 ], [ 79.893602481000073, 6.752903733000039 ], [ 79.892995864000056, 6.754537838000033 ], [ 79.892732387000081, 6.75834793100006 ], [ 79.893117909000068, 6.762441514000045 ], [ 79.892939956000077, 6.763930391000031 ], [ 79.892001595000067, 6.765972709000039 ], [ 79.887826902000029, 6.769955755000069 ], [ 79.886775453000041, 6.771371909000038 ], [ 79.886314321000043, 6.772531496000056 ], [ 79.886457676000077, 6.773272362000057 ], [ 79.887117680000074, 6.774441540000055 ], [ 79.888916435000056, 6.776172703000043 ], [ 79.89020744100003, 6.776940618000026 ], [ 79.893413599000041, 6.777448831000072 ], [ 79.894706694000035, 6.777068388000032 ], [ 79.89614421400006, 6.776233660000059 ], [ 79.897271856000032, 6.774704495000037 ], [ 79.899027207000074, 6.773733872000037 ], [ 79.899443326000039, 6.772946618000049 ], [ 79.900949074000039, 6.771580374000052 ], [ 79.902166209000029, 6.770871657000043 ], [ 79.905422155000053, 6.768162160000031 ] ] ] } },
{ "type": "Feature", "properties": { "ADM3_EN": "Bandaragama", "ADM3_PCODE": "LK1306", "ADM2_EN": "Kalutara" }, "geometry": { "type": "Polygon", "coordinates": [ [ [ 79.972109844000045, 6.759050276000039 ], [ 79.971899969000049, 6.758672576000038 ], [ 79.971595730000047, 6.756121542000074 ], [ 79.973086631000058, 6.755321867000021 ], [ 79.974120829000071, 6.753450615000077 ], [ 79.974084702000084, 6.751646838000056 ], [ 79.97362173700003, 6.749811161000025 ], [ 79.973689680000064, 6.748239542000022 ], [ 79.973251662000052, 6.748180967000053 ], [ 79.973307315000056, 6.747990306000077 ], [ 79.973548552000068, 6.747786508000047 ], [ 79.974755478000077, 6.747685315000069 ], [ 79.975327811000056, 6.747178723000047 ], [ 79.975444567000068, 6.746458732000065 ], [ 79.976102057000048, 6.746264452000048 ], [ 79.97700216000004, 6.74635986100003 ], [ 79.977660798000045, 6.747040030000051 ], [ 79.978143326000065, 6.746874588000026 ], [ 79.978032795000047, 6.746588329000076 ], [ 79.978318745000081, 6.746232338000027 ], [ 79.978208855000048, 6.745796394000024 ], [ 79.978526007000085, 6.745150626000054 ], [ 79.978807157000062, 6.743726711000022 ], [ 79.979424342000073, 6.744044235000047 ], [ 79.980389872000046, 6.743968228000028 ], [ 79.981362785000044, 6.744310016000043 ], [ 79.984252658000059, 6.743548158000067 ], [ 79.984995541000046, 6.743833776000031 ], [ 79.985478377000049, 6.743784282000036 ], [ 79.987063278000051, 6.742703531000075 ], [ 79.988502708000055, 6.740829383000062 ], [ 79.988980969000067, 6.740470447000064 ], [ 79.990692381000031, 6.739727841000047 ], [ 79.993033190000062, 6.739223196000069 ], [ 79.993530677000081, 6.73926394800003 ], [ 79.994367965000038, 6.739599070000054 ], [ 79.994893650000051, 6.740159154000025 ], [ 79.99509469700007, 6.740697996000051 ], [ 79.995072041000071, 6.741992594000067 ], [ 79.996458161000078, 6.742497383000057 ], [ 79.998051307000082, 6.743522274000043 ], [ 79.997941935000085, 6.744799927000031 ], [ 79.999289710000085, 6.745633971000075 ], [ 80.00022701100005, 6.744931643000029 ], [ 80.000521346000085, 6.745457558000055 ], [ 80.002041600000041, 6.745658512000034 ], [ 80.003458314000056, 6.746679470000061 ], [ 80.005132325000034, 6.747560193000027 ], [ 80.006690880000065, 6.74678405800006 ], [ 80.006734959000084, 6.746534890000021 ], [ 80.008374475000039, 6.74520212300007 ], [ 80.010446515000069, 6.744269106000047 ], [ 80.010356147000039, 6.744053566000048 ], [ 80.010835532000044, 6.742696387000024 ], [ 80.010888906000048, 6.741158452000036 ], [ 80.01155602700004, 6.739138052000044 ], [ 80.011449866000078, 6.738415228000065 ], [ 80.010449019000077, 6.737656585000025 ], [ 80.009681791000048, 6.736354445000075 ], [ 80.011025939000035, 6.736054816000035 ], [ 80.011504802000047, 6.735074243000042 ], [ 80.012193754000066, 6.73421410800006 ], [ 80.013690487000076, 6.734180305000052 ], [ 80.015332105000084, 6.735157266000044 ], [ 80.016085214000043, 6.734977879000041 ], [ 80.01740360000008, 6.735247818000062 ], [ 80.018090227000073, 6.735855568000034 ], [ 80.01851974200008, 6.735997876000056 ], [ 80.020276502000058, 6.735635329000047 ], [ 80.021371467000051, 6.735673238000061 ], [ 80.022173750000036, 6.734927362000064 ], [ 80.021249190000049, 6.733873644000028 ], [ 80.022352445000081, 6.73356882500002 ], [ 80.022097083000062, 6.733069943000032 ], [ 80.021524710000051, 6.73274546500005 ], [ 80.021674683000072, 6.732172217000027 ], [ 80.022155885000075, 6.731801646000065 ], [ 80.023229181000033, 6.731577442000059 ], [ 80.023402438000062, 6.731115690000024 ], [ 80.022373099000049, 6.73028713900004 ], [ 80.02255172100007, 6.729888910000057 ], [ 80.023245475000067, 6.729965594000021 ], [ 80.023317034000058, 6.729403461000061 ], [ 80.023605374000056, 6.729274504000045 ], [ 80.02365977200003, 6.728089379000039 ], [ 80.024007877000031, 6.72783454100005 ], [ 80.024031894000075, 6.726332586000069 ], [ 80.023472638000044, 6.725922644000036 ], [ 80.023321512000052, 6.725456259000055 ], [ 80.022815128000047, 6.725197708000053 ], [ 80.022897990000047, 6.724707580000029 ], [ 80.023248413000033, 6.724447976000022 ], [ 80.023672929000043, 6.723060531000044 ], [ 80.023475518000055, 6.723008742000047 ], [ 80.023639325000033, 6.722246958000028 ], [ 80.022588578000068, 6.72191127800005 ], [ 80.02269324100007, 6.72080603400002 ], [ 80.022966068000073, 6.720445182000049 ], [ 80.02265058200004, 6.720326963000048 ], [ 80.022799884000051, 6.719406664000076 ], [ 80.020788103000029, 6.719001081000044 ], [ 80.01782410900006, 6.717816180000057 ], [ 80.01773028000008, 6.716787177000072 ], [ 80.017940016000068, 6.715921049000031 ], [ 80.018170908000059, 6.715819226000065 ], [ 80.017983978000075, 6.714399403000073 ], [ 80.01777587600003, 6.714056871000025 ], [ 80.017864648000057, 6.713614388000053 ], [ 80.017624843000078, 6.713154899000074 ], [ 80.017610700000034, 6.710820514000034 ], [ 80.016310712000063, 6.710534885000072 ], [ 80.015584705000038, 6.711165197000071 ], [ 80.014650539000058, 6.71146073400007 ], [ 80.014180316000079, 6.710541681000052 ], [ 80.013273406000053, 6.710116280000022 ], [ 80.012041527000065, 6.708486270000037 ], [ 80.011802241000055, 6.707766928000069 ], [ 80.011832146000074, 6.707172597000067 ], [ 80.012084881000078, 6.707139320000067 ], [ 80.012048569000058, 6.706547845000046 ], [ 80.012319632000072, 6.706459079000069 ], [ 80.012363836000077, 6.705777014000034 ], [ 80.012193523000064, 6.705525078000051 ], [ 80.011837615000047, 6.705499214000042 ], [ 80.011614196000039, 6.70356533000006 ], [ 80.01139244400008, 6.703503709000074 ], [ 80.011050329000057, 6.702544100000068 ], [ 80.011011056000029, 6.701319045000048 ], [ 80.011231255000041, 6.700925755000071 ], [ 80.011570504000076, 6.698698834000027 ], [ 80.011700239000049, 6.698908614000061 ], [ 80.012233146000085, 6.698461568000027 ], [ 80.012277664000067, 6.698149655000066 ], [ 80.011847977000059, 6.697469517000059 ], [ 80.012165875000051, 6.697403021000071 ], [ 80.01237418900007, 6.697633025000073 ], [ 80.012814717000083, 6.697497816000066 ], [ 80.012907485000085, 6.696935244000031 ], [ 80.013365932000056, 6.69635601400006 ], [ 80.013277040000048, 6.695690336000041 ], [ 80.012954063000052, 6.695413039000073 ], [ 80.013030649000029, 6.694643657000029 ], [ 80.013404838000042, 6.693730377000065 ], [ 80.013258384000039, 6.69333864500004 ], [ 80.012533890000043, 6.693173729000023 ], [ 80.012551406000057, 6.692979110000067 ], [ 80.01161916600006, 6.692854965000038 ], [ 80.011636641000052, 6.691379457000039 ], [ 80.011474375000034, 6.690988254000047 ], [ 80.010459472000036, 6.690733820000048 ], [ 80.008421511000051, 6.692012360000035 ], [ 80.007663516000036, 6.69125785500006 ], [ 80.007542478000062, 6.690551145000029 ], [ 80.009477129000061, 6.68715078200006 ], [ 80.009087073000046, 6.686872581000046 ], [ 80.008419605000086, 6.687014988000044 ], [ 80.007342893000043, 6.686833451000041 ], [ 80.006572930000061, 6.687193404000027 ], [ 80.005838832000052, 6.688213513000051 ], [ 80.005146265000064, 6.689913954000076 ], [ 80.004177278000043, 6.691393864000077 ], [ 80.003588758000035, 6.690360379000026 ], [ 80.003251534000071, 6.688845196000045 ], [ 80.002184005000061, 6.68844047500005 ], [ 79.996969058000047, 6.687764504000029 ], [ 79.99382066000004, 6.686167399000055 ], [ 79.993615037000041, 6.686366729000042 ], [ 79.993293057000074, 6.686311508000074 ], [ 79.992841146000046, 6.686733864000075 ], [ 79.992595412000071, 6.686337538000032 ], [ 79.991155353000067, 6.685759055000062 ], [ 79.990745730000071, 6.684789040000055 ], [ 79.989976034000051, 6.684266247000039 ], [ 79.989650424000047, 6.684370996000041 ], [ 79.989477550000061, 6.68473437800003 ], [ 79.988734740000041, 6.685355237000067 ], [ 79.987619487000075, 6.685255270000027 ], [ 79.986102463000066, 6.683758499000021 ], [ 79.985581292000063, 6.682610664000038 ], [ 79.98461711300007, 6.682124351000027 ], [ 79.984255201000053, 6.68233351300006 ], [ 79.983571075000043, 6.682174506000024 ], [ 79.982718170000055, 6.682381623000026 ], [ 79.981774682000037, 6.683219519000033 ], [ 79.981580201000043, 6.685104483000032 ], [ 79.981093153000074, 6.686180968000031 ], [ 79.977946042000042, 6.687172219000047 ], [ 79.976734746000034, 6.68810594200005 ], [ 79.976235226000085, 6.689200886000037 ], [ 79.975801554000043, 6.691323906000036 ], [ 79.973819086000049, 6.693555726000056 ], [ 79.972441049000054, 6.694732690000023 ], [ 79.97244454500003, 6.696045470000058 ], [ 79.971987618000071, 6.698642151000058 ], [ 79.970177259000081, 6.697024834000047 ], [ 79.969376325000042, 6.69512867800006 ], [ 79.968939287000069, 6.693137418000049 ], [ 79.969103156000074, 6.691638116000036 ], [ 79.967978137000046, 6.690862282000069 ], [ 79.966817782000078, 6.690601059000073 ], [ 79.964102227000069, 6.690615266000066 ], [ 79.963564213000041, 6.690370345000076 ], [ 79.96313593800005, 6.689814940000076 ], [ 79.960405561000073, 6.688790587000028 ], [ 79.958673812000029, 6.688617019000048 ], [ 79.955001967000044, 6.688767555000027 ], [ 79.951367050000044, 6.687691956000037 ], [ 79.949663827000052, 6.687522924000064 ], [ 79.944633832000079, 6.688827239000034 ], [ 79.939700543000072, 6.689224007000064 ], [ 79.935013725000033, 6.690782202000037 ], [ 79.934065420000081, 6.692149787000062 ], [ 79.932145315000071, 6.693736586000057 ], [ 79.931701675000056, 6.694431180000038 ], [ 79.931113948000075, 6.696602771000073 ], [ 79.930544413000064, 6.697871243000066 ], [ 79.93046234500008, 6.698626588000025 ], [ 79.930027875000064, 6.699122783000064 ], [ 79.930405591000067, 6.699236043000042 ], [ 79.931312060000039, 6.699086434000037 ], [ 79.933430160000057, 6.699902573000031 ], [ 79.933003237000037, 6.700905847000058 ], [ 79.932995417000029, 6.701489633000051 ], [ 79.933032777000051, 6.702128252000023 ], [ 79.933622686000035, 6.703194996000036 ], [ 79.933051840000076, 6.703849999000056 ], [ 79.932926953000049, 6.704456715000049 ], [ 79.933082726000066, 6.70520280300002 ], [ 79.932864903000052, 6.705377920000046 ], [ 79.933627465000029, 6.70683506000006 ], [ 79.931931512000062, 6.707110813000043 ], [ 79.930925697000077, 6.707681425000033 ], [ 79.931827512000041, 6.708597714000064 ], [ 79.931255320000048, 6.709207148000075 ], [ 79.930891167000084, 6.709313369000029 ], [ 79.930139894000035, 6.711319248000052 ], [ 79.93034799000003, 6.711927374000027 ], [ 79.929706632000034, 6.713539711000067 ], [ 79.929350335000038, 6.713752785000054 ], [ 79.928882510000051, 6.713521145000072 ], [ 79.929220752000049, 6.713137192000033 ], [ 79.928381251000076, 6.711734951000039 ], [ 79.928067463000048, 6.711241923000046 ], [ 79.926909676000037, 6.710345571000062 ], [ 79.925512987000047, 6.711343118000059 ], [ 79.925618477000057, 6.712149245000035 ], [ 79.923666506000075, 6.714626663000047 ], [ 79.922077323000053, 6.713804244000073 ], [ 79.918956567000066, 6.711664929000051 ], [ 79.918026422000082, 6.711307698000041 ], [ 79.917371838000065, 6.712839903000031 ], [ 79.918538105000039, 6.712946809000073 ], [ 79.918685707000066, 6.712704188000032 ], [ 79.920950133000076, 6.713663287000031 ], [ 79.922241717000077, 6.714641114000074 ], [ 79.92372563400005, 6.716271494000068 ], [ 79.925933945000054, 6.718218165000053 ], [ 79.926451394000082, 6.71884244000006 ], [ 79.926608033000036, 6.719424305000075 ], [ 79.928957928000045, 6.719642598000064 ], [ 79.929556335000029, 6.719430145000047 ], [ 79.931297656000083, 6.719308821000027 ], [ 79.932930105000082, 6.719764654000073 ], [ 79.934440217000031, 6.718717002000062 ], [ 79.935130601000083, 6.718739265000067 ], [ 79.935716332000084, 6.718602632000056 ], [ 79.936022189000084, 6.718301950000068 ], [ 79.936533849000057, 6.718314530000043 ], [ 79.936785216000033, 6.716749804000074 ], [ 79.936592584000039, 6.715961416000027 ], [ 79.937355941000078, 6.715002238000068 ], [ 79.937712915000077, 6.715140535000046 ], [ 79.938405092000039, 6.714580540000043 ], [ 79.939302546000079, 6.71474827000003 ], [ 79.940934230000039, 6.714330081000071 ], [ 79.942058160000045, 6.714508 ], [ 79.943005308000068, 6.714390924000043 ], [ 79.943989824000084, 6.714722960000074 ], [ 79.944639581000047, 6.714195360000076 ], [ 79.946004173000063, 6.715257829000052 ], [ 79.947119364000059, 6.715632214000038 ], [ 79.947800048000033, 6.716392471000063 ], [ 79.948103310000079, 6.717091869000058 ], [ 79.948376460000077, 6.718910569000059 ], [ 79.947423254000057, 6.721033188000035 ], [ 79.947627441000066, 6.72221651600006 ], [ 79.947437426000079, 6.722257872000057 ], [ 79.947343501000034, 6.724088863000077 ], [ 79.947920937000049, 6.727844282000035 ], [ 79.948464611000077, 6.729174819000036 ], [ 79.948646691000079, 6.730290514000046 ], [ 79.949727442000039, 6.732850545000076 ], [ 79.949882218000084, 6.735200116000044 ], [ 79.949513901000046, 6.738878174000035 ], [ 79.949865831000068, 6.741721960000064 ], [ 79.949681259000045, 6.741598587000055 ], [ 79.949066712000047, 6.742374297000026 ], [ 79.948371353000084, 6.742241696000065 ], [ 79.947191107000037, 6.742724470000041 ], [ 79.943773314000055, 6.745375558000035 ], [ 79.942900738000048, 6.746497992000059 ], [ 79.941498117000037, 6.74739472300007 ], [ 79.940569005000043, 6.747592570000052 ], [ 79.938764715000048, 6.747594530000072 ], [ 79.938680355000031, 6.747963017000075 ], [ 79.938967601000058, 6.748397066000052 ], [ 79.940069039000036, 6.748775769000076 ], [ 79.941698192000047, 6.749151784000048 ], [ 79.945041153000034, 6.749387171000023 ], [ 79.945958612000084, 6.749944982000045 ], [ 79.946574129000055, 6.752138120000041 ], [ 79.947258088000069, 6.752791230000071 ], [ 79.947291328000063, 6.755757936000066 ], [ 79.948247342000059, 6.757223748000058 ], [ 79.948750419000078, 6.759711908000043 ], [ 79.948921601000052, 6.761674636000066 ], [ 79.949350043000038, 6.762690835000058 ], [ 79.950479674000064, 6.763415221000059 ], [ 79.95039388500004, 6.763255092000065 ], [ 79.950938295000071, 6.762535516000071 ], [ 79.950634166000043, 6.76193568900004 ], [ 79.950681305000046, 6.761659440000074 ], [ 79.951058719000059, 6.761383751000039 ], [ 79.951497201000052, 6.761673315000053 ], [ 79.952082286000064, 6.76093258800006 ], [ 79.953562472000044, 6.760269989000051 ], [ 79.953881729000045, 6.758747645000028 ], [ 79.954957517000082, 6.758889182000075 ], [ 79.956537436000076, 6.758687050000049 ], [ 79.958142630000054, 6.758824687000072 ], [ 79.959538313000053, 6.758560776000024 ], [ 79.95994874400003, 6.757863934000056 ], [ 79.96016897700008, 6.757864301000041 ], [ 79.962430349000044, 6.758488509000074 ], [ 79.963171436000039, 6.758309613000051 ], [ 79.965565233000063, 6.760188958000072 ], [ 79.966693675000045, 6.760133137000025 ], [ 79.966842457000041, 6.760473886000057 ], [ 79.967337482000062, 6.76070917100003 ], [ 79.96795871300003, 6.760609720000048 ], [ 79.968653551000045, 6.760141949000058 ], [ 79.968560872000069, 6.759744645000069 ], [ 79.968762196000057, 6.75957272100004 ], [ 79.970623070000045, 6.759798545000024 ], [ 79.972109844000045, 6.759050276000039 ] ] ] } },
{ "type": "Feature", "properties": { "ADM3_EN": "Horana", "ADM3_PCODE": "LK1309", "ADM2_EN": "Kalutara" }, "geometry": { "type": "Polygon", "coordinates": [ [ [ 80.110349885000062, 6.770691211000042 ], [ 80.109929603000069, 6.770318203000045 ], [ 80.109986596000056, 6.769855890000031 ], [ 80.111982486000045, 6.766624493000052 ], [ 80.112143759000048, 6.765957194000066 ], [ 80.111934850000068, 6.765580082000042 ], [ 80.111987878000036, 6.764335403000075 ], [ 80.113038988000085, 6.761380848000044 ], [ 80.113489475000051, 6.760810713000069 ], [ 80.113545038000041, 6.75955470100007 ], [ 80.113307444000043, 6.758046639000042 ], [ 80.112671128000045, 6.756574861000047 ], [ 80.110116549000054, 6.754584395000052 ], [ 80.109966008000072, 6.754095470000038 ], [ 80.110135737000064, 6.753512036000075 ], [ 80.108836645000054, 6.752644984000028 ], [ 80.108431094000082, 6.750836192000065 ], [ 80.107608882000079, 6.749575696000022 ], [ 80.106802328000072, 6.748974916000066 ], [ 80.106606789000068, 6.748557796000057 ], [ 80.106722922000074, 6.748133144000064 ], [ 80.107597578000082, 6.747587913000075 ], [ 80.10774069200005, 6.747281976000068 ], [ 80.107700979000072, 6.74620836400004 ], [ 80.108176337000032, 6.74425610000003 ], [ 80.107971250000048, 6.743280857000059 ], [ 80.108477365000056, 6.74299684600004 ], [ 80.108915127000046, 6.742175596000038 ], [ 80.108835200000044, 6.741150698000069 ], [ 80.108431298000085, 6.740472188000069 ], [ 80.108424436000064, 6.739600546000077 ], [ 80.108192621000057, 6.739019941000038 ], [ 80.108718022000062, 6.738285665000035 ], [ 80.10884233400003, 6.737771060000057 ], [ 80.108432020000066, 6.737012070000048 ], [ 80.108464823000077, 6.736596125000062 ], [ 80.110271676000082, 6.73546316900007 ], [ 80.110917370000038, 6.73472500400004 ], [ 80.111056082000061, 6.734000360000039 ], [ 80.111641046000045, 6.732820046000029 ], [ 80.111189833000083, 6.730726300000072 ], [ 80.111883317000036, 6.729181345000029 ], [ 80.111926170000061, 6.725635065000063 ], [ 80.111099059000082, 6.725015996000025 ], [ 80.110342372000048, 6.724892350000061 ], [ 80.110031931000037, 6.724395472000026 ], [ 80.10907209800007, 6.723862387000054 ], [ 80.108466806000081, 6.723242244000062 ], [ 80.108169688000032, 6.722817492000047 ], [ 80.108145130000082, 6.722107476000076 ], [ 80.108272302000046, 6.721474383000043 ], [ 80.108633049000048, 6.720963576000031 ], [ 80.108502442000031, 6.720917225000051 ], [ 80.107966022000085, 6.721212888000025 ], [ 80.107894803000079, 6.721841552000058 ], [ 80.106796769000084, 6.721998339000038 ], [ 80.105529251000064, 6.723451270000055 ], [ 80.104583238000032, 6.72361075200007 ], [ 80.103784047000033, 6.724204919000044 ], [ 80.103050387000053, 6.724481446000027 ], [ 80.101874971000029, 6.724387952000029 ], [ 80.101337733000037, 6.723841711000034 ], [ 80.100392946000056, 6.724496920000036 ], [ 80.099794295000038, 6.725441627000066 ], [ 80.099160634000043, 6.725396726000042 ], [ 80.099332306000065, 6.725858247000076 ], [ 80.098858675000031, 6.72631737200004 ], [ 80.09811320700004, 6.726189015000045 ], [ 80.097493224000061, 6.725701616000038 ], [ 80.09764236400008, 6.725300286000049 ], [ 80.097445813000036, 6.724606933000075 ], [ 80.096387459000084, 6.724083187000076 ], [ 80.095458819000044, 6.723042590000034 ], [ 80.094674465000082, 6.722520996000071 ], [ 80.093260992000069, 6.722761783000067 ], [ 80.092850303000034, 6.722945435000042 ], [ 80.092728443000055, 6.723201998000036 ], [ 80.092017985000041, 6.72340489100003 ], [ 80.091960380000046, 6.723160292000046 ], [ 80.09172794300008, 6.723166339000045 ], [ 80.090639371000066, 6.723565619000055 ], [ 80.091332847000047, 6.721088967000071 ], [ 80.090399385000069, 6.720914236000056 ], [ 80.088514867000072, 6.721750321000059 ], [ 80.088334198000041, 6.721098100000063 ], [ 80.088514381000039, 6.720640160000073 ], [ 80.088274716000058, 6.720585670000048 ], [ 80.08861876900005, 6.720181300000036 ], [ 80.088164103000054, 6.71899445300005 ], [ 80.088244989000032, 6.718017914000029 ], [ 80.087362799000061, 6.716910358000064 ], [ 80.086126257000046, 6.716148690000068 ], [ 80.08625199100004, 6.715884007000056 ], [ 80.08614063400006, 6.713760549000028 ], [ 80.086296569000069, 6.713525915000048 ], [ 80.085904123000034, 6.712889852000046 ], [ 80.086096119000047, 6.712407814000073 ], [ 80.085940776000029, 6.711752030000071 ], [ 80.08546466100006, 6.711677764000058 ], [ 80.085259206000046, 6.711824291000028 ], [ 80.085307436000051, 6.71066995700005 ], [ 80.085029896000037, 6.709949481000024 ], [ 80.084867615000064, 6.709996662000037 ], [ 80.084842083000069, 6.709294215000057 ], [ 80.08446654800008, 6.708546515000023 ], [ 80.084095212000079, 6.70867619400002 ], [ 80.084130329000061, 6.708855020000044 ], [ 80.082854161000057, 6.708811041000047 ], [ 80.082775568000045, 6.708986746000051 ], [ 80.082172531000083, 6.709064118000072 ], [ 80.082253896000054, 6.70815607000003 ], [ 80.080593768000085, 6.70800702300005 ], [ 80.080061207000085, 6.707668144000024 ], [ 80.078638341000044, 6.707790163000027 ], [ 80.078709384000035, 6.70866324800005 ], [ 80.078534286000036, 6.708822568000073 ], [ 80.077733809000051, 6.708846933000075 ], [ 80.076780069000051, 6.708467158000076 ], [ 80.07636597100003, 6.707368136000071 ], [ 80.076348364000069, 6.706540217000054 ], [ 80.075086032000058, 6.706279608000045 ], [ 80.075075561000062, 6.705629521000048 ], [ 80.075444950000076, 6.705366124000022 ], [ 80.075604393000049, 6.70470947900003 ], [ 80.075537050000037, 6.704235008000069 ], [ 80.07539292000007, 6.704252907000068 ], [ 80.074785114000065, 6.703054604000044 ], [ 80.075078485000063, 6.702286732000061 ], [ 80.07491796000005, 6.701933756000074 ], [ 80.074295937000045, 6.702031445000046 ], [ 80.07352766200006, 6.702622486000053 ], [ 80.073258432000046, 6.702361910000036 ], [ 80.073231252000085, 6.701972150000074 ], [ 80.072522224000068, 6.701200899000071 ], [ 80.072307365000086, 6.701153384000065 ], [ 80.071986973000037, 6.701655859000027 ], [ 80.071467128000052, 6.701347113000054 ], [ 80.070661450000046, 6.700807330000032 ], [ 80.070756255000049, 6.700538368000025 ], [ 80.070018822000065, 6.700281600000039 ], [ 80.070031734000054, 6.699580357000059 ], [ 80.069315525000036, 6.699664754000025 ], [ 80.069298666000066, 6.699191939000059 ], [ 80.068088339000042, 6.699294749000046 ], [ 80.066904865000083, 6.699866327000052 ], [ 80.066380622000054, 6.699294460000033 ], [ 80.064371530000074, 6.699046337000027 ], [ 80.064282319000085, 6.698647987000072 ], [ 80.064833124000074, 6.696840110000039 ], [ 80.06454986600005, 6.695451897000055 ], [ 80.063935790000073, 6.693991942000025 ], [ 80.062556264000079, 6.693368089000046 ], [ 80.062495252000076, 6.692978847000063 ], [ 80.061935645000062, 6.692612907000068 ], [ 80.061790244000065, 6.692850207000049 ], [ 80.061253776000058, 6.692667048000033 ], [ 80.06100577400008, 6.692914915000074 ], [ 80.060504868000066, 6.692584467000074 ], [ 80.060271709000062, 6.692857918000072 ], [ 80.060203197000078, 6.692605315000037 ], [ 80.059241756000063, 6.692127165000045 ], [ 80.058376529000043, 6.692207702000076 ], [ 80.057130021000035, 6.692940448000058 ], [ 80.056396775000053, 6.693411881000031 ], [ 80.055674038000063, 6.694231248000051 ], [ 80.055367880000063, 6.695759409000061 ], [ 80.05358489200006, 6.701347093000038 ], [ 80.053635043000043, 6.701756336000074 ], [ 80.054595346000042, 6.702487224000038 ], [ 80.054010563000077, 6.703304382000056 ], [ 80.053277411000067, 6.703358197000057 ], [ 80.052784909000081, 6.704975103000038 ], [ 80.052978997000082, 6.705539102000046 ], [ 80.053331049000064, 6.705721113000038 ], [ 80.054028852000044, 6.706710413000053 ], [ 80.053034922000052, 6.70934033900005 ], [ 80.051274679000073, 6.711819869000067 ], [ 80.050629865000076, 6.711978406000071 ], [ 80.049850743000036, 6.712974441000028 ], [ 80.048260611000046, 6.712630362000027 ], [ 80.047437889000037, 6.71312077400006 ], [ 80.047085244000073, 6.713558041000056 ], [ 80.046833677000052, 6.713360221000073 ], [ 80.04687960900003, 6.713184376000072 ], [ 80.046425638000073, 6.713145229000077 ], [ 80.046736507000048, 6.714263369000037 ], [ 80.046422300000074, 6.716069225000069 ], [ 80.047523362000049, 6.717681440000035 ], [ 80.047669806000044, 6.71832230900003 ], [ 80.046127763000072, 6.717996921000065 ], [ 80.045308141000078, 6.717251929000042 ], [ 80.045116073000031, 6.717609810000056 ], [ 80.044606600000066, 6.717457830000058 ], [ 80.044367958000066, 6.717728506000071 ], [ 80.042584991000069, 6.718197991000068 ], [ 80.042192600000078, 6.718653112000027 ], [ 80.042684413000075, 6.718867715000044 ], [ 80.043057489000034, 6.719326316000036 ], [ 80.04179494400006, 6.719218780000062 ], [ 80.041601051000043, 6.718353101000048 ], [ 80.040983213000061, 6.717667435000067 ], [ 80.040758771000071, 6.717006765000065 ], [ 80.04016305500005, 6.71691206600002 ], [ 80.039245233000031, 6.716350332000047 ], [ 80.038956318000032, 6.716399620000061 ], [ 80.038925056000039, 6.716114009000023 ], [ 80.03818771300007, 6.715645464000033 ], [ 80.036977755000066, 6.715371828000059 ], [ 80.035964389000071, 6.714676041000075 ], [ 80.034581871000057, 6.713042556000062 ], [ 80.033603865000032, 6.712779026000021 ], [ 80.033212174000084, 6.712919687000067 ], [ 80.033067631000051, 6.713236276000032 ], [ 80.032733661000066, 6.713026863000039 ], [ 80.031533383000067, 6.713296718000038 ], [ 80.03091941200006, 6.71311954600003 ], [ 80.029938902000083, 6.712168345000066 ], [ 80.029231267000057, 6.711807287000056 ], [ 80.029025065000042, 6.713105384000073 ], [ 80.028231474000052, 6.714657509000062 ], [ 80.028437852000081, 6.716762947000063 ], [ 80.027918316000068, 6.719126040000049 ], [ 80.027234760000056, 6.719140819000074 ], [ 80.027154080000059, 6.71969711600002 ], [ 80.026451572000042, 6.720260970000027 ], [ 80.025572150000073, 6.722032700000057 ], [ 80.025316263000036, 6.722141339000075 ], [ 80.025036663000037, 6.722005213000045 ], [ 80.02500462200004, 6.721770004000064 ], [ 80.024606981000034, 6.721766484000057 ], [ 80.024673821000079, 6.721586169000034 ], [ 80.023807813000076, 6.720781306000049 ], [ 80.023581794000052, 6.721371429000044 ], [ 80.023795164000035, 6.721529615000065 ], [ 80.023505829000044, 6.72219866000006 ], [ 80.023639325000033, 6.722246958000028 ], [ 80.023475518000055, 6.723008742000047 ], [ 80.023672929000043, 6.723060531000044 ], [ 80.023248413000033, 6.724447976000022 ], [ 80.022897990000047, 6.724707580000029 ], [ 80.022815128000047, 6.725197708000053 ], [ 80.023321512000052, 6.725456259000055 ], [ 80.023472638000044, 6.725922644000036 ], [ 80.024031894000075, 6.726332586000069 ], [ 80.024007877000031, 6.72783454100005 ], [ 80.02365977200003, 6.728089379000039 ], [ 80.023605374000056, 6.729274504000045 ], [ 80.023317034000058, 6.729403461000061 ], [ 80.023245475000067, 6.729965594000021 ], [ 80.02255172100007, 6.729888910000057 ], [ 80.022377684000048, 6.730246093000062 ], [ 80.023338377000073, 6.730968061000056 ], [ 80.023229181000033, 6.731577442000059 ], [ 80.022155885000075, 6.731801646000065 ], [ 80.021586245000037, 6.73233532100005 ], [ 80.021524710000051, 6.73274546500005 ], [ 80.022097083000062, 6.733069943000032 ], [ 80.022352445000081, 6.73356882500002 ], [ 80.021249190000049, 6.733873644000028 ], [ 80.022173750000036, 6.734927362000064 ], [ 80.021371467000051, 6.735673238000061 ], [ 80.020276502000058, 6.735635329000047 ], [ 80.01851974200008, 6.735997876000056 ], [ 80.018090227000073, 6.735855568000034 ], [ 80.01740360000008, 6.735247818000062 ], [ 80.016085214000043, 6.734977879000041 ], [ 80.015332105000084, 6.735157266000044 ], [ 80.013690487000076, 6.734180305000052 ], [ 80.012193754000066, 6.73421410800006 ], [ 80.011504802000047, 6.735074243000042 ], [ 80.011025939000035, 6.736054816000035 ], [ 80.009681791000048, 6.736354445000075 ], [ 80.010449019000077, 6.737656585000025 ], [ 80.011449866000078, 6.738415228000065 ], [ 80.01155602700004, 6.739138052000044 ], [ 80.010888906000048, 6.741158452000036 ], [ 80.010835532000044, 6.742696387000024 ], [ 80.010356147000039, 6.744053566000048 ], [ 80.010446515000069, 6.744269106000047 ], [ 80.008374475000039, 6.74520212300007 ], [ 80.006734959000084, 6.746534890000021 ], [ 80.006690880000065, 6.74678405800006 ], [ 80.005132325000034, 6.747560193000027 ], [ 80.003458314000056, 6.746679470000061 ], [ 80.002041600000041, 6.745658512000034 ], [ 80.000521346000085, 6.745457558000055 ], [ 80.00022701100005, 6.744931643000029 ], [ 79.999289710000085, 6.745633971000075 ], [ 79.997941935000085, 6.744799927000031 ], [ 79.998051307000082, 6.743522274000043 ], [ 79.996458161000078, 6.742497383000057 ], [ 79.995072041000071, 6.741992594000067 ], [ 79.99509469700007, 6.740697996000051 ], [ 79.994893650000051, 6.740159154000025 ], [ 79.994367965000038, 6.739599070000054 ], [ 79.993033190000062, 6.739223196000069 ], [ 79.990692381000031, 6.739727841000047 ], [ 79.988635055000032, 6.740708248000033 ], [ 79.987063278000051, 6.742703531000075 ], [ 79.985478377000049, 6.743784282000036 ], [ 79.984995541000046, 6.743833776000031 ], [ 79.984252658000059, 6.743548158000067 ], [ 79.981362785000044, 6.744310016000043 ], [ 79.980389872000046, 6.743968228000028 ], [ 79.979424342000073, 6.744044235000047 ], [ 79.978807157000062, 6.743726711000022 ], [ 79.978526007000085, 6.745150626000054 ], [ 79.978208855000048, 6.745796394000024 ], [ 79.978318745000081, 6.746232338000027 ], [ 79.978032795000047, 6.746588329000076 ], [ 79.978143326000065, 6.746874588000026 ], [ 79.977660798000045, 6.747040030000051 ], [ 79.97724826700005, 6.746488635000048 ], [ 79.976405921000037, 6.746196564000059 ], [ 79.975444567000068, 6.746458732000065 ], [ 79.975327811000056, 6.747178723000047 ], [ 79.974755478000077, 6.747685315000069 ], [ 79.973370589000069, 6.747849030000054 ], [ 79.973251662000052, 6.748180967000053 ], [ 79.973689680000064, 6.748239542000022 ], [ 79.97362173700003, 6.749811161000025 ], [ 79.974084702000084, 6.751646838000056 ], [ 79.974120829000071, 6.753450615000077 ], [ 79.973086631000058, 6.755321867000021 ], [ 79.971595730000047, 6.756121542000074 ], [ 79.971899969000049, 6.758672576000038 ], [ 79.972109844000045, 6.759050276000039 ], [ 79.972580810000068, 6.759069086000068 ], [ 79.972873357000083, 6.759452365000072 ], [ 79.973498105000033, 6.759758436000027 ], [ 79.973731502000078, 6.759728915000039 ], [ 79.974774573000047, 6.758528415000058 ], [ 79.97567, 6.757964667000067 ], [ 79.978403912000033, 6.758362658000067 ], [ 79.981687332000035, 6.760549936000075 ], [ 79.982790962000081, 6.76183648600005 ], [ 79.984000718000061, 6.762795364000056 ], [ 79.985659610000084, 6.762719223000033 ], [ 79.987165920000052, 6.76197811000003 ], [ 79.987969058000033, 6.762205172000051 ], [ 79.989292388000081, 6.764550736000047 ], [ 79.99000906200007, 6.765377294000075 ], [ 79.990956674000074, 6.76696383500007 ], [ 79.991990380000061, 6.767850711000051 ], [ 79.993743008000081, 6.768170521000059 ], [ 79.996532990000048, 6.770018807000042 ], [ 79.999359508000055, 6.770998244000054 ], [ 79.999984672000039, 6.771065030000045 ], [ 80.000616539000077, 6.771057258000042 ], [ 80.002163740000071, 6.770757462000063 ], [ 80.002942714000085, 6.770948364000049 ], [ 80.004603856000074, 6.772760309000034 ], [ 80.004603350000082, 6.773458317000063 ], [ 80.004359952000073, 6.774133212000038 ], [ 80.002876171000082, 6.775752376000071 ], [ 80.004146879000075, 6.776630634000071 ], [ 80.004425643000047, 6.778188583000031 ], [ 80.004708076000043, 6.778371456000059 ], [ 80.005650518000039, 6.778352010000049 ], [ 80.007415124000033, 6.777747697000052 ], [ 80.008896102000051, 6.777819794000038 ], [ 80.009688174000075, 6.779147429000034 ], [ 80.010210673000074, 6.77890302000003 ], [ 80.010831913000061, 6.779565558000058 ], [ 80.012132866000059, 6.781780649000041 ], [ 80.013398993000067, 6.783313824000061 ], [ 80.01382925200005, 6.78367337100002 ], [ 80.015551789000085, 6.784154556000033 ], [ 80.015718957000047, 6.784394066000061 ], [ 80.015526214000033, 6.785207213000035 ], [ 80.014471111000034, 6.786473588000035 ], [ 80.014422606000039, 6.786880237000048 ], [ 80.014732972000047, 6.787383144000046 ], [ 80.016096875000073, 6.787624520000065 ], [ 80.017664578000051, 6.787638923000031 ], [ 80.021492353000042, 6.788793257000066 ], [ 80.023692728000071, 6.789849356000047 ], [ 80.028032145000054, 6.792954318000056 ], [ 80.028533495000033, 6.793792462000056 ], [ 80.028724176000082, 6.795302580000055 ], [ 80.030010529000037, 6.79602217300004 ], [ 80.030564569000035, 6.796020597000052 ], [ 80.03201094800005, 6.797135321000042 ], [ 80.032869839000057, 6.798954933000061 ], [ 80.035067518000062, 6.801829283000075 ], [ 80.035449320000055, 6.802595465000024 ], [ 80.035743325000055, 6.806005227000071 ], [ 80.03624542700004, 6.806364865000035 ], [ 80.037083468000048, 6.806174741000063 ], [ 80.038640924000049, 6.805100476000064 ], [ 80.041371616000049, 6.804500483000027 ], [ 80.041529814000057, 6.803629422000029 ], [ 80.042765350000082, 6.802165593000041 ], [ 80.043219733000058, 6.80015359600003 ], [ 80.043293768000069, 6.798101501000076 ], [ 80.045754840000029, 6.798050067000077 ], [ 80.047243580000043, 6.797602174000076 ], [ 80.049273278000044, 6.797893034000026 ], [ 80.04996611100006, 6.797735179000028 ], [ 80.050691564000033, 6.79737003300005 ], [ 80.051315899000031, 6.796282280000071 ], [ 80.052872452000031, 6.795894753000027 ], [ 80.052923715000077, 6.795548293000024 ], [ 80.055760294000038, 6.793438691000063 ], [ 80.056503451000083, 6.792650259000027 ], [ 80.058204012000033, 6.791863235000051 ], [ 80.059665427000084, 6.790932304000023 ], [ 80.060551657000076, 6.790502952000054 ], [ 80.06174855200004, 6.790409006000061 ], [ 80.062944639000079, 6.790865334000046 ], [ 80.065215996000063, 6.792567339000072 ], [ 80.065310654000029, 6.793309156000021 ], [ 80.06503181800008, 6.795761081000023 ], [ 80.066012400000034, 6.796288865000065 ], [ 80.066515044000084, 6.796289597000055 ], [ 80.067308457000081, 6.795942149000041 ], [ 80.067214214000046, 6.797449875000041 ], [ 80.067448289000083, 6.798700717000031 ], [ 80.069858429000078, 6.802710890000071 ], [ 80.071082628000056, 6.80623446900006 ], [ 80.073010458000056, 6.80891077800004 ], [ 80.074402039000063, 6.812092563000022 ], [ 80.074701104000042, 6.813442900000041 ], [ 80.075002290000043, 6.813725655000042 ], [ 80.075219142000037, 6.814502582000046 ], [ 80.076132643000051, 6.815760940000075 ], [ 80.07674421400003, 6.816062136000028 ], [ 80.077321706000077, 6.815962486000046 ], [ 80.079293866000057, 6.816767472000038 ], [ 80.080495044000031, 6.816763042000048 ], [ 80.080673675000071, 6.816460312000061 ], [ 80.082551410000065, 6.815183818000037 ], [ 80.084484745000054, 6.81321084800004 ], [ 80.085114652000073, 6.812874609000062 ], [ 80.087746958000082, 6.814714070000036 ], [ 80.089031105000061, 6.815351960000044 ], [ 80.089722277000078, 6.815318584000067 ], [ 80.090041080000049, 6.81451706200005 ], [ 80.089749743000084, 6.814056309000023 ], [ 80.090060768000058, 6.813500880000049 ], [ 80.08997742300005, 6.812678360000064 ], [ 80.090621265000038, 6.811690888000044 ], [ 80.090858006000076, 6.810537626000041 ], [ 80.090564311000037, 6.809985117000053 ], [ 80.090872571000034, 6.808742693000056 ], [ 80.092423076000046, 6.807356047000042 ], [ 80.092677724000055, 6.806363442000077 ], [ 80.093184085000075, 6.805864584000062 ], [ 80.097840198000085, 6.80427674200007 ], [ 80.098278219000065, 6.80286740400004 ], [ 80.098245134000081, 6.801993064000044 ], [ 80.098735309000062, 6.800650104000056 ], [ 80.098527850000039, 6.798656926000035 ], [ 80.09779899800003, 6.796118805000049 ], [ 80.097924692000049, 6.794906989000026 ], [ 80.098339602000067, 6.794260074000022 ], [ 80.098566249000044, 6.793097555000031 ], [ 80.099018756000078, 6.792618340000047 ], [ 80.099243161000061, 6.791912966000041 ], [ 80.099963650000063, 6.791136626000025 ], [ 80.100712911000073, 6.790710642000022 ], [ 80.100727599000038, 6.790476003000038 ], [ 80.101413253000032, 6.789707733000057 ], [ 80.101168496000071, 6.789188882000076 ], [ 80.101886785000033, 6.788179976000038 ], [ 80.101662691000058, 6.787753585000075 ], [ 80.102420381000059, 6.786089700000048 ], [ 80.10240076000008, 6.785765610000055 ], [ 80.102148453000041, 6.785514754000076 ], [ 80.102610741000035, 6.784535552000023 ], [ 80.10274088400007, 6.782747001000075 ], [ 80.103173641000069, 6.782076246000031 ], [ 80.102768397000034, 6.781413157000031 ], [ 80.103599751000047, 6.78121518100005 ], [ 80.103739144000031, 6.780642724000074 ], [ 80.104334919000053, 6.780674158000068 ], [ 80.10436806000007, 6.780006896000032 ], [ 80.104975112000034, 6.779159640000046 ], [ 80.104921810000064, 6.778726221000056 ], [ 80.104656522000084, 6.778653504000033 ], [ 80.104613262000044, 6.77833812700004 ], [ 80.105183864000082, 6.777869748000057 ], [ 80.105268483000032, 6.777152374000025 ], [ 80.105827108000085, 6.776517488000025 ], [ 80.105946472000085, 6.775881301000027 ], [ 80.106783790000065, 6.77502736200006 ], [ 80.106958312000074, 6.774536956000077 ], [ 80.107847023000033, 6.773986879000063 ], [ 80.108048369000073, 6.773338180000053 ], [ 80.108915902000035, 6.77247654100006 ], [ 80.109333496000033, 6.771325005000051 ], [ 80.110349885000062, 6.770691211000042 ] ] ] } },
{ "type": "Feature", "properties": { "ADM3_EN": "Ingiriya", "ADM3_PCODE": "LK1310", "ADM2_EN": "Kalutara" }, "geometry": { "type": "Polygon", "coordinates": [ [ [ 80.177702097000065, 6.815857666000056 ], [ 80.177653302000067, 6.815280278000046 ], [ 80.177954017000047, 6.814388828000062 ], [ 80.178798549000078, 6.807807579000041 ], [ 80.179637907000085, 6.805977965000068 ], [ 80.179678864000039, 6.80485421700007 ], [ 80.180402319000052, 6.803242097000066 ], [ 80.180566600000077, 6.802179914000021 ], [ 80.181952419000083, 6.798149094000053 ], [ 80.182520193000073, 6.797025372000064 ], [ 80.182637670000076, 6.796087186000022 ], [ 80.183081117000029, 6.795025341000041 ], [ 80.18410569200006, 6.794638875000032 ], [ 80.185697428000083, 6.793508476000056 ], [ 80.186289113000043, 6.793297034000034 ], [ 80.186874039000031, 6.790095550000046 ], [ 80.186876970000071, 6.787667502000033 ], [ 80.19087799700003, 6.784445556000037 ], [ 80.192520707000085, 6.783661429000063 ], [ 80.192952732000037, 6.782675010000048 ], [ 80.193369364000034, 6.779559177000067 ], [ 80.193765910000081, 6.778213826000069 ], [ 80.193282404000058, 6.777232287000061 ], [ 80.192409106000071, 6.776956092000034 ], [ 80.191938305000065, 6.775364459000059 ], [ 80.191269656000031, 6.774095588000023 ], [ 80.191426119000084, 6.773360058000037 ], [ 80.190854229000081, 6.771247918000029 ], [ 80.193052161000082, 6.764670964000061 ], [ 80.19233278400003, 6.763775821000024 ], [ 80.192546624000045, 6.760880265000026 ], [ 80.19411038800007, 6.757361927000034 ], [ 80.199729294000065, 6.747886880000067 ], [ 80.201113558000031, 6.743920822000064 ], [ 80.202913408000029, 6.741584363000072 ], [ 80.203482884000039, 6.740472758000067 ], [ 80.203846932000033, 6.739292103000025 ], [ 80.204139131000034, 6.736979592000068 ], [ 80.204033739000067, 6.736516386000062 ], [ 80.204303947000085, 6.735615318000043 ], [ 80.206090363000044, 6.732268118000036 ], [ 80.205328479000059, 6.73048385200002 ], [ 80.20200870900004, 6.731204356000035 ], [ 80.199192634000042, 6.731311658000038 ], [ 80.198697310000057, 6.730434826000021 ], [ 80.198803395000084, 6.729774597000073 ], [ 80.199187101000064, 6.729114697000057 ], [ 80.199189677000049, 6.726932660000045 ], [ 80.198842085000081, 6.725631346000057 ], [ 80.198386377000077, 6.725347848000069 ], [ 80.197802890000048, 6.725243119000027 ], [ 80.194097827000064, 6.725977150000062 ], [ 80.192355897000084, 6.726020964000043 ], [ 80.188437522000072, 6.725230717000045 ], [ 80.187060990000077, 6.725144447000048 ], [ 80.181275493000044, 6.723238519000063 ], [ 80.180926918000068, 6.723307512000076 ], [ 80.179344968000066, 6.724542514000063 ], [ 80.178371731000084, 6.725018527000032 ], [ 80.171604879000085, 6.723298343000067 ], [ 80.166388336000068, 6.723172262000048 ], [ 80.163895137000054, 6.722870876000059 ], [ 80.158999510000058, 6.723570597000048 ], [ 80.153869692000058, 6.723428890000037 ], [ 80.151662123000051, 6.724120814000059 ], [ 80.14496058800006, 6.723881573000028 ], [ 80.144735344000082, 6.723568374000024 ], [ 80.145696096000052, 6.722007223000048 ], [ 80.145748723000054, 6.72142473100007 ], [ 80.145523812000079, 6.721155559000067 ], [ 80.144564297000045, 6.721239746000037 ], [ 80.144116365000059, 6.720907820000036 ], [ 80.143281952000052, 6.718575806000047 ], [ 80.141588235000029, 6.715567395000051 ], [ 80.141142460000083, 6.71524998600006 ], [ 80.139441903000034, 6.714977855000029 ], [ 80.138965904000031, 6.715208419000021 ], [ 80.137998768000045, 6.716163330000029 ], [ 80.13771162900008, 6.716246228000045 ], [ 80.137297812000043, 6.715962185000024 ], [ 80.136953210000058, 6.715592890000039 ], [ 80.136976421000043, 6.713099177000061 ], [ 80.136501722000048, 6.711650474000066 ], [ 80.135705900000062, 6.71132473800003 ], [ 80.134666911000068, 6.710544540000058 ], [ 80.132510487000047, 6.706766075000075 ], [ 80.130176323000057, 6.704159956000069 ], [ 80.127777088000073, 6.702298382000038 ], [ 80.125083570000072, 6.700636164000059 ], [ 80.121832519000066, 6.699284313000021 ], [ 80.120788714000071, 6.699050954000029 ], [ 80.119796897000072, 6.699180720000072 ], [ 80.118639893000079, 6.699467899000069 ], [ 80.11433444000005, 6.701246075000029 ], [ 80.109263980000037, 6.704270327000074 ], [ 80.108726107000052, 6.704396734000056 ], [ 80.109083630000043, 6.705004576000022 ], [ 80.110035947000085, 6.705111142000021 ], [ 80.110887178000041, 6.704935249000073 ], [ 80.11121773900004, 6.705501137000056 ], [ 80.110200380000038, 6.707910251000044 ], [ 80.110147752000046, 6.70899636200005 ], [ 80.110356160000038, 6.709944130000054 ], [ 80.108797715000037, 6.71207436900005 ], [ 80.108536429000083, 6.71283065700004 ], [ 80.109033921000048, 6.714356585000075 ], [ 80.109496927000066, 6.71484768800002 ], [ 80.109831086000042, 6.71769527500004 ], [ 80.109226591000038, 6.720048122000037 ], [ 80.108187952000037, 6.721696073000032 ], [ 80.108169688000032, 6.722817492000047 ], [ 80.10907209800007, 6.723862387000054 ], [ 80.110031931000037, 6.724395472000026 ], [ 80.110342372000048, 6.724892350000061 ], [ 80.111099059000082, 6.725015996000025 ], [ 80.111926170000061, 6.725635065000063 ], [ 80.111952131000066, 6.728616745000068 ], [ 80.111883317000036, 6.729181345000029 ], [ 80.111189833000083, 6.730726300000072 ], [ 80.111641046000045, 6.732820046000029 ], [ 80.111056082000061, 6.734000360000039 ], [ 80.110917370000038, 6.73472500400004 ], [ 80.110271676000082, 6.73546316900007 ], [ 80.108464823000077, 6.736596125000062 ], [ 80.108432020000066, 6.737012070000048 ], [ 80.10884233400003, 6.737771060000057 ], [ 80.108718022000062, 6.738285665000035 ], [ 80.108192621000057, 6.739019941000038 ], [ 80.108424436000064, 6.739600546000077 ], [ 80.108431298000085, 6.740472188000069 ], [ 80.108835200000044, 6.741150698000069 ], [ 80.108915127000046, 6.742175596000038 ], [ 80.108477365000056, 6.74299684600004 ], [ 80.107971250000048, 6.743280857000059 ], [ 80.108176337000032, 6.74425610000003 ], [ 80.107700979000072, 6.74620836400004 ], [ 80.10774069200005, 6.747281976000068 ], [ 80.107597578000082, 6.747587913000075 ], [ 80.106722922000074, 6.748133144000064 ], [ 80.106606789000068, 6.748557796000057 ], [ 80.106802328000072, 6.748974916000066 ], [ 80.107608882000079, 6.749575696000022 ], [ 80.108431094000082, 6.750836192000065 ], [ 80.108836645000054, 6.752644984000028 ], [ 80.110135737000064, 6.753512036000075 ], [ 80.109966008000072, 6.754095470000038 ], [ 80.110116549000054, 6.754584395000052 ], [ 80.112671128000045, 6.756574861000047 ], [ 80.113272226000049, 6.757890904000021 ], [ 80.113545038000041, 6.75955470100007 ], [ 80.113489475000051, 6.760810713000069 ], [ 80.113038988000085, 6.761380848000044 ], [ 80.111987878000036, 6.764335403000075 ], [ 80.111934850000068, 6.765580082000042 ], [ 80.112143759000048, 6.765957194000066 ], [ 80.111982486000045, 6.766624493000052 ], [ 80.110294902000078, 6.769208216000038 ], [ 80.109929603000069, 6.770318203000045 ], [ 80.110349885000062, 6.770691211000042 ], [ 80.113038073000041, 6.769978561000073 ], [ 80.116236670000035, 6.769927916000029 ], [ 80.116264240000078, 6.770093949000056 ], [ 80.116588506000085, 6.770135706000076 ], [ 80.119032795000066, 6.770203675000062 ], [ 80.12343627100006, 6.770833764000031 ], [ 80.124874951000038, 6.772092397000051 ], [ 80.125786070000061, 6.773427726000023 ], [ 80.126000494000039, 6.774169702000052 ], [ 80.125987619000057, 6.774851562000038 ], [ 80.12548410100004, 6.775520806000031 ], [ 80.125003113000048, 6.777242800000067 ], [ 80.125429858000075, 6.780305831000021 ], [ 80.125927940000054, 6.781185787000027 ], [ 80.126217162000046, 6.782220917000075 ], [ 80.124452752000082, 6.786106457000074 ], [ 80.123429824000084, 6.790351860000044 ], [ 80.121750945000031, 6.792885713000032 ], [ 80.120298454000078, 6.796149585000023 ], [ 80.117998402000069, 6.797797341000035 ], [ 80.117542588000049, 6.798562339000057 ], [ 80.117060117000051, 6.801337037000053 ], [ 80.116015385000082, 6.803931531000046 ], [ 80.115870665000045, 6.804744800000037 ], [ 80.116372480000052, 6.805367541000066 ], [ 80.117568572000039, 6.805895518000057 ], [ 80.121229800000037, 6.806642144000023 ], [ 80.124043503000053, 6.807681007000042 ], [ 80.128049475000068, 6.810485547000042 ], [ 80.128714739000031, 6.811737048000055 ], [ 80.13329346300003, 6.816251160000036 ], [ 80.134647627000049, 6.816874725000048 ], [ 80.137799807000079, 6.817217872000072 ], [ 80.139229207000085, 6.817171933000054 ], [ 80.143232639000075, 6.819527730000061 ], [ 80.143951513000047, 6.820327303000056 ], [ 80.144293450000077, 6.822757961000036 ], [ 80.144723499000065, 6.823777641000049 ], [ 80.145955385000036, 6.825154805000068 ], [ 80.147079966000035, 6.825912360000075 ], [ 80.148946361000071, 6.826465061000022 ], [ 80.150861375000034, 6.826443604000076 ], [ 80.153183906000038, 6.825968077000027 ], [ 80.154374198000085, 6.825553391000028 ], [ 80.154486548000079, 6.825146447000066 ], [ 80.154879140000048, 6.824809855000069 ], [ 80.155656011000076, 6.824505110000075 ], [ 80.157454680000058, 6.82434052800005 ], [ 80.15927924600004, 6.823379930000044 ], [ 80.16056138700003, 6.822197237000069 ], [ 80.162863248000065, 6.819113744000049 ], [ 80.164804521000065, 6.817226065000057 ], [ 80.166816031000053, 6.816582596000046 ], [ 80.168060898000078, 6.816464525000072 ], [ 80.169185334000076, 6.816944441000032 ], [ 80.170392015000061, 6.818656630000021 ], [ 80.171372420000068, 6.819471321000037 ], [ 80.173236895000059, 6.821579095000061 ], [ 80.174721028000079, 6.821557007000024 ], [ 80.176590105000059, 6.819956295000054 ], [ 80.177117812000063, 6.819071696000037 ], [ 80.17740617700008, 6.818162875000041 ], [ 80.17743538700006, 6.816006216000062 ], [ 80.177702097000065, 6.815857666000056 ] ] ] } },
{ "type": "Feature", "properties": { "ADM3_EN": "Bulathsinhala", "ADM3_PCODE": "LK1312", "ADM2_EN": "Kalutara" }, "geometry": { "type": "Polygon", "coordinates": [ [ [ 80.260694126000033, 6.622372775000031 ], [ 80.259857685000043, 6.622529818000032 ], [ 80.25944985700005, 6.622191867000026 ], [ 80.259078945000056, 6.621434093000062 ], [ 80.254025390000038, 6.619636592000063 ], [ 80.250771180000072, 6.617173069000046 ], [ 80.249611297000058, 6.616927132000058 ], [ 80.250157139000066, 6.615988577000053 ], [ 80.251453253000079, 6.615511505000029 ], [ 80.252670011000077, 6.612539196000057 ], [ 80.253596782000045, 6.611071777000063 ], [ 80.253932264000071, 6.60944089000003 ], [ 80.253640047000033, 6.609096416000057 ], [ 80.253609553000047, 6.60800892900005 ], [ 80.251042342000062, 6.606275394000022 ], [ 80.248161547000052, 6.602521566000064 ], [ 80.24660351600005, 6.602049097000076 ], [ 80.242079523000029, 6.603803456000037 ], [ 80.240336840000055, 6.604051118000029 ], [ 80.237529244000029, 6.601355322000074 ], [ 80.236332068000081, 6.601016162000064 ], [ 80.235189874000071, 6.599777183000072 ], [ 80.234474783000053, 6.599907619000021 ], [ 80.234635740000044, 6.598419869000054 ], [ 80.233642314000065, 6.597048423000047 ], [ 80.233197936000067, 6.594974939000053 ], [ 80.23184999700004, 6.593680238000047 ], [ 80.228542723000032, 6.591635069000063 ], [ 80.227827372000036, 6.592184475000067 ], [ 80.227377331000071, 6.592165953000062 ], [ 80.225755082000035, 6.591436866000038 ], [ 80.222305830000039, 6.590393566000046 ], [ 80.220594909000056, 6.590230519000045 ], [ 80.220223271000066, 6.590288883000028 ], [ 80.219857848000061, 6.590854109000077 ], [ 80.218657643000085, 6.591849841000055 ], [ 80.216021243000057, 6.59244768700006 ], [ 80.215021542000045, 6.59300233600004 ], [ 80.214570294000055, 6.592845867000051 ], [ 80.213086604000068, 6.593080465000071 ], [ 80.212937435000072, 6.592754303000049 ], [ 80.213126400000078, 6.592270014000064 ], [ 80.214774830000067, 6.58913893600004 ], [ 80.21391088200005, 6.587103428000034 ], [ 80.21396726100005, 6.584172251000041 ], [ 80.21331243800006, 6.582957819000057 ], [ 80.213047748000065, 6.581585405000055 ], [ 80.212846115000048, 6.581437080000057 ], [ 80.212251871000035, 6.58168911000007 ], [ 80.212216308000052, 6.581950956000071 ], [ 80.211223678000067, 6.581646160000048 ], [ 80.210183912000048, 6.582029714000043 ], [ 80.20919807000007, 6.583118204000073 ], [ 80.20907320200007, 6.582311526000069 ], [ 80.208263785000042, 6.58187175300003 ], [ 80.205863969000063, 6.582894238000051 ], [ 80.205597164000039, 6.583178392000036 ], [ 80.201883400000042, 6.583200235000049 ], [ 80.198612577000063, 6.583465867000029 ], [ 80.198393795000072, 6.583122114000048 ], [ 80.199221359000035, 6.58166650000004 ], [ 80.199202154000034, 6.58069097200007 ], [ 80.200102463000064, 6.578675058000044 ], [ 80.20069704000008, 6.578005303000054 ], [ 80.199600919000034, 6.577296797000031 ], [ 80.198728155000083, 6.57789451900004 ], [ 80.199163507000037, 6.578562164000061 ], [ 80.199251773000071, 6.579201438000041 ], [ 80.198566656000082, 6.580219859000067 ], [ 80.19831533200005, 6.581080289000056 ], [ 80.196982448000085, 6.582922875000065 ], [ 80.196729078000033, 6.583035065000047 ], [ 80.196098886000073, 6.58275466200007 ], [ 80.19531670300006, 6.582757169000047 ], [ 80.194661215000053, 6.582943296000053 ], [ 80.19393204000005, 6.582664 ], [ 80.193386117000045, 6.582782602000066 ], [ 80.192560575000073, 6.583303606000072 ], [ 80.19222484200003, 6.583266442000024 ], [ 80.189791380000031, 6.581626886000038 ], [ 80.188335833000053, 6.580885737000074 ], [ 80.188079089000041, 6.580471802000034 ], [ 80.18783471900008, 6.581354433000058 ], [ 80.18739514400005, 6.581650496000066 ], [ 80.187170079000055, 6.581680989000063 ], [ 80.186866469000051, 6.58130269000003 ], [ 80.18483907500007, 6.581304713000065 ], [ 80.183660067000062, 6.579432360000055 ], [ 80.183801075000076, 6.579134617000022 ], [ 80.183114985000032, 6.578826753000044 ], [ 80.182002007000051, 6.577732130000072 ], [ 80.181533118000061, 6.57760488100007 ], [ 80.181588939000051, 6.577332317000071 ], [ 80.18045230000007, 6.576494559000025 ], [ 80.179872894000084, 6.576286064000044 ], [ 80.179638683000064, 6.575417211000058 ], [ 80.179209320000041, 6.574833109000053 ], [ 80.176987616000076, 6.573438169000042 ], [ 80.176715468000054, 6.573825942000042 ], [ 80.175791066000045, 6.572888517000024 ], [ 80.174774395000043, 6.57353162000004 ], [ 80.172672534000071, 6.575751516000025 ], [ 80.170848161000038, 6.576179474000071 ], [ 80.17037455600007, 6.576792916000045 ], [ 80.170272030000035, 6.577471574000072 ], [ 80.170037063000052, 6.577791091000051 ], [ 80.168778760000066, 6.577820210000027 ], [ 80.168001916000037, 6.57850379000007 ], [ 80.166773509000052, 6.578683616000035 ], [ 80.165070094000043, 6.579271239000036 ], [ 80.163619519000065, 6.57920355300007 ], [ 80.161667584000043, 6.578817755000046 ], [ 80.159488822000071, 6.578097458000059 ], [ 80.159137787000077, 6.577782746000025 ], [ 80.15943655500007, 6.577305967000029 ], [ 80.158113016000073, 6.57700006400006 ], [ 80.158444151000083, 6.578787790000035 ], [ 80.158218299000055, 6.578761144000055 ], [ 80.15816785100003, 6.578484925000055 ], [ 80.157446904000039, 6.578587848000041 ], [ 80.156646656000078, 6.578210656000067 ], [ 80.155963702000065, 6.578177186000062 ], [ 80.154301099000065, 6.579907887000047 ], [ 80.153778440000053, 6.581217326000058 ], [ 80.153532812000037, 6.581405553000025 ], [ 80.152305413000079, 6.581134003000045 ], [ 80.151483744000075, 6.581177556000057 ], [ 80.150951305000035, 6.581035148000069 ], [ 80.150754823000057, 6.580195609000043 ], [ 80.151130754000064, 6.579854565000062 ], [ 80.150844364000079, 6.579205909000052 ], [ 80.149610424000059, 6.578978795000069 ], [ 80.149421238000059, 6.578737386000057 ], [ 80.148789172000079, 6.578770856000062 ], [ 80.148329677000049, 6.577969246000066 ], [ 80.145619263000071, 6.575461117000032 ], [ 80.143934728000033, 6.574681402000067 ], [ 80.143146220000062, 6.572860998000067 ], [ 80.142613267000058, 6.572408126000028 ], [ 80.141757145000042, 6.572100790000036 ], [ 80.141429201000051, 6.572236752000038 ], [ 80.141145400000084, 6.573408155000038 ], [ 80.14046234500006, 6.574346374000072 ], [ 80.140541108000036, 6.575876681000068 ], [ 80.140352747000065, 6.576079090000064 ], [ 80.139994928000078, 6.575943512000038 ], [ 80.138288886000055, 6.573229144000038 ], [ 80.137758293000047, 6.570931594000058 ], [ 80.13724142500007, 6.570508878000055 ], [ 80.136795597000059, 6.569777144000057 ], [ 80.136168574000067, 6.568058473000065 ], [ 80.135423248000052, 6.567320487000075 ], [ 80.135280901000044, 6.566028473000074 ], [ 80.13408131500006, 6.567497091000064 ], [ 80.133931702000041, 6.568030333000024 ], [ 80.133124335000048, 6.568432241000039 ], [ 80.132807634000073, 6.56824898900004 ], [ 80.132125717000065, 6.569295725000075 ], [ 80.132217338000032, 6.570012929000029 ], [ 80.132061473000078, 6.570133719000069 ], [ 80.130887656000084, 6.570500610000067 ], [ 80.130349611000042, 6.570937406000041 ], [ 80.129902757000082, 6.570916489000069 ], [ 80.129003413000078, 6.570479656000032 ], [ 80.127603658000055, 6.571247456000037 ], [ 80.126006376000078, 6.571338341000057 ], [ 80.123211514000047, 6.573061094000025 ], [ 80.118398380000031, 6.569512021000037 ], [ 80.11543813600008, 6.566646153000022 ], [ 80.114015025000072, 6.564825037000048 ], [ 80.113779459000057, 6.567021548000071 ], [ 80.113783906000037, 6.570928266000067 ], [ 80.114395692000073, 6.571894176000058 ], [ 80.114281580000068, 6.57246099300005 ], [ 80.11472746700008, 6.573681552000039 ], [ 80.115334365000081, 6.574601538000024 ], [ 80.115276356000038, 6.575183362000075 ], [ 80.115663319000078, 6.575362106000057 ], [ 80.11400336500003, 6.575654884000073 ], [ 80.113566758000047, 6.576773435000064 ], [ 80.113622905000057, 6.577187757000047 ], [ 80.114144352000039, 6.577828313000055 ], [ 80.114219013000081, 6.57853392800007 ], [ 80.11394395700006, 6.579270545000043 ], [ 80.114278639000077, 6.579940695000062 ], [ 80.114249724000047, 6.582448391000071 ], [ 80.113942723000036, 6.58367861000005 ], [ 80.114221859000054, 6.584982582000066 ], [ 80.114173611000069, 6.586111323000068 ], [ 80.113915021000082, 6.586497737000059 ], [ 80.114152181000065, 6.586861119000048 ], [ 80.114151640000046, 6.587746041000059 ], [ 80.114674043000036, 6.588014307000037 ], [ 80.114316685000063, 6.590051344000074 ], [ 80.114333913000053, 6.592537669000023 ], [ 80.113783909000063, 6.592861307000021 ], [ 80.113538847000029, 6.59418718400002 ], [ 80.112683419000064, 6.594499 ], [ 80.112648539000077, 6.596007890000067 ], [ 80.112987977000046, 6.596132172000068 ], [ 80.113435165000055, 6.595630406000055 ], [ 80.114124772000082, 6.595711805000064 ], [ 80.114522296000075, 6.593679293000037 ], [ 80.114844128000072, 6.593885261000025 ], [ 80.115026198000066, 6.594470026000067 ], [ 80.116736400000036, 6.594831276000036 ], [ 80.118011580000029, 6.595607546000053 ], [ 80.120485808000069, 6.595843326000022 ], [ 80.121802029000037, 6.596506985000076 ], [ 80.122621838000043, 6.596451544000047 ], [ 80.123678956000049, 6.596750532000044 ], [ 80.124451039000064, 6.597302048000074 ], [ 80.125236961000041, 6.597253576000071 ], [ 80.125579342000037, 6.597121051000045 ], [ 80.126048438000055, 6.596268221000059 ], [ 80.125794909000035, 6.595885097000064 ], [ 80.125829544000055, 6.595602647000021 ], [ 80.12722978000005, 6.594833527000048 ], [ 80.127951106000069, 6.593454320000035 ], [ 80.129845362000083, 6.593468709000035 ], [ 80.131252169000049, 6.594364995000035 ], [ 80.131769180000049, 6.594315821000066 ], [ 80.132536504000029, 6.593826879000062 ], [ 80.132922780000058, 6.594672264000053 ], [ 80.132696969000051, 6.594966491000037 ], [ 80.131924022000078, 6.595114459000058 ], [ 80.131304790000058, 6.595939505000047 ], [ 80.131306231000053, 6.596136910000041 ], [ 80.131701012000065, 6.59616544000005 ], [ 80.131706469000051, 6.59634126900005 ], [ 80.130038440000078, 6.598555265000073 ], [ 80.134891321000055, 6.600796954000032 ], [ 80.134977494000054, 6.601079485000071 ], [ 80.134446996000065, 6.602879332000043 ], [ 80.13730911600004, 6.604284462000066 ], [ 80.138242658000081, 6.604924675000063 ], [ 80.136427242000082, 6.608717116000037 ], [ 80.133568413000035, 6.611737001000051 ], [ 80.133464228000037, 6.614593595000031 ], [ 80.132314219000079, 6.61576446600003 ], [ 80.132163975000083, 6.617656527000065 ], [ 80.131228982000039, 6.618950398000038 ], [ 80.130870515000083, 6.620084806000023 ], [ 80.129476726000064, 6.621028058000036 ], [ 80.129490856000075, 6.621202734000065 ], [ 80.130737279000073, 6.621344320000048 ], [ 80.130912789000035, 6.621617301000072 ], [ 80.130643048000081, 6.622047612000074 ], [ 80.129867297000033, 6.62243778900006 ], [ 80.129511907000051, 6.623409904000027 ], [ 80.128850152000041, 6.623995219000051 ], [ 80.128471821000062, 6.625125214000036 ], [ 80.12845300500004, 6.625792118000049 ], [ 80.128030570000078, 6.626338864000047 ], [ 80.127948180000033, 6.627939739000055 ], [ 80.125986252000075, 6.628259997000043 ], [ 80.125253675000067, 6.628858108000031 ], [ 80.124529082000038, 6.629861154000025 ], [ 80.124517365000031, 6.632151979000071 ], [ 80.124017269000035, 6.635275169000067 ], [ 80.123525308000069, 6.636455463000061 ], [ 80.121883541000045, 6.638203696000062 ], [ 80.120839113000045, 6.640880476000063 ], [ 80.120353986000055, 6.641592541000023 ], [ 80.118335953000042, 6.64148850600003 ], [ 80.116812147000076, 6.641659769000057 ], [ 80.115561809000042, 6.642062762000023 ], [ 80.11476065100004, 6.642683951000038 ], [ 80.114189887000066, 6.64407348800006 ], [ 80.11427165200007, 6.646555467000042 ], [ 80.113375027000075, 6.647615827000038 ], [ 80.111292541000068, 6.648981650000053 ], [ 80.110505347000071, 6.649977178000029 ], [ 80.110053546000074, 6.651037922000057 ], [ 80.110218058000044, 6.652569824000068 ], [ 80.11002383500005, 6.653588837000029 ], [ 80.108508200000074, 6.65533548600007 ], [ 80.108122900000069, 6.655678065000075 ], [ 80.106173573000035, 6.656163653000021 ], [ 80.104993059000037, 6.655582464000076 ], [ 80.103729016000045, 6.653956870000059 ], [ 80.102798997000036, 6.650126469000043 ], [ 80.101609665000069, 6.650498410000068 ], [ 80.10104939200005, 6.653023933000043 ], [ 80.099635943000067, 6.654778465000049 ], [ 80.09835232000006, 6.655719164000061 ], [ 80.097370922000039, 6.655760943000075 ], [ 80.096953160000055, 6.654871077000053 ], [ 80.098154670000042, 6.653418635000037 ], [ 80.098109067000053, 6.652965219000066 ], [ 80.097836443000062, 6.652684188000023 ], [ 80.097495615000071, 6.65251607700003 ], [ 80.096295226000052, 6.652536306000059 ], [ 80.094572043000085, 6.652812235000056 ], [ 80.094457915000078, 6.655870972000059 ], [ 80.093810381000083, 6.658141297000043 ], [ 80.092708767000033, 6.659674863000021 ], [ 80.091063610000049, 6.661130175000039 ], [ 80.090952793000042, 6.661931256000059 ], [ 80.091400961000033, 6.663127477000046 ], [ 80.091188918000057, 6.663732008000068 ], [ 80.089110511000058, 6.66610597500005 ], [ 80.08783362500003, 6.668724582000038 ], [ 80.089126126000053, 6.672524748000058 ], [ 80.089035972000033, 6.674119468000072 ], [ 80.089378642000042, 6.674813189000076 ], [ 80.090377058000058, 6.675701596000067 ], [ 80.091551879000065, 6.676311450000071 ], [ 80.092161945000043, 6.676456160000043 ], [ 80.092384862000074, 6.676336029000026 ], [ 80.093113216000063, 6.675391863000073 ], [ 80.09368470000004, 6.675854097000069 ], [ 80.093744684000058, 6.676121334000072 ], [ 80.093690791000085, 6.677004457000066 ], [ 80.093108516000029, 6.678917512000055 ], [ 80.091061449000051, 6.68183721500003 ], [ 80.090900439000052, 6.682437099000026 ], [ 80.091568948000031, 6.68308801400002 ], [ 80.092291956000054, 6.683463901000039 ], [ 80.092793060000076, 6.68366003400007 ], [ 80.094106499000077, 6.683545519000063 ], [ 80.094528515000036, 6.683897014000024 ], [ 80.094483781000065, 6.685574965000058 ], [ 80.094665173000067, 6.68597078800002 ], [ 80.09554201800006, 6.686264102000052 ], [ 80.097780948000036, 6.686240566000038 ], [ 80.098992045000045, 6.686803355000052 ], [ 80.100774652000041, 6.68951155000002 ], [ 80.101405283000076, 6.691708557000027 ], [ 80.101747708000062, 6.694381021000027 ], [ 80.102155003000064, 6.695510505000072 ], [ 80.103663416000074, 6.696850094000069 ], [ 80.10596769600005, 6.698455916000057 ], [ 80.106548819000068, 6.699228410000046 ], [ 80.10743978000005, 6.701356802000021 ], [ 80.107623773000057, 6.703308937000031 ], [ 80.10823279300007, 6.704252226000051 ], [ 80.108726107000052, 6.704396734000056 ], [ 80.109263980000037, 6.704270327000074 ], [ 80.11433444000005, 6.701246075000029 ], [ 80.118639893000079, 6.699467899000069 ], [ 80.119796897000072, 6.699180720000072 ], [ 80.120788714000071, 6.699050954000029 ], [ 80.121832519000066, 6.699284313000021 ], [ 80.125083570000072, 6.700636164000059 ], [ 80.127777088000073, 6.702298382000038 ], [ 80.130176323000057, 6.704159956000069 ], [ 80.132510487000047, 6.706766075000075 ], [ 80.134666911000068, 6.710544540000058 ], [ 80.135705900000062, 6.71132473800003 ], [ 80.136501722000048, 6.711650474000066 ], [ 80.136976421000043, 6.713099177000061 ], [ 80.136953210000058, 6.715592890000039 ], [ 80.137297812000043, 6.715962185000024 ], [ 80.13771162900008, 6.716246228000045 ], [ 80.137998768000045, 6.716163330000029 ], [ 80.138965904000031, 6.715208419000021 ], [ 80.139441903000034, 6.714977855000029 ], [ 80.141142460000083, 6.71524998600006 ], [ 80.141588235000029, 6.715567395000051 ], [ 80.143281952000052, 6.718575806000047 ], [ 80.144116365000059, 6.720907820000036 ], [ 80.144564297000045, 6.721239746000037 ], [ 80.145523812000079, 6.721155559000067 ], [ 80.145748723000054, 6.72142473100007 ], [ 80.145696096000052, 6.722007223000048 ], [ 80.144735344000082, 6.723568374000024 ], [ 80.14496058800006, 6.723881573000028 ], [ 80.151662123000051, 6.724120814000059 ], [ 80.153869692000058, 6.723428890000037 ], [ 80.158999510000058, 6.723570597000048 ], [ 80.163895137000054, 6.722870876000059 ], [ 80.166388336000068, 6.723172262000048 ], [ 80.171604879000085, 6.723298343000067 ], [ 80.178371731000084, 6.725018527000032 ], [ 80.179344968000066, 6.724542514000063 ], [ 80.180926918000068, 6.723307512000076 ], [ 80.181275493000044, 6.723238519000063 ], [ 80.187060990000077, 6.725144447000048 ], [ 80.188437522000072, 6.725230717000045 ], [ 80.192355897000084, 6.726020964000043 ], [ 80.194097827000064, 6.725977150000062 ], [ 80.196664941000051, 6.725373203000061 ], [ 80.198100874000033, 6.725273317000074 ], [ 80.198842085000081, 6.725631346000057 ], [ 80.199128015000042, 6.726625195000054 ], [ 80.199381292000055, 6.726460355000029 ], [ 80.200898794000068, 6.726704023000025 ], [ 80.201520760000051, 6.726257833000034 ], [ 80.201983789000053, 6.724664434000033 ], [ 80.202699025000072, 6.723495774000071 ], [ 80.203931254000054, 6.722569043000021 ], [ 80.204034467000042, 6.722201983000048 ], [ 80.204603982000037, 6.722208871000021 ], [ 80.204711863000057, 6.722051086000022 ], [ 80.20429600600005, 6.721566101000064 ], [ 80.203452123000034, 6.72155957700005 ], [ 80.202947684000037, 6.721336031000021 ], [ 80.202769985000032, 6.720493834000024 ], [ 80.203528807000055, 6.719664291000072 ], [ 80.204924688000062, 6.719125197000039 ], [ 80.205350306000071, 6.717398244000037 ], [ 80.207114835000084, 6.71471581000003 ], [ 80.206846066000082, 6.713284728000076 ], [ 80.207952283000054, 6.712805102000061 ], [ 80.208435100000031, 6.713329639000051 ], [ 80.20870564300003, 6.713234249000038 ], [ 80.210290804000067, 6.710086536000063 ], [ 80.210682255000052, 6.708388367000055 ], [ 80.210530625000047, 6.707413025000051 ], [ 80.211056304000067, 6.705425385000069 ], [ 80.211887223000076, 6.703526154000031 ], [ 80.212609091000047, 6.702613491000022 ], [ 80.213910776000034, 6.700271762000057 ], [ 80.213913980000029, 6.699680543000056 ], [ 80.213026035000041, 6.699209216000042 ], [ 80.213360234000049, 6.697945494000066 ], [ 80.214370419000034, 6.695978185000058 ], [ 80.215368144000081, 6.695355183000061 ], [ 80.215041718000066, 6.694795331000023 ], [ 80.215574341000035, 6.694018519000053 ], [ 80.216135270000052, 6.691405585000041 ], [ 80.216505139000049, 6.691218996000032 ], [ 80.219015757000079, 6.691643222000039 ], [ 80.220424122000054, 6.69147904600004 ], [ 80.221057234000057, 6.690204620000031 ], [ 80.221715969000059, 6.689876196000057 ], [ 80.222115005000035, 6.688597166000022 ], [ 80.223640481000075, 6.685922356000049 ], [ 80.224169115000052, 6.683996540000066 ], [ 80.225615798000035, 6.681474911000066 ], [ 80.226740617000075, 6.680533314000058 ], [ 80.22754038000005, 6.67936990000004 ], [ 80.228680757000063, 6.678293782000026 ], [ 80.231915830000048, 6.676269326000067 ], [ 80.237995573000035, 6.671703488000048 ], [ 80.239376873000083, 6.671006134000038 ], [ 80.241366704000029, 6.67068852400007 ], [ 80.242358746000036, 6.668992631000037 ], [ 80.242846836000069, 6.666114539000034 ], [ 80.243181697000068, 6.665381010000033 ], [ 80.24375759000003, 6.664831417000073 ], [ 80.24548332300003, 6.664329830000042 ], [ 80.247571486000083, 6.660548292000044 ], [ 80.249518434000038, 6.658510044000025 ], [ 80.250489137000045, 6.655816272000038 ], [ 80.249869180000076, 6.655287596000051 ], [ 80.24970872800003, 6.654943231000061 ], [ 80.249789935000081, 6.65458781600006 ], [ 80.250572557000055, 6.654164754000021 ], [ 80.25141198700004, 6.654143172000033 ], [ 80.251643457000057, 6.653340714000024 ], [ 80.251414949000036, 6.652537348000067 ], [ 80.251658592000069, 6.651310592000073 ], [ 80.251553236000063, 6.645873560000041 ], [ 80.250739314000043, 6.644495775000053 ], [ 80.248857462000046, 6.642359097000053 ], [ 80.249045863000049, 6.639916432000064 ], [ 80.249869741000055, 6.635719824000034 ], [ 80.250515501000052, 6.634665587000029 ], [ 80.252853103000064, 6.632708265000076 ], [ 80.253521636000073, 6.631757476000075 ], [ 80.254145265000034, 6.630232978000038 ], [ 80.254759782000065, 6.62741236200003 ], [ 80.254978730000062, 6.627080120000073 ], [ 80.258732016000067, 6.624310794000053 ], [ 80.259192981000069, 6.623738031000073 ], [ 80.260536896000076, 6.622747300000071 ], [ 80.260694126000033, 6.622372775000031 ] ] ] } },
{ "type": "Feature", "properties": { "ADM3_EN": "Madurawala", "ADM3_PCODE": "LK1315", "ADM2_EN": "Kalutara" }, "geometry": { "type": "Polygon", "coordinates": [ [ [ 80.108632485000044, 6.720963365000046 ], [ 80.109226591000038, 6.720048122000037 ], [ 80.10977368500005, 6.71810791200005 ], [ 80.109825734000083, 6.717231711000068 ], [ 80.109507473000065, 6.715891452000051 ], [ 80.109496927000066, 6.71484768800002 ], [ 80.109033921000048, 6.714356585000075 ], [ 80.108536429000083, 6.71283065700004 ], [ 80.108797715000037, 6.71207436900005 ], [ 80.110356160000038, 6.709944130000054 ], [ 80.110147752000046, 6.70899636200005 ], [ 80.110200380000038, 6.707910251000044 ], [ 80.110812929000076, 6.706215362000023 ], [ 80.11120257400006, 6.705653641000026 ], [ 80.111164307000081, 6.705283980000047 ], [ 80.110887178000041, 6.704935249000073 ], [ 80.110035947000085, 6.705111142000021 ], [ 80.109083630000043, 6.705004576000022 ], [ 80.108726107000052, 6.704396734000056 ], [ 80.108086490000062, 6.704130224000039 ], [ 80.107623773000057, 6.703308937000031 ], [ 80.10743978000005, 6.701356802000021 ], [ 80.106548819000068, 6.699228410000046 ], [ 80.10596769600005, 6.698455916000057 ], [ 80.103663416000074, 6.696850094000069 ], [ 80.102155003000064, 6.695510505000072 ], [ 80.101747708000062, 6.694381021000027 ], [ 80.101405283000076, 6.691708557000027 ], [ 80.100774652000041, 6.68951155000002 ], [ 80.098992045000045, 6.686803355000052 ], [ 80.097780948000036, 6.686240566000038 ], [ 80.09554201800006, 6.686264102000052 ], [ 80.094665173000067, 6.68597078800002 ], [ 80.094483781000065, 6.685574965000058 ], [ 80.094528515000036, 6.683897014000024 ], [ 80.094106499000077, 6.683545519000063 ], [ 80.092793060000076, 6.68366003400007 ], [ 80.092291956000054, 6.683463901000039 ], [ 80.091568948000031, 6.68308801400002 ], [ 80.090900439000052, 6.682437099000026 ], [ 80.091061449000051, 6.68183721500003 ], [ 80.093108516000029, 6.678917512000055 ], [ 80.093690791000085, 6.677004457000066 ], [ 80.093744684000058, 6.676121334000072 ], [ 80.09368470000004, 6.675854097000069 ], [ 80.093113216000063, 6.675391863000073 ], [ 80.092384862000074, 6.676336029000026 ], [ 80.092161945000043, 6.676456160000043 ], [ 80.091551879000065, 6.676311450000071 ], [ 80.090377058000058, 6.675701596000067 ], [ 80.089378642000042, 6.674813189000076 ], [ 80.089035972000033, 6.674119468000072 ], [ 80.089126126000053, 6.672524748000058 ], [ 80.08783362500003, 6.668724582000038 ], [ 80.089110511000058, 6.66610597500005 ], [ 80.091188918000057, 6.663732008000068 ], [ 80.091400961000033, 6.663127477000046 ], [ 80.090952793000042, 6.661931256000059 ], [ 80.091063610000049, 6.661130175000039 ], [ 80.092708767000033, 6.659674863000021 ], [ 80.093810381000083, 6.658141297000043 ], [ 80.094457915000078, 6.655870972000059 ], [ 80.094572043000085, 6.652812235000056 ], [ 80.096295226000052, 6.652536306000059 ], [ 80.097495615000071, 6.65251607700003 ], [ 80.097836443000062, 6.652684188000023 ], [ 80.098109067000053, 6.652965219000066 ], [ 80.098154670000042, 6.653418635000037 ], [ 80.096953160000055, 6.654871077000053 ], [ 80.097370922000039, 6.655760943000075 ], [ 80.09835232000006, 6.655719164000061 ], [ 80.099635943000067, 6.654778465000049 ], [ 80.10104939200005, 6.653023933000043 ], [ 80.101609665000069, 6.650498410000068 ], [ 80.102798997000036, 6.650126469000043 ], [ 80.103729016000045, 6.653956870000059 ], [ 80.104993059000037, 6.655582464000076 ], [ 80.106173573000035, 6.656163653000021 ], [ 80.108122900000069, 6.655678065000075 ], [ 80.11002383500005, 6.653588837000029 ], [ 80.110218058000044, 6.652569824000068 ], [ 80.110053546000074, 6.651037922000057 ], [ 80.110944167000071, 6.649309819000052 ], [ 80.112244395000062, 6.648247279000032 ], [ 80.113375027000075, 6.647615827000038 ], [ 80.11427165200007, 6.646555467000042 ], [ 80.114189887000066, 6.64407348800006 ], [ 80.11476065100004, 6.642683951000038 ], [ 80.116092785000035, 6.641807388000075 ], [ 80.118335953000042, 6.64148850600003 ], [ 80.120353986000055, 6.641592541000023 ], [ 80.120614931000034, 6.641307572000073 ], [ 80.121883541000045, 6.638203696000062 ], [ 80.123786368000083, 6.635967332000064 ], [ 80.124517365000031, 6.632151979000071 ], [ 80.124529082000038, 6.629861154000025 ], [ 80.125253675000067, 6.628858108000031 ], [ 80.125986252000075, 6.628259997000043 ], [ 80.127948180000033, 6.627939739000055 ], [ 80.128030570000078, 6.626338864000047 ], [ 80.12845300500004, 6.625792118000049 ], [ 80.128471821000062, 6.625125214000036 ], [ 80.128850152000041, 6.623995219000051 ], [ 80.129511907000051, 6.623409904000027 ], [ 80.129867297000033, 6.62243778900006 ], [ 80.130643048000081, 6.622047612000074 ], [ 80.130912789000035, 6.621617301000072 ], [ 80.130737279000073, 6.621344320000048 ], [ 80.129490856000075, 6.621202734000065 ], [ 80.129476726000064, 6.621028058000036 ], [ 80.130870515000083, 6.620084806000023 ], [ 80.131228982000039, 6.618950398000038 ], [ 80.132163975000083, 6.617656527000065 ], [ 80.132314219000079, 6.61576446600003 ], [ 80.133464228000037, 6.614593595000031 ], [ 80.133568413000035, 6.611737001000051 ], [ 80.136427242000082, 6.608717116000037 ], [ 80.138242658000081, 6.604924675000063 ], [ 80.13730911600004, 6.604284462000066 ], [ 80.134446996000065, 6.602879332000043 ], [ 80.134977494000054, 6.601079485000071 ], [ 80.134891321000055, 6.600796954000032 ], [ 80.130038440000078, 6.598555265000073 ], [ 80.131706469000051, 6.59634126900005 ], [ 80.131701012000065, 6.59616544000005 ], [ 80.131306231000053, 6.596136910000041 ], [ 80.131304790000058, 6.595939505000047 ], [ 80.131924022000078, 6.595114459000058 ], [ 80.132696969000051, 6.594966491000037 ], [ 80.132922780000058, 6.594672264000053 ], [ 80.132536504000029, 6.593826879000062 ], [ 80.131769180000049, 6.594315821000066 ], [ 80.131252169000049, 6.594364995000035 ], [ 80.129845362000083, 6.593468709000035 ], [ 80.127951106000069, 6.593454320000035 ], [ 80.12722978000005, 6.594833527000048 ], [ 80.125829544000055, 6.595602647000021 ], [ 80.125794909000035, 6.595885097000064 ], [ 80.126048438000055, 6.596268221000059 ], [ 80.125579342000037, 6.597121051000045 ], [ 80.125236961000041, 6.597253576000071 ], [ 80.124451039000064, 6.597302048000074 ], [ 80.123678956000049, 6.596750532000044 ], [ 80.122621838000043, 6.596451544000047 ], [ 80.121802029000037, 6.596506985000076 ], [ 80.120485808000069, 6.595843326000022 ], [ 80.118011580000029, 6.595607546000053 ], [ 80.116736400000036, 6.594831276000036 ], [ 80.115026198000066, 6.594470026000067 ], [ 80.114844128000072, 6.593885261000025 ], [ 80.114522296000075, 6.593679293000037 ], [ 80.114124772000082, 6.595711805000064 ], [ 80.113435165000055, 6.595630406000055 ], [ 80.112806434000049, 6.59615403500004 ], [ 80.112626827000042, 6.595829148000064 ], [ 80.112769619000062, 6.595327823000048 ], [ 80.112683419000064, 6.594499 ], [ 80.113538847000029, 6.59418718400002 ], [ 80.113783909000063, 6.592861307000021 ], [ 80.114333913000053, 6.592537669000023 ], [ 80.114316685000063, 6.590051344000074 ], [ 80.114674043000036, 6.588014307000037 ], [ 80.114151640000046, 6.587746041000059 ], [ 80.114152181000065, 6.586861119000048 ], [ 80.113915021000082, 6.586497737000059 ], [ 80.114173611000069, 6.586111323000068 ], [ 80.114221859000054, 6.584982582000066 ], [ 80.113942723000036, 6.58367861000005 ], [ 80.114248365000037, 6.582460082000068 ], [ 80.113495881000063, 6.58155258000005 ], [ 80.112501038000062, 6.58098749800007 ], [ 80.110082220000038, 6.580818340000064 ], [ 80.108709604000069, 6.579883654000071 ], [ 80.106245901000079, 6.583371281000041 ], [ 80.105680237000058, 6.584519683000053 ], [ 80.102711347000081, 6.58861468300006 ], [ 80.100769884000044, 6.593050807000054 ], [ 80.100783295000042, 6.594207271000073 ], [ 80.100132236000036, 6.595327169000029 ], [ 80.098640661000047, 6.597177980000026 ], [ 80.09744261000003, 6.599431963000029 ], [ 80.097130355000047, 6.599613292000072 ], [ 80.096082182000032, 6.599068439000064 ], [ 80.095142763000069, 6.59895291600003 ], [ 80.094085685000039, 6.598498525000025 ], [ 80.091481169000076, 6.597962611000071 ], [ 80.091088850000062, 6.598076527000046 ], [ 80.09149500500007, 6.600002047000032 ], [ 80.091108592000069, 6.600103112000056 ], [ 80.090665090000073, 6.601279250000061 ], [ 80.09140175400006, 6.601996694000036 ], [ 80.091376439000044, 6.604433288000052 ], [ 80.091137440000068, 6.606195884000044 ], [ 80.090691653000079, 6.607261674000029 ], [ 80.08996742100004, 6.607486643000072 ], [ 80.090132720000042, 6.607948035000049 ], [ 80.090599499000064, 6.608138337000071 ], [ 80.090630391000047, 6.608360377000054 ], [ 80.090281176000076, 6.609193813000047 ], [ 80.090166208000085, 6.610134456000026 ], [ 80.089511065000067, 6.610966021000024 ], [ 80.089376518000051, 6.611413629000026 ], [ 80.088446415000078, 6.611952554000027 ], [ 80.08822596300007, 6.612396425000043 ], [ 80.090353703000062, 6.612667753000039 ], [ 80.090352245000076, 6.61337018200004 ], [ 80.090673339000034, 6.614414723000039 ], [ 80.090578107000056, 6.614683298000045 ], [ 80.090956906000031, 6.615402279000023 ], [ 80.091005890000076, 6.61798114100003 ], [ 80.090168255000037, 6.61985263300005 ], [ 80.089494104000039, 6.623105440000074 ], [ 80.088287004000051, 6.626836543000024 ], [ 80.087949319000074, 6.627115407000076 ], [ 80.087225806000049, 6.627277323000044 ], [ 80.086503847000074, 6.627864481000074 ], [ 80.085951763000082, 6.628533805000075 ], [ 80.085953581000069, 6.629118043000062 ], [ 80.085550656000066, 6.629609307000067 ], [ 80.084746454000083, 6.629782842000054 ], [ 80.084433503000071, 6.629425916000059 ], [ 80.084028616000069, 6.629793803000041 ], [ 80.08359024400005, 6.629866881000055 ], [ 80.083596804000081, 6.630651645000057 ], [ 80.083180834000075, 6.631074066000053 ], [ 80.083409956000082, 6.631489732000034 ], [ 80.082752102000029, 6.632749682000053 ], [ 80.082130352000036, 6.632488026000033 ], [ 80.081586826000034, 6.632752836000066 ], [ 80.081309748000081, 6.632410314000026 ], [ 80.080242283000075, 6.632611508000025 ], [ 80.079521113000055, 6.630318973000044 ], [ 80.078675059000034, 6.628587811000045 ], [ 80.077383095000073, 6.626879052000049 ], [ 80.076763817000085, 6.62638202200003 ], [ 80.073492653000073, 6.624641578000023 ], [ 80.07332483700003, 6.62516636600003 ], [ 80.073121573000037, 6.624976325000034 ], [ 80.072274526000058, 6.625574610000058 ], [ 80.071146549000048, 6.627307340000073 ], [ 80.07075683100004, 6.628225789000055 ], [ 80.070477016000041, 6.629705436000052 ], [ 80.070836025000062, 6.629709467000055 ], [ 80.07085313400006, 6.630119213000057 ], [ 80.070442481000043, 6.629880779000075 ], [ 80.070287478000068, 6.630451783000069 ], [ 80.069770734000031, 6.631089548000034 ], [ 80.070666680000045, 6.631771291000064 ], [ 80.070955800000036, 6.631076042000075 ], [ 80.071156262000045, 6.631415788000027 ], [ 80.070931776000066, 6.631908097000064 ], [ 80.071639445000073, 6.632820709000043 ], [ 80.071850841000071, 6.633871267000075 ], [ 80.072789992000082, 6.633552590000022 ], [ 80.072879120000039, 6.633786297000029 ], [ 80.071874189000084, 6.634172645000035 ], [ 80.071880214000032, 6.634404928000038 ], [ 80.072103987000048, 6.634488833000034 ], [ 80.072795385000063, 6.634225635000064 ], [ 80.072876851000046, 6.634579836000057 ], [ 80.071904, 6.63491030800003 ], [ 80.072023590000072, 6.636589325000045 ], [ 80.071596882000051, 6.637376604000053 ], [ 80.07181313500007, 6.637493552000024 ], [ 80.071212768000066, 6.63928652200002 ], [ 80.071192044000043, 6.639946271000042 ], [ 80.070039043000065, 6.640812672000038 ], [ 80.069780555000079, 6.641709179000031 ], [ 80.069385096000076, 6.64216319600007 ], [ 80.069132760000059, 6.642212262000044 ], [ 80.068688790000067, 6.641693103000023 ], [ 80.068106801000056, 6.641896132000056 ], [ 80.068064357000083, 6.643130619000033 ], [ 80.06762952400004, 6.644343012000036 ], [ 80.067695957000069, 6.644738673000063 ], [ 80.067088889000047, 6.64491533000006 ], [ 80.066930287000048, 6.645424923000064 ], [ 80.064594706000037, 6.645211619000065 ], [ 80.063112233000084, 6.645676717000072 ], [ 80.061365580000086, 6.645587116000058 ], [ 80.060743051000031, 6.646062401000052 ], [ 80.060381782000036, 6.64692062000006 ], [ 80.059571649000077, 6.645440326000028 ], [ 80.058780348000084, 6.644578568000043 ], [ 80.058111048000058, 6.644449231000067 ], [ 80.057450612000082, 6.645403274000046 ], [ 80.057002372000056, 6.644814892000056 ], [ 80.05652167900007, 6.644858073000023 ], [ 80.056106653000029, 6.645885367000062 ], [ 80.055938754000067, 6.647067413000059 ], [ 80.056426886000054, 6.64733224400004 ], [ 80.056285684000045, 6.647568513000067 ], [ 80.055587613000057, 6.648390978000066 ], [ 80.054807821000054, 6.647949278000056 ], [ 80.054056212000035, 6.648356797000076 ], [ 80.053862310000056, 6.648619870000061 ], [ 80.053903130000037, 6.648981406000075 ], [ 80.053488747000074, 6.649454235000064 ], [ 80.052884560000052, 6.649140334000037 ], [ 80.053221413000074, 6.648741642000061 ], [ 80.052947233000054, 6.647254371000031 ], [ 80.052388637000035, 6.646904719000077 ], [ 80.051837535000061, 6.646058176000054 ], [ 80.051704336000057, 6.644727873000022 ], [ 80.052027566000049, 6.644089540000039 ], [ 80.051316202000066, 6.644369567000069 ], [ 80.050766142000043, 6.644877063000024 ], [ 80.050918231000082, 6.645376927000029 ], [ 80.050316075000069, 6.645905455000047 ], [ 80.050175160000038, 6.645666270000049 ], [ 80.049472650000041, 6.645729552000034 ], [ 80.049270307000029, 6.64510241000005 ], [ 80.048711720000085, 6.645044197000061 ], [ 80.048248794000074, 6.645420613000056 ], [ 80.052000356000065, 6.648788232000072 ], [ 80.054629495000086, 6.650620048000064 ], [ 80.055916133000039, 6.652319446000035 ], [ 80.055722822000064, 6.653636440000071 ], [ 80.056661247000079, 6.655532414000049 ], [ 80.056943839000041, 6.656545417000075 ], [ 80.05677654200008, 6.65864540900003 ], [ 80.056482794000033, 6.659454295000046 ], [ 80.056727264000074, 6.660383653000054 ], [ 80.056682275000071, 6.661266326000032 ], [ 80.057906028000048, 6.661010791000024 ], [ 80.058698250000077, 6.662397724000073 ], [ 80.058535672000062, 6.66293507000006 ], [ 80.057874076000076, 6.663514734000046 ], [ 80.056933312000069, 6.665010006000045 ], [ 80.056531078000035, 6.665356205000023 ], [ 80.055770505000055, 6.665297517000056 ], [ 80.055090143000029, 6.665490532000035 ], [ 80.055090533000055, 6.665919895000059 ], [ 80.056395473000066, 6.666952140000035 ], [ 80.061498128000039, 6.668935069000042 ], [ 80.064168792000032, 6.671635113000036 ], [ 80.062146037000048, 6.67686578100006 ], [ 80.061853401000064, 6.678088548000062 ], [ 80.061901941000031, 6.678604843000073 ], [ 80.062400182000033, 6.678928420000034 ], [ 80.062404361000063, 6.67935673900007 ], [ 80.061937561000036, 6.680242447000069 ], [ 80.062152279000031, 6.680705534000026 ], [ 80.061943022000037, 6.681018234000021 ], [ 80.061237716000051, 6.681067996000024 ], [ 80.062556966000045, 6.681518241000049 ], [ 80.062686824000082, 6.681850526000062 ], [ 80.061984930000051, 6.683309905000044 ], [ 80.061956508000037, 6.68435370900005 ], [ 80.062615486000084, 6.684643501000039 ], [ 80.062501718000078, 6.685041898000065 ], [ 80.061915355000053, 6.68495445700006 ], [ 80.061291760000074, 6.686640342000032 ], [ 80.059963491000076, 6.687886158000026 ], [ 80.059303215000057, 6.688079174000052 ], [ 80.059281774000056, 6.688305552000031 ], [ 80.058247908000055, 6.689012565000041 ], [ 80.057965211000067, 6.689494268000033 ], [ 80.057718474000069, 6.689443381000046 ], [ 80.057675442000061, 6.689915542000051 ], [ 80.056023628000048, 6.689732886000058 ], [ 80.05597536700003, 6.690005562000067 ], [ 80.056773376000081, 6.690659647000075 ], [ 80.056656346000068, 6.690794930000038 ], [ 80.055798296000034, 6.690732282000056 ], [ 80.055340691000083, 6.691137967000031 ], [ 80.055519160000074, 6.691556097000046 ], [ 80.054980126000032, 6.693168476000039 ], [ 80.055089624000061, 6.69362858900007 ], [ 80.055673282000043, 6.694246862000057 ], [ 80.056396775000053, 6.693411881000031 ], [ 80.058594927000058, 6.692152319000058 ], [ 80.059393253000053, 6.69218150100005 ], [ 80.060203197000078, 6.692605315000037 ], [ 80.060271709000062, 6.692857918000072 ], [ 80.060504868000066, 6.692584467000074 ], [ 80.06100577400008, 6.692914915000074 ], [ 80.061253776000058, 6.692667048000033 ], [ 80.061790244000065, 6.692850207000049 ], [ 80.061935645000062, 6.692612907000068 ], [ 80.062495252000076, 6.692978847000063 ], [ 80.062556264000079, 6.693368089000046 ], [ 80.063935790000073, 6.693991942000025 ], [ 80.064227344000074, 6.694475788000034 ], [ 80.064833124000074, 6.696840110000039 ], [ 80.064282319000085, 6.698647987000072 ], [ 80.064371530000074, 6.699046337000027 ], [ 80.066380622000054, 6.699294460000033 ], [ 80.066904865000083, 6.699866327000052 ], [ 80.068088339000042, 6.699294749000046 ], [ 80.069298666000066, 6.699191939000059 ], [ 80.069315525000036, 6.699664754000025 ], [ 80.070031734000054, 6.699580357000059 ], [ 80.070018822000065, 6.700281600000039 ], [ 80.070756255000049, 6.700538368000025 ], [ 80.070661450000046, 6.700807330000032 ], [ 80.071467128000052, 6.701347113000054 ], [ 80.071986973000037, 6.701655859000027 ], [ 80.072307365000086, 6.701153384000065 ], [ 80.072522224000068, 6.701200899000071 ], [ 80.073231252000085, 6.701972150000074 ], [ 80.073258432000046, 6.702361910000036 ], [ 80.07352766200006, 6.702622486000053 ], [ 80.074295937000045, 6.702031445000046 ], [ 80.07491796000005, 6.701933756000074 ], [ 80.075078485000063, 6.702286732000061 ], [ 80.074785114000065, 6.703054604000044 ], [ 80.07539292000007, 6.704252907000068 ], [ 80.075537050000037, 6.704235008000069 ], [ 80.075604393000049, 6.70470947900003 ], [ 80.075444950000076, 6.705366124000022 ], [ 80.075075561000062, 6.705629521000048 ], [ 80.075086032000058, 6.706279608000045 ], [ 80.076348364000069, 6.706540217000054 ], [ 80.07636597100003, 6.707368136000071 ], [ 80.076780069000051, 6.708467158000076 ], [ 80.077733809000051, 6.708846933000075 ], [ 80.078534286000036, 6.708822568000073 ], [ 80.078709384000035, 6.70866324800005 ], [ 80.078638341000044, 6.707790163000027 ], [ 80.080061207000085, 6.707668144000024 ], [ 80.080593768000085, 6.70800702300005 ], [ 80.082253896000054, 6.70815607000003 ], [ 80.082172531000083, 6.709064118000072 ], [ 80.082775568000045, 6.708986746000051 ], [ 80.082854161000057, 6.708811041000047 ], [ 80.084130329000061, 6.708855020000044 ], [ 80.084095212000079, 6.70867619400002 ], [ 80.08446654800008, 6.708546515000023 ], [ 80.084842083000069, 6.709294215000057 ], [ 80.084867615000064, 6.709996662000037 ], [ 80.085029896000037, 6.709949481000024 ], [ 80.085307436000051, 6.71066995700005 ], [ 80.085259206000046, 6.711824291000028 ], [ 80.08546466100006, 6.711677764000058 ], [ 80.085940776000029, 6.711752030000071 ], [ 80.086096119000047, 6.712407814000073 ], [ 80.085904123000034, 6.712889852000046 ], [ 80.086296569000069, 6.713525915000048 ], [ 80.08614063400006, 6.713760549000028 ], [ 80.08625199100004, 6.715884007000056 ], [ 80.086126257000046, 6.716148690000068 ], [ 80.087362799000061, 6.716910358000064 ], [ 80.088244989000032, 6.718017914000029 ], [ 80.088164103000054, 6.71899445300005 ], [ 80.08861876900005, 6.720181300000036 ], [ 80.088274716000058, 6.720585670000048 ], [ 80.088514381000039, 6.720640160000073 ], [ 80.088334198000041, 6.721098100000063 ], [ 80.088514867000072, 6.721750321000059 ], [ 80.090399385000069, 6.720914236000056 ], [ 80.091332847000047, 6.721088967000071 ], [ 80.090639371000066, 6.723565619000055 ], [ 80.09076058800008, 6.723638018000031 ], [ 80.09172794300008, 6.723166339000045 ], [ 80.091960380000046, 6.723160292000046 ], [ 80.092017985000041, 6.72340489100003 ], [ 80.092728443000055, 6.723201998000036 ], [ 80.092850303000034, 6.722945435000042 ], [ 80.093260992000069, 6.722761783000067 ], [ 80.094674465000082, 6.722520996000071 ], [ 80.095458819000044, 6.723042590000034 ], [ 80.096387459000084, 6.724083187000076 ], [ 80.097445813000036, 6.724606933000075 ], [ 80.09764236400008, 6.725300286000049 ], [ 80.097493224000061, 6.725701616000038 ], [ 80.09811320700004, 6.726189015000045 ], [ 80.098858675000031, 6.72631737200004 ], [ 80.099332306000065, 6.725858247000076 ], [ 80.099160634000043, 6.725396726000042 ], [ 80.099794295000038, 6.725441627000066 ], [ 80.100392946000056, 6.724496920000036 ], [ 80.101337733000037, 6.723841711000034 ], [ 80.101777366000078, 6.72436102100005 ], [ 80.103159551000033, 6.724456713000052 ], [ 80.103941133000035, 6.724138144000051 ], [ 80.104583238000032, 6.72361075200007 ], [ 80.105529251000064, 6.723451270000055 ], [ 80.106796769000084, 6.721998339000038 ], [ 80.107894803000079, 6.721841552000058 ], [ 80.108066715000064, 6.721082392000028 ], [ 80.108632485000044, 6.720963365000046 ] ] ] } },
{ "type": "Feature", "properties": { "ADM3_EN": "Millaniya", "ADM3_PCODE": "LK1318", "ADM2_EN": "Kalutara" }, "geometry": { "type": "Polygon", "coordinates": [ [ [ 80.055673282000043, 6.694246862000057 ], [ 80.054976852000038, 6.693394841000043 ], [ 80.055313132000038, 6.691816686000038 ], [ 80.055519160000074, 6.691556097000046 ], [ 80.055340691000083, 6.691137967000031 ], [ 80.055798296000034, 6.690732282000056 ], [ 80.056656346000068, 6.690794930000038 ], [ 80.056773376000081, 6.690659647000075 ], [ 80.05597536700003, 6.690005562000067 ], [ 80.056023628000048, 6.689732886000058 ], [ 80.057675442000061, 6.689915542000051 ], [ 80.057718474000069, 6.689443381000046 ], [ 80.057965211000067, 6.689494268000033 ], [ 80.058247908000055, 6.689012565000041 ], [ 80.059281774000056, 6.688305552000031 ], [ 80.059303215000057, 6.688079174000052 ], [ 80.059963491000076, 6.687886158000026 ], [ 80.061291760000074, 6.686640342000032 ], [ 80.061915355000053, 6.68495445700006 ], [ 80.062501718000078, 6.685041898000065 ], [ 80.062615486000084, 6.684643501000039 ], [ 80.061956508000037, 6.68435370900005 ], [ 80.061984930000051, 6.683309905000044 ], [ 80.062686824000082, 6.681850526000062 ], [ 80.062556966000045, 6.681518241000049 ], [ 80.061237716000051, 6.681067996000024 ], [ 80.061943022000037, 6.681018234000021 ], [ 80.062152279000031, 6.680705534000026 ], [ 80.061937561000036, 6.680242447000069 ], [ 80.062404361000063, 6.67935673900007 ], [ 80.062400182000033, 6.678928420000034 ], [ 80.061901941000031, 6.678604843000073 ], [ 80.061853401000064, 6.678088548000062 ], [ 80.062146037000048, 6.67686578100006 ], [ 80.064168792000032, 6.671635113000036 ], [ 80.061498128000039, 6.668935069000042 ], [ 80.056395473000066, 6.666952140000035 ], [ 80.055090533000055, 6.665919895000059 ], [ 80.055090143000029, 6.665490532000035 ], [ 80.055770505000055, 6.665297517000056 ], [ 80.056531078000035, 6.665356205000023 ], [ 80.056933312000069, 6.665010006000045 ], [ 80.057874076000076, 6.663514734000046 ], [ 80.058535672000062, 6.66293507000006 ], [ 80.058698250000077, 6.662397724000073 ], [ 80.057906028000048, 6.661010791000024 ], [ 80.056682275000071, 6.661266326000032 ], [ 80.056727264000074, 6.660383653000054 ], [ 80.056482794000033, 6.659454295000046 ], [ 80.05677654200008, 6.65864540900003 ], [ 80.056943839000041, 6.656545417000075 ], [ 80.056661247000079, 6.655532414000049 ], [ 80.055722822000064, 6.653636440000071 ], [ 80.055916133000039, 6.652319446000035 ], [ 80.054629495000086, 6.650620048000064 ], [ 80.052000356000065, 6.648788232000072 ], [ 80.048248794000074, 6.645420613000056 ], [ 80.048711720000085, 6.645044197000061 ], [ 80.049270307000029, 6.64510241000005 ], [ 80.049472650000041, 6.645729552000034 ], [ 80.050175160000038, 6.645666270000049 ], [ 80.050316075000069, 6.645905455000047 ], [ 80.050918231000082, 6.645376927000029 ], [ 80.050766142000043, 6.644877063000024 ], [ 80.051316202000066, 6.644369567000069 ], [ 80.052027566000049, 6.644089540000039 ], [ 80.051704336000057, 6.644727873000022 ], [ 80.051837535000061, 6.646058176000054 ], [ 80.052388637000035, 6.646904719000077 ], [ 80.052947233000054, 6.647254371000031 ], [ 80.053221413000074, 6.648741642000061 ], [ 80.052884560000052, 6.649140334000037 ], [ 80.053488747000074, 6.649454235000064 ], [ 80.053903130000037, 6.648981406000075 ], [ 80.053862310000056, 6.648619870000061 ], [ 80.054056212000035, 6.648356797000076 ], [ 80.054807821000054, 6.647949278000056 ], [ 80.055587613000057, 6.648390978000066 ], [ 80.056285684000045, 6.647568513000067 ], [ 80.056426886000054, 6.64733224400004 ], [ 80.055938754000067, 6.647067413000059 ], [ 80.056106653000029, 6.645885367000062 ], [ 80.05652167900007, 6.644858073000023 ], [ 80.057002372000056, 6.644814892000056 ], [ 80.057450612000082, 6.645403274000046 ], [ 80.058111048000058, 6.644449231000067 ], [ 80.058780348000084, 6.644578568000043 ], [ 80.059571649000077, 6.645440326000028 ], [ 80.060381782000036, 6.64692062000006 ], [ 80.060743051000031, 6.646062401000052 ], [ 80.061365580000086, 6.645587116000058 ], [ 80.063112233000084, 6.645676717000072 ], [ 80.064594706000037, 6.645211619000065 ], [ 80.066930287000048, 6.645424923000064 ], [ 80.067088889000047, 6.64491533000006 ], [ 80.067695957000069, 6.644738673000063 ], [ 80.06762952400004, 6.644343012000036 ], [ 80.068064357000083, 6.643130619000033 ], [ 80.068106801000056, 6.641896132000056 ], [ 80.068688790000067, 6.641693103000023 ], [ 80.069132760000059, 6.642212262000044 ], [ 80.069385096000076, 6.64216319600007 ], [ 80.069780555000079, 6.641709179000031 ], [ 80.070039043000065, 6.640812672000038 ], [ 80.071192044000043, 6.639946271000042 ], [ 80.071212768000066, 6.63928652200002 ], [ 80.07181313500007, 6.637493552000024 ], [ 80.071596882000051, 6.637376604000053 ], [ 80.072023590000072, 6.636589325000045 ], [ 80.071904, 6.63491030800003 ], [ 80.072876851000046, 6.634579836000057 ], [ 80.072795385000063, 6.634225635000064 ], [ 80.072103987000048, 6.634488833000034 ], [ 80.071880214000032, 6.634404928000038 ], [ 80.071874189000084, 6.634172645000035 ], [ 80.072879120000039, 6.633786297000029 ], [ 80.072789992000082, 6.633552590000022 ], [ 80.071850841000071, 6.633871267000075 ], [ 80.071639445000073, 6.632820709000043 ], [ 80.070931776000066, 6.631908097000064 ], [ 80.071156262000045, 6.631415788000027 ], [ 80.070955800000036, 6.631076042000075 ], [ 80.070666680000045, 6.631771291000064 ], [ 80.069770734000031, 6.631089548000034 ], [ 80.070287478000068, 6.630451783000069 ], [ 80.070442481000043, 6.629880779000075 ], [ 80.07085313400006, 6.630119213000057 ], [ 80.070836025000062, 6.629709467000055 ], [ 80.070477016000041, 6.629705436000052 ], [ 80.07075683100004, 6.628225789000055 ], [ 80.071146549000048, 6.627307340000073 ], [ 80.072274526000058, 6.625574610000058 ], [ 80.073121573000037, 6.624976325000034 ], [ 80.07332483700003, 6.62516636600003 ], [ 80.073492653000073, 6.624641578000023 ], [ 80.07040035600005, 6.623087038000051 ], [ 80.063505725000084, 6.61869831100006 ], [ 80.061668129000054, 6.616879735000055 ], [ 80.061205506000078, 6.615959494000037 ], [ 80.060770321000064, 6.61318628500004 ], [ 80.059490764000032, 6.610150692000047 ], [ 80.056870701000037, 6.602812124000025 ], [ 80.053693749000047, 6.592602446000058 ], [ 80.052739874000054, 6.590794607000021 ], [ 80.05184418500005, 6.589603339000064 ], [ 80.05078534200004, 6.588621346000025 ], [ 80.050021166000079, 6.588314637000053 ], [ 80.048498985000037, 6.588223020000044 ], [ 80.047183715000074, 6.58884239200006 ], [ 80.046171111000035, 6.591020319000052 ], [ 80.04571065500005, 6.59161143700004 ], [ 80.04491865500006, 6.592112361000034 ], [ 80.044252573000051, 6.591860073000021 ], [ 80.043798516000038, 6.590817680000043 ], [ 80.043272726000055, 6.590169244000037 ], [ 80.042566557000043, 6.590218680000021 ], [ 80.039617500000077, 6.593340815000033 ], [ 80.036483999000041, 6.597171874000026 ], [ 80.035163196000042, 6.597778068000025 ], [ 80.034196221000059, 6.597505075000072 ], [ 80.033726343000069, 6.597100413000021 ], [ 80.033320703000072, 6.597100413000021 ], [ 80.028599548000045, 6.601790154000071 ], [ 80.028358012000069, 6.602789005000034 ], [ 80.028505565000046, 6.604268043000047 ], [ 80.028154732000075, 6.606986366000058 ], [ 80.027856411000073, 6.613902377000045 ], [ 80.027172657000051, 6.617806162000022 ], [ 80.027206912000054, 6.620531544000073 ], [ 80.026899265000054, 6.622967582000058 ], [ 80.025285856000039, 6.625470136000047 ], [ 80.02403984700004, 6.626360448000071 ], [ 80.022859547000053, 6.626760398000044 ], [ 80.02103857700007, 6.626731291000056 ], [ 80.01965412100003, 6.626375193000058 ], [ 80.018860044000064, 6.626459605000036 ], [ 80.016815376000068, 6.628242814000032 ], [ 80.014328636000073, 6.629967756000042 ], [ 80.013066019000064, 6.631190434000075 ], [ 80.011690978000047, 6.633331926000039 ], [ 80.010759438000036, 6.634279474000039 ], [ 80.009808295000084, 6.634785611000041 ], [ 80.009929830000033, 6.635974396000051 ], [ 80.009126736000042, 6.639135891000024 ], [ 80.007348371000035, 6.638651310000057 ], [ 80.005753865000031, 6.637547072000075 ], [ 80.005214051000053, 6.637406557000077 ], [ 80.003578709000067, 6.637834971000075 ], [ 80.002928691000079, 6.637633299000072 ], [ 80.002457326000069, 6.637936889000059 ], [ 80.001923791000081, 6.639067132000037 ], [ 80.001093510000032, 6.639779920000024 ], [ 80.000416519000055, 6.639771708000069 ], [ 79.999681989000067, 6.639499322000063 ], [ 79.998651962000054, 6.639585105000037 ], [ 79.997447059000081, 6.64010231900005 ], [ 79.996447725000053, 6.640992914000037 ], [ 79.99387259100007, 6.644983033000074 ], [ 79.992477625000049, 6.647752479000076 ], [ 79.992184408000071, 6.649814563000064 ], [ 79.991687540000044, 6.650691511000048 ], [ 79.990291202000037, 6.652286283000024 ], [ 79.989667996000037, 6.654353240000034 ], [ 79.988422644000082, 6.656926955000074 ], [ 79.987345751000078, 6.660409573000038 ], [ 79.986710685000048, 6.66144739300006 ], [ 79.986299520000046, 6.663541855000062 ], [ 79.98638952500005, 6.666441393000071 ], [ 79.987196864000055, 6.668417783000052 ], [ 79.987199105000059, 6.669227091000039 ], [ 79.986373090000029, 6.671061726000062 ], [ 79.986168114000066, 6.672140010000021 ], [ 79.986120870000036, 6.674311035000073 ], [ 79.985636644000067, 6.675470165000036 ], [ 79.985321350000049, 6.676008313000068 ], [ 79.983812895000085, 6.677123811000058 ], [ 79.983075921000079, 6.677926979000063 ], [ 79.982978962000061, 6.681345752000027 ], [ 79.982718170000055, 6.682381623000026 ], [ 79.983571075000043, 6.682174506000024 ], [ 79.984255201000053, 6.68233351300006 ], [ 79.98461711300007, 6.682124351000027 ], [ 79.985581292000063, 6.682610664000038 ], [ 79.986102463000066, 6.683758499000021 ], [ 79.987619487000075, 6.685255270000027 ], [ 79.988734740000041, 6.685355237000067 ], [ 79.989477550000061, 6.68473437800003 ], [ 79.989650424000047, 6.684370996000041 ], [ 79.989976034000051, 6.684266247000039 ], [ 79.990745730000071, 6.684789040000055 ], [ 79.991155353000067, 6.685759055000062 ], [ 79.992595412000071, 6.686337538000032 ], [ 79.992841146000046, 6.686733864000075 ], [ 79.993293057000074, 6.686311508000074 ], [ 79.993615037000041, 6.686366729000042 ], [ 79.99382066000004, 6.686167399000055 ], [ 79.996969058000047, 6.687764504000029 ], [ 80.002184005000061, 6.68844047500005 ], [ 80.003251534000071, 6.688845196000045 ], [ 80.003588758000035, 6.690360379000026 ], [ 80.004177278000043, 6.691393864000077 ], [ 80.005146265000064, 6.689913954000076 ], [ 80.005838832000052, 6.688213513000051 ], [ 80.006592039000054, 6.687176796000074 ], [ 80.007326610000064, 6.686835775000077 ], [ 80.008419605000086, 6.687014988000044 ], [ 80.008882551000056, 6.686813190000066 ], [ 80.009477129000061, 6.68715078200006 ], [ 80.007542478000062, 6.690551145000029 ], [ 80.007663516000036, 6.69125785500006 ], [ 80.008421511000051, 6.692012360000035 ], [ 80.010459472000036, 6.690733820000048 ], [ 80.011474375000034, 6.690988254000047 ], [ 80.011636641000052, 6.691379457000039 ], [ 80.01161916600006, 6.692854965000038 ], [ 80.012551406000057, 6.692979110000067 ], [ 80.012533890000043, 6.693173729000023 ], [ 80.013258384000039, 6.69333864500004 ], [ 80.013404838000042, 6.693730377000065 ], [ 80.013030649000029, 6.694643657000029 ], [ 80.012954063000052, 6.695413039000073 ], [ 80.013277040000048, 6.695690336000041 ], [ 80.013365932000056, 6.69635601400006 ], [ 80.012907485000085, 6.696935244000031 ], [ 80.012814717000083, 6.697497816000066 ], [ 80.01237418900007, 6.697633025000073 ], [ 80.012165875000051, 6.697403021000071 ], [ 80.011847977000059, 6.697469517000059 ], [ 80.012277664000067, 6.698149655000066 ], [ 80.012233146000085, 6.698461568000027 ], [ 80.011700239000049, 6.698908614000061 ], [ 80.011570504000076, 6.698698834000027 ], [ 80.011231255000041, 6.700925755000071 ], [ 80.011011056000029, 6.701319045000048 ], [ 80.011050329000057, 6.702544100000068 ], [ 80.01139244400008, 6.703503709000074 ], [ 80.011614196000039, 6.70356533000006 ], [ 80.011837615000047, 6.705499214000042 ], [ 80.012193523000064, 6.705525078000051 ], [ 80.012363836000077, 6.705777014000034 ], [ 80.012319632000072, 6.706459079000069 ], [ 80.012048569000058, 6.706547845000046 ], [ 80.012084881000078, 6.707139320000067 ], [ 80.011832146000074, 6.707172597000067 ], [ 80.011802241000055, 6.707766928000069 ], [ 80.012041527000065, 6.708486270000037 ], [ 80.013273406000053, 6.710116280000022 ], [ 80.014180316000079, 6.710541681000052 ], [ 80.014650539000058, 6.71146073400007 ], [ 80.015584705000038, 6.711165197000071 ], [ 80.016310712000063, 6.710534885000072 ], [ 80.017610700000034, 6.710820514000034 ], [ 80.017624843000078, 6.713154899000074 ], [ 80.017864648000057, 6.713614388000053 ], [ 80.01777587600003, 6.714056871000025 ], [ 80.017983978000075, 6.714399403000073 ], [ 80.018170908000059, 6.715819226000065 ], [ 80.017940016000068, 6.715921049000031 ], [ 80.01773028000008, 6.716787177000072 ], [ 80.01782410900006, 6.717816180000057 ], [ 80.020788103000029, 6.719001081000044 ], [ 80.022799884000051, 6.719406664000076 ], [ 80.02265058200004, 6.720326963000048 ], [ 80.022966068000073, 6.720445182000049 ], [ 80.02269324100007, 6.72080603400002 ], [ 80.022588578000068, 6.72191127800005 ], [ 80.023505829000044, 6.72219866000006 ], [ 80.023570156000062, 6.721753910000075 ], [ 80.023804851000079, 6.721804274000021 ], [ 80.023581794000052, 6.721371429000044 ], [ 80.023807813000076, 6.720781306000049 ], [ 80.024673821000079, 6.721586169000034 ], [ 80.024606981000034, 6.721766484000057 ], [ 80.02500462200004, 6.721770004000064 ], [ 80.025036663000037, 6.722005213000045 ], [ 80.025316263000036, 6.722141339000075 ], [ 80.025572150000073, 6.722032700000057 ], [ 80.026451572000042, 6.720260970000027 ], [ 80.027154080000059, 6.71969711600002 ], [ 80.027234760000056, 6.719140819000074 ], [ 80.027918316000068, 6.719126040000049 ], [ 80.028437852000081, 6.716762947000063 ], [ 80.028231474000052, 6.714657509000062 ], [ 80.029025065000042, 6.713105384000073 ], [ 80.029231267000057, 6.711807287000056 ], [ 80.029938902000083, 6.712168345000066 ], [ 80.03091941200006, 6.71311954600003 ], [ 80.031533383000067, 6.713296718000038 ], [ 80.032733661000066, 6.713026863000039 ], [ 80.033067631000051, 6.713236276000032 ], [ 80.033212174000084, 6.712919687000067 ], [ 80.033603865000032, 6.712779026000021 ], [ 80.034581871000057, 6.713042556000062 ], [ 80.035964389000071, 6.714676041000075 ], [ 80.036977755000066, 6.715371828000059 ], [ 80.03818771300007, 6.715645464000033 ], [ 80.038925056000039, 6.716114009000023 ], [ 80.038956318000032, 6.716399620000061 ], [ 80.039245233000031, 6.716350332000047 ], [ 80.04016305500005, 6.71691206600002 ], [ 80.040758771000071, 6.717006765000065 ], [ 80.040983213000061, 6.717667435000067 ], [ 80.041601051000043, 6.718353101000048 ], [ 80.04179494400006, 6.719218780000062 ], [ 80.043057489000034, 6.719326316000036 ], [ 80.042684413000075, 6.718867715000044 ], [ 80.042192600000078, 6.718653112000027 ], [ 80.042584991000069, 6.718197991000068 ], [ 80.044367958000066, 6.717728506000071 ], [ 80.044606600000066, 6.717457830000058 ], [ 80.045116073000031, 6.717609810000056 ], [ 80.045308141000078, 6.717251929000042 ], [ 80.046127763000072, 6.717996921000065 ], [ 80.047669806000044, 6.71832230900003 ], [ 80.047523362000049, 6.717681440000035 ], [ 80.046422300000074, 6.716069225000069 ], [ 80.046736507000048, 6.714263369000037 ], [ 80.046425638000073, 6.713145229000077 ], [ 80.04687960900003, 6.713184376000072 ], [ 80.046833677000052, 6.713360221000073 ], [ 80.047085244000073, 6.713558041000056 ], [ 80.047437889000037, 6.71312077400006 ], [ 80.048260611000046, 6.712630362000027 ], [ 80.049850743000036, 6.712974441000028 ], [ 80.050629865000076, 6.711978406000071 ], [ 80.051274679000073, 6.711819869000067 ], [ 80.053268557000081, 6.708908883000049 ], [ 80.054028852000044, 6.706710413000053 ], [ 80.053331049000064, 6.705721113000038 ], [ 80.052978997000082, 6.705539102000046 ], [ 80.052784909000081, 6.704975103000038 ], [ 80.053277411000067, 6.703358197000057 ], [ 80.054010563000077, 6.703304382000056 ], [ 80.054595346000042, 6.702487224000038 ], [ 80.053635043000043, 6.701756336000074 ], [ 80.05358489200006, 6.701347093000038 ], [ 80.055367880000063, 6.695759409000061 ], [ 80.055673282000043, 6.694246862000057 ] ] ] } },
{ "type": "Feature", "properties": { "ADM3_EN": "Kalutara", "ADM3_PCODE": "LK1321", "ADM2_EN": "Kalutara" }, "geometry": { "type": "Polygon", "coordinates": [ [ [ 79.982718170000055, 6.682381623000026 ], [ 79.982978962000061, 6.681345752000027 ], [ 79.983075921000079, 6.677926979000063 ], [ 79.983812895000085, 6.677123811000058 ], [ 79.985321350000049, 6.676008313000068 ], [ 79.985636644000067, 6.675470165000036 ], [ 79.986120870000036, 6.674311035000073 ], [ 79.986168114000066, 6.672140010000021 ], [ 79.986373090000029, 6.671061726000062 ], [ 79.987199105000059, 6.669227091000039 ], [ 79.987196864000055, 6.668417783000052 ], [ 79.98638952500005, 6.666441393000071 ], [ 79.986299520000046, 6.663541855000062 ], [ 79.986710685000048, 6.66144739300006 ], [ 79.987345751000078, 6.660409573000038 ], [ 79.988422644000082, 6.656926955000074 ], [ 79.989667996000037, 6.654353240000034 ], [ 79.990291202000037, 6.652286283000024 ], [ 79.991687540000044, 6.650691511000048 ], [ 79.992184408000071, 6.649814563000064 ], [ 79.992477625000049, 6.647752479000076 ], [ 79.99387259100007, 6.644983033000074 ], [ 79.996870258000058, 6.640495353000063 ], [ 79.998651962000054, 6.639585105000037 ], [ 79.999681989000067, 6.639499322000063 ], [ 80.000416519000055, 6.639771708000069 ], [ 80.001093510000032, 6.639779920000024 ], [ 80.001923791000081, 6.639067132000037 ], [ 80.002712292000069, 6.637694210000063 ], [ 80.003578709000067, 6.637834971000075 ], [ 80.005214051000053, 6.637406557000077 ], [ 80.005753865000031, 6.637547072000075 ], [ 80.007348371000035, 6.638651310000057 ], [ 80.009126736000042, 6.639135891000024 ], [ 80.009950519000085, 6.635481440000035 ], [ 80.00980885000007, 6.634784791000072 ], [ 80.009054567000078, 6.634644598000023 ], [ 80.008865409000066, 6.634018456000035 ], [ 80.008997801000078, 6.632276218000072 ], [ 80.008846455000082, 6.631485438000027 ], [ 80.008388677000084, 6.630804178000062 ], [ 80.004756462000046, 6.628224135000039 ], [ 80.004235791000042, 6.628046102000042 ], [ 79.997344202000079, 6.628333750000024 ], [ 79.992343234000032, 6.628241738000042 ], [ 79.990108726000074, 6.627435133000063 ], [ 79.98989471200008, 6.627079051000067 ], [ 79.98995175500005, 6.625189754000075 ], [ 79.989716496000085, 6.623712670000032 ], [ 79.989308831000073, 6.622066632000042 ], [ 79.988882774000047, 6.621270209000045 ], [ 79.988172887000076, 6.620859018000033 ], [ 79.987480528000049, 6.620763712000041 ], [ 79.986010695000061, 6.621468391000064 ], [ 79.984358214000054, 6.621712504000072 ], [ 79.98314909000004, 6.621272096000041 ], [ 79.98244204000008, 6.62050849000002 ], [ 79.982029040000043, 6.619562745000053 ], [ 79.981860194000035, 6.618402868000032 ], [ 79.980282284000054, 6.614088465000066 ], [ 79.979164108000077, 6.612835768000025 ], [ 79.977393350000057, 6.611406698000053 ], [ 79.976842795000039, 6.610033777000069 ], [ 79.982032078000032, 6.607738353000059 ], [ 79.983182861000046, 6.607788378000066 ], [ 79.983551207000062, 6.607967153000061 ], [ 79.984322844000076, 6.607669417000068 ], [ 79.98500002000003, 6.607694178000031 ], [ 79.985221296000077, 6.607294036000042 ], [ 79.985558778000041, 6.607119508000039 ], [ 79.986105681000083, 6.607638956000073 ], [ 79.986333717000036, 6.607596546000025 ], [ 79.986329964000049, 6.606650425000055 ], [ 79.986644093000052, 6.605399531000046 ], [ 79.987151702000062, 6.604456567000057 ], [ 79.988097014000061, 6.603490057000045 ], [ 79.988304838000033, 6.602882818000069 ], [ 79.98861043200003, 6.602618044000053 ], [ 79.988312436000058, 6.601976752000041 ], [ 79.990697534000049, 6.601787055000045 ], [ 79.992183933000035, 6.601219683000068 ], [ 79.99296533100005, 6.600304575000052 ], [ 79.99272654300006, 6.600051156000063 ], [ 79.994132203000049, 6.599181502000022 ], [ 79.994330427000079, 6.59932397700004 ], [ 79.994397416000083, 6.599973001000023 ], [ 79.994214925000051, 6.60023398200002 ], [ 79.993650129000059, 6.600384424000026 ], [ 79.993378506000056, 6.600764366000021 ], [ 79.993567369000061, 6.601079861000073 ], [ 79.994577481000078, 6.60155641700004 ], [ 79.996014433000084, 6.601308415000062 ], [ 79.996669454000084, 6.60231122700003 ], [ 79.996786454000073, 6.603204250000033 ], [ 79.99725548300006, 6.604030922000049 ], [ 79.997510530000056, 6.604185078000057 ], [ 79.998519212000076, 6.604051906000052 ], [ 79.998889327000029, 6.604314787000021 ], [ 79.999524156000064, 6.604413374000046 ], [ 79.999364476000039, 6.604913644000021 ], [ 80.000218350000068, 6.605068159000041 ], [ 80.000384419000056, 6.60599002400005 ], [ 80.00058354500004, 6.605628067000055 ], [ 80.000917633000086, 6.603012355000033 ], [ 80.001773410000055, 6.600426059000029 ], [ 80.004234825000083, 6.596063873000048 ], [ 80.002873183000077, 6.594337627000073 ], [ 80.002543979000052, 6.59430297800003 ], [ 80.00208589600004, 6.593839337000077 ], [ 80.002126155000042, 6.593295660000024 ], [ 80.000966621000032, 6.591630962000067 ], [ 80.000444866000066, 6.590212591000068 ], [ 80.000203700000043, 6.588367594000033 ], [ 79.999320363000038, 6.588692797000022 ], [ 79.997803564000037, 6.587897319000035 ], [ 79.996548152000059, 6.587482652000062 ], [ 79.99524013100006, 6.58602563900007 ], [ 79.995739609000054, 6.585286419000056 ], [ 79.995792916000084, 6.584677761000023 ], [ 79.995573840000077, 6.584085315000038 ], [ 79.995309036000037, 6.583881083000051 ], [ 79.995314337000082, 6.58332185200004 ], [ 79.99613094800003, 6.582850602000065 ], [ 79.997139476000029, 6.582953226000029 ], [ 79.997891591000041, 6.582476632000066 ], [ 79.997885703000065, 6.582038365000074 ], [ 79.996758376000059, 6.581382331000043 ], [ 79.99739260900003, 6.580019170000071 ], [ 79.997235719000059, 6.579790023000044 ], [ 79.99671051200005, 6.579699238000046 ], [ 79.996801696000034, 6.579483314000072 ], [ 79.996970137000062, 6.579303241000048 ], [ 79.998245606000069, 6.579468224000038 ], [ 79.998124623000081, 6.57985065400004 ], [ 79.999209749000045, 6.579422248000071 ], [ 79.999594086000059, 6.578737987000068 ], [ 79.999913481000078, 6.578825069000061 ], [ 80.000162701000079, 6.578674664000062 ], [ 80.000331365000079, 6.577882766000073 ], [ 80.000470623000069, 6.577886497000065 ], [ 80.001025678000076, 6.576378186000056 ], [ 79.999363347000042, 6.575933604000056 ], [ 79.999406729000043, 6.575552424000023 ], [ 79.998660045000065, 6.575109689000044 ], [ 79.998480623000034, 6.574690629000031 ], [ 79.998817172000031, 6.574145824000027 ], [ 79.99880539000003, 6.573628341000074 ], [ 79.998049731000037, 6.573296343000038 ], [ 79.996112486000072, 6.573143990000062 ], [ 79.994899848000045, 6.572846136000067 ], [ 79.994247200000075, 6.572314139000071 ], [ 79.994251764000069, 6.571997659000033 ], [ 79.994345812000063, 6.57164487600005 ], [ 79.996158189000084, 6.571784156000035 ], [ 79.997716671000035, 6.572325610000064 ], [ 79.998136645000045, 6.572349141000075 ], [ 79.99815596500008, 6.572193910000067 ], [ 79.999195201000077, 6.572416344000032 ], [ 79.999707697000076, 6.571086714000046 ], [ 80.00031260600008, 6.568228838000039 ], [ 80.001559524000072, 6.567823513000064 ], [ 80.001795796000067, 6.567062227000065 ], [ 80.002816323000047, 6.566455061000056 ], [ 80.003190566000058, 6.565934156000026 ], [ 80.004822503000071, 6.565040828000065 ], [ 80.004507838000052, 6.564571489000059 ], [ 80.005357916000037, 6.563962969000045 ], [ 80.00599376200006, 6.563964626000029 ], [ 80.00491433500008, 6.562127826000051 ], [ 80.004896408000036, 6.561321476000046 ], [ 80.00138323200008, 6.559037037000053 ], [ 80.001971771000058, 6.558314075000055 ], [ 80.002093928000079, 6.557085875000041 ], [ 80.002314096000077, 6.556370703000027 ], [ 80.002547074000063, 6.556328634000067 ], [ 80.002046451000069, 6.555896908000022 ], [ 80.001664902000073, 6.555843192000054 ], [ 80.001852511000038, 6.555470444000036 ], [ 80.002301297000031, 6.555347270000027 ], [ 80.002437089000068, 6.554178489000037 ], [ 80.00202648800007, 6.553641474000074 ], [ 80.002209784000058, 6.552984636000076 ], [ 80.001804032000052, 6.552251746000024 ], [ 80.001314388000083, 6.552503999000066 ], [ 80.000941315000034, 6.553209386000049 ], [ 80.000523774000044, 6.553358468000056 ], [ 80.000318514000071, 6.553108937000047 ], [ 79.999884825000038, 6.554054121000036 ], [ 79.999858689000064, 6.554583068000056 ], [ 79.998816198000043, 6.555900216000055 ], [ 79.996929882000074, 6.555901377000055 ], [ 79.996387279000032, 6.55520735500005 ], [ 79.996096654000041, 6.555327036000051 ], [ 79.995957191000059, 6.555118209000057 ], [ 79.995584566000048, 6.555356080000024 ], [ 79.994656347000046, 6.555457990000036 ], [ 79.993109942000046, 6.555092882000054 ], [ 79.992967350000072, 6.55538346700007 ], [ 79.991452566000078, 6.554862511000067 ], [ 79.989726164000047, 6.554713769000045 ], [ 79.988169502000062, 6.554205307000075 ], [ 79.986873158000037, 6.55346766100007 ], [ 79.986483108000073, 6.551676541000063 ], [ 79.985681429000067, 6.549918590000061 ], [ 79.985213732000034, 6.549322768000025 ], [ 79.98413860200003, 6.548563129000058 ], [ 79.983189424000045, 6.548261690000061 ], [ 79.982874088000074, 6.548293383000043 ], [ 79.982663225000067, 6.548612307000042 ], [ 79.982269835000068, 6.548574118000033 ], [ 79.980887591000055, 6.547695141000077 ], [ 79.979906770000071, 6.547626244000071 ], [ 79.979514171000062, 6.547393041000021 ], [ 79.978793703000065, 6.547462548000055 ], [ 79.978417360000037, 6.547146066000039 ], [ 79.976678978000052, 6.546891176000031 ], [ 79.976121011000032, 6.54607130900007 ], [ 79.974368573000049, 6.545302855000045 ], [ 79.974023891000058, 6.54509076100004 ], [ 79.974065346000032, 6.544891764000056 ], [ 79.973317072000043, 6.544873342000074 ], [ 79.97298852800003, 6.544537391000063 ], [ 79.96948988500003, 6.543524170000069 ], [ 79.966697320000037, 6.550571036000065 ], [ 79.965239561000033, 6.553567070000042 ], [ 79.961587048000069, 6.564133944000048 ], [ 79.959666983000034, 6.568129203000069 ], [ 79.959196256000041, 6.57078501500007 ], [ 79.959876356000052, 6.571922486000062 ], [ 79.959105687000033, 6.572488743000065 ], [ 79.958094225000082, 6.573874913000054 ], [ 79.956070838000073, 6.581438121000076 ], [ 79.955514793000077, 6.584651947000054 ], [ 79.953270479000082, 6.590670473000046 ], [ 79.952636635000033, 6.593954772000075 ], [ 79.95090237200003, 6.59947320200007 ], [ 79.950354212000036, 6.601980747000027 ], [ 79.94898583500003, 6.604511887000058 ], [ 79.948523539000064, 6.606653626000025 ], [ 79.946603194000033, 6.612043042000039 ], [ 79.94142284000003, 6.623884866000026 ], [ 79.939284284000053, 6.630141391000052 ], [ 79.937553849000039, 6.634170370000049 ], [ 79.936584547000052, 6.637296935000052 ], [ 79.935948868000082, 6.638647238000033 ], [ 79.935845501000074, 6.63858265500005 ], [ 79.933868516000075, 6.64441019700007 ], [ 79.93179099300005, 6.649797086000035 ], [ 79.934075545000042, 6.650826249000033 ], [ 79.934529139000063, 6.649726888000032 ], [ 79.935263367000061, 6.649985742000069 ], [ 79.935446156000069, 6.649565943000027 ], [ 79.936252539000066, 6.649621274000026 ], [ 79.938119364000045, 6.650167 ], [ 79.939440821000062, 6.650100064000071 ], [ 79.940397418000032, 6.650488062000022 ], [ 79.940565703000061, 6.650253802000066 ], [ 79.94084816600008, 6.650285924000059 ], [ 79.942306611000049, 6.650690399000041 ], [ 79.942606606000084, 6.65062381000007 ], [ 79.943146953000053, 6.650034524000034 ], [ 79.94361116400006, 6.650008851000052 ], [ 79.943853630000035, 6.650290885000061 ], [ 79.944930455000076, 6.650443719000066 ], [ 79.945284852000043, 6.64878692800005 ], [ 79.948314143000061, 6.648382555000069 ], [ 79.947756222000066, 6.649976008000067 ], [ 79.948543978000032, 6.651043106000031 ], [ 79.949288509000041, 6.653003254000055 ], [ 79.949934167000038, 6.653237599000022 ], [ 79.95132645700005, 6.654261873000053 ], [ 79.951788909000072, 6.655218834000038 ], [ 79.95108549400004, 6.655477190000056 ], [ 79.95118560700007, 6.65593166900004 ], [ 79.950038375000076, 6.655981693000058 ], [ 79.94974944900008, 6.656475871000055 ], [ 79.948879781000073, 6.656626655000025 ], [ 79.945661858000051, 6.654689117000032 ], [ 79.944366635000051, 6.654502880000052 ], [ 79.944221096000035, 6.654948153000021 ], [ 79.943886590000034, 6.655153755000072 ], [ 79.942790522000053, 6.655018189000032 ], [ 79.943529844000068, 6.659030882000025 ], [ 79.942655725000066, 6.660909151000055 ], [ 79.942301073000067, 6.662277871000072 ], [ 79.942108172000076, 6.662379226000041 ], [ 79.942221457000073, 6.66253735500004 ], [ 79.942036988000041, 6.663138579000076 ], [ 79.941033786000048, 6.665413828000055 ], [ 79.94081198400005, 6.667709150000064 ], [ 79.940061968000066, 6.667964812000037 ], [ 79.940052700000081, 6.669057358000032 ], [ 79.940292172000056, 6.670028239000032 ], [ 79.941903593000063, 6.670037667000031 ], [ 79.942530992000059, 6.670825869000055 ], [ 79.94610722300007, 6.672951093000052 ], [ 79.948269277000065, 6.673328746000038 ], [ 79.94886693400008, 6.673304755000061 ], [ 79.949524460000077, 6.672853648000057 ], [ 79.949799099000074, 6.67300201300003 ], [ 79.950958501000059, 6.672824804000072 ], [ 79.951417413000058, 6.673062195000057 ], [ 79.952019293000035, 6.674920180000072 ], [ 79.952475401000072, 6.675221444000044 ], [ 79.952445089000037, 6.67546064000004 ], [ 79.952147130000071, 6.675502746000063 ], [ 79.952662577000069, 6.676983256000028 ], [ 79.953939754000032, 6.678363306000051 ], [ 79.955228842000054, 6.678870244000052 ], [ 79.955049354000039, 6.679285783000068 ], [ 79.955719654000063, 6.679832384000065 ], [ 79.955734456000073, 6.680641662000028 ], [ 79.955539099000077, 6.681200577000027 ], [ 79.956614586000057, 6.682667521000042 ], [ 79.955384993000052, 6.686809622000055 ], [ 79.954990056000042, 6.688763658000028 ], [ 79.958673812000029, 6.688617019000048 ], [ 79.960405561000073, 6.688790587000028 ], [ 79.96313593800005, 6.689814940000076 ], [ 79.963564213000041, 6.690370345000076 ], [ 79.964102227000069, 6.690615266000066 ], [ 79.966817782000078, 6.690601059000073 ], [ 79.968698952000068, 6.691225751000047 ], [ 79.969103156000074, 6.691638116000036 ], [ 79.968939287000069, 6.693137418000049 ], [ 79.969376325000042, 6.69512867800006 ], [ 79.970177259000081, 6.697024834000047 ], [ 79.971987618000071, 6.698642151000058 ], [ 79.97244454500003, 6.696045470000058 ], [ 79.972441049000054, 6.694732690000023 ], [ 79.973819086000049, 6.693555726000056 ], [ 79.975801554000043, 6.691323906000036 ], [ 79.976235226000085, 6.689200886000037 ], [ 79.976734746000034, 6.68810594200005 ], [ 79.977946042000042, 6.687172219000047 ], [ 79.981093153000074, 6.686180968000031 ], [ 79.981580201000043, 6.685104483000032 ], [ 79.981774682000037, 6.683219519000033 ], [ 79.982718170000055, 6.682381623000026 ] ] ] } },
{ "type": "Feature", "properties": { "ADM3_EN": "Beruwala", "ADM3_PCODE": "LK1324", "ADM2_EN": "Kalutara" }, "geometry": { "type": "MultiPolygon", "coordinates": [ [ [ [ 80.002416813000082, 6.554135957000028 ], [ 80.002175908000083, 6.552267839000024 ], [ 80.00279054400005, 6.551141911000059 ], [ 80.003106989000059, 6.55084150700003 ], [ 80.003696887000046, 6.550996394000038 ], [ 80.004002197000034, 6.551369882000074 ], [ 80.004432859000076, 6.551147339000067 ], [ 80.00434344100006, 6.54909531800007 ], [ 80.003824494000071, 6.548505526000042 ], [ 80.004082503000063, 6.547480343000075 ], [ 80.005491127000084, 6.548064667000062 ], [ 80.005988205000051, 6.547717977000048 ], [ 80.005717250000032, 6.546943038000052 ], [ 80.005793702000062, 6.54632177600007 ], [ 80.005215171000032, 6.545893650000039 ], [ 80.005478620000076, 6.545550186000071 ], [ 80.00648730100005, 6.546030808000069 ], [ 80.006419454000081, 6.547174948000077 ], [ 80.006927563000033, 6.548025364000068 ], [ 80.007637380000062, 6.548119229000065 ], [ 80.008556371000054, 6.547163854000075 ], [ 80.008813074000045, 6.54595428600004 ], [ 80.007723029000033, 6.545916481000063 ], [ 80.008166663000054, 6.545516683000073 ], [ 80.008144489000074, 6.545274281000047 ], [ 80.007814907000068, 6.545009037000057 ], [ 80.007681395000077, 6.544573533000062 ], [ 80.006980717000033, 6.544230008000056 ], [ 80.00676655500007, 6.543698023000047 ], [ 80.007889895000062, 6.544316845000026 ], [ 80.008170244000041, 6.544193071000052 ], [ 80.008104321000076, 6.544540224000059 ], [ 80.008326730000078, 6.544884542000034 ], [ 80.009425706000059, 6.545659207000028 ], [ 80.009829190000062, 6.545335463000072 ], [ 80.010372311000083, 6.545818538000049 ], [ 80.011161725000079, 6.54490895400005 ], [ 80.01161015200006, 6.545006607000062 ], [ 80.011915343000055, 6.545361207000042 ], [ 80.01222572000006, 6.545011757000054 ], [ 80.013230520000036, 6.54496849700007 ], [ 80.013452014000052, 6.545525104000035 ], [ 80.013054589000035, 6.546521811000048 ], [ 80.013165334000064, 6.546819532000029 ], [ 80.01379997500004, 6.545441594000067 ], [ 80.014744310000083, 6.545394987000066 ], [ 80.015865987000041, 6.546125122000035 ], [ 80.015999806000082, 6.54659164100002 ], [ 80.017095384000072, 6.546618864000038 ], [ 80.018607322000037, 6.547886733000041 ], [ 80.018958673000043, 6.548435718000064 ], [ 80.019671263000077, 6.548826881000025 ], [ 80.020266040000081, 6.549449314000071 ], [ 80.02034647000005, 6.549357464000025 ], [ 80.019122524000068, 6.547228262000033 ], [ 80.018189675000031, 6.546574344000021 ], [ 80.017811917000074, 6.546811326000068 ], [ 80.017372883000064, 6.546562050000034 ], [ 80.016974345000051, 6.545873516000029 ], [ 80.016590202000032, 6.545730343000059 ], [ 80.016686509000067, 6.545412902000066 ], [ 80.015562679000084, 6.545116662000055 ], [ 80.015062656000055, 6.544469627000069 ], [ 80.015217938000035, 6.543967934000023 ], [ 80.016308398000035, 6.543257851000021 ], [ 80.017060789000084, 6.54329787100005 ], [ 80.017218953000054, 6.542888551000033 ], [ 80.016951132000031, 6.542738091000047 ], [ 80.016973783000083, 6.542373629000053 ], [ 80.017308566000054, 6.541846056000054 ], [ 80.01758039300006, 6.541755720000026 ], [ 80.017275037000047, 6.541007060000027 ], [ 80.016881083000044, 6.540942518000065 ], [ 80.016653107000081, 6.540596264000044 ], [ 80.016467160000047, 6.539995429000044 ], [ 80.016989865000085, 6.537927908000029 ], [ 80.018029432000048, 6.537506118000067 ], [ 80.017365595000058, 6.53686882900007 ], [ 80.017145695000067, 6.53582130500007 ], [ 80.017259467000031, 6.535463606000064 ], [ 80.016921419000084, 6.534745871000041 ], [ 80.016981698000052, 6.534001224000065 ], [ 80.017496081000047, 6.532627438000077 ], [ 80.018091165000044, 6.532255141000064 ], [ 80.018344175000038, 6.531775837000055 ], [ 80.018461543000058, 6.531468228000051 ], [ 80.01798838600007, 6.530426676000047 ], [ 80.019015386000035, 6.528888445000064 ], [ 80.019620228000065, 6.529111214000068 ], [ 80.019712751000043, 6.529694148000033 ], [ 80.020191733000047, 6.529657431000032 ], [ 80.021008054000049, 6.53022210000006 ], [ 80.021985374000053, 6.530446736000044 ], [ 80.02223448500007, 6.530676067000059 ], [ 80.02261220400004, 6.530639198000074 ], [ 80.022509012000057, 6.530307985000036 ], [ 80.020435588000055, 6.529340632000071 ], [ 80.019602893000069, 6.528650083000059 ], [ 80.019618373000071, 6.527894555000046 ], [ 80.02024235600004, 6.526564177000068 ], [ 80.02143972500005, 6.527074129000027 ], [ 80.022275025000056, 6.527823342000033 ], [ 80.021635438000033, 6.526979311000048 ], [ 80.020415892000074, 6.52626267200003 ], [ 80.02071254100008, 6.525546099000053 ], [ 80.020713818000047, 6.524476298000025 ], [ 80.021900496000058, 6.523237139000059 ], [ 80.022206456000049, 6.523391924000066 ], [ 80.02279973800006, 6.524643400000059 ], [ 80.023015985000029, 6.526364492000027 ], [ 80.023263937000081, 6.526398717000063 ], [ 80.023226161000082, 6.525109374000067 ], [ 80.022904310000058, 6.524262694000072 ], [ 80.022593807000078, 6.523968488000037 ], [ 80.021989474000065, 6.521767552000028 ], [ 80.022880847000067, 6.519025470000031 ], [ 80.022530337000035, 6.518313395000064 ], [ 80.023107258000039, 6.518005602000073 ], [ 80.024147649000042, 6.519454583000027 ], [ 80.02481973600004, 6.518719866000026 ], [ 80.02477568900008, 6.518086008000068 ], [ 80.025833874000057, 6.517926782000075 ], [ 80.027495224000063, 6.51811417600004 ], [ 80.027163525000049, 6.516776048000054 ], [ 80.027685568000038, 6.514959265000073 ], [ 80.027459438000051, 6.514894293000054 ], [ 80.027119536000043, 6.512745288000076 ], [ 80.027542898000036, 6.511825934000058 ], [ 80.028195579000055, 6.511680387000069 ], [ 80.028553115000079, 6.510092175000068 ], [ 80.028372336000075, 6.508495056000072 ], [ 80.027398419000065, 6.508562924000046 ], [ 80.028295238000055, 6.508017406000022 ], [ 80.028398650000042, 6.507065030000035 ], [ 80.029002634000051, 6.506088219000048 ], [ 80.029224186000079, 6.505240207000043 ], [ 80.029176021000069, 6.504536322000035 ], [ 80.029608009000071, 6.503482795000025 ], [ 80.030912147000038, 6.503131495000048 ], [ 80.032025920000081, 6.503168559000073 ], [ 80.03220617900007, 6.502880920000052 ], [ 80.032606017000035, 6.502891506000026 ], [ 80.032340913000041, 6.502715859000034 ], [ 80.032867988000078, 6.502082031000043 ], [ 80.033402826000042, 6.502112851000049 ], [ 80.033480251000071, 6.502475003000029 ], [ 80.034036203000085, 6.502023602000065 ], [ 80.034246071000041, 6.500168519000056 ], [ 80.035032664000084, 6.497849404000021 ], [ 80.03348735600008, 6.497724788000028 ], [ 80.034409401000062, 6.494747621000045 ], [ 80.034356768000066, 6.493406754000034 ], [ 80.033926272000031, 6.491080995000061 ], [ 80.03442649200008, 6.489804529000025 ], [ 80.034740543000055, 6.487549646000048 ], [ 80.031873830000052, 6.487044529000059 ], [ 80.031942534000052, 6.486801201000048 ], [ 80.03312186800008, 6.484540288000062 ], [ 80.034615658000064, 6.483678361000045 ], [ 80.035386670000037, 6.483600547000037 ], [ 80.035756871000046, 6.483037637000052 ], [ 80.037037143000077, 6.482568744000048 ], [ 80.036887086000036, 6.481880941000043 ], [ 80.037115268000036, 6.479829564000056 ], [ 80.037590382000076, 6.479684517000067 ], [ 80.037539172000038, 6.47952134600007 ], [ 80.038505506000035, 6.479429107000044 ], [ 80.039073659000053, 6.47872626700007 ], [ 80.038196141000071, 6.47628633000005 ], [ 80.037690689000044, 6.475814869000033 ], [ 80.036521847000074, 6.475882049000063 ], [ 80.03640017400005, 6.476405871000054 ], [ 80.035890046000077, 6.476059608000071 ], [ 80.034433542000045, 6.47566050000006 ], [ 80.033438204000049, 6.47603435700006 ], [ 80.031814784000062, 6.475791586000071 ], [ 80.030744942000069, 6.47601925500004 ], [ 80.030212705000054, 6.475905014000034 ], [ 80.028461788000072, 6.474579593000044 ], [ 80.028419599000074, 6.473762365000027 ], [ 80.028079468000044, 6.473165668000036 ], [ 80.026334277000046, 6.471155452000062 ], [ 80.027366004000044, 6.470521007000059 ], [ 80.027696398000046, 6.469869340000059 ], [ 80.028860854000072, 6.469528340000068 ], [ 80.030846064000059, 6.468310805000044 ], [ 80.03431925600006, 6.468430700000056 ], [ 80.03511239200003, 6.468168083000023 ], [ 80.035788287000059, 6.467710335000049 ], [ 80.035886289000075, 6.467399291000049 ], [ 80.038250865000066, 6.467164136000065 ], [ 80.038456229000076, 6.46693259400007 ], [ 80.038059898000085, 6.465856888000076 ], [ 80.038636575000055, 6.465091156000028 ], [ 80.038367529000084, 6.464014711000061 ], [ 80.039054139000029, 6.463831829000071 ], [ 80.038979131000076, 6.462060959000041 ], [ 80.039745525000058, 6.461159373000044 ], [ 80.040198171000043, 6.460906087000069 ], [ 80.04015753200008, 6.459893425000075 ], [ 80.039514390000079, 6.459589128000061 ], [ 80.04003275000008, 6.458933148000028 ], [ 80.040176098000074, 6.457427356000039 ], [ 80.039970340000082, 6.457116625000026 ], [ 80.040340374000039, 6.456979530000069 ], [ 80.04054259600008, 6.454543553000065 ], [ 80.040606903000082, 6.454334218000042 ], [ 80.041353098000059, 6.454406370000072 ], [ 80.04120593600004, 6.453891806000058 ], [ 80.040808834000075, 6.453653652000071 ], [ 80.040447786000072, 6.45303622800003 ], [ 80.040503848000071, 6.452271168000038 ], [ 80.038449293000042, 6.451318991000051 ], [ 80.037657100000047, 6.449653009000031 ], [ 80.035792487000037, 6.448092373000065 ], [ 80.036036614000068, 6.448064201000022 ], [ 80.035792988000082, 6.447732605000056 ], [ 80.035202820000052, 6.447654501000045 ], [ 80.035449878000065, 6.446529872000042 ], [ 80.035342453000055, 6.44612438300004 ], [ 80.035661643000083, 6.443523535000054 ], [ 80.035406031000036, 6.442102612000042 ], [ 80.036121095000055, 6.441107832000057 ], [ 80.036930679000079, 6.439033129000052 ], [ 80.036945943000035, 6.437780964000069 ], [ 80.035710196000082, 6.437529777000066 ], [ 80.035384599000054, 6.437204493000024 ], [ 80.032583939000062, 6.436841247000075 ], [ 80.031752724000057, 6.436457331000042 ], [ 80.031148850000079, 6.435759340000061 ], [ 80.031779923000045, 6.435553578000054 ], [ 80.032352652000043, 6.432905824000045 ], [ 80.030060002000084, 6.432336773000031 ], [ 80.029461144000038, 6.430533820000051 ], [ 80.029050011000038, 6.430170797000073 ], [ 80.028525517000048, 6.428350425000076 ], [ 80.027365347000057, 6.428073840000025 ], [ 80.026986168000064, 6.427764361000072 ], [ 80.024804453000058, 6.427616590000071 ], [ 80.02394264600008, 6.42996667500006 ], [ 80.022835734000068, 6.431386918000044 ], [ 80.020545098000071, 6.43284475400003 ], [ 80.017208848000053, 6.434222182000042 ], [ 80.013230344000078, 6.436463644000071 ], [ 80.011229074000084, 6.436999976000038 ], [ 80.009022877000064, 6.437178532000075 ], [ 80.007492627000033, 6.436850847000073 ], [ 80.006492721000029, 6.43631820500002 ], [ 80.005532137000046, 6.434802436000041 ], [ 80.004630297000062, 6.431678681000051 ], [ 80.004976168000042, 6.430543940000064 ], [ 80.00443165400003, 6.428674200000046 ], [ 80.004097312000056, 6.428338746000065 ], [ 80.002566796000053, 6.427323515000069 ], [ 80.000793830000077, 6.426668118000066 ], [ 79.999144863000083, 6.426274377000027 ], [ 79.997861307000051, 6.426443205000055 ], [ 79.99659525800007, 6.427478179000047 ], [ 79.994920339000032, 6.433349646000067 ], [ 79.992991199000073, 6.438219849000063 ], [ 79.992339019000042, 6.439271554000072 ], [ 79.991016578000085, 6.440685889000065 ], [ 79.989905683000075, 6.441401932000076 ], [ 79.985495568000033, 6.443616517000066 ], [ 79.985276345000045, 6.444703184000048 ], [ 79.982061807000036, 6.447745649000069 ], [ 79.98108546900005, 6.448220417000073 ], [ 79.979703455000049, 6.448522008000054 ], [ 79.97959966600007, 6.449431428000025 ], [ 79.97899394600006, 6.450881369000058 ], [ 79.978451199000062, 6.451610874000039 ], [ 79.977150102000053, 6.452399059000072 ], [ 79.977473711000073, 6.45235643500007 ], [ 79.977624453000033, 6.452557958000057 ], [ 79.977572963000057, 6.453226480000069 ], [ 79.977259028000049, 6.453901735000045 ], [ 79.977527159000033, 6.454879834000053 ], [ 79.977374144000066, 6.456126919000042 ], [ 79.976395171000036, 6.457885279000038 ], [ 79.975964833000035, 6.458041414000036 ], [ 79.975743107000085, 6.458581336000066 ], [ 79.974327802000062, 6.459928599000023 ], [ 79.974454225000045, 6.461425489000021 ], [ 79.974296234000064, 6.462768682000046 ], [ 79.974886136000066, 6.465373644000067 ], [ 79.975036940000052, 6.46724914300006 ], [ 79.97451015300004, 6.468916747000037 ], [ 79.973334924000085, 6.470155202000058 ], [ 79.973335915000064, 6.470494737000024 ], [ 79.974256554000078, 6.47089877600007 ], [ 79.975058919000048, 6.471595666000042 ], [ 79.975611919000073, 6.472400613000048 ], [ 79.975516337000045, 6.473037407000049 ], [ 79.975985231000038, 6.473198418000038 ], [ 79.976308681000035, 6.474202720000051 ], [ 79.978613189000043, 6.476060288000042 ], [ 79.981525831000056, 6.477592737000066 ], [ 79.982262731000048, 6.477557393000041 ], [ 79.982692968000038, 6.478993918000072 ], [ 79.982907816000079, 6.484687345000054 ], [ 79.982788561000064, 6.486012282000047 ], [ 79.982041817000038, 6.489029459000051 ], [ 79.982173982000063, 6.489204246000043 ], [ 79.981823493000036, 6.49053869100004 ], [ 79.981875776000038, 6.491530868000041 ], [ 79.980826261000061, 6.49408784000002 ], [ 79.980797362000033, 6.49544338000004 ], [ 79.978884194000045, 6.499984666000046 ], [ 79.977648398000042, 6.501826442000038 ], [ 79.977373400000033, 6.502598637000062 ], [ 79.976894651000066, 6.502906048000057 ], [ 79.97632481800008, 6.502896556000053 ], [ 79.976357633000077, 6.503069953000022 ], [ 79.97691577300003, 6.503270133000058 ], [ 79.97687729900008, 6.503988227000036 ], [ 79.977107259000036, 6.504299925000055 ], [ 79.976279172000034, 6.50488972200003 ], [ 79.975991126000054, 6.505746676000058 ], [ 79.976136068000073, 6.506079941000053 ], [ 79.976567726000042, 6.506167161000064 ], [ 79.97720603700003, 6.505640089000053 ], [ 79.978122695000081, 6.50544601100006 ], [ 79.979110172000048, 6.506344730000023 ], [ 79.979218028000048, 6.507121083000072 ], [ 79.979008643000043, 6.507576494000034 ], [ 79.979347274000077, 6.507891347000054 ], [ 79.979542753000032, 6.507891933000053 ], [ 79.980176250000056, 6.507141312000044 ], [ 79.980806821000044, 6.507700284000066 ], [ 79.981267415000048, 6.508632525000053 ], [ 79.981541054000047, 6.510489550000045 ], [ 79.981214544000068, 6.512318588000028 ], [ 79.980147695000085, 6.514538491000053 ], [ 79.980081136000081, 6.516458088000036 ], [ 79.977512064000052, 6.522900621000076 ], [ 79.977322607000076, 6.523019454000064 ], [ 79.974781292000046, 6.530257051000035 ], [ 79.96948988500003, 6.543524170000069 ], [ 79.97298852800003, 6.544537391000063 ], [ 79.973317072000043, 6.544873342000074 ], [ 79.974065346000032, 6.544891764000056 ], [ 79.974023891000058, 6.54509076100004 ], [ 79.974368573000049, 6.545302855000045 ], [ 79.976121011000032, 6.54607130900007 ], [ 79.976678978000052, 6.546891176000031 ], [ 79.978417360000037, 6.547146066000039 ], [ 79.978793703000065, 6.547462548000055 ], [ 79.979514171000062, 6.547393041000021 ], [ 79.979906770000071, 6.547626244000071 ], [ 79.980887591000055, 6.547695141000077 ], [ 79.982269835000068, 6.548574118000033 ], [ 79.982663225000067, 6.548612307000042 ], [ 79.982874088000074, 6.548293383000043 ], [ 79.983189424000045, 6.548261690000061 ], [ 79.984524255000053, 6.548777503000053 ], [ 79.985681429000067, 6.549918590000061 ], [ 79.986483108000073, 6.551676541000063 ], [ 79.986873158000037, 6.55346766100007 ], [ 79.988781453000058, 6.554436943000042 ], [ 79.98975807100004, 6.554720692000046 ], [ 79.991452566000078, 6.554862511000067 ], [ 79.992967350000072, 6.55538346700007 ], [ 79.993109942000046, 6.555092882000054 ], [ 79.994656347000046, 6.555457990000036 ], [ 79.995584566000048, 6.555356080000024 ], [ 79.995950862000029, 6.555117746000064 ], [ 79.996096654000041, 6.555327036000051 ], [ 79.996334445000059, 6.555177718000039 ], [ 79.996929882000074, 6.555901377000055 ], [ 79.998375831000033, 6.55597612300005 ], [ 79.998906141000077, 6.555858036000075 ], [ 79.999825598000029, 6.554639985000051 ], [ 79.999884825000038, 6.554054121000036 ], [ 80.000318514000071, 6.553108937000047 ], [ 80.000523774000044, 6.553358468000056 ], [ 80.000941315000034, 6.553209386000049 ], [ 80.001314388000083, 6.552503999000066 ], [ 80.001804032000052, 6.552251746000024 ], [ 80.002209784000058, 6.552984636000076 ], [ 80.00202648800007, 6.553641474000074 ], [ 80.002416813000082, 6.554135957000028 ] ] ], [ [ [ 79.97041710600007, 6.472076572000049 ], [ 79.970937061000029, 6.472105151000051 ], [ 79.970722440000031, 6.471763458000055 ], [ 79.97088227900008, 6.470841285000063 ], [ 79.970360353000046, 6.470572353000023 ], [ 79.970015663000083, 6.471880529000032 ], [ 79.97020442400003, 6.472340006000024 ], [ 79.97041710600007, 6.472076572000049 ] ] ], [ [ [ 79.971329767000043, 6.46963942800005 ], [ 79.97193229100003, 6.469704488000048 ], [ 79.972066080000047, 6.469422211000051 ], [ 79.971759819000056, 6.468831977000036 ], [ 79.971357602000069, 6.46918499800006 ], [ 79.971329767000043, 6.46963942800005 ] ] ], [ [ [ 79.96992610500007, 6.462259336000045 ], [ 79.969337869000071, 6.461414685000022 ], [ 79.969187186000056, 6.461995735000073 ], [ 79.968294781000054, 6.462124852000045 ], [ 79.968244433000052, 6.462464772000033 ], [ 79.96747318000007, 6.462773981000055 ], [ 79.967480083000055, 6.463326307000045 ], [ 79.967630274000044, 6.463133398000025 ], [ 79.96762994200003, 6.46368652700005 ], [ 79.968064017000074, 6.464281665000044 ], [ 79.968941630000074, 6.464343906000067 ], [ 79.969821816000035, 6.463822260000029 ], [ 79.970497477000038, 6.462449381000056 ], [ 79.970278204000067, 6.461918540000056 ], [ 79.970081616000073, 6.461864114000036 ], [ 79.96992610500007, 6.462259336000045 ] ] ], [ [ [ 79.979030239000053, 6.45003205200004 ], [ 79.979584199000044, 6.447897480000051 ], [ 79.979147105000038, 6.449120114000038 ], [ 79.978245396000034, 6.450316114000032 ], [ 79.977965941000036, 6.45108564700007 ], [ 79.977528792000044, 6.451415647000033 ], [ 79.977115505000029, 6.452093821000062 ], [ 79.977009679000048, 6.452015618000075 ], [ 79.97689930100006, 6.452591994000045 ], [ 79.979030239000053, 6.45003205200004 ] ] ], [ [ [ 79.979364095000051, 6.44701690200003 ], [ 79.979055061000054, 6.446528654000076 ], [ 79.978328159000057, 6.446704299000032 ], [ 79.978578012000071, 6.447114949000024 ], [ 79.979364095000051, 6.44701690200003 ] ] ], [ [ [ 79.979259022000065, 6.441653785000028 ], [ 79.979041185000085, 6.441466265000031 ], [ 79.979029851000064, 6.441604146000032 ], [ 79.979259022000065, 6.441653785000028 ] ] ] ] } },
{ "type": "Feature", "properties": { "ADM3_EN": "Dodangoda", "ADM3_PCODE": "LK1327", "ADM2_EN": "Kalutara" }, "geometry": { "type": "Polygon", "coordinates": [ [ [ 80.009808770000063, 6.634785948000058 ], [ 80.010759438000036, 6.634279474000039 ], [ 80.011690978000047, 6.633331926000039 ], [ 80.013574528000049, 6.630613579000055 ], [ 80.016815376000068, 6.628242814000032 ], [ 80.018860044000064, 6.626459605000036 ], [ 80.01965412100003, 6.626375193000058 ], [ 80.02103857700007, 6.626731291000056 ], [ 80.022372515000029, 6.626825992000022 ], [ 80.02403984700004, 6.626360448000071 ], [ 80.025285856000039, 6.625470136000047 ], [ 80.026899265000054, 6.622967582000058 ], [ 80.027206912000054, 6.620531544000073 ], [ 80.027172657000051, 6.617806162000022 ], [ 80.027856411000073, 6.613902377000045 ], [ 80.028154732000075, 6.606986366000058 ], [ 80.028505565000046, 6.604268043000047 ], [ 80.028358012000069, 6.602789005000034 ], [ 80.028599548000045, 6.601790154000071 ], [ 80.033320703000072, 6.597100413000021 ], [ 80.033726343000069, 6.597100413000021 ], [ 80.034196221000059, 6.597505075000072 ], [ 80.035163196000042, 6.597778068000025 ], [ 80.036483999000041, 6.597171874000026 ], [ 80.039617500000077, 6.593340815000033 ], [ 80.042566557000043, 6.590218680000021 ], [ 80.043272726000055, 6.590169244000037 ], [ 80.043798516000038, 6.590817680000043 ], [ 80.044252573000051, 6.591860073000021 ], [ 80.04491865500006, 6.592112361000034 ], [ 80.04571065500005, 6.59161143700004 ], [ 80.046171111000035, 6.591020319000052 ], [ 80.047183715000074, 6.58884239200006 ], [ 80.048498985000037, 6.588223020000044 ], [ 80.050021166000079, 6.588314637000053 ], [ 80.05078534200004, 6.588621346000025 ], [ 80.05184418500005, 6.589603339000064 ], [ 80.052739874000054, 6.590794607000021 ], [ 80.053693749000047, 6.592602446000058 ], [ 80.056870701000037, 6.602812124000025 ], [ 80.059490764000032, 6.610150692000047 ], [ 80.060770321000064, 6.61318628500004 ], [ 80.061205506000078, 6.615959494000037 ], [ 80.061668129000054, 6.616879735000055 ], [ 80.063505725000084, 6.61869831100006 ], [ 80.069490769000083, 6.622538302000066 ], [ 80.077063639000073, 6.626582841000072 ], [ 80.078675059000034, 6.628587811000045 ], [ 80.079521113000055, 6.630318973000044 ], [ 80.080242283000075, 6.632611508000025 ], [ 80.081309748000081, 6.632410314000026 ], [ 80.081586826000034, 6.632752836000066 ], [ 80.082130352000036, 6.632488026000033 ], [ 80.082752102000029, 6.632749682000053 ], [ 80.083409956000082, 6.631489732000034 ], [ 80.083180834000075, 6.631074066000053 ], [ 80.083596804000081, 6.630651645000057 ], [ 80.08359024400005, 6.629866881000055 ], [ 80.084028616000069, 6.629793803000041 ], [ 80.084433503000071, 6.629425916000059 ], [ 80.084746454000083, 6.629782842000054 ], [ 80.085550656000066, 6.629609307000067 ], [ 80.085953581000069, 6.629118043000062 ], [ 80.085951763000082, 6.628533805000075 ], [ 80.086503847000074, 6.627864481000074 ], [ 80.087225806000049, 6.627277323000044 ], [ 80.087949319000074, 6.627115407000076 ], [ 80.088410615000043, 6.626660242000071 ], [ 80.089494104000039, 6.623105440000074 ], [ 80.090168255000037, 6.61985263300005 ], [ 80.091005890000076, 6.61798114100003 ], [ 80.090956906000031, 6.615402279000023 ], [ 80.090578107000056, 6.614683298000045 ], [ 80.090673339000034, 6.614414723000039 ], [ 80.090352245000076, 6.61337018200004 ], [ 80.090353703000062, 6.612667753000039 ], [ 80.08822596300007, 6.612396425000043 ], [ 80.088446415000078, 6.611952554000027 ], [ 80.089376518000051, 6.611413629000026 ], [ 80.089511065000067, 6.610966021000024 ], [ 80.090166208000085, 6.610134456000026 ], [ 80.090281176000076, 6.609193813000047 ], [ 80.090630391000047, 6.608360377000054 ], [ 80.090599499000064, 6.608138337000071 ], [ 80.090132720000042, 6.607948035000049 ], [ 80.08996742100004, 6.607486643000072 ], [ 80.090691653000079, 6.607261674000029 ], [ 80.091137440000068, 6.606195884000044 ], [ 80.091376439000044, 6.604433288000052 ], [ 80.09140175400006, 6.601996694000036 ], [ 80.090665090000073, 6.601279250000061 ], [ 80.091108592000069, 6.600103112000056 ], [ 80.09149500500007, 6.600002047000032 ], [ 80.091088850000062, 6.598076527000046 ], [ 80.091481169000076, 6.597962611000071 ], [ 80.094085685000039, 6.598498525000025 ], [ 80.095142763000069, 6.59895291600003 ], [ 80.096082182000032, 6.599068439000064 ], [ 80.097130355000047, 6.599613292000072 ], [ 80.09744261000003, 6.599431963000029 ], [ 80.098640661000047, 6.597177980000026 ], [ 80.100132236000036, 6.595327169000029 ], [ 80.100783295000042, 6.594207271000073 ], [ 80.100769884000044, 6.593050807000054 ], [ 80.102711347000081, 6.58861468300006 ], [ 80.105680237000058, 6.584519683000053 ], [ 80.106245901000079, 6.583371281000041 ], [ 80.108709604000069, 6.579883654000071 ], [ 80.109076438000045, 6.576905816000021 ], [ 80.108628760000045, 6.576555534000022 ], [ 80.108473814000035, 6.576051016000065 ], [ 80.107861197000034, 6.576042420000022 ], [ 80.107322384000042, 6.575210311000035 ], [ 80.107023018000064, 6.574106425000025 ], [ 80.106643888000065, 6.573956621000036 ], [ 80.105856516000074, 6.572710744000062 ], [ 80.105141550000042, 6.572157818000051 ], [ 80.104847713000083, 6.571453175000045 ], [ 80.104219509000075, 6.571408294000037 ], [ 80.102304803000038, 6.570722541000066 ], [ 80.101388393000036, 6.57006713100003 ], [ 80.10172194300003, 6.568500590000042 ], [ 80.102250512000069, 6.567392664000067 ], [ 80.099372351000056, 6.566520473000026 ], [ 80.098570047000067, 6.56700414200003 ], [ 80.097447598000031, 6.567062738000061 ], [ 80.096340015000067, 6.56673392700003 ], [ 80.095081654000069, 6.566855014000055 ], [ 80.094815352000069, 6.565527047000046 ], [ 80.094240118000073, 6.564337514000044 ], [ 80.09344094100004, 6.561601541000073 ], [ 80.093102495000039, 6.560887244000071 ], [ 80.092423788000076, 6.560104854000031 ], [ 80.091710600000056, 6.558795660000044 ], [ 80.091494583000042, 6.557953275000045 ], [ 80.091253213000073, 6.557776098000033 ], [ 80.09130189800004, 6.556953730000032 ], [ 80.091907961000061, 6.555251272000021 ], [ 80.091921157000058, 6.554592710000065 ], [ 80.090769189000071, 6.554206858000043 ], [ 80.089321557000062, 6.553149695000059 ], [ 80.087497236000047, 6.552975224000022 ], [ 80.085622496000042, 6.553450573000021 ], [ 80.083710670000073, 6.55461507800004 ], [ 80.083118985000056, 6.554792039000063 ], [ 80.082613266000067, 6.554590156000074 ], [ 80.081293654000035, 6.553227161000052 ], [ 80.08011453000006, 6.55262398800005 ], [ 80.079463120000071, 6.552848106000056 ], [ 80.078526477000082, 6.552596578000021 ], [ 80.078253210000071, 6.552186751000022 ], [ 80.077476769000043, 6.552222736000033 ], [ 80.078230544000064, 6.550649351000061 ], [ 80.079436605000069, 6.549015483000062 ], [ 80.080157210000039, 6.548444976000042 ], [ 80.08016955800008, 6.546517677000054 ], [ 80.078289651000034, 6.545791846000043 ], [ 80.07757868300007, 6.545084824000071 ], [ 80.077689242000076, 6.544642789000022 ], [ 80.078952130000062, 6.542861585000026 ], [ 80.079501155000059, 6.541676212000027 ], [ 80.07938697600008, 6.54126777700003 ], [ 80.077771529000074, 6.540181694000069 ], [ 80.077539165000076, 6.539767789000052 ], [ 80.077337851000038, 6.539974561000065 ], [ 80.077471588000037, 6.540731704000052 ], [ 80.078157721000082, 6.541344716000026 ], [ 80.076339113000074, 6.541827011000066 ], [ 80.075379276000035, 6.541860444000065 ], [ 80.074669329000074, 6.542117330000053 ], [ 80.074620486000072, 6.541939433000039 ], [ 80.073710929000072, 6.541948915000035 ], [ 80.073601988000064, 6.542267825000067 ], [ 80.073085789000061, 6.541880706000029 ], [ 80.071675258000084, 6.542067742000029 ], [ 80.071017852000068, 6.541724685000077 ], [ 80.069936804000065, 6.54194483200007 ], [ 80.069116129000065, 6.541683847000058 ], [ 80.069002885000032, 6.541825276000054 ], [ 80.068249620000074, 6.541466036000031 ], [ 80.068002030000059, 6.541231502000073 ], [ 80.06963204200008, 6.539973807000024 ], [ 80.068599819000042, 6.538715676000038 ], [ 80.068648280000048, 6.538402865000023 ], [ 80.068369993000033, 6.537798831000032 ], [ 80.06716018700007, 6.536666045000061 ], [ 80.065180590000068, 6.535223193000036 ], [ 80.063722445000053, 6.535275671000022 ], [ 80.062090323000064, 6.536187052000059 ], [ 80.061438615000043, 6.536128889000054 ], [ 80.061229660000038, 6.535858798000049 ], [ 80.061630821000051, 6.534882285000037 ], [ 80.06153639200005, 6.534138846000076 ], [ 80.06017743600006, 6.533822724000061 ], [ 80.05944080200004, 6.533408922000035 ], [ 80.058645603000059, 6.530777485000044 ], [ 80.058038391000082, 6.530244525000057 ], [ 80.056477317000031, 6.529385865000052 ], [ 80.056692331000079, 6.528819419000058 ], [ 80.055712207000056, 6.528625368000064 ], [ 80.055886371000042, 6.528060913000047 ], [ 80.056473091000043, 6.527567858000054 ], [ 80.056487994000065, 6.526982154000052 ], [ 80.056996058000038, 6.525899719000051 ], [ 80.058357516000058, 6.524355565000064 ], [ 80.058256266000058, 6.523480241000073 ], [ 80.057618629000046, 6.522501246000047 ], [ 80.056782838000061, 6.521841245000076 ], [ 80.058025422000071, 6.519572537000045 ], [ 80.058503542000039, 6.520004400000062 ], [ 80.05871299000006, 6.519824905000064 ], [ 80.058540883000035, 6.519319633000066 ], [ 80.059474826000042, 6.51695300800003 ], [ 80.059515567000062, 6.515426878000028 ], [ 80.058521165000059, 6.514578243000074 ], [ 80.058218672000066, 6.51353148100003 ], [ 80.057690548000039, 6.51344384500004 ], [ 80.05704049700006, 6.511807163000071 ], [ 80.056422406000081, 6.511856777000048 ], [ 80.05610507800003, 6.512052630000028 ], [ 80.056438546000038, 6.512520161000054 ], [ 80.056243239000082, 6.513015836000022 ], [ 80.057086815000048, 6.513965079000059 ], [ 80.056698986000072, 6.51495413400005 ], [ 80.05616824100008, 6.514829339000073 ], [ 80.056263344000058, 6.514179384000045 ], [ 80.056106727000042, 6.51359386200005 ], [ 80.055517973000065, 6.513209019000044 ], [ 80.055414896000059, 6.514095029000032 ], [ 80.055851963000066, 6.514474260000043 ], [ 80.055804342000044, 6.514789412000027 ], [ 80.054390240000032, 6.516277878000039 ], [ 80.054395605000082, 6.516566294000029 ], [ 80.054875371000037, 6.517136559000051 ], [ 80.053983579000032, 6.517496057000074 ], [ 80.053954899000075, 6.518132531000049 ], [ 80.053485815000045, 6.518316261000052 ], [ 80.053265890000034, 6.517262347000042 ], [ 80.052879082000061, 6.516711362000024 ], [ 80.05304304100008, 6.516162563000023 ], [ 80.054492, 6.51504690400003 ], [ 80.054750858000034, 6.514389326000071 ], [ 80.054681240000036, 6.513522379000051 ], [ 80.055398553000032, 6.512296651000042 ], [ 80.055294881000066, 6.512085058000025 ], [ 80.054725720000079, 6.511961252000049 ], [ 80.054764503000058, 6.511583685000062 ], [ 80.056279220000079, 6.510882268000046 ], [ 80.056122468000069, 6.510061589000031 ], [ 80.056627648000074, 6.509274900000037 ], [ 80.055991301000063, 6.509043018000057 ], [ 80.055921405000049, 6.508597407000025 ], [ 80.055611317000057, 6.509082445000047 ], [ 80.054867390000084, 6.508955603000061 ], [ 80.054900148000058, 6.509176540000055 ], [ 80.054302618000065, 6.509190582000031 ], [ 80.054793592000067, 6.510007338000037 ], [ 80.054331649000062, 6.509900341000048 ], [ 80.053900567000085, 6.510138493000056 ], [ 80.052274452000063, 6.513536093000027 ], [ 80.051971207000065, 6.514679642000033 ], [ 80.05235517400007, 6.515669287000037 ], [ 80.051912696000045, 6.515619622000031 ], [ 80.051459582000064, 6.515046310000059 ], [ 80.050402360000078, 6.516106305000051 ], [ 80.049650196000073, 6.517312464000042 ], [ 80.049400914000046, 6.517094830000076 ], [ 80.050028182000062, 6.516210368000031 ], [ 80.050402292000058, 6.515197986000032 ], [ 80.050671782000052, 6.515105927000036 ], [ 80.051030926000067, 6.514219172000026 ], [ 80.051277377000076, 6.514151578000053 ], [ 80.051474105000068, 6.51375469900006 ], [ 80.051479433000054, 6.513376685000026 ], [ 80.050917516000084, 6.512880550000034 ], [ 80.051814884000066, 6.512863720000041 ], [ 80.052210002000038, 6.51257718200003 ], [ 80.053324194000083, 6.510042687000066 ], [ 80.053416434000042, 6.509151920000022 ], [ 80.052305468000043, 6.509321634000059 ], [ 80.05208559700003, 6.510370256000044 ], [ 80.051731561000054, 6.510708005000026 ], [ 80.051411758000029, 6.510647319000043 ], [ 80.05186320100006, 6.509889802000032 ], [ 80.051505091000081, 6.509389162000048 ], [ 80.050795406000077, 6.509749179000039 ], [ 80.049954955000032, 6.510707585000034 ], [ 80.049521594000055, 6.51043627100006 ], [ 80.050771896000072, 6.508989473000042 ], [ 80.052843657000039, 6.50842441900005 ], [ 80.053392560000077, 6.508449436000035 ], [ 80.053628295000067, 6.508206691000055 ], [ 80.053859469000031, 6.508312218000071 ], [ 80.053424630000052, 6.507912859000044 ], [ 80.052538954000056, 6.507663997000066 ], [ 80.050749513000085, 6.508340386000043 ], [ 80.04919663000004, 6.508575955000026 ], [ 80.048989302000052, 6.508192238000049 ], [ 80.049201134000043, 6.507831190000047 ], [ 80.049641038000061, 6.507841942000027 ], [ 80.050024645000065, 6.508150114000046 ], [ 80.051824865000071, 6.50757416600004 ], [ 80.051806021000061, 6.507226221000053 ], [ 80.050425172000075, 6.506102932000033 ], [ 80.050403720000077, 6.505433999000047 ], [ 80.051032460000044, 6.505667579000033 ], [ 80.051250512000081, 6.505992457000048 ], [ 80.052001077000057, 6.506430602000023 ], [ 80.053645223000046, 6.506697120000069 ], [ 80.054378485000029, 6.50747526400005 ], [ 80.054763803000071, 6.507486216000075 ], [ 80.055211743000029, 6.507058591000032 ], [ 80.055666231000032, 6.506092618000025 ], [ 80.05474003300003, 6.505713358000037 ], [ 80.05467593000003, 6.505091072000027 ], [ 80.054936669000085, 6.504745927000045 ], [ 80.054371789000072, 6.504007992000027 ], [ 80.053471193000064, 6.503749350000021 ], [ 80.051711589000035, 6.504566974000056 ], [ 80.051513972000066, 6.504367967000064 ], [ 80.051509618000068, 6.503663464000056 ], [ 80.051785387000052, 6.503448377000041 ], [ 80.053634671000054, 6.503070576000027 ], [ 80.054777542000068, 6.503242474000047 ], [ 80.055408344000057, 6.502507826000056 ], [ 80.055520128000069, 6.50107278400003 ], [ 80.05583032800007, 6.500182163000034 ], [ 80.054632001000073, 6.500077911000062 ], [ 80.054308976000073, 6.499689520000061 ], [ 80.053549433000057, 6.499442745000067 ], [ 80.052794216000052, 6.49895209500005 ], [ 80.052307451000047, 6.498066756000071 ], [ 80.051257607000082, 6.497882139000069 ], [ 80.050582021000082, 6.498068748000037 ], [ 80.051173553000069, 6.497381431000065 ], [ 80.051666011000066, 6.497296147000043 ], [ 80.052212457000053, 6.489703517000066 ], [ 80.051832808000086, 6.489593829000057 ], [ 80.051164630000073, 6.489826084000072 ], [ 80.050124315000062, 6.489438924000069 ], [ 80.048548828000037, 6.489588850000075 ], [ 80.047684677000063, 6.489217943000028 ], [ 80.046696244000032, 6.489171399000043 ], [ 80.046348330000058, 6.487555518000022 ], [ 80.046018231000062, 6.487507298000025 ], [ 80.045449448000056, 6.487840604000041 ], [ 80.04516484800007, 6.487586727000064 ], [ 80.045192214000053, 6.486728891000041 ], [ 80.045502854000063, 6.486540527000045 ], [ 80.045982758000036, 6.486588966000056 ], [ 80.045989735000035, 6.486389856000073 ], [ 80.045744214000081, 6.486120755000059 ], [ 80.044311661000052, 6.485590545000036 ], [ 80.044472539000083, 6.48471384000004 ], [ 80.044141778000039, 6.484120946000075 ], [ 80.042924120000066, 6.483237925000026 ], [ 80.042425359000049, 6.483359605000032 ], [ 80.041904664000072, 6.483072379000021 ], [ 80.040038203000051, 6.483220027000073 ], [ 80.036592121000069, 6.482631581000021 ], [ 80.035756871000046, 6.483037637000052 ], [ 80.035386670000037, 6.483600547000037 ], [ 80.034588066000083, 6.483690077000063 ], [ 80.033030262000068, 6.484618462000071 ], [ 80.03195906600007, 6.486749592000024 ], [ 80.031873830000052, 6.487044529000059 ], [ 80.034740543000055, 6.487549646000048 ], [ 80.03442649200008, 6.489804529000025 ], [ 80.033926272000031, 6.491080995000061 ], [ 80.034356768000066, 6.493406754000034 ], [ 80.034409401000062, 6.494747621000045 ], [ 80.03348735600008, 6.497724788000028 ], [ 80.035032664000084, 6.497849404000021 ], [ 80.034246071000041, 6.500168519000056 ], [ 80.034036203000085, 6.502023602000065 ], [ 80.033480251000071, 6.502475003000029 ], [ 80.033402826000042, 6.502112851000049 ], [ 80.032867988000078, 6.502082031000043 ], [ 80.032340913000041, 6.502715859000034 ], [ 80.032606017000035, 6.502891506000026 ], [ 80.03220617900007, 6.502880920000052 ], [ 80.032025920000081, 6.503168559000073 ], [ 80.030912147000038, 6.503131495000048 ], [ 80.029608009000071, 6.503482795000025 ], [ 80.029176021000069, 6.504536322000035 ], [ 80.029224186000079, 6.505240207000043 ], [ 80.029002634000051, 6.506088219000048 ], [ 80.028398650000042, 6.507065030000035 ], [ 80.028295238000055, 6.508017406000022 ], [ 80.027398419000065, 6.508562924000046 ], [ 80.028372336000075, 6.508495056000072 ], [ 80.028553115000079, 6.510092175000068 ], [ 80.028195579000055, 6.511680387000069 ], [ 80.027542898000036, 6.511825934000058 ], [ 80.027119536000043, 6.512745288000076 ], [ 80.027459438000051, 6.514894293000054 ], [ 80.027685568000038, 6.514959265000073 ], [ 80.027163525000049, 6.516776048000054 ], [ 80.027495224000063, 6.51811417600004 ], [ 80.025833874000057, 6.517926782000075 ], [ 80.02477568900008, 6.518086008000068 ], [ 80.02481973600004, 6.518719866000026 ], [ 80.024147649000042, 6.519454583000027 ], [ 80.023107258000039, 6.518005602000073 ], [ 80.022530337000035, 6.518313395000064 ], [ 80.022880847000067, 6.519025470000031 ], [ 80.021989474000065, 6.521767552000028 ], [ 80.022593807000078, 6.523968488000037 ], [ 80.022904310000058, 6.524262694000072 ], [ 80.023226161000082, 6.525109374000067 ], [ 80.023263937000081, 6.526398717000063 ], [ 80.023015985000029, 6.526364492000027 ], [ 80.02279973800006, 6.524643400000059 ], [ 80.022206456000049, 6.523391924000066 ], [ 80.021900496000058, 6.523237139000059 ], [ 80.020713818000047, 6.524476298000025 ], [ 80.02071254100008, 6.525546099000053 ], [ 80.020415892000074, 6.52626267200003 ], [ 80.021635438000033, 6.526979311000048 ], [ 80.022275025000056, 6.527823342000033 ], [ 80.02143972500005, 6.527074129000027 ], [ 80.02024235600004, 6.526564177000068 ], [ 80.019618373000071, 6.527894555000046 ], [ 80.019602893000069, 6.528650083000059 ], [ 80.020435588000055, 6.529340632000071 ], [ 80.022509012000057, 6.530307985000036 ], [ 80.02261220400004, 6.530639198000074 ], [ 80.02223448500007, 6.530676067000059 ], [ 80.021985374000053, 6.530446736000044 ], [ 80.021008054000049, 6.53022210000006 ], [ 80.020191733000047, 6.529657431000032 ], [ 80.019712751000043, 6.529694148000033 ], [ 80.019620228000065, 6.529111214000068 ], [ 80.019015386000035, 6.528888445000064 ], [ 80.01798838600007, 6.530426676000047 ], [ 80.018461543000058, 6.531468228000051 ], [ 80.018344175000038, 6.531775837000055 ], [ 80.018091165000044, 6.532255141000064 ], [ 80.017496081000047, 6.532627438000077 ], [ 80.016981698000052, 6.534001224000065 ], [ 80.016921419000084, 6.534745871000041 ], [ 80.017259467000031, 6.535463606000064 ], [ 80.017145695000067, 6.53582130500007 ], [ 80.017365595000058, 6.53686882900007 ], [ 80.018029432000048, 6.537506118000067 ], [ 80.016989865000085, 6.537927908000029 ], [ 80.016467160000047, 6.539995429000044 ], [ 80.016653107000081, 6.540596264000044 ], [ 80.016881083000044, 6.540942518000065 ], [ 80.017275037000047, 6.541007060000027 ], [ 80.01758039300006, 6.541755720000026 ], [ 80.017308566000054, 6.541846056000054 ], [ 80.016973783000083, 6.542373629000053 ], [ 80.016951132000031, 6.542738091000047 ], [ 80.017218953000054, 6.542888551000033 ], [ 80.017060789000084, 6.54329787100005 ], [ 80.016308398000035, 6.543257851000021 ], [ 80.015217938000035, 6.543967934000023 ], [ 80.015062656000055, 6.544469627000069 ], [ 80.015562679000084, 6.545116662000055 ], [ 80.016686509000067, 6.545412902000066 ], [ 80.016590202000032, 6.545730343000059 ], [ 80.016974345000051, 6.545873516000029 ], [ 80.017372883000064, 6.546562050000034 ], [ 80.017811917000074, 6.546811326000068 ], [ 80.018189675000031, 6.546574344000021 ], [ 80.019122524000068, 6.547228262000033 ], [ 80.02034647000005, 6.549357464000025 ], [ 80.020266040000081, 6.549449314000071 ], [ 80.019671263000077, 6.548826881000025 ], [ 80.018958673000043, 6.548435718000064 ], [ 80.018607322000037, 6.547886733000041 ], [ 80.017095384000072, 6.546618864000038 ], [ 80.015999806000082, 6.54659164100002 ], [ 80.015865987000041, 6.546125122000035 ], [ 80.014744310000083, 6.545394987000066 ], [ 80.01379997500004, 6.545441594000067 ], [ 80.013165334000064, 6.546819532000029 ], [ 80.013054589000035, 6.546521811000048 ], [ 80.013452014000052, 6.545525104000035 ], [ 80.013230520000036, 6.54496849700007 ], [ 80.01222572000006, 6.545011757000054 ], [ 80.011915343000055, 6.545361207000042 ], [ 80.01161015200006, 6.545006607000062 ], [ 80.011161725000079, 6.54490895400005 ], [ 80.010372311000083, 6.545818538000049 ], [ 80.009829190000062, 6.545335463000072 ], [ 80.009425706000059, 6.545659207000028 ], [ 80.008326730000078, 6.544884542000034 ], [ 80.008104321000076, 6.544540224000059 ], [ 80.008170244000041, 6.544193071000052 ], [ 80.007889895000062, 6.544316845000026 ], [ 80.00676655500007, 6.543698023000047 ], [ 80.006980717000033, 6.544230008000056 ], [ 80.007681395000077, 6.544573533000062 ], [ 80.007814907000068, 6.545009037000057 ], [ 80.008144489000074, 6.545274281000047 ], [ 80.008166663000054, 6.545516683000073 ], [ 80.007723029000033, 6.545916481000063 ], [ 80.008695831000068, 6.545878730000027 ], [ 80.008778200000052, 6.546583903000055 ], [ 80.008556371000054, 6.547163854000075 ], [ 80.007942762000084, 6.547915243000034 ], [ 80.007177854000076, 6.548134348000076 ], [ 80.006735375000062, 6.547881655000026 ], [ 80.006472127000052, 6.547377762000053 ], [ 80.00635446900003, 6.546685736000029 ], [ 80.00648730100005, 6.546030808000069 ], [ 80.005478620000076, 6.545550186000071 ], [ 80.005215171000032, 6.545893650000039 ], [ 80.005793702000062, 6.54632177600007 ], [ 80.005717250000032, 6.546943038000052 ], [ 80.00600905500005, 6.547597176000068 ], [ 80.005897873000038, 6.547866387000056 ], [ 80.005450993000068, 6.548057009000047 ], [ 80.004082503000063, 6.547480343000075 ], [ 80.003824494000071, 6.548505526000042 ], [ 80.00434344100006, 6.54909531800007 ], [ 80.004432859000076, 6.551147339000067 ], [ 80.004002197000034, 6.551369882000074 ], [ 80.003696887000046, 6.550996394000038 ], [ 80.003106989000059, 6.55084150700003 ], [ 80.002187236000054, 6.552200329000073 ], [ 80.002466542000036, 6.553774629000031 ], [ 80.002348750000067, 6.555125873000065 ], [ 80.002231339000048, 6.555416766000064 ], [ 80.001852511000038, 6.555470444000036 ], [ 80.001664902000073, 6.555843192000054 ], [ 80.002046451000069, 6.555896908000022 ], [ 80.002547074000063, 6.556328634000067 ], [ 80.002314096000077, 6.556370703000027 ], [ 80.002093928000079, 6.557085875000041 ], [ 80.001971771000058, 6.558314075000055 ], [ 80.00138323200008, 6.559037037000053 ], [ 80.004896408000036, 6.561321476000046 ], [ 80.00491433500008, 6.562127826000051 ], [ 80.00599376200006, 6.563964626000029 ], [ 80.005357916000037, 6.563962969000045 ], [ 80.004507838000052, 6.564571489000059 ], [ 80.004822503000071, 6.565040828000065 ], [ 80.003190566000058, 6.565934156000026 ], [ 80.002816323000047, 6.566455061000056 ], [ 80.001795796000067, 6.567062227000065 ], [ 80.001559524000072, 6.567823513000064 ], [ 80.00031260600008, 6.568228838000039 ], [ 79.999707697000076, 6.571086714000046 ], [ 79.999195201000077, 6.572416344000032 ], [ 79.99815596500008, 6.572193910000067 ], [ 79.998136645000045, 6.572349141000075 ], [ 79.997716671000035, 6.572325610000064 ], [ 79.996215143000029, 6.571791571000063 ], [ 79.994345812000063, 6.57164487600005 ], [ 79.994247200000075, 6.572314139000071 ], [ 79.994512821000058, 6.572396932000061 ], [ 79.994615481000039, 6.572723527000051 ], [ 79.996059873000036, 6.573135950000051 ], [ 79.998049731000037, 6.573296343000038 ], [ 79.99880539000003, 6.573628341000074 ], [ 79.998817172000031, 6.574145824000027 ], [ 79.998480623000034, 6.574690629000031 ], [ 79.998660045000065, 6.575109689000044 ], [ 79.999406729000043, 6.575552424000023 ], [ 79.999363347000042, 6.575933604000056 ], [ 80.001025678000076, 6.576378186000056 ], [ 80.000470623000069, 6.577886497000065 ], [ 80.000331365000079, 6.577882766000073 ], [ 80.000162701000079, 6.578674664000062 ], [ 79.999913481000078, 6.578825069000061 ], [ 79.999594086000059, 6.578737987000068 ], [ 79.999209749000045, 6.579422248000071 ], [ 79.998124623000081, 6.57985065400004 ], [ 79.998245606000069, 6.579468224000038 ], [ 79.996970137000062, 6.579303241000048 ], [ 79.996801696000034, 6.579483314000072 ], [ 79.99671051200005, 6.579699238000046 ], [ 79.997235719000059, 6.579790023000044 ], [ 79.99739260900003, 6.580019170000071 ], [ 79.996758376000059, 6.581382331000043 ], [ 79.997885703000065, 6.582038365000074 ], [ 79.997891591000041, 6.582476632000066 ], [ 79.997139476000029, 6.582953226000029 ], [ 79.99613094800003, 6.582850602000065 ], [ 79.995314337000082, 6.58332185200004 ], [ 79.995309036000037, 6.583881083000051 ], [ 79.995573840000077, 6.584085315000038 ], [ 79.995792916000084, 6.584677761000023 ], [ 79.995739609000054, 6.585286419000056 ], [ 79.99524013100006, 6.58602563900007 ], [ 79.996548152000059, 6.587482652000062 ], [ 79.997803564000037, 6.587897319000035 ], [ 79.999320363000038, 6.588692797000022 ], [ 80.000203700000043, 6.588367594000033 ], [ 80.000444866000066, 6.590212591000068 ], [ 80.000966621000032, 6.591630962000067 ], [ 80.002126155000042, 6.593295660000024 ], [ 80.00208589600004, 6.593839337000077 ], [ 80.002543979000052, 6.59430297800003 ], [ 80.002873183000077, 6.594337627000073 ], [ 80.004234825000083, 6.596063873000048 ], [ 80.001773410000055, 6.600426059000029 ], [ 80.000917633000086, 6.603012355000033 ], [ 80.00058354500004, 6.605628067000055 ], [ 80.000384419000056, 6.60599002400005 ], [ 80.000218350000068, 6.605068159000041 ], [ 79.999390033000054, 6.60495435200005 ], [ 79.999524156000064, 6.604413374000046 ], [ 79.998889327000029, 6.604314787000021 ], [ 79.998519212000076, 6.604051906000052 ], [ 79.997510530000056, 6.604185078000057 ], [ 79.99726604500006, 6.604041699000049 ], [ 79.996786454000073, 6.603204250000033 ], [ 79.996669454000084, 6.60231122700003 ], [ 79.995901667000055, 6.601235581000026 ], [ 79.994577481000078, 6.60155641700004 ], [ 79.993621998000037, 6.601136913000062 ], [ 79.993378506000056, 6.600764366000021 ], [ 79.993686202000049, 6.600348573000076 ], [ 79.994214925000051, 6.60023398200002 ], [ 79.994397416000083, 6.599973001000023 ], [ 79.994330427000079, 6.59932397700004 ], [ 79.994132203000049, 6.599181502000022 ], [ 79.99272654300006, 6.600051156000063 ], [ 79.99296533100005, 6.600304575000052 ], [ 79.992183933000035, 6.601219683000068 ], [ 79.990697534000049, 6.601787055000045 ], [ 79.988312436000058, 6.601976752000041 ], [ 79.98861043200003, 6.602618044000053 ], [ 79.988304838000033, 6.602882818000069 ], [ 79.988097014000061, 6.603490057000045 ], [ 79.987151702000062, 6.604456567000057 ], [ 79.986644093000052, 6.605399531000046 ], [ 79.986329964000049, 6.606650425000055 ], [ 79.986333717000036, 6.607596546000025 ], [ 79.986105681000083, 6.607638956000073 ], [ 79.985558778000041, 6.607119508000039 ], [ 79.985221296000077, 6.607294036000042 ], [ 79.98500002000003, 6.607694178000031 ], [ 79.984322844000076, 6.607669417000068 ], [ 79.983551207000062, 6.607967153000061 ], [ 79.983182861000046, 6.607788378000066 ], [ 79.982032078000032, 6.607738353000059 ], [ 79.976842795000039, 6.610033777000069 ], [ 79.977393350000057, 6.611406698000053 ], [ 79.979164108000077, 6.612835768000025 ], [ 79.980282284000054, 6.614088465000066 ], [ 79.981860194000035, 6.618402868000032 ], [ 79.982029040000043, 6.619562745000053 ], [ 79.98244204000008, 6.62050849000002 ], [ 79.98314909000004, 6.621272096000041 ], [ 79.984358214000054, 6.621712504000072 ], [ 79.986010695000061, 6.621468391000064 ], [ 79.987480528000049, 6.620763712000041 ], [ 79.988172887000076, 6.620859018000033 ], [ 79.988882774000047, 6.621270209000045 ], [ 79.989308831000073, 6.622066632000042 ], [ 79.989716496000085, 6.623712670000032 ], [ 79.98995175500005, 6.625189754000075 ], [ 79.98989471200008, 6.627079051000067 ], [ 79.990108726000074, 6.627435133000063 ], [ 79.992343234000032, 6.628241738000042 ], [ 79.997344202000079, 6.628333750000024 ], [ 80.004235791000042, 6.628046102000042 ], [ 80.004756462000046, 6.628224135000039 ], [ 80.008388677000084, 6.630804178000062 ], [ 80.008846455000082, 6.631485438000027 ], [ 80.008997801000078, 6.632276218000072 ], [ 80.008865409000066, 6.634018456000035 ], [ 80.009054567000078, 6.634644598000023 ], [ 80.009808770000063, 6.634785948000058 ] ] ] } },
{ "type": "Feature", "properties": { "ADM3_EN": "Matugama", "ADM3_PCODE": "LK1330", "ADM2_EN": "Kalutara" }, "geometry": { "type": "Polygon", "coordinates": [ [ [ 80.114015025000072, 6.564825037000048 ], [ 80.114678832000038, 6.563901513000076 ], [ 80.115586808000046, 6.56169796100005 ], [ 80.116907394000066, 6.557673573000045 ], [ 80.117218907000051, 6.555256454000073 ], [ 80.117206457000066, 6.553075886000045 ], [ 80.117126516000042, 6.552388300000075 ], [ 80.116679967000039, 6.551443616000029 ], [ 80.116038337000077, 6.551619691000042 ], [ 80.112630261000049, 6.551533394000046 ], [ 80.112492141000075, 6.551257837000037 ], [ 80.112579144000051, 6.550195200000076 ], [ 80.112097258000063, 6.549142667000069 ], [ 80.111918024000033, 6.547972142000049 ], [ 80.112203414000078, 6.547537016000035 ], [ 80.112689468000042, 6.547510252000052 ], [ 80.112878958000067, 6.547193219000064 ], [ 80.113216253000076, 6.544947420000028 ], [ 80.113591094000071, 6.544520912000053 ], [ 80.113851039000053, 6.543555926000067 ], [ 80.114394355000059, 6.542902427000058 ], [ 80.115751530000068, 6.543116298000029 ], [ 80.116104035000035, 6.543574479000029 ], [ 80.116683567000052, 6.543483830000071 ], [ 80.117230942000049, 6.544182657000022 ], [ 80.116837301000032, 6.544349277000038 ], [ 80.116778551000039, 6.544721200000026 ], [ 80.11692011100007, 6.545053239000026 ], [ 80.117374758000039, 6.545137730000022 ], [ 80.117751572000032, 6.546003992000067 ], [ 80.118231351000077, 6.546111689000043 ], [ 80.118877907000069, 6.545887810000067 ], [ 80.120511416000056, 6.547731728000031 ], [ 80.123179398000048, 6.547412950000023 ], [ 80.123621565000064, 6.547158196000055 ], [ 80.124381992000053, 6.545746054000062 ], [ 80.124073880000083, 6.545370575000049 ], [ 80.124191032000056, 6.543338460000029 ], [ 80.123894580000069, 6.539503257000035 ], [ 80.12491162200007, 6.538280609000026 ], [ 80.125347518000069, 6.537259838000068 ], [ 80.12630187700006, 6.537897397000052 ], [ 80.127783013000055, 6.539717575000054 ], [ 80.129447858000049, 6.540606343000036 ], [ 80.130341384000076, 6.537308271000029 ], [ 80.130015209000078, 6.536217651000072 ], [ 80.130193778000034, 6.535634139000024 ], [ 80.131718895000063, 6.534607176000065 ], [ 80.132331674000056, 6.533788266000045 ], [ 80.133213648000037, 6.530762818000028 ], [ 80.133501127000045, 6.530445964000023 ], [ 80.133380718000069, 6.529618586000026 ], [ 80.133722244000069, 6.529779422000047 ], [ 80.134313330000055, 6.529582737000055 ], [ 80.133290072000079, 6.527833604000023 ], [ 80.133723803000066, 6.527586642000074 ], [ 80.133748948000061, 6.527286487000026 ], [ 80.13542420400006, 6.527677251000057 ], [ 80.136153764000085, 6.526903301000061 ], [ 80.137065280000058, 6.526596642000072 ], [ 80.13727775600006, 6.526122649000058 ], [ 80.136560838000037, 6.526136689000055 ], [ 80.135975253000083, 6.525502886000027 ], [ 80.135829687000069, 6.524997960000064 ], [ 80.134492375000036, 6.523961573000065 ], [ 80.133565246000046, 6.523895588000073 ], [ 80.133164898000075, 6.523527818000048 ], [ 80.133502755000052, 6.521891873000072 ], [ 80.133945518000075, 6.521384969000053 ], [ 80.134240651000084, 6.520604710000043 ], [ 80.135440412000037, 6.520542919000036 ], [ 80.135987122000074, 6.519885121000073 ], [ 80.135708110000053, 6.518697422000059 ], [ 80.135447161000059, 6.518451725000034 ], [ 80.135823364000032, 6.518165544000055 ], [ 80.135543168000083, 6.517668989000072 ], [ 80.135593774000085, 6.517139986000075 ], [ 80.136041416000069, 6.516929381000068 ], [ 80.137035022000077, 6.517144221000024 ], [ 80.137531912000043, 6.516543639000076 ], [ 80.139591733000032, 6.515270306000048 ], [ 80.140778588000046, 6.514205534000041 ], [ 80.141270457000076, 6.513250406000054 ], [ 80.141750278000075, 6.510686356000065 ], [ 80.144744312000057, 6.51111209000004 ], [ 80.146563702000037, 6.51044139000004 ], [ 80.146782504000043, 6.509730726000043 ], [ 80.147627723000085, 6.508660146000068 ], [ 80.14869793400004, 6.508819171000027 ], [ 80.149193022000077, 6.508609851000074 ], [ 80.149264642000048, 6.508142282000051 ], [ 80.149956584000051, 6.507252555000036 ], [ 80.150486428000079, 6.506888530000026 ], [ 80.151404478000075, 6.506932838000068 ], [ 80.152233913000032, 6.507368660000054 ], [ 80.152757209000072, 6.507376456000031 ], [ 80.152998934000038, 6.506809580000038 ], [ 80.153648631000067, 6.50683633400007 ], [ 80.154522932000077, 6.505059119000066 ], [ 80.154917485000055, 6.503308271000037 ], [ 80.154790805000061, 6.501851477000059 ], [ 80.156326149000051, 6.497758238000074 ], [ 80.15411436200003, 6.496400722000033 ], [ 80.154570584000055, 6.494997022000064 ], [ 80.155087637000065, 6.494255127000031 ], [ 80.155226434000042, 6.493701396000063 ], [ 80.155554393000045, 6.493631855000046 ], [ 80.156394055000078, 6.494283427000028 ], [ 80.156352964000064, 6.493506957000022 ], [ 80.156877800000075, 6.493948258000046 ], [ 80.157235912000033, 6.493214235000039 ], [ 80.157719695000083, 6.492774170000075 ], [ 80.159506881000084, 6.491853075000051 ], [ 80.160130932000072, 6.491004983000039 ], [ 80.160600738000085, 6.489787210000031 ], [ 80.160267285000032, 6.489209509000034 ], [ 80.159436494000033, 6.488448529000038 ], [ 80.157621172000063, 6.487897356000076 ], [ 80.156212845000084, 6.487238054000045 ], [ 80.155507585000066, 6.485997258000054 ], [ 80.154927046000068, 6.483640639000043 ], [ 80.155018535000067, 6.482196429000055 ], [ 80.153962113000034, 6.479681810000045 ], [ 80.153605756000047, 6.473664744000075 ], [ 80.153190349000056, 6.471565418000068 ], [ 80.152681529000063, 6.470237871000052 ], [ 80.153145074000065, 6.469681699000034 ], [ 80.154222143000084, 6.468956347000073 ], [ 80.15349311600005, 6.468516753000074 ], [ 80.152757938000036, 6.467486300000076 ], [ 80.152266703000066, 6.463700082000059 ], [ 80.15170852500006, 6.461718200000064 ], [ 80.15171747800008, 6.459604296000066 ], [ 80.151348271000074, 6.457658569000046 ], [ 80.15091409300004, 6.456559292000065 ], [ 80.150581573000068, 6.456327926000029 ], [ 80.146678074000079, 6.456141030000026 ], [ 80.144032969000079, 6.457874466000021 ], [ 80.141786119000074, 6.458545406000042 ], [ 80.140454064000039, 6.45868437200005 ], [ 80.139210462000051, 6.458635918000027 ], [ 80.138473236000038, 6.458402626000066 ], [ 80.13726454500005, 6.457750848000046 ], [ 80.136366541000029, 6.456905416000041 ], [ 80.135701117000053, 6.457521660000054 ], [ 80.134626288000049, 6.457692909000059 ], [ 80.133402833000048, 6.458263078000073 ], [ 80.132380393000062, 6.459311114000059 ], [ 80.131874290000042, 6.45950519400003 ], [ 80.131935475000034, 6.460069396000051 ], [ 80.131676496000068, 6.460835015000043 ], [ 80.13111019300004, 6.460871695000037 ], [ 80.130759355000066, 6.460780172000057 ], [ 80.129259794000063, 6.459533261000047 ], [ 80.127697585000078, 6.45915188500004 ], [ 80.126929227000062, 6.458755591000056 ], [ 80.127008541000066, 6.458555451000052 ], [ 80.125551384000062, 6.458008216000053 ], [ 80.12359273900006, 6.457690204000073 ], [ 80.122176730000035, 6.45723024800003 ], [ 80.121696526000051, 6.456645309000066 ], [ 80.121555209000064, 6.456084630000021 ], [ 80.122226217000048, 6.455055924000021 ], [ 80.120606880000082, 6.454131634000021 ], [ 80.120630014000085, 6.453861096000026 ], [ 80.120292029000041, 6.453426237000031 ], [ 80.119062797000083, 6.452364344000046 ], [ 80.116917726000054, 6.451095165000027 ], [ 80.115203904000055, 6.451204509000036 ], [ 80.113825617000032, 6.450949319000074 ], [ 80.110621165000055, 6.449734980000073 ], [ 80.109070372000076, 6.448496073000058 ], [ 80.10826546100003, 6.44648793600004 ], [ 80.10737828200007, 6.445849969000051 ], [ 80.107084648000068, 6.446201619000021 ], [ 80.10620984600007, 6.446398146000035 ], [ 80.105106015000047, 6.445381424000061 ], [ 80.10202031700004, 6.448282741000071 ], [ 80.101945182000065, 6.448715592000042 ], [ 80.101430464000032, 6.449199474000068 ], [ 80.101331124000069, 6.449694037000029 ], [ 80.100932146000048, 6.449788095000031 ], [ 80.100650620000067, 6.450274856000021 ], [ 80.09871200200007, 6.450846406000039 ], [ 80.098480296000048, 6.450441977000025 ], [ 80.097070328000029, 6.450643996000053 ], [ 80.096677397000065, 6.45113873300005 ], [ 80.096262258000081, 6.451247041000045 ], [ 80.096265539000058, 6.452373945000033 ], [ 80.096130344000073, 6.452413241000045 ], [ 80.095208153000044, 6.451602125000022 ], [ 80.094850367000049, 6.450855165000064 ], [ 80.093692393000083, 6.450005929000042 ], [ 80.093680735000078, 6.44934312700002 ], [ 80.093201486000055, 6.449442868000062 ], [ 80.092769169000064, 6.449258211000028 ], [ 80.092299838000031, 6.449610096000072 ], [ 80.091589277000082, 6.449218578000057 ], [ 80.09179755200006, 6.448977266000043 ], [ 80.091723332000072, 6.448749765000059 ], [ 80.089483478000034, 6.447490276000053 ], [ 80.087315449000073, 6.446635735000029 ], [ 80.086526180000078, 6.446725508000043 ], [ 80.086335590000033, 6.445827759000053 ], [ 80.085275017000072, 6.444783165000047 ], [ 80.083035743000039, 6.444420181000055 ], [ 80.082363926000085, 6.443169018000049 ], [ 80.081993643000033, 6.442835947000049 ], [ 80.082083166000075, 6.442552113000033 ], [ 80.082344099000068, 6.442313180000042 ], [ 80.08387708500004, 6.442143143000067 ], [ 80.086368684000036, 6.44086468100005 ], [ 80.086733320000064, 6.440436517000023 ], [ 80.086657805000073, 6.439350395000076 ], [ 80.086368300000061, 6.438982536000026 ], [ 80.085774254000057, 6.43885074700006 ], [ 80.084693388000062, 6.439501184000051 ], [ 80.084251613000049, 6.439475184000059 ], [ 80.082340199000043, 6.438030638000043 ], [ 80.081093829000054, 6.43566284700006 ], [ 80.079791219000072, 6.431202507000023 ], [ 80.079186329000038, 6.43048432300003 ], [ 80.077701919000049, 6.42790238300006 ], [ 80.076487655000051, 6.427264434000051 ], [ 80.073577524000029, 6.423803419000023 ], [ 80.073145761000035, 6.422123338000063 ], [ 80.072534642000051, 6.420790808000049 ], [ 80.071620172000053, 6.419863702000043 ], [ 80.06980745900006, 6.418920295000021 ], [ 80.069152885000051, 6.418255971000065 ], [ 80.068252518000065, 6.416964434000022 ], [ 80.066997603000061, 6.414038502000039 ], [ 80.065868933000047, 6.413020102000075 ], [ 80.064586492000046, 6.412595797000051 ], [ 80.061695748000034, 6.412548249000054 ], [ 80.060677253000051, 6.411947415000043 ], [ 80.060077552000052, 6.410953894000045 ], [ 80.059608509000043, 6.40940170600004 ], [ 80.059565913000085, 6.408534232000022 ], [ 80.056959043000063, 6.408303832000058 ], [ 80.055638538000039, 6.408517306000022 ], [ 80.052292025000042, 6.412132155000052 ], [ 80.049562613000035, 6.414166740000042 ], [ 80.047470519000058, 6.414993120000076 ], [ 80.042284831000075, 6.415727070000059 ], [ 80.040862639000068, 6.416787319000036 ], [ 80.038793170000076, 6.418894564000027 ], [ 80.038189941000041, 6.419252576000076 ], [ 80.03466578900003, 6.419452548000038 ], [ 80.031381036000084, 6.419217333000063 ], [ 80.029573663000065, 6.419708205000063 ], [ 80.028101293000077, 6.420710920000033 ], [ 80.026297966000072, 6.42315609700006 ], [ 80.025062803000083, 6.42632156600007 ], [ 80.024804453000058, 6.427616590000071 ], [ 80.026986168000064, 6.427764361000072 ], [ 80.027365347000057, 6.428073840000025 ], [ 80.028525517000048, 6.428350425000076 ], [ 80.029050011000038, 6.430170797000073 ], [ 80.029461144000038, 6.430533820000051 ], [ 80.030060002000084, 6.432336773000031 ], [ 80.032352652000043, 6.432905824000045 ], [ 80.031779923000045, 6.435553578000054 ], [ 80.031148850000079, 6.435759340000061 ], [ 80.031761066000058, 6.436464673000046 ], [ 80.032583939000062, 6.436841247000075 ], [ 80.035384599000054, 6.437204493000024 ], [ 80.035710196000082, 6.437529777000066 ], [ 80.036945943000035, 6.437780964000069 ], [ 80.036930679000079, 6.439033129000052 ], [ 80.036121095000055, 6.441107832000057 ], [ 80.035406031000036, 6.442102612000042 ], [ 80.035661643000083, 6.443523535000054 ], [ 80.035342453000055, 6.44612438300004 ], [ 80.035449878000065, 6.446529872000042 ], [ 80.035202820000052, 6.447654501000045 ], [ 80.035792988000082, 6.447732605000056 ], [ 80.036036614000068, 6.448064201000022 ], [ 80.035792487000037, 6.448092373000065 ], [ 80.037657100000047, 6.449653009000031 ], [ 80.038449293000042, 6.451318991000051 ], [ 80.040503848000071, 6.452271168000038 ], [ 80.040447786000072, 6.45303622800003 ], [ 80.040808834000075, 6.453653652000071 ], [ 80.04120593600004, 6.453891806000058 ], [ 80.041353098000059, 6.454406370000072 ], [ 80.040606903000082, 6.454334218000042 ], [ 80.04054259600008, 6.454543553000065 ], [ 80.040340374000039, 6.456979530000069 ], [ 80.039970340000082, 6.457116625000026 ], [ 80.040176098000074, 6.457427356000039 ], [ 80.04003275000008, 6.458933148000028 ], [ 80.039514390000079, 6.459589128000061 ], [ 80.04015753200008, 6.459893425000075 ], [ 80.040198171000043, 6.460906087000069 ], [ 80.039745525000058, 6.461159373000044 ], [ 80.038979131000076, 6.462060959000041 ], [ 80.039054139000029, 6.463831829000071 ], [ 80.038367529000084, 6.464014711000061 ], [ 80.038636575000055, 6.465091156000028 ], [ 80.038059898000085, 6.465856888000076 ], [ 80.038456229000076, 6.46693259400007 ], [ 80.038250865000066, 6.467164136000065 ], [ 80.035886289000075, 6.467399291000049 ], [ 80.035788287000059, 6.467710335000049 ], [ 80.03511239200003, 6.468168083000023 ], [ 80.03431925600006, 6.468430700000056 ], [ 80.030846064000059, 6.468310805000044 ], [ 80.028860854000072, 6.469528340000068 ], [ 80.027696398000046, 6.469869340000059 ], [ 80.027434540000058, 6.470453921000058 ], [ 80.026777176000053, 6.470763376000036 ], [ 80.026347775000033, 6.471212219000051 ], [ 80.028079468000044, 6.473165668000036 ], [ 80.028419599000074, 6.473762365000027 ], [ 80.028461788000072, 6.474579593000044 ], [ 80.030345132000036, 6.475978182000063 ], [ 80.031814784000062, 6.475791586000071 ], [ 80.033438204000049, 6.47603435700006 ], [ 80.034433542000045, 6.47566050000006 ], [ 80.035890046000077, 6.476059608000071 ], [ 80.03640017400005, 6.476405871000054 ], [ 80.036530527000082, 6.475878459000057 ], [ 80.037330610000083, 6.475737089000063 ], [ 80.038048108000055, 6.476054323000028 ], [ 80.039073659000053, 6.47872626700007 ], [ 80.038505506000035, 6.479429107000044 ], [ 80.037539172000038, 6.47952134600007 ], [ 80.037590382000076, 6.479684517000067 ], [ 80.037115268000036, 6.479829564000056 ], [ 80.036887086000036, 6.481880941000043 ], [ 80.037037143000077, 6.482568744000048 ], [ 80.036861078000072, 6.482646726000041 ], [ 80.037980795000067, 6.482986087000029 ], [ 80.040038203000051, 6.483220027000073 ], [ 80.041904664000072, 6.483072379000021 ], [ 80.042423878000079, 6.48335933900006 ], [ 80.043076871000039, 6.48328392600007 ], [ 80.044141778000039, 6.484120946000075 ], [ 80.044472539000083, 6.48471384000004 ], [ 80.044311661000052, 6.485590545000036 ], [ 80.045744214000081, 6.486120755000059 ], [ 80.045989735000035, 6.486389856000073 ], [ 80.045982758000036, 6.486588966000056 ], [ 80.045502854000063, 6.486540527000045 ], [ 80.045192214000053, 6.486728891000041 ], [ 80.04516484800007, 6.487586727000064 ], [ 80.045449448000056, 6.487840604000041 ], [ 80.046018231000062, 6.487507298000025 ], [ 80.046348330000058, 6.487555518000022 ], [ 80.046696244000032, 6.489171399000043 ], [ 80.047684677000063, 6.489217943000028 ], [ 80.048548828000037, 6.489588850000075 ], [ 80.050124315000062, 6.489438924000069 ], [ 80.051164630000073, 6.489826084000072 ], [ 80.051832808000086, 6.489593829000057 ], [ 80.052212457000053, 6.489703517000066 ], [ 80.051666011000066, 6.497296147000043 ], [ 80.051173553000069, 6.497381431000065 ], [ 80.050582021000082, 6.498068748000037 ], [ 80.051257607000082, 6.497882139000069 ], [ 80.052307451000047, 6.498066756000071 ], [ 80.052794216000052, 6.49895209500005 ], [ 80.053549433000057, 6.499442745000067 ], [ 80.054308976000073, 6.499689520000061 ], [ 80.054632001000073, 6.500077911000062 ], [ 80.05583032800007, 6.500182163000034 ], [ 80.055520128000069, 6.50107278400003 ], [ 80.055408344000057, 6.502507826000056 ], [ 80.054777542000068, 6.503242474000047 ], [ 80.053634671000054, 6.503070576000027 ], [ 80.051785387000052, 6.503448377000041 ], [ 80.051509618000068, 6.503663464000056 ], [ 80.051513972000066, 6.504367967000064 ], [ 80.051711589000035, 6.504566974000056 ], [ 80.053031209000039, 6.503860364000047 ], [ 80.054062947000034, 6.503802416000042 ], [ 80.054936669000085, 6.504745927000045 ], [ 80.05467593000003, 6.505091072000027 ], [ 80.05474003300003, 6.505713358000037 ], [ 80.055666231000032, 6.506092618000025 ], [ 80.055211743000029, 6.507058591000032 ], [ 80.05461783800007, 6.507517111000027 ], [ 80.053796039000076, 6.507012305000046 ], [ 80.053645223000046, 6.506697120000069 ], [ 80.052001077000057, 6.506430602000023 ], [ 80.051250512000081, 6.505992457000048 ], [ 80.051032460000044, 6.505667579000033 ], [ 80.050403720000077, 6.505433999000047 ], [ 80.050425172000075, 6.506102932000033 ], [ 80.051806021000061, 6.507226221000053 ], [ 80.051824865000071, 6.50757416600004 ], [ 80.050024645000065, 6.508150114000046 ], [ 80.049641038000061, 6.507841942000027 ], [ 80.049067465000064, 6.507872489000022 ], [ 80.049099029000047, 6.508530852000035 ], [ 80.050749513000085, 6.508340386000043 ], [ 80.052538954000056, 6.507663997000066 ], [ 80.053424630000052, 6.507912859000044 ], [ 80.053859469000031, 6.508312218000071 ], [ 80.053628295000067, 6.508206691000055 ], [ 80.053392560000077, 6.508449436000035 ], [ 80.052843657000039, 6.50842441900005 ], [ 80.050771896000072, 6.508989473000042 ], [ 80.049521594000055, 6.51043627100006 ], [ 80.049954955000032, 6.510707585000034 ], [ 80.050795406000077, 6.509749179000039 ], [ 80.051505091000081, 6.509389162000048 ], [ 80.05186320100006, 6.509889802000032 ], [ 80.051411758000029, 6.510647319000043 ], [ 80.051731561000054, 6.510708005000026 ], [ 80.05208559700003, 6.510370256000044 ], [ 80.052305468000043, 6.509321634000059 ], [ 80.053416434000042, 6.509151920000022 ], [ 80.053324194000083, 6.510042687000066 ], [ 80.052210002000038, 6.51257718200003 ], [ 80.051814884000066, 6.512863720000041 ], [ 80.050925133000078, 6.512864827000044 ], [ 80.051479433000054, 6.513376685000026 ], [ 80.051474105000068, 6.51375469900006 ], [ 80.051277377000076, 6.514151578000053 ], [ 80.051030926000067, 6.514219172000026 ], [ 80.050671782000052, 6.515105927000036 ], [ 80.050402292000058, 6.515197986000032 ], [ 80.050028182000062, 6.516210368000031 ], [ 80.049400914000046, 6.517094830000076 ], [ 80.049650196000073, 6.517312464000042 ], [ 80.050402360000078, 6.516106305000051 ], [ 80.051459582000064, 6.515046310000059 ], [ 80.051912696000045, 6.515619622000031 ], [ 80.05235517400007, 6.515669287000037 ], [ 80.051971207000065, 6.514679642000033 ], [ 80.052274452000063, 6.513536093000027 ], [ 80.053900567000085, 6.510138493000056 ], [ 80.054331649000062, 6.509900341000048 ], [ 80.054793592000067, 6.510007338000037 ], [ 80.054302618000065, 6.509190582000031 ], [ 80.054900148000058, 6.509176540000055 ], [ 80.054867390000084, 6.508955603000061 ], [ 80.055611317000057, 6.509082445000047 ], [ 80.055921405000049, 6.508597407000025 ], [ 80.055991301000063, 6.509043018000057 ], [ 80.056627648000074, 6.509274900000037 ], [ 80.056122468000069, 6.510061589000031 ], [ 80.056279220000079, 6.510882268000046 ], [ 80.054764503000058, 6.511583685000062 ], [ 80.054725720000079, 6.511961252000049 ], [ 80.055294881000066, 6.512085058000025 ], [ 80.055398553000032, 6.512296651000042 ], [ 80.054681240000036, 6.513522379000051 ], [ 80.054750858000034, 6.514389326000071 ], [ 80.054492, 6.51504690400003 ], [ 80.05304304100008, 6.516162563000023 ], [ 80.052879082000061, 6.516711362000024 ], [ 80.053265890000034, 6.517262347000042 ], [ 80.053485815000045, 6.518316261000052 ], [ 80.053954899000075, 6.518132531000049 ], [ 80.053983579000032, 6.517496057000074 ], [ 80.054875371000037, 6.517136559000051 ], [ 80.054395605000082, 6.516566294000029 ], [ 80.054390240000032, 6.516277878000039 ], [ 80.055804342000044, 6.514789412000027 ], [ 80.055851963000066, 6.514474260000043 ], [ 80.055414896000059, 6.514095029000032 ], [ 80.055517973000065, 6.513209019000044 ], [ 80.056106727000042, 6.51359386200005 ], [ 80.056263344000058, 6.514179384000045 ], [ 80.05616824100008, 6.514829339000073 ], [ 80.056698986000072, 6.51495413400005 ], [ 80.057086815000048, 6.513965079000059 ], [ 80.056243239000082, 6.513015836000022 ], [ 80.056438546000038, 6.512520161000054 ], [ 80.05610507800003, 6.512052630000028 ], [ 80.056422406000081, 6.511856777000048 ], [ 80.05704049700006, 6.511807163000071 ], [ 80.057690548000039, 6.51344384500004 ], [ 80.058218672000066, 6.51353148100003 ], [ 80.058521165000059, 6.514578243000074 ], [ 80.059515567000062, 6.515426878000028 ], [ 80.059474826000042, 6.51695300800003 ], [ 80.058540883000035, 6.519319633000066 ], [ 80.05871299000006, 6.519824905000064 ], [ 80.058503542000039, 6.520004400000062 ], [ 80.058025422000071, 6.519572537000045 ], [ 80.056782838000061, 6.521841245000076 ], [ 80.057618629000046, 6.522501246000047 ], [ 80.058256266000058, 6.523480241000073 ], [ 80.058357516000058, 6.524355565000064 ], [ 80.056996058000038, 6.525899719000051 ], [ 80.056487994000065, 6.526982154000052 ], [ 80.056473091000043, 6.527567858000054 ], [ 80.055886371000042, 6.528060913000047 ], [ 80.055712207000056, 6.528625368000064 ], [ 80.056692331000079, 6.528819419000058 ], [ 80.056477317000031, 6.529385865000052 ], [ 80.058038391000082, 6.530244525000057 ], [ 80.058645603000059, 6.530777485000044 ], [ 80.05944080200004, 6.533408922000035 ], [ 80.06017743600006, 6.533822724000061 ], [ 80.06153639200005, 6.534138846000076 ], [ 80.061630821000051, 6.534882285000037 ], [ 80.061229660000038, 6.535858798000049 ], [ 80.061438615000043, 6.536128889000054 ], [ 80.062090323000064, 6.536187052000059 ], [ 80.063722445000053, 6.535275671000022 ], [ 80.065180590000068, 6.535223193000036 ], [ 80.06716018700007, 6.536666045000061 ], [ 80.068369993000033, 6.537798831000032 ], [ 80.068648280000048, 6.538402865000023 ], [ 80.068599819000042, 6.538715676000038 ], [ 80.06963204200008, 6.539973807000024 ], [ 80.068002030000059, 6.541231502000073 ], [ 80.068249620000074, 6.541466036000031 ], [ 80.069002885000032, 6.541825276000054 ], [ 80.069116129000065, 6.541683847000058 ], [ 80.069936804000065, 6.54194483200007 ], [ 80.071017852000068, 6.541724685000077 ], [ 80.071675258000084, 6.542067742000029 ], [ 80.073085789000061, 6.541880706000029 ], [ 80.073601988000064, 6.542267825000067 ], [ 80.073710929000072, 6.541948915000035 ], [ 80.074620486000072, 6.541939433000039 ], [ 80.074669329000074, 6.542117330000053 ], [ 80.075379276000035, 6.541860444000065 ], [ 80.076339113000074, 6.541827011000066 ], [ 80.078157721000082, 6.541344716000026 ], [ 80.077471588000037, 6.540731704000052 ], [ 80.077337851000038, 6.539974561000065 ], [ 80.077539165000076, 6.539767789000052 ], [ 80.077771529000074, 6.540181694000069 ], [ 80.079354107000086, 6.541235993000043 ], [ 80.079497433000085, 6.541686153000057 ], [ 80.078857210000081, 6.543044207000037 ], [ 80.077663233000067, 6.544685344000072 ], [ 80.07757868300007, 6.545084824000071 ], [ 80.078289651000034, 6.545791846000043 ], [ 80.08016955800008, 6.546517677000054 ], [ 80.080157210000039, 6.548444976000042 ], [ 80.079436605000069, 6.549015483000062 ], [ 80.078230544000064, 6.550649351000061 ], [ 80.077476769000043, 6.552222736000033 ], [ 80.078253210000071, 6.552186751000022 ], [ 80.078526477000082, 6.552596578000021 ], [ 80.079463120000071, 6.552848106000056 ], [ 80.08011453000006, 6.55262398800005 ], [ 80.081293654000035, 6.553227161000052 ], [ 80.082613266000067, 6.554590156000074 ], [ 80.083118985000056, 6.554792039000063 ], [ 80.083710670000073, 6.55461507800004 ], [ 80.085622496000042, 6.553450573000021 ], [ 80.087497236000047, 6.552975224000022 ], [ 80.089321557000062, 6.553149695000059 ], [ 80.090769189000071, 6.554206858000043 ], [ 80.091921157000058, 6.554592710000065 ], [ 80.091907961000061, 6.555251272000021 ], [ 80.09130189800004, 6.556953730000032 ], [ 80.091253213000073, 6.557776098000033 ], [ 80.091494583000042, 6.557953275000045 ], [ 80.091710600000056, 6.558795660000044 ], [ 80.092423788000076, 6.560104854000031 ], [ 80.093102495000039, 6.560887244000071 ], [ 80.09344094100004, 6.561601541000073 ], [ 80.094240118000073, 6.564337514000044 ], [ 80.094815352000069, 6.565527047000046 ], [ 80.095081654000069, 6.566855014000055 ], [ 80.096340015000067, 6.56673392700003 ], [ 80.097447598000031, 6.567062738000061 ], [ 80.098570047000067, 6.56700414200003 ], [ 80.099372351000056, 6.566520473000026 ], [ 80.102250512000069, 6.567392664000067 ], [ 80.10172194300003, 6.568500590000042 ], [ 80.101388393000036, 6.57006713100003 ], [ 80.102304803000038, 6.570722541000066 ], [ 80.104219509000075, 6.571408294000037 ], [ 80.104847713000083, 6.571453175000045 ], [ 80.105141550000042, 6.572157818000051 ], [ 80.105856516000074, 6.572710744000062 ], [ 80.106643888000065, 6.573956621000036 ], [ 80.107023018000064, 6.574106425000025 ], [ 80.107322384000042, 6.575210311000035 ], [ 80.107861197000034, 6.576042420000022 ], [ 80.108473814000035, 6.576051016000065 ], [ 80.108628760000045, 6.576555534000022 ], [ 80.109076438000045, 6.576905816000021 ], [ 80.108703478000052, 6.579879721000054 ], [ 80.110082220000038, 6.580818340000064 ], [ 80.112501038000062, 6.58098749800007 ], [ 80.113495881000063, 6.58155258000005 ], [ 80.114248365000037, 6.582460082000068 ], [ 80.114275613000075, 6.579904249000037 ], [ 80.11394395700006, 6.579270545000043 ], [ 80.114193257000068, 6.578112863000058 ], [ 80.114089388000082, 6.57768066400007 ], [ 80.113622905000057, 6.577187757000047 ], [ 80.113603863000037, 6.576545517000056 ], [ 80.11400336500003, 6.575654884000073 ], [ 80.115663319000078, 6.575362106000057 ], [ 80.115276356000038, 6.575183362000075 ], [ 80.115334365000081, 6.574601538000024 ], [ 80.11472746700008, 6.573681552000039 ], [ 80.114281580000068, 6.57246099300005 ], [ 80.114395692000073, 6.571894176000058 ], [ 80.113783906000037, 6.570928266000067 ], [ 80.113779459000057, 6.567021548000071 ], [ 80.114015025000072, 6.564825037000048 ] ] ] } },
{ "type": "Feature", "properties": { "ADM3_EN": "Agalawatta", "ADM3_PCODE": "LK1333", "ADM2_EN": "Kalutara" }, "geometry": { "type": "Polygon", "coordinates": [ [ [ 80.18783471900008, 6.581354433000058 ], [ 80.188315653000075, 6.57994794800004 ], [ 80.188634887000035, 6.57977153500002 ], [ 80.188913376000073, 6.578407927000057 ], [ 80.189349790000051, 6.57777896500005 ], [ 80.190163181000059, 6.577620584000044 ], [ 80.190239008000049, 6.575958413000023 ], [ 80.190998959000069, 6.575410221000027 ], [ 80.191073895000045, 6.574660835000032 ], [ 80.191652333000036, 6.573205880000046 ], [ 80.192741223000041, 6.571824676000062 ], [ 80.192900226000063, 6.571312286000023 ], [ 80.194817925000052, 6.569512127000053 ], [ 80.194974819000038, 6.568754986000044 ], [ 80.195412196000063, 6.568508956000073 ], [ 80.195591066000077, 6.567239605000054 ], [ 80.195757316000083, 6.566955520000022 ], [ 80.196363561000055, 6.566688824000039 ], [ 80.196276585000078, 6.565818346000071 ], [ 80.195554138000034, 6.564849021000043 ], [ 80.195976715000029, 6.564734194000039 ], [ 80.197332317000075, 6.561728294000034 ], [ 80.198638641000059, 6.559398093000027 ], [ 80.199169042000051, 6.558788852000021 ], [ 80.199837950000074, 6.556642128000021 ], [ 80.201051839000058, 6.554687350000052 ], [ 80.201512964000074, 6.554476184000066 ], [ 80.201449480000065, 6.554087810000055 ], [ 80.200840583000058, 6.55274189000005 ], [ 80.200152478000064, 6.551947767000058 ], [ 80.199392570000043, 6.549901122000051 ], [ 80.199406728000042, 6.549308826000072 ], [ 80.19862617800004, 6.54835021100007 ], [ 80.198735425000052, 6.548027750000074 ], [ 80.198332472000061, 6.547272538000072 ], [ 80.195999442000073, 6.54339380600004 ], [ 80.195517808000034, 6.543226473000061 ], [ 80.195229690000076, 6.542686332000073 ], [ 80.194525239000029, 6.542452008000055 ], [ 80.193701553000039, 6.542728250000039 ], [ 80.193044078000071, 6.543770595000069 ], [ 80.191491606000056, 6.543330492000052 ], [ 80.188605695000035, 6.542986385000063 ], [ 80.185461169000064, 6.543091379000032 ], [ 80.180041084000038, 6.542357504000051 ], [ 80.179722384000058, 6.540748123000071 ], [ 80.180390627000065, 6.538732971000059 ], [ 80.180417705000082, 6.537556877000043 ], [ 80.179913623000061, 6.536898208000025 ], [ 80.178671326000085, 6.536547473000041 ], [ 80.178338736000057, 6.535969019000049 ], [ 80.178523363000068, 6.534775277000051 ], [ 80.178439045000061, 6.532114020000051 ], [ 80.177998993000074, 6.531419328000027 ], [ 80.17780601000004, 6.530511875000059 ], [ 80.177198487000055, 6.52956475600007 ], [ 80.172726363000038, 6.528926940000076 ], [ 80.171542642000077, 6.528284082000027 ], [ 80.169006268000032, 6.528162132000034 ], [ 80.167841200000055, 6.527245950000065 ], [ 80.167693358000065, 6.527363244000071 ], [ 80.167429302000073, 6.527176576000045 ], [ 80.168803390000051, 6.52512611800006 ], [ 80.168787448000046, 6.523949450000032 ], [ 80.168349287000069, 6.522722807000036 ], [ 80.168605231000072, 6.521136048000074 ], [ 80.171478038000032, 6.516715512000076 ], [ 80.172102941000048, 6.514793557000075 ], [ 80.173648220000075, 6.514016398000024 ], [ 80.173980197000049, 6.514266010000028 ], [ 80.174432351000064, 6.515382954000074 ], [ 80.17817066300006, 6.515787272000068 ], [ 80.178280164000057, 6.515172707000033 ], [ 80.178751372000079, 6.514984519000052 ], [ 80.179090466000048, 6.515435505000028 ], [ 80.179381748000083, 6.516385792000051 ], [ 80.180045048000068, 6.51728683400006 ], [ 80.181943105000073, 6.518851888000029 ], [ 80.182366502000036, 6.518990276000068 ], [ 80.183087328000056, 6.518598646000044 ], [ 80.184214982000071, 6.518477670000038 ], [ 80.186677699000029, 6.51885419000007 ], [ 80.18746159300008, 6.517845401000045 ], [ 80.188814493000052, 6.516620771000021 ], [ 80.189866098000039, 6.515126571000053 ], [ 80.190385441000046, 6.514216085000044 ], [ 80.190483638000046, 6.512587257000064 ], [ 80.191106714000057, 6.511783796000032 ], [ 80.192242431000068, 6.511142433000032 ], [ 80.193476955000051, 6.508788805000052 ], [ 80.193741997000075, 6.507704009000065 ], [ 80.194809842000041, 6.507929811000054 ], [ 80.195319328000039, 6.507527285000037 ], [ 80.195864148000055, 6.507524183000044 ], [ 80.195870702000036, 6.506426787000066 ], [ 80.19570615400005, 6.506092371000022 ], [ 80.195914389000052, 6.505721139000059 ], [ 80.19530952100007, 6.504836118000071 ], [ 80.194902785000068, 6.504660625000042 ], [ 80.195183565000036, 6.503916160000074 ], [ 80.195162333000042, 6.503055828000072 ], [ 80.196086641000079, 6.502546881000058 ], [ 80.198560201000078, 6.498075689000075 ], [ 80.199452980000046, 6.497780310000053 ], [ 80.200049251000053, 6.497810913000023 ], [ 80.20132650100004, 6.499030532000063 ], [ 80.202632115000085, 6.499870016000045 ], [ 80.20403034900005, 6.50045566600005 ], [ 80.205364320000058, 6.500622272000044 ], [ 80.20606391900003, 6.498425367000038 ], [ 80.208317946000079, 6.494124093000039 ], [ 80.210562624000033, 6.492957929000056 ], [ 80.214056452000079, 6.48836635400005 ], [ 80.22071279000005, 6.486946547000059 ], [ 80.222745405000069, 6.48695523400005 ], [ 80.224438862000056, 6.485549178000042 ], [ 80.230117661000065, 6.48234760400004 ], [ 80.231418049000069, 6.480770557000028 ], [ 80.232397035000076, 6.478015782000057 ], [ 80.235135009000032, 6.473151811000037 ], [ 80.23526307800006, 6.472523249000062 ], [ 80.234330733000036, 6.468884652000042 ], [ 80.234002786000076, 6.467905852000058 ], [ 80.232935551000082, 6.466020969000056 ], [ 80.232215147000034, 6.465720243000021 ], [ 80.232102573000077, 6.465314997000064 ], [ 80.231126090000032, 6.464469066000049 ], [ 80.230958258000044, 6.463997928000026 ], [ 80.230626424000036, 6.464204204000055 ], [ 80.230230826000081, 6.464100056000063 ], [ 80.22994288600006, 6.463673461000042 ], [ 80.22766714800008, 6.462354262000076 ], [ 80.225998322000066, 6.462117161000037 ], [ 80.225330924000048, 6.461800567000068 ], [ 80.224125922000042, 6.462030128000038 ], [ 80.224732980000056, 6.461296497000035 ], [ 80.225321394000048, 6.460916336000025 ], [ 80.22634673400006, 6.459369200000026 ], [ 80.226439215000084, 6.458619909000049 ], [ 80.22593181700006, 6.457320700000025 ], [ 80.226606387000061, 6.455846430000065 ], [ 80.224793443000067, 6.451895838000041 ], [ 80.223242795000033, 6.445270744000027 ], [ 80.223478904000046, 6.444735061000074 ], [ 80.220106284000053, 6.445045958000037 ], [ 80.21955747800007, 6.444934574000058 ], [ 80.217267412000069, 6.445545161000041 ], [ 80.216667026000039, 6.445194798000045 ], [ 80.216190639000047, 6.444511592000026 ], [ 80.217033152000056, 6.441989808000073 ], [ 80.218408037000074, 6.441074029000049 ], [ 80.218761852000057, 6.440545164000071 ], [ 80.218793350000055, 6.439350805000061 ], [ 80.221078219000049, 6.437730716000033 ], [ 80.221265249000055, 6.436908823000067 ], [ 80.220971175000045, 6.436657198000034 ], [ 80.219741914000053, 6.436305807000053 ], [ 80.218962194000085, 6.436476864000042 ], [ 80.217937989000063, 6.435939225000027 ], [ 80.21717873700004, 6.435910542000045 ], [ 80.216308118000029, 6.435546692000059 ], [ 80.215191727000047, 6.435814677000053 ], [ 80.215223725000044, 6.436573596000073 ], [ 80.21499809200003, 6.436889952000058 ], [ 80.212702678000085, 6.437007047000066 ], [ 80.21288323400006, 6.437465501000077 ], [ 80.212808437000035, 6.438107366000054 ], [ 80.211955815000067, 6.438326208000035 ], [ 80.211669134000033, 6.438335814000027 ], [ 80.211740173000067, 6.437920770000062 ], [ 80.210063115000082, 6.435790768000061 ], [ 80.20916565400006, 6.435277061000022 ], [ 80.208092050000062, 6.436215912000023 ], [ 80.20743983300008, 6.436023049000028 ], [ 80.207117660000051, 6.436139602000026 ], [ 80.207276519000061, 6.438654792000023 ], [ 80.20681806500005, 6.439663009000071 ], [ 80.206758248000085, 6.440795862000073 ], [ 80.205678951000039, 6.442462722000073 ], [ 80.205749051000055, 6.443155672000046 ], [ 80.205212739000046, 6.44553589700007 ], [ 80.205500022000081, 6.446360211000069 ], [ 80.205216242000063, 6.447332281000058 ], [ 80.204416565000031, 6.448057151000057 ], [ 80.204047977000073, 6.447614133000059 ], [ 80.203520511000079, 6.448249246000046 ], [ 80.202905254000029, 6.448028964000059 ], [ 80.202334887000063, 6.448109585000054 ], [ 80.201729168000043, 6.449613573000022 ], [ 80.200666239000043, 6.449968536000029 ], [ 80.200192187000084, 6.450759728000037 ], [ 80.199279324000031, 6.451130017000025 ], [ 80.198456945000032, 6.45192404200003 ], [ 80.196874337000054, 6.452474423000069 ], [ 80.195918846000041, 6.452365704000044 ], [ 80.194387364000079, 6.453122694000058 ], [ 80.193028316000039, 6.452966143000026 ], [ 80.192642510000042, 6.453274269000076 ], [ 80.192339668000045, 6.45307802800005 ], [ 80.191309588000081, 6.454036118000033 ], [ 80.19130967500007, 6.454905505000056 ], [ 80.191024896000044, 6.455303065000066 ], [ 80.190614595000056, 6.455578312000057 ], [ 80.189772249000043, 6.455696166000052 ], [ 80.18930514300007, 6.456155279000029 ], [ 80.188918657000045, 6.457179124000049 ], [ 80.188334147000035, 6.457528591000028 ], [ 80.187928735000071, 6.457482544000072 ], [ 80.187929212000085, 6.457616651000023 ], [ 80.187379311000029, 6.457432897000047 ], [ 80.187126664000061, 6.457793055000025 ], [ 80.187061291000077, 6.458349299000076 ], [ 80.18628529700004, 6.458779204000052 ], [ 80.185975183000039, 6.459346919000041 ], [ 80.185682862000078, 6.460238934000074 ], [ 80.185757305000038, 6.460749945000032 ], [ 80.185184210000045, 6.461541257000022 ], [ 80.184407338000085, 6.461866078000071 ], [ 80.184135427000058, 6.462541085000055 ], [ 80.183922472000063, 6.463204586000074 ], [ 80.184213729000078, 6.463697222000064 ], [ 80.184158581000077, 6.464007239000068 ], [ 80.184340321000036, 6.464064873000041 ], [ 80.184142793000035, 6.464290263000066 ], [ 80.184480122000082, 6.46520064200007 ], [ 80.183633821000058, 6.466683054000043 ], [ 80.183260239000049, 6.46701205100004 ], [ 80.183058559000074, 6.46885665800005 ], [ 80.182557558000042, 6.469524162000027 ], [ 80.182196867000073, 6.470501005000074 ], [ 80.182209029000035, 6.472050109000065 ], [ 80.179791996000063, 6.469859020000058 ], [ 80.171446101000072, 6.467677349000041 ], [ 80.169747103000077, 6.467427413000053 ], [ 80.165521703000081, 6.467060016000062 ], [ 80.158131997000055, 6.46709007100003 ], [ 80.156227731000058, 6.467398239000033 ], [ 80.154864954000061, 6.467944100000068 ], [ 80.154271608000045, 6.467818928000042 ], [ 80.153544700000054, 6.468472922000046 ], [ 80.154222143000084, 6.468956347000073 ], [ 80.153145074000065, 6.469681699000034 ], [ 80.152681529000063, 6.470237871000052 ], [ 80.153190349000056, 6.471565418000068 ], [ 80.153605756000047, 6.473664744000075 ], [ 80.153962113000034, 6.479681810000045 ], [ 80.155018535000067, 6.482196429000055 ], [ 80.154927046000068, 6.483640639000043 ], [ 80.155507585000066, 6.485997258000054 ], [ 80.156212845000084, 6.487238054000045 ], [ 80.157621172000063, 6.487897356000076 ], [ 80.159436494000033, 6.488448529000038 ], [ 80.160267285000032, 6.489209509000034 ], [ 80.160600738000085, 6.489787210000031 ], [ 80.160130932000072, 6.491004983000039 ], [ 80.159506881000084, 6.491853075000051 ], [ 80.157719695000083, 6.492774170000075 ], [ 80.157235912000033, 6.493214235000039 ], [ 80.156877800000075, 6.493948258000046 ], [ 80.156352964000064, 6.493506957000022 ], [ 80.156394055000078, 6.494283427000028 ], [ 80.155554393000045, 6.493631855000046 ], [ 80.155226434000042, 6.493701396000063 ], [ 80.155087637000065, 6.494255127000031 ], [ 80.154570584000055, 6.494997022000064 ], [ 80.15411436200003, 6.496400722000033 ], [ 80.156326149000051, 6.497758238000074 ], [ 80.154790805000061, 6.501851477000059 ], [ 80.154917485000055, 6.503308271000037 ], [ 80.154281001000072, 6.505707233000066 ], [ 80.153648631000067, 6.50683633400007 ], [ 80.152998934000038, 6.506809580000038 ], [ 80.152757209000072, 6.507376456000031 ], [ 80.152233913000032, 6.507368660000054 ], [ 80.151404478000075, 6.506932838000068 ], [ 80.150486428000079, 6.506888530000026 ], [ 80.149956584000051, 6.507252555000036 ], [ 80.149264642000048, 6.508142282000051 ], [ 80.149193022000077, 6.508609851000074 ], [ 80.14869793400004, 6.508819171000027 ], [ 80.147771615000067, 6.508595842000034 ], [ 80.14738562000008, 6.508817972000031 ], [ 80.147214258000076, 6.509339105000038 ], [ 80.146782504000043, 6.509730726000043 ], [ 80.146563702000037, 6.51044139000004 ], [ 80.144744312000057, 6.51111209000004 ], [ 80.141750278000075, 6.510686356000065 ], [ 80.141270457000076, 6.513250406000054 ], [ 80.140778588000046, 6.514205534000041 ], [ 80.139591733000032, 6.515270306000048 ], [ 80.137531912000043, 6.516543639000076 ], [ 80.137035022000077, 6.517144221000024 ], [ 80.136041416000069, 6.516929381000068 ], [ 80.135593774000085, 6.517139986000075 ], [ 80.135543168000083, 6.517668989000072 ], [ 80.135823364000032, 6.518165544000055 ], [ 80.135447161000059, 6.518451725000034 ], [ 80.135708110000053, 6.518697422000059 ], [ 80.135987122000074, 6.519885121000073 ], [ 80.135440412000037, 6.520542919000036 ], [ 80.134240651000084, 6.520604710000043 ], [ 80.133945518000075, 6.521384969000053 ], [ 80.133502755000052, 6.521891873000072 ], [ 80.133164898000075, 6.523527818000048 ], [ 80.133565246000046, 6.523895588000073 ], [ 80.134492375000036, 6.523961573000065 ], [ 80.135829687000069, 6.524997960000064 ], [ 80.135975253000083, 6.525502886000027 ], [ 80.136560838000037, 6.526136689000055 ], [ 80.13727775600006, 6.526122649000058 ], [ 80.137065280000058, 6.526596642000072 ], [ 80.136153764000085, 6.526903301000061 ], [ 80.13542420400006, 6.527677251000057 ], [ 80.133748948000061, 6.527286487000026 ], [ 80.133723803000066, 6.527586642000074 ], [ 80.133290072000079, 6.527833604000023 ], [ 80.134313330000055, 6.529582737000055 ], [ 80.133722244000069, 6.529779422000047 ], [ 80.133380718000069, 6.529618586000026 ], [ 80.133501127000045, 6.530445964000023 ], [ 80.133213648000037, 6.530762818000028 ], [ 80.132331674000056, 6.533788266000045 ], [ 80.131718895000063, 6.534607176000065 ], [ 80.130193778000034, 6.535634139000024 ], [ 80.130015209000078, 6.536217651000072 ], [ 80.130341384000076, 6.537308271000029 ], [ 80.129447858000049, 6.540606343000036 ], [ 80.127783013000055, 6.539717575000054 ], [ 80.12630187700006, 6.537897397000052 ], [ 80.125347518000069, 6.537259838000068 ], [ 80.12491162200007, 6.538280609000026 ], [ 80.123894580000069, 6.539503257000035 ], [ 80.124191032000056, 6.543338460000029 ], [ 80.124073880000083, 6.545370575000049 ], [ 80.124381992000053, 6.545746054000062 ], [ 80.123621565000064, 6.547158196000055 ], [ 80.123004737000031, 6.547445322000044 ], [ 80.120511416000056, 6.547731728000031 ], [ 80.118877907000069, 6.545887810000067 ], [ 80.118231351000077, 6.546111689000043 ], [ 80.117751572000032, 6.546003992000067 ], [ 80.117374758000039, 6.545137730000022 ], [ 80.11692011100007, 6.545053239000026 ], [ 80.116778551000039, 6.544721200000026 ], [ 80.116837301000032, 6.544349277000038 ], [ 80.117230942000049, 6.544182657000022 ], [ 80.116798066000058, 6.543566580000061 ], [ 80.116104035000035, 6.543574479000029 ], [ 80.115751530000068, 6.543116298000029 ], [ 80.114394355000059, 6.542902427000058 ], [ 80.113851039000053, 6.543555926000067 ], [ 80.113591094000071, 6.544520912000053 ], [ 80.113216253000076, 6.544947420000028 ], [ 80.112878958000067, 6.547193219000064 ], [ 80.112689468000042, 6.547510252000052 ], [ 80.112203414000078, 6.547537016000035 ], [ 80.111918024000033, 6.547972142000049 ], [ 80.112097258000063, 6.549142667000069 ], [ 80.112579144000051, 6.550195200000076 ], [ 80.11259921900006, 6.551516742000047 ], [ 80.116038337000077, 6.551619691000042 ], [ 80.116679967000039, 6.551443616000029 ], [ 80.117126516000042, 6.552388300000075 ], [ 80.117218907000051, 6.555256454000073 ], [ 80.116907394000066, 6.557673573000045 ], [ 80.115586808000046, 6.56169796100005 ], [ 80.114678832000038, 6.563901513000076 ], [ 80.114022496000075, 6.564856266000049 ], [ 80.11543813600008, 6.566646153000022 ], [ 80.118398380000031, 6.569512021000037 ], [ 80.123211514000047, 6.573061094000025 ], [ 80.126006376000078, 6.571338341000057 ], [ 80.127603658000055, 6.571247456000037 ], [ 80.129003413000078, 6.570479656000032 ], [ 80.129902757000082, 6.570916489000069 ], [ 80.130349611000042, 6.570937406000041 ], [ 80.130887656000084, 6.570500610000067 ], [ 80.132061473000078, 6.570133719000069 ], [ 80.132217338000032, 6.570012929000029 ], [ 80.132125717000065, 6.569295725000075 ], [ 80.132807634000073, 6.56824898900004 ], [ 80.133124335000048, 6.568432241000039 ], [ 80.133931702000041, 6.568030333000024 ], [ 80.13408131500006, 6.567497091000064 ], [ 80.135280901000044, 6.566028473000074 ], [ 80.135423248000052, 6.567320487000075 ], [ 80.136168574000067, 6.568058473000065 ], [ 80.136795597000059, 6.569777144000057 ], [ 80.13724142500007, 6.570508878000055 ], [ 80.137758293000047, 6.570931594000058 ], [ 80.138288886000055, 6.573229144000038 ], [ 80.139994928000078, 6.575943512000038 ], [ 80.140352747000065, 6.576079090000064 ], [ 80.140541108000036, 6.575876681000068 ], [ 80.14046234500006, 6.574346374000072 ], [ 80.141145400000084, 6.573408155000038 ], [ 80.141429201000051, 6.572236752000038 ], [ 80.141757145000042, 6.572100790000036 ], [ 80.142613267000058, 6.572408126000028 ], [ 80.143146220000062, 6.572860998000067 ], [ 80.143934728000033, 6.574681402000067 ], [ 80.145619263000071, 6.575461117000032 ], [ 80.148329677000049, 6.577969246000066 ], [ 80.148789172000079, 6.578770856000062 ], [ 80.149421238000059, 6.578737386000057 ], [ 80.149610424000059, 6.578978795000069 ], [ 80.150844364000079, 6.579205909000052 ], [ 80.151130754000064, 6.579854565000062 ], [ 80.150754823000057, 6.580195609000043 ], [ 80.151038180000057, 6.581060621000063 ], [ 80.153532812000037, 6.581405553000025 ], [ 80.153778440000053, 6.581217326000058 ], [ 80.154301099000065, 6.579907887000047 ], [ 80.155963702000065, 6.578177186000062 ], [ 80.156646656000078, 6.578210656000067 ], [ 80.157446904000039, 6.578587848000041 ], [ 80.15816785100003, 6.578484925000055 ], [ 80.158218299000055, 6.578761144000055 ], [ 80.158444151000083, 6.578787790000035 ], [ 80.158113016000073, 6.57700006400006 ], [ 80.15943655500007, 6.577305967000029 ], [ 80.159137787000077, 6.577782746000025 ], [ 80.159488822000071, 6.578097458000059 ], [ 80.161667584000043, 6.578817755000046 ], [ 80.163619519000065, 6.57920355300007 ], [ 80.165070094000043, 6.579271239000036 ], [ 80.166773509000052, 6.578683616000035 ], [ 80.168001916000037, 6.57850379000007 ], [ 80.168778760000066, 6.577820210000027 ], [ 80.170037063000052, 6.577791091000051 ], [ 80.170272030000035, 6.577471574000072 ], [ 80.17037455600007, 6.576792916000045 ], [ 80.170848161000038, 6.576179474000071 ], [ 80.172672534000071, 6.575751516000025 ], [ 80.174774395000043, 6.57353162000004 ], [ 80.175791066000045, 6.572888517000024 ], [ 80.176715468000054, 6.573825942000042 ], [ 80.176987616000076, 6.573438169000042 ], [ 80.179209320000041, 6.574833109000053 ], [ 80.179638683000064, 6.575417211000058 ], [ 80.179872894000084, 6.576286064000044 ], [ 80.18045230000007, 6.576494559000025 ], [ 80.181588939000051, 6.577332317000071 ], [ 80.181533118000061, 6.57760488100007 ], [ 80.182002007000051, 6.577732130000072 ], [ 80.183114985000032, 6.578826753000044 ], [ 80.183801075000076, 6.579134617000022 ], [ 80.183660067000062, 6.579432360000055 ], [ 80.18483907500007, 6.581304713000065 ], [ 80.186866469000051, 6.58130269000003 ], [ 80.187170079000055, 6.581680989000063 ], [ 80.18739514400005, 6.581650496000066 ], [ 80.18783471900008, 6.581354433000058 ] ] ] } },
{ "type": "Feature", "properties": { "ADM3_EN": "Palindanuwara", "ADM3_PCODE": "LK1336", "ADM2_EN": "Kalutara" }, "geometry": { "type": "Polygon", "coordinates": [ [ [ 80.259857685000043, 6.622529818000032 ], [ 80.26181790000004, 6.622022225000023 ], [ 80.26407206600004, 6.621859465000057 ], [ 80.26814009800006, 6.620392182000046 ], [ 80.270642040000041, 6.620100443000069 ], [ 80.272495192000065, 6.618971811000051 ], [ 80.274090429000069, 6.61733687100002 ], [ 80.274689579000039, 6.617570757000067 ], [ 80.275138664000053, 6.618358289000071 ], [ 80.276179242000069, 6.618632096000056 ], [ 80.277204038000036, 6.618540113000051 ], [ 80.278275215000065, 6.618128460000037 ], [ 80.280395910000038, 6.618559856000047 ], [ 80.281949738000037, 6.61825634500002 ], [ 80.282549847000041, 6.617531975000077 ], [ 80.282863193000082, 6.616434069000036 ], [ 80.283208185000035, 6.615996561000031 ], [ 80.284034140000074, 6.615537996000057 ], [ 80.284344029000067, 6.615568680000024 ], [ 80.284654233000083, 6.615165757000057 ], [ 80.285439790000055, 6.615150383000071 ], [ 80.285992460000045, 6.613751719000049 ], [ 80.286682265000081, 6.613048008000021 ], [ 80.286968126000033, 6.612391752000065 ], [ 80.287714401000073, 6.61191715700005 ], [ 80.288355444000047, 6.610923082000056 ], [ 80.288716537000084, 6.609673525000062 ], [ 80.290243633000046, 6.608145649000051 ], [ 80.290675603000068, 6.606834908000053 ], [ 80.29145578300006, 6.605694861000075 ], [ 80.291727729000058, 6.605557311000041 ], [ 80.291908119000084, 6.605086616000051 ], [ 80.292762346000075, 6.604562981000072 ], [ 80.293478995000044, 6.603788463000058 ], [ 80.295411417000082, 6.602720347000059 ], [ 80.296270341000081, 6.601287509000031 ], [ 80.296758844000067, 6.600878360000024 ], [ 80.298279248000085, 6.600288363000061 ], [ 80.298275882000041, 6.599806004000072 ], [ 80.297595313000045, 6.599319174000073 ], [ 80.298097711000082, 6.598456432000035 ], [ 80.299309891000064, 6.597981322000066 ], [ 80.300038949000054, 6.59738548100006 ], [ 80.301077300000031, 6.597445457000049 ], [ 80.304071131000057, 6.595451991000061 ], [ 80.304215739000085, 6.593913222000026 ], [ 80.305150739000055, 6.593325595000067 ], [ 80.305012194000085, 6.592833001000031 ], [ 80.306376169000032, 6.589202535000027 ], [ 80.306488367000043, 6.588113852000049 ], [ 80.30700054600004, 6.58763953600004 ], [ 80.307324642000083, 6.585851114000036 ], [ 80.306969547000051, 6.585106408000058 ], [ 80.309778941000047, 6.581267354000033 ], [ 80.310605301000066, 6.579129015000035 ], [ 80.310328, 6.578417714000068 ], [ 80.310473009000077, 6.577906785000039 ], [ 80.310862555000085, 6.577462739000055 ], [ 80.311019121000072, 6.576474085000029 ], [ 80.311789674000067, 6.574921954000047 ], [ 80.31284657100008, 6.574189658000023 ], [ 80.313325383000063, 6.573390170000039 ], [ 80.313693816000068, 6.571712882000043 ], [ 80.314431726000066, 6.570654899000033 ], [ 80.313586619000034, 6.570261931000061 ], [ 80.312347725000052, 6.570237763000023 ], [ 80.311613474000069, 6.570737043000065 ], [ 80.310802653000053, 6.569869710000035 ], [ 80.310313277000034, 6.570069241000056 ], [ 80.309845786000039, 6.570646535000037 ], [ 80.308987155000068, 6.570624399000053 ], [ 80.309098367000047, 6.56941912000002 ], [ 80.308798716000069, 6.568841118000023 ], [ 80.308009943000059, 6.568184893000023 ], [ 80.307209510000064, 6.568117491000066 ], [ 80.306509726000058, 6.567416905000073 ], [ 80.305809346000046, 6.567360705000056 ], [ 80.305295052000076, 6.567098078000072 ], [ 80.304283524000084, 6.567332562000047 ], [ 80.303999159000057, 6.567598475000068 ], [ 80.302722741000082, 6.567335434000029 ], [ 80.302148481000074, 6.567544760000033 ], [ 80.298325059000035, 6.566590111000039 ], [ 80.297624487000064, 6.56619904400003 ], [ 80.295546468000055, 6.564394728000025 ], [ 80.295271218000039, 6.56405036600006 ], [ 80.295158441000069, 6.562742552000032 ], [ 80.295332532000032, 6.561836723000056 ], [ 80.295816936000051, 6.560873960000038 ], [ 80.298039846000052, 6.558468782000034 ], [ 80.301025252000045, 6.553816834000031 ], [ 80.303030837000051, 6.548432734000073 ], [ 80.30454075800003, 6.545996973000058 ], [ 80.304865289000077, 6.54506009000005 ], [ 80.305036944000051, 6.540557594000063 ], [ 80.305742240000029, 6.538204128000075 ], [ 80.307618966000064, 6.536298019000071 ], [ 80.309594910000044, 6.535708521000061 ], [ 80.311768971000049, 6.534531 ], [ 80.313847096000075, 6.532022575000042 ], [ 80.317763163000052, 6.525700009000047 ], [ 80.320389196000065, 6.521931303000031 ], [ 80.324619086000041, 6.51495226000003 ], [ 80.327514720000067, 6.510849794000023 ], [ 80.328264040000079, 6.509020702000043 ], [ 80.329493581000065, 6.506790377000073 ], [ 80.33237061300008, 6.502999415000033 ], [ 80.334472150000067, 6.498951236000039 ], [ 80.338552539000034, 6.492675532000021 ], [ 80.345264493000059, 6.482839659000035 ], [ 80.356110534000038, 6.46841160200006 ], [ 80.356904710000038, 6.466102737000028 ], [ 80.358123162000084, 6.463492974000076 ], [ 80.361858337000058, 6.457504802000074 ], [ 80.366400639000062, 6.451638980000041 ], [ 80.376292662000083, 6.439574659000073 ], [ 80.380372021000085, 6.434882799000036 ], [ 80.379113638000035, 6.43161279900005 ], [ 80.378757737000058, 6.430095157000039 ], [ 80.379038197000057, 6.428557391000027 ], [ 80.380921841000031, 6.426114808000023 ], [ 80.379246394000063, 6.425005715000054 ], [ 80.378860620000069, 6.424929544000065 ], [ 80.377417247000039, 6.426346026000033 ], [ 80.376029926000058, 6.429018103000033 ], [ 80.375713958000063, 6.429149796000047 ], [ 80.373266090000072, 6.427712266000071 ], [ 80.37246430600004, 6.427722758000073 ], [ 80.371464806000063, 6.427170876000048 ], [ 80.370728927000073, 6.427179154000044 ], [ 80.370532862000061, 6.426892083000041 ], [ 80.370100792000073, 6.427093287000048 ], [ 80.369423555000083, 6.426910891000034 ], [ 80.369028623000077, 6.42743443300003 ], [ 80.368519553000056, 6.427529733000029 ], [ 80.367389578000029, 6.426389917000051 ], [ 80.366196014000082, 6.425810892000072 ], [ 80.364980044000049, 6.424542754000072 ], [ 80.363685145000034, 6.423871762000033 ], [ 80.362765453000065, 6.423003913000059 ], [ 80.362073019000036, 6.422695177000037 ], [ 80.361495790000049, 6.421898427000031 ], [ 80.360822423000059, 6.42167392600004 ], [ 80.358906148000074, 6.420397549000029 ], [ 80.357786249000071, 6.418681567000021 ], [ 80.356958064000082, 6.418254037000054 ], [ 80.356365364000055, 6.41767165300007 ], [ 80.35514558400007, 6.417657757000029 ], [ 80.353808312000069, 6.418664568000054 ], [ 80.353173882000078, 6.419378854000058 ], [ 80.35261156100006, 6.419665510000073 ], [ 80.350687066000035, 6.418530899000075 ], [ 80.348445350000077, 6.41675434900003 ], [ 80.33491396800008, 6.411113653000029 ], [ 80.331362977000083, 6.409030367000071 ], [ 80.330227654000055, 6.408613098000046 ], [ 80.327087583000036, 6.406773009000062 ], [ 80.325695453000037, 6.405361514000049 ], [ 80.323647771000083, 6.404047788000071 ], [ 80.320080349000079, 6.401961229000051 ], [ 80.318223485000033, 6.40108390000006 ], [ 80.316822830000035, 6.39997057000005 ], [ 80.315470948000041, 6.398373770000035 ], [ 80.314021538000077, 6.397743900000023 ], [ 80.312846690000072, 6.396656570000061 ], [ 80.31129665800006, 6.396801077000021 ], [ 80.305479729000069, 6.395892254000046 ], [ 80.303758448000053, 6.396018216000073 ], [ 80.300296881000065, 6.39690906900006 ], [ 80.300701223000033, 6.398488512000029 ], [ 80.301301577000061, 6.399874250000039 ], [ 80.299970776000066, 6.400543145000029 ], [ 80.298082148000049, 6.400876548000042 ], [ 80.29720253000005, 6.402694491000034 ], [ 80.29474250800007, 6.405876714000044 ], [ 80.290724891000082, 6.411676144000069 ], [ 80.287080760000038, 6.417925473000025 ], [ 80.282865079000032, 6.42387577900007 ], [ 80.275505164000037, 6.433420120000051 ], [ 80.274764394000044, 6.434274887000072 ], [ 80.273744855000075, 6.434627920000025 ], [ 80.272961338000073, 6.435455130000037 ], [ 80.273316525000041, 6.436284998000076 ], [ 80.272965279000061, 6.436684987000035 ], [ 80.27303484600003, 6.436979148000034 ], [ 80.272262942000054, 6.437016847000052 ], [ 80.272088480000036, 6.436868330000038 ], [ 80.271582794000039, 6.435453780000046 ], [ 80.270431228000064, 6.434112760000062 ], [ 80.270369697000035, 6.433447544000046 ], [ 80.270027902000038, 6.433200764000048 ], [ 80.269841143000065, 6.433394382000074 ], [ 80.269499153000083, 6.43334379700002 ], [ 80.268962220000049, 6.432094305000021 ], [ 80.268429080000033, 6.431842547000031 ], [ 80.268061159000069, 6.431411506000074 ], [ 80.267220568000084, 6.431257540000047 ], [ 80.266644455000062, 6.430926781000039 ], [ 80.26535481500008, 6.431390750000048 ], [ 80.263299252000081, 6.430975722000028 ], [ 80.262979858000051, 6.430742302000056 ], [ 80.262541008000085, 6.431239266000034 ], [ 80.26142079400006, 6.435465176000037 ], [ 80.260817640000084, 6.436257474000058 ], [ 80.260111105000078, 6.436424024000075 ], [ 80.259146878000081, 6.436316790000035 ], [ 80.25654082300008, 6.434355958000026 ], [ 80.252320973000053, 6.432440665000058 ], [ 80.248870622000084, 6.429643876000057 ], [ 80.247178015000031, 6.429921229000058 ], [ 80.245611046000079, 6.430586970000036 ], [ 80.244694422000066, 6.431175653000025 ], [ 80.243194444000039, 6.432547130000046 ], [ 80.240787633000082, 6.435170007000067 ], [ 80.24039429700008, 6.436551424000072 ], [ 80.240328590000047, 6.437878298000044 ], [ 80.239815682000085, 6.439029253000058 ], [ 80.238133201000039, 6.440292831000022 ], [ 80.236898432000032, 6.442142214000057 ], [ 80.235746973000062, 6.442224552000027 ], [ 80.234721070000035, 6.442746878000037 ], [ 80.232580234000068, 6.441228841000054 ], [ 80.231668246000083, 6.441965852000067 ], [ 80.230832009000039, 6.442171787000063 ], [ 80.229510506000054, 6.442878868000037 ], [ 80.227489082000034, 6.444209190000038 ], [ 80.226730539000073, 6.444261907000055 ], [ 80.225529317000053, 6.444760115000065 ], [ 80.224496237000039, 6.444612618000065 ], [ 80.223476867000045, 6.444732430000045 ], [ 80.223242795000033, 6.445270744000027 ], [ 80.224793443000067, 6.451895838000041 ], [ 80.226606387000061, 6.455846430000065 ], [ 80.22593181700006, 6.457320700000025 ], [ 80.226439215000084, 6.458619909000049 ], [ 80.22634673400006, 6.459369200000026 ], [ 80.225321394000048, 6.460916336000025 ], [ 80.224732980000056, 6.461296497000035 ], [ 80.224125922000042, 6.462030128000038 ], [ 80.225330924000048, 6.461800567000068 ], [ 80.225998322000066, 6.462117161000037 ], [ 80.22766714800008, 6.462354262000076 ], [ 80.22994288600006, 6.463673461000042 ], [ 80.230230826000081, 6.464100056000063 ], [ 80.230626424000036, 6.464204204000055 ], [ 80.230958258000044, 6.463997928000026 ], [ 80.231126090000032, 6.464469066000049 ], [ 80.232102573000077, 6.465314997000064 ], [ 80.232215147000034, 6.465720243000021 ], [ 80.232935551000082, 6.466020969000056 ], [ 80.23348033700006, 6.466959670000051 ], [ 80.234002786000076, 6.467905852000058 ], [ 80.23500561600008, 6.471185995000042 ], [ 80.23526307800006, 6.472523249000062 ], [ 80.235135009000032, 6.473151811000037 ], [ 80.232397035000076, 6.478015782000057 ], [ 80.231418049000069, 6.480770557000028 ], [ 80.230117661000065, 6.48234760400004 ], [ 80.224438862000056, 6.485549178000042 ], [ 80.222745405000069, 6.48695523400005 ], [ 80.22071279000005, 6.486946547000059 ], [ 80.214056452000079, 6.48836635400005 ], [ 80.210562624000033, 6.492957929000056 ], [ 80.208317946000079, 6.494124093000039 ], [ 80.20606391900003, 6.498425367000038 ], [ 80.205364320000058, 6.500622272000044 ], [ 80.20403034900005, 6.50045566600005 ], [ 80.202632115000085, 6.499870016000045 ], [ 80.20132650100004, 6.499030532000063 ], [ 80.200049251000053, 6.497810913000023 ], [ 80.199452980000046, 6.497780310000053 ], [ 80.198560201000078, 6.498075689000075 ], [ 80.196086641000079, 6.502546881000058 ], [ 80.195162333000042, 6.503055828000072 ], [ 80.195183565000036, 6.503916160000074 ], [ 80.194902785000068, 6.504660625000042 ], [ 80.19530952100007, 6.504836118000071 ], [ 80.195914389000052, 6.505721139000059 ], [ 80.19570615400005, 6.506092371000022 ], [ 80.195870702000036, 6.506426787000066 ], [ 80.195864148000055, 6.507524183000044 ], [ 80.195319328000039, 6.507527285000037 ], [ 80.194809842000041, 6.507929811000054 ], [ 80.193741997000075, 6.507704009000065 ], [ 80.193476955000051, 6.508788805000052 ], [ 80.192242431000068, 6.511142433000032 ], [ 80.191106714000057, 6.511783796000032 ], [ 80.190483638000046, 6.512587257000064 ], [ 80.190385441000046, 6.514216085000044 ], [ 80.189866098000039, 6.515126571000053 ], [ 80.188814493000052, 6.516620771000021 ], [ 80.18746159300008, 6.517845401000045 ], [ 80.186677699000029, 6.51885419000007 ], [ 80.184214982000071, 6.518477670000038 ], [ 80.183087328000056, 6.518598646000044 ], [ 80.182366502000036, 6.518990276000068 ], [ 80.181943105000073, 6.518851888000029 ], [ 80.180045048000068, 6.51728683400006 ], [ 80.179381748000083, 6.516385792000051 ], [ 80.179090466000048, 6.515435505000028 ], [ 80.178751372000079, 6.514984519000052 ], [ 80.178280164000057, 6.515172707000033 ], [ 80.17817066300006, 6.515787272000068 ], [ 80.174432351000064, 6.515382954000074 ], [ 80.173980197000049, 6.514266010000028 ], [ 80.173648220000075, 6.514016398000024 ], [ 80.172102941000048, 6.514793557000075 ], [ 80.171478038000032, 6.516715512000076 ], [ 80.168605231000072, 6.521136048000074 ], [ 80.168349287000069, 6.522722807000036 ], [ 80.168787448000046, 6.523949450000032 ], [ 80.168803390000051, 6.52512611800006 ], [ 80.167429302000073, 6.527176576000045 ], [ 80.167693358000065, 6.527363244000071 ], [ 80.167841200000055, 6.527245950000065 ], [ 80.169006268000032, 6.528162132000034 ], [ 80.171542642000077, 6.528284082000027 ], [ 80.172726363000038, 6.528926940000076 ], [ 80.177198487000055, 6.52956475600007 ], [ 80.17780601000004, 6.530511875000059 ], [ 80.177998993000074, 6.531419328000027 ], [ 80.178439045000061, 6.532114020000051 ], [ 80.178523363000068, 6.534775277000051 ], [ 80.178338736000057, 6.535969019000049 ], [ 80.178671326000085, 6.536547473000041 ], [ 80.179913623000061, 6.536898208000025 ], [ 80.180417705000082, 6.537556877000043 ], [ 80.180390627000065, 6.538732971000059 ], [ 80.179722384000058, 6.540748123000071 ], [ 80.180041084000038, 6.542357504000051 ], [ 80.185461169000064, 6.543091379000032 ], [ 80.188605695000035, 6.542986385000063 ], [ 80.191491606000056, 6.543330492000052 ], [ 80.193044078000071, 6.543770595000069 ], [ 80.193701553000039, 6.542728250000039 ], [ 80.194525239000029, 6.542452008000055 ], [ 80.195229690000076, 6.542686332000073 ], [ 80.195517808000034, 6.543226473000061 ], [ 80.195999442000073, 6.54339380600004 ], [ 80.198332472000061, 6.547272538000072 ], [ 80.198735425000052, 6.548027750000074 ], [ 80.19862617800004, 6.54835021100007 ], [ 80.199406728000042, 6.549308826000072 ], [ 80.199392570000043, 6.549901122000051 ], [ 80.200152478000064, 6.551947767000058 ], [ 80.200840583000058, 6.55274189000005 ], [ 80.201449480000065, 6.554087810000055 ], [ 80.201512964000074, 6.554476184000066 ], [ 80.201051839000058, 6.554687350000052 ], [ 80.199837950000074, 6.556642128000021 ], [ 80.199169042000051, 6.558788852000021 ], [ 80.198638641000059, 6.559398093000027 ], [ 80.197332317000075, 6.561728294000034 ], [ 80.195976715000029, 6.564734194000039 ], [ 80.195554138000034, 6.564849021000043 ], [ 80.196276585000078, 6.565818346000071 ], [ 80.196363561000055, 6.566688824000039 ], [ 80.195757316000083, 6.566955520000022 ], [ 80.195591066000077, 6.567239605000054 ], [ 80.195412196000063, 6.568508956000073 ], [ 80.194974819000038, 6.568754986000044 ], [ 80.194817925000052, 6.569512127000053 ], [ 80.192900226000063, 6.571312286000023 ], [ 80.192741223000041, 6.571824676000062 ], [ 80.191652333000036, 6.573205880000046 ], [ 80.191073895000045, 6.574660835000032 ], [ 80.190998959000069, 6.575410221000027 ], [ 80.190239008000049, 6.575958413000023 ], [ 80.190168075000031, 6.577610191000076 ], [ 80.189451723000047, 6.577682689000028 ], [ 80.188940928000079, 6.578355511000041 ], [ 80.188640508000049, 6.579759153000055 ], [ 80.188315653000075, 6.57994794800004 ], [ 80.188079089000041, 6.580471802000034 ], [ 80.188196874000084, 6.580740289000062 ], [ 80.19222484200003, 6.583266442000024 ], [ 80.192560575000073, 6.583303606000072 ], [ 80.193386117000045, 6.582782602000066 ], [ 80.19393204000005, 6.582664 ], [ 80.194661215000053, 6.582943296000053 ], [ 80.196098886000073, 6.58275466200007 ], [ 80.196729078000033, 6.583035065000047 ], [ 80.197216148000052, 6.582662564000032 ], [ 80.19831533200005, 6.581080289000056 ], [ 80.198351403000061, 6.580660934000036 ], [ 80.199295577000044, 6.578921947000026 ], [ 80.198728155000083, 6.57789451900004 ], [ 80.199600919000034, 6.577296797000031 ], [ 80.20069704000008, 6.578005303000054 ], [ 80.200102463000064, 6.578675058000044 ], [ 80.199202154000034, 6.58069097200007 ], [ 80.199221359000035, 6.58166650000004 ], [ 80.198393795000072, 6.583122114000048 ], [ 80.198612577000063, 6.583465867000029 ], [ 80.201883400000042, 6.583200235000049 ], [ 80.205597164000039, 6.583178392000036 ], [ 80.205863969000063, 6.582894238000051 ], [ 80.208263785000042, 6.58187175300003 ], [ 80.20907320200007, 6.582311526000069 ], [ 80.20919807000007, 6.583118204000073 ], [ 80.210183912000048, 6.582029714000043 ], [ 80.211223678000067, 6.581646160000048 ], [ 80.212216308000052, 6.581950956000071 ], [ 80.212251871000035, 6.58168911000007 ], [ 80.212846115000048, 6.581437080000057 ], [ 80.213047748000065, 6.581585405000055 ], [ 80.21331243800006, 6.582957819000057 ], [ 80.21396726100005, 6.584172251000041 ], [ 80.21391088200005, 6.587103428000034 ], [ 80.214774830000067, 6.58913893600004 ], [ 80.213126400000078, 6.592270014000064 ], [ 80.212937435000072, 6.592754303000049 ], [ 80.213086604000068, 6.593080465000071 ], [ 80.214570294000055, 6.592845867000051 ], [ 80.215021542000045, 6.59300233600004 ], [ 80.216021243000057, 6.59244768700006 ], [ 80.218657643000085, 6.591849841000055 ], [ 80.219857848000061, 6.590854109000077 ], [ 80.220223271000066, 6.590288883000028 ], [ 80.220594909000056, 6.590230519000045 ], [ 80.222305830000039, 6.590393566000046 ], [ 80.225755082000035, 6.591436866000038 ], [ 80.227377331000071, 6.592165953000062 ], [ 80.227827372000036, 6.592184475000067 ], [ 80.228542723000032, 6.591635069000063 ], [ 80.23184999700004, 6.593680238000047 ], [ 80.233197936000067, 6.594974939000053 ], [ 80.233642314000065, 6.597048423000047 ], [ 80.234635740000044, 6.598419869000054 ], [ 80.234474783000053, 6.599907619000021 ], [ 80.235189874000071, 6.599777183000072 ], [ 80.236332068000081, 6.601016162000064 ], [ 80.237529244000029, 6.601355322000074 ], [ 80.240336840000055, 6.604051118000029 ], [ 80.242079523000029, 6.603803456000037 ], [ 80.24660351600005, 6.602049097000076 ], [ 80.248161547000052, 6.602521566000064 ], [ 80.251042342000062, 6.606275394000022 ], [ 80.253609553000047, 6.60800892900005 ], [ 80.253640047000033, 6.609096416000057 ], [ 80.253932264000071, 6.60944089000003 ], [ 80.253596782000045, 6.611071777000063 ], [ 80.252670011000077, 6.612539196000057 ], [ 80.251453253000079, 6.615511505000029 ], [ 80.250157139000066, 6.615988577000053 ], [ 80.249611297000058, 6.616927132000058 ], [ 80.250771180000072, 6.617173069000046 ], [ 80.254025390000038, 6.619636592000063 ], [ 80.259078945000056, 6.621434093000062 ], [ 80.25944985700005, 6.622191867000026 ], [ 80.259857685000043, 6.622529818000032 ] ] ] } },
{ "type": "Feature", "properties": { "ADM3_EN": "Walallawita", "ADM3_PCODE": "LK1339", "ADM2_EN": "Kalutara" }, "geometry": { "type": "Polygon", "coordinates": [ [ [ 80.220106284000053, 6.445045958000037 ], [ 80.224496237000039, 6.444612618000065 ], [ 80.225529317000053, 6.444760115000065 ], [ 80.226730539000073, 6.444261907000055 ], [ 80.227489082000034, 6.444209190000038 ], [ 80.229510506000054, 6.442878868000037 ], [ 80.230832009000039, 6.442171787000063 ], [ 80.231668246000083, 6.441965852000067 ], [ 80.232580234000068, 6.441228841000054 ], [ 80.234721070000035, 6.442746878000037 ], [ 80.235746973000062, 6.442224552000027 ], [ 80.236898432000032, 6.442142214000057 ], [ 80.238133201000039, 6.440292831000022 ], [ 80.239815682000085, 6.439029253000058 ], [ 80.240328590000047, 6.437878298000044 ], [ 80.24039429700008, 6.436551424000072 ], [ 80.240787633000082, 6.435170007000067 ], [ 80.243194444000039, 6.432547130000046 ], [ 80.244694422000066, 6.431175653000025 ], [ 80.245611046000079, 6.430586970000036 ], [ 80.247178015000031, 6.429921229000058 ], [ 80.248870622000084, 6.429643876000057 ], [ 80.252320973000053, 6.432440665000058 ], [ 80.25654082300008, 6.434355958000026 ], [ 80.259146878000081, 6.436316790000035 ], [ 80.260111105000078, 6.436424024000075 ], [ 80.260817640000084, 6.436257474000058 ], [ 80.26142079400006, 6.435465176000037 ], [ 80.262541008000085, 6.431239266000034 ], [ 80.262979858000051, 6.430742302000056 ], [ 80.263299252000081, 6.430975722000028 ], [ 80.26535481500008, 6.431390750000048 ], [ 80.266644455000062, 6.430926781000039 ], [ 80.267220568000084, 6.431257540000047 ], [ 80.268061159000069, 6.431411506000074 ], [ 80.268429080000033, 6.431842547000031 ], [ 80.268962220000049, 6.432094305000021 ], [ 80.269499153000083, 6.43334379700002 ], [ 80.269841143000065, 6.433394382000074 ], [ 80.270027902000038, 6.433200764000048 ], [ 80.270369697000035, 6.433447544000046 ], [ 80.270431228000064, 6.434112760000062 ], [ 80.271582794000039, 6.435453780000046 ], [ 80.272088480000036, 6.436868330000038 ], [ 80.272262942000054, 6.437016847000052 ], [ 80.27303484600003, 6.436979148000034 ], [ 80.272965279000061, 6.436684987000035 ], [ 80.273316525000041, 6.436284998000076 ], [ 80.272961338000073, 6.435455130000037 ], [ 80.273744855000075, 6.434627920000025 ], [ 80.274764394000044, 6.434274887000072 ], [ 80.275505164000037, 6.433420120000051 ], [ 80.282865079000032, 6.42387577900007 ], [ 80.287080760000038, 6.417925473000025 ], [ 80.290724891000082, 6.411676144000069 ], [ 80.29474250800007, 6.405876714000044 ], [ 80.29720253000005, 6.402694491000034 ], [ 80.298082148000049, 6.400876548000042 ], [ 80.299970776000066, 6.400543145000029 ], [ 80.301301577000061, 6.399874250000039 ], [ 80.300701223000033, 6.398488512000029 ], [ 80.300296881000065, 6.39690906900006 ], [ 80.298868821000042, 6.397249061000025 ], [ 80.296577227000057, 6.395981152000047 ], [ 80.295845039000085, 6.396372087000032 ], [ 80.295330819000071, 6.395997627000042 ], [ 80.294542392000039, 6.394907949000071 ], [ 80.29428050100006, 6.395129891000067 ], [ 80.294703429000037, 6.394364731000053 ], [ 80.29463770600006, 6.394100683000033 ], [ 80.293624357000056, 6.393679556000052 ], [ 80.293408850000048, 6.393683752000072 ], [ 80.293117722000034, 6.39459862800004 ], [ 80.292209719000084, 6.394397584000046 ], [ 80.292465504000063, 6.393654267000045 ], [ 80.292272172000082, 6.393460496000046 ], [ 80.291874135000057, 6.393479920000061 ], [ 80.291583160000073, 6.394227602000058 ], [ 80.290469650000034, 6.392759233000049 ], [ 80.290430766000043, 6.39201918200007 ], [ 80.289508609000052, 6.391134221000073 ], [ 80.28933782200005, 6.38964104400003 ], [ 80.290335260000063, 6.37035039400007 ], [ 80.292589547000034, 6.363558414000067 ], [ 80.295625335000068, 6.35289810300003 ], [ 80.297587170000043, 6.349680817000035 ], [ 80.299038253000049, 6.346744001000047 ], [ 80.301118819000067, 6.335976294000034 ], [ 80.301258609000058, 6.334951469000032 ], [ 80.301038693000066, 6.334096028000033 ], [ 80.299530551000032, 6.332289063000076 ], [ 80.299218976000077, 6.326108985000076 ], [ 80.298860968000042, 6.325432741000043 ], [ 80.297468319000075, 6.324907280000048 ], [ 80.29494408100004, 6.324960121000061 ], [ 80.293107587000065, 6.327082717000053 ], [ 80.290883274000066, 6.330901624000035 ], [ 80.289659091000033, 6.331974481000032 ], [ 80.286374692000038, 6.333599098000036 ], [ 80.284745376000046, 6.335363206000068 ], [ 80.28369542400003, 6.337086477000071 ], [ 80.282057540000039, 6.341249382000058 ], [ 80.276892460000056, 6.34768628300003 ], [ 80.275631406000059, 6.34890387300004 ], [ 80.27475286300006, 6.349270537000052 ], [ 80.269158971000081, 6.349730687000033 ], [ 80.267433612000048, 6.350860108000063 ], [ 80.26392553900007, 6.355298342000026 ], [ 80.259003071000052, 6.359002141000076 ], [ 80.257732316000045, 6.360683744000028 ], [ 80.253976015000035, 6.364900943000066 ], [ 80.252364698000065, 6.365957051000066 ], [ 80.251274606000038, 6.366287001000046 ], [ 80.248487874000034, 6.366546244000062 ], [ 80.247425070000077, 6.367165888000045 ], [ 80.246706631000052, 6.368268674000035 ], [ 80.245391605000066, 6.372695210000074 ], [ 80.24211938600007, 6.375505812000029 ], [ 80.238989451000066, 6.376986601000056 ], [ 80.236092144000054, 6.377397390000056 ], [ 80.233347476000063, 6.376953095000033 ], [ 80.230340147000049, 6.377046475000043 ], [ 80.227221021000048, 6.37849152900003 ], [ 80.217880790000038, 6.380278223000062 ], [ 80.217163826000046, 6.379946390000043 ], [ 80.215936240000076, 6.376726116000043 ], [ 80.213137711000059, 6.373605608000048 ], [ 80.212627386000065, 6.372803521000037 ], [ 80.212162491000072, 6.371466133000069 ], [ 80.210954608000065, 6.371590422000054 ], [ 80.209929618000047, 6.371227412000053 ], [ 80.208659250000039, 6.37108544900002 ], [ 80.208308416000079, 6.372054075000051 ], [ 80.20638277900008, 6.372431779000067 ], [ 80.206413014000077, 6.372123762000058 ], [ 80.206966799000043, 6.371460421000052 ], [ 80.206312215000082, 6.370747250000022 ], [ 80.206762167000079, 6.369973179000056 ], [ 80.206685632000074, 6.368893422000042 ], [ 80.207036140000071, 6.368220884000038 ], [ 80.207950753000034, 6.367235606000065 ], [ 80.207752307000078, 6.365015031000041 ], [ 80.207087882000053, 6.364448443000072 ], [ 80.206750793000083, 6.363799072000063 ], [ 80.206788489000076, 6.361978664000048 ], [ 80.20765545900008, 6.360841189000041 ], [ 80.207809212000029, 6.360209706000035 ], [ 80.207642179000061, 6.359869769000056 ], [ 80.206704746000071, 6.359974529000056 ], [ 80.206498785000065, 6.359695452000039 ], [ 80.20510587800004, 6.359556337000072 ], [ 80.204036173000077, 6.35910653600007 ], [ 80.202220752000073, 6.359519742000032 ], [ 80.201770160000081, 6.358255936000035 ], [ 80.201210882000055, 6.357953842000029 ], [ 80.199710063000055, 6.357937229000072 ], [ 80.197694975000047, 6.358301632000064 ], [ 80.196878768000033, 6.358275738000032 ], [ 80.192904527000053, 6.356408468000041 ], [ 80.19087533000004, 6.354938540000035 ], [ 80.190053059000036, 6.354583501000036 ], [ 80.189297284000077, 6.354640066000059 ], [ 80.188693972000067, 6.355218394000076 ], [ 80.188762173000043, 6.356232942000076 ], [ 80.188474557000063, 6.356792487000064 ], [ 80.187232145000053, 6.357867749000036 ], [ 80.186406570000031, 6.358311834000062 ], [ 80.183903970000074, 6.358719646000054 ], [ 80.182292788000041, 6.359213306000072 ], [ 80.179997962000073, 6.359442751000074 ], [ 80.178603877000057, 6.359992499000043 ], [ 80.176392030000045, 6.359446164000076 ], [ 80.173837697000067, 6.359622637000029 ], [ 80.172014969000031, 6.359965043000045 ], [ 80.170156864000035, 6.359883910000065 ], [ 80.168268795000074, 6.360879408000073 ], [ 80.167256799000029, 6.361208395000062 ], [ 80.165533057000061, 6.362778302000038 ], [ 80.164772173000074, 6.363100404000022 ], [ 80.163027652000039, 6.363296341000023 ], [ 80.158057977000055, 6.365417698000044 ], [ 80.156267096000079, 6.366312079000068 ], [ 80.155375087000039, 6.367280009000069 ], [ 80.154483674000062, 6.367751474000045 ], [ 80.153545034000047, 6.367720435000024 ], [ 80.152523052000049, 6.367390218000025 ], [ 80.151356841000052, 6.367669937000073 ], [ 80.145681867000064, 6.367562541000041 ], [ 80.14428543300005, 6.367383780000068 ], [ 80.141037617000052, 6.366545507000069 ], [ 80.138789178000081, 6.36780768400007 ], [ 80.137460053000041, 6.367351448000022 ], [ 80.136671812000031, 6.366575271000045 ], [ 80.136050372000057, 6.366287390000025 ], [ 80.13570091400004, 6.366526214000032 ], [ 80.135771763000037, 6.367248866000068 ], [ 80.13557546800007, 6.36740174800002 ], [ 80.13234138200005, 6.36800065500006 ], [ 80.132073860000048, 6.367737136000073 ], [ 80.13176491400003, 6.366172951000067 ], [ 80.13154290500006, 6.36584967400006 ], [ 80.130832779000059, 6.365726764000044 ], [ 80.129891567000072, 6.36680225200007 ], [ 80.128970877000029, 6.36867449600004 ], [ 80.128209155000036, 6.36964253900004 ], [ 80.127312053000082, 6.369863921000047 ], [ 80.125762658000042, 6.369610748000071 ], [ 80.123423065000054, 6.37014612300004 ], [ 80.122874910000064, 6.370475229000021 ], [ 80.12063725400003, 6.373627083000031 ], [ 80.119968242000084, 6.375423372000057 ], [ 80.119355135000035, 6.377982656000029 ], [ 80.116877306000049, 6.381850691000068 ], [ 80.112059936000037, 6.386435445000075 ], [ 80.108442292000063, 6.389031776000024 ], [ 80.103725600000075, 6.391048529000045 ], [ 80.098781139000039, 6.393877791000023 ], [ 80.096663412000055, 6.394736321000039 ], [ 80.095023879000053, 6.39569117800005 ], [ 80.09274719900003, 6.39767 ], [ 80.089371788000051, 6.400058065000053 ], [ 80.085267501000033, 6.401990536000028 ], [ 80.082206149000058, 6.402010331000042 ], [ 80.079850953000062, 6.401576478000038 ], [ 80.078811185000063, 6.401132442000062 ], [ 80.077832332000071, 6.399863053000047 ], [ 80.076817171000073, 6.398916608000036 ], [ 80.075442974000055, 6.398185003000037 ], [ 80.07443887900007, 6.397896524000032 ], [ 80.073099975000048, 6.397595623000029 ], [ 80.07161719700008, 6.397569665000049 ], [ 80.06908121400005, 6.398188245000028 ], [ 80.066732093000041, 6.399874946000068 ], [ 80.065970182000058, 6.400864412000033 ], [ 80.064486437000085, 6.404982338000025 ], [ 80.06277559800003, 6.407276814000056 ], [ 80.061612306000029, 6.407949894000069 ], [ 80.060277033000034, 6.408464823000031 ], [ 80.059565913000085, 6.408534232000022 ], [ 80.059608509000043, 6.40940170600004 ], [ 80.060077552000052, 6.410953894000045 ], [ 80.060677253000051, 6.411947415000043 ], [ 80.061695748000034, 6.412548249000054 ], [ 80.064586492000046, 6.412595797000051 ], [ 80.065868933000047, 6.413020102000075 ], [ 80.066997603000061, 6.414038502000039 ], [ 80.068252518000065, 6.416964434000022 ], [ 80.069152885000051, 6.418255971000065 ], [ 80.06980745900006, 6.418920295000021 ], [ 80.071620172000053, 6.419863702000043 ], [ 80.072534642000051, 6.420790808000049 ], [ 80.073145761000035, 6.422123338000063 ], [ 80.073577524000029, 6.423803419000023 ], [ 80.076487655000051, 6.427264434000051 ], [ 80.077701919000049, 6.42790238300006 ], [ 80.079186329000038, 6.43048432300003 ], [ 80.079791219000072, 6.431202507000023 ], [ 80.081093829000054, 6.43566284700006 ], [ 80.082340199000043, 6.438030638000043 ], [ 80.084251613000049, 6.439475184000059 ], [ 80.084693388000062, 6.439501184000051 ], [ 80.085774254000057, 6.43885074700006 ], [ 80.086368300000061, 6.438982536000026 ], [ 80.086657805000073, 6.439350395000076 ], [ 80.086733320000064, 6.440436517000023 ], [ 80.086368684000036, 6.44086468100005 ], [ 80.08387708500004, 6.442143143000067 ], [ 80.082344099000068, 6.442313180000042 ], [ 80.081972219000079, 6.442759357000057 ], [ 80.083211176000077, 6.444536322000033 ], [ 80.084985772000039, 6.444658360000062 ], [ 80.085525919000077, 6.444962947000022 ], [ 80.086335590000033, 6.445827759000053 ], [ 80.086526180000078, 6.446725508000043 ], [ 80.087315449000073, 6.446635735000029 ], [ 80.089483478000034, 6.447490276000053 ], [ 80.091723332000072, 6.448749765000059 ], [ 80.09179755200006, 6.448977266000043 ], [ 80.091589277000082, 6.449218578000057 ], [ 80.092299838000031, 6.449610096000072 ], [ 80.092769169000064, 6.449258211000028 ], [ 80.093201486000055, 6.449442868000062 ], [ 80.093680735000078, 6.44934312700002 ], [ 80.093692393000083, 6.450005929000042 ], [ 80.094850367000049, 6.450855165000064 ], [ 80.095208153000044, 6.451602125000022 ], [ 80.096169788000054, 6.45243004200006 ], [ 80.096262258000081, 6.451247041000045 ], [ 80.096677397000065, 6.45113873300005 ], [ 80.097070328000029, 6.450643996000053 ], [ 80.098480296000048, 6.450441977000025 ], [ 80.09871200200007, 6.450846406000039 ], [ 80.100650620000067, 6.450274856000021 ], [ 80.100932146000048, 6.449788095000031 ], [ 80.101331124000069, 6.449694037000029 ], [ 80.101430464000032, 6.449199474000068 ], [ 80.101945182000065, 6.448715592000042 ], [ 80.10202031700004, 6.448282741000071 ], [ 80.102658252000083, 6.447827286000063 ], [ 80.102974992000043, 6.447300691000066 ], [ 80.10354247600003, 6.44698810400007 ], [ 80.104917771000032, 6.44547923600004 ], [ 80.105106015000047, 6.445381424000061 ], [ 80.10620984600007, 6.446398146000035 ], [ 80.107084648000068, 6.446201619000021 ], [ 80.10737828200007, 6.445849969000051 ], [ 80.108287484000073, 6.446515914000031 ], [ 80.108824965000053, 6.448042715000042 ], [ 80.109282759000052, 6.448774181000033 ], [ 80.110621165000055, 6.449734980000073 ], [ 80.113825617000032, 6.450949319000074 ], [ 80.115203904000055, 6.451204509000036 ], [ 80.116917726000054, 6.451095165000027 ], [ 80.119062797000083, 6.452364344000046 ], [ 80.120292029000041, 6.453426237000031 ], [ 80.120630014000085, 6.453861096000026 ], [ 80.120606880000082, 6.454131634000021 ], [ 80.122226217000048, 6.455055924000021 ], [ 80.121555209000064, 6.456084630000021 ], [ 80.121696526000051, 6.456645309000066 ], [ 80.122176730000035, 6.45723024800003 ], [ 80.12359273900006, 6.457690204000073 ], [ 80.125551384000062, 6.458008216000053 ], [ 80.127008541000066, 6.458555451000052 ], [ 80.126929227000062, 6.458755591000056 ], [ 80.127697585000078, 6.45915188500004 ], [ 80.129259794000063, 6.459533261000047 ], [ 80.130759355000066, 6.460780172000057 ], [ 80.131321497000044, 6.460909446000073 ], [ 80.131601566000029, 6.460908541000038 ], [ 80.13175767000007, 6.46063779800005 ], [ 80.131874290000042, 6.45950519400003 ], [ 80.132380393000062, 6.459311114000059 ], [ 80.133402833000048, 6.458263078000073 ], [ 80.134626288000049, 6.457692909000059 ], [ 80.135701117000053, 6.457521660000054 ], [ 80.136366541000029, 6.456905416000041 ], [ 80.13726454500005, 6.457750848000046 ], [ 80.138473236000038, 6.458402626000066 ], [ 80.139210462000051, 6.458635918000027 ], [ 80.140454064000039, 6.45868437200005 ], [ 80.141786119000074, 6.458545406000042 ], [ 80.144032969000079, 6.457874466000021 ], [ 80.146590812000056, 6.45616018000004 ], [ 80.150581573000068, 6.456327926000029 ], [ 80.151028845000042, 6.456799495000041 ], [ 80.15145971000004, 6.45819563200007 ], [ 80.15171747800008, 6.459604296000066 ], [ 80.15170852500006, 6.461718200000064 ], [ 80.152266703000066, 6.463700082000059 ], [ 80.152757938000036, 6.467486300000076 ], [ 80.15349311600005, 6.468516753000074 ], [ 80.154271608000045, 6.467818928000042 ], [ 80.154864954000061, 6.467944100000068 ], [ 80.156227731000058, 6.467398239000033 ], [ 80.158131997000055, 6.46709007100003 ], [ 80.165521703000081, 6.467060016000062 ], [ 80.169747103000077, 6.467427413000053 ], [ 80.171446101000072, 6.467677349000041 ], [ 80.179791996000063, 6.469859020000058 ], [ 80.182209029000035, 6.472050109000065 ], [ 80.182196867000073, 6.470501005000074 ], [ 80.182557558000042, 6.469524162000027 ], [ 80.183058559000074, 6.46885665800005 ], [ 80.183260239000049, 6.46701205100004 ], [ 80.183633821000058, 6.466683054000043 ], [ 80.184480122000082, 6.46520064200007 ], [ 80.184142793000035, 6.464290263000066 ], [ 80.184340321000036, 6.464064873000041 ], [ 80.184158581000077, 6.464007239000068 ], [ 80.184213729000078, 6.463697222000064 ], [ 80.183922472000063, 6.463204586000074 ], [ 80.184407338000085, 6.461866078000071 ], [ 80.185184210000045, 6.461541257000022 ], [ 80.185757305000038, 6.460749945000032 ], [ 80.185682862000078, 6.460238934000074 ], [ 80.18628529700004, 6.458779204000052 ], [ 80.187061291000077, 6.458349299000076 ], [ 80.187126664000061, 6.457793055000025 ], [ 80.187379311000029, 6.457432897000047 ], [ 80.187929212000085, 6.457616651000023 ], [ 80.187928735000071, 6.457482544000072 ], [ 80.188334147000035, 6.457528591000028 ], [ 80.188857029000076, 6.45723276800004 ], [ 80.18930514300007, 6.456155279000029 ], [ 80.189772249000043, 6.455696166000052 ], [ 80.190614595000056, 6.455578312000057 ], [ 80.191024896000044, 6.455303065000066 ], [ 80.19130967500007, 6.454905505000056 ], [ 80.191309588000081, 6.454036118000033 ], [ 80.192339668000045, 6.45307802800005 ], [ 80.192642510000042, 6.453274269000076 ], [ 80.193028316000039, 6.452966143000026 ], [ 80.194387364000079, 6.453122694000058 ], [ 80.195918846000041, 6.452365704000044 ], [ 80.196874337000054, 6.452474423000069 ], [ 80.198456945000032, 6.45192404200003 ], [ 80.199279324000031, 6.451130017000025 ], [ 80.200192187000084, 6.450759728000037 ], [ 80.200666239000043, 6.449968536000029 ], [ 80.201729168000043, 6.449613573000022 ], [ 80.202334887000063, 6.448109585000054 ], [ 80.202905254000029, 6.448028964000059 ], [ 80.203520511000079, 6.448249246000046 ], [ 80.204047977000073, 6.447614133000059 ], [ 80.204416565000031, 6.448057151000057 ], [ 80.205160298000067, 6.447399226000073 ], [ 80.205500022000081, 6.446360211000069 ], [ 80.205212739000046, 6.44553589700007 ], [ 80.205749051000055, 6.443155672000046 ], [ 80.205678951000039, 6.442462722000073 ], [ 80.206758248000085, 6.440795862000073 ], [ 80.20681806500005, 6.439663009000071 ], [ 80.207276519000061, 6.438654792000023 ], [ 80.207117660000051, 6.436139602000026 ], [ 80.20743983300008, 6.436023049000028 ], [ 80.208092050000062, 6.436215912000023 ], [ 80.20916565400006, 6.435277061000022 ], [ 80.210063115000082, 6.435790768000061 ], [ 80.211740173000067, 6.437920770000062 ], [ 80.211669134000033, 6.438335814000027 ], [ 80.212808437000035, 6.438107366000054 ], [ 80.21288323400006, 6.437465501000077 ], [ 80.212702678000085, 6.437007047000066 ], [ 80.21499809200003, 6.436889952000058 ], [ 80.215223725000044, 6.436573596000073 ], [ 80.215191727000047, 6.435814677000053 ], [ 80.216185993000067, 6.43554032000003 ], [ 80.21717873700004, 6.435910542000045 ], [ 80.217937989000063, 6.435939225000027 ], [ 80.218962194000085, 6.436476864000042 ], [ 80.219728899000074, 6.436303533000057 ], [ 80.221014633000038, 6.436680487000046 ], [ 80.221265249000055, 6.436908823000067 ], [ 80.221078219000049, 6.437730716000033 ], [ 80.21882077500004, 6.439319907000026 ], [ 80.218682521000062, 6.439595476000022 ], [ 80.218761852000057, 6.440545164000071 ], [ 80.218408037000074, 6.441074029000049 ], [ 80.217033152000056, 6.441989808000073 ], [ 80.216190639000047, 6.444511592000026 ], [ 80.216667026000039, 6.445194798000045 ], [ 80.217267412000069, 6.445545161000041 ], [ 80.21955747800007, 6.444934574000058 ], [ 80.220106284000053, 6.445045958000037 ] ] ] } }
]
}
