{
"type": "FeatureCollection",
"name": "hospitals",
"crs": { "type": "name", "properties": { "name": "urn:ogc:def:crs:OGC:1.3:CRS84" } },
"features": [
{ "type": "Feature", "properties": { "hospital_n": "Central Dispensary, Pitipana", "hospital_c": "PMCU", "district_n": "Gampaha", "no_of_ward": null }, "geometry": { "type": "Point", "coordinates": [ 79.821063330000072, 7.196726667000064 ] } },
{ "type": "Feature", "properties": { "hospital_n": "Divisional Hospital, Thalahena", "hospital_c": "Divisional Hospital", "district_n": "Gampaha", "no_of_ward": null }, "geometry": { "type": "Point", "coordinates": [ 79.824928330000034, 7.17071 ] } },
{ "type": "Feature", "properties": { "hospital_n": "Clinic - Thalahena PMCU", "hospital_c": "Clinic", "district_n": "Gampaha", "no_of_ward": null }, "geometry": { "type": "Point", "coordinates": [ 79.824928330000034, 7.17071 ] } },
{ "type": "Feature", "properties": { "hospital_n": "PMCU - Thalahena", "hospital_c": "PMCU", "district_n": "Gampaha", "no_of_ward": null }, "geometry": { "type": "Point", "coordinates": [ 79.824933330000079, 7.170265 ] } },
{ "type": "Feature", "properties": { "hospital_n": "Clinic Center & Dispensary, Munnakkaraya", "hospital_c": "Clinic", "district_n": "Gampaha", "no_of_ward": null }, "geometry": { "type": "Point", "coordinates": [ 79.833693330000074, 7.19734 ] } },
{ "type": "Feature", "properties": { "hospital_n": "Clinic Center , Kadollkale", "hospital_c": "Clinic", "district_n": "Gampaha", "no_of_ward": null }, "geometry": { "type": "Point", "coordinates": [ 79.8404, 7.197348333000036 ] } },
{ "type": "Feature", "properties": { "hospital_n": "Manthree Nursing Home", "hospital_c": "Other Health Institute", "district_n": "Gampaha", "no_of_ward": null }, "geometry": { "type": "Point", "coordinates": [ 79.840533330000085, 7.214023333000057 ] } },
{ "type": "Feature", "properties": { "hospital_n": "Clinic Center, Palangathura", "hospital_c": "Clinic", "district_n": "Gampaha", "no_of_ward": null }, "geometry": { "type": "Point", "coordinates": [ 79.842268330000081, 7.24895 ] } },
{ "type": "Feature", "properties": { "hospital_n": "Ave Maria Hospital", "hospital_c": "Other Health Institute", "district_n": "Gampaha", "no_of_ward": null }, "geometry": { "type": "Point", "coordinates": [ 79.842298330000062, 7.216005 ] } },
{ "type": "Feature", "properties": { "hospital_n": "Clinic Center, Poruthota", "hospital_c": "Clinic", "district_n": "Gampaha", "no_of_ward": null }, "geometry": { "type": "Point", "coordinates": [ 79.842833330000076, 7.261951667000062 ] } },
{ "type": "Feature", "properties": { "hospital_n": "Clinic Center, Kudapaduwa", "hospital_c": "Clinic", "district_n": "Gampaha", "no_of_ward": null }, "geometry": { "type": "Point", "coordinates": [ 79.843171670000061, 7.22930666700006 ] } },
{ "type": "Feature", "properties": { "hospital_n": "St` Josahp Hospital, Negombo", "hospital_c": "Other Health Institute", "district_n": "Gampaha", "no_of_ward": null }, "geometry": { "type": "Point", "coordinates": [ 79.845333330000074, 7.206515 ] } },
{ "type": "Feature", "properties": { "hospital_n": "Distric Genaral Hospital Negombo", "hospital_c": "District General Hospital", "district_n": "Gampaha", "no_of_ward": null }, "geometry": { "type": "Point", "coordinates": [ 79.848281670000063, 7.21235 ] } },
{ "type": "Feature", "properties": { "hospital_n": "Center For Clinical Mangement of Dengu", "hospital_c": "Other Health Institute", "district_n": "Gampaha", "no_of_ward": null }, "geometry": { "type": "Point", "coordinates": [ 79.84879, 7.211625 ] } },
{ "type": "Feature", "properties": { "hospital_n": "Clinic Center, Gallkanda", "hospital_c": "Clinic", "district_n": "Gampaha", "no_of_ward": null }, "geometry": { "type": "Point", "coordinates": [ 79.848826670000051, 7.202133333000063 ] } },
{ "type": "Feature", "properties": { "hospital_n": "Clinic Center , Periyamulla", "hospital_c": "Clinic", "district_n": "Gampaha", "no_of_ward": null }, "geometry": { "type": "Point", "coordinates": [ 79.84906833000008, 7.221366667000041 ] } },
{ "type": "Feature", "properties": { "hospital_n": "Nawaloka Hospital", "hospital_c": "Other Health Institute", "district_n": "Gampaha", "no_of_ward": null }, "geometry": { "type": "Point", "coordinates": [ 79.84969, 7.20918 ] } },
{ "type": "Feature", "properties": { "hospital_n": "Clinic Center-Pamunugama", "hospital_c": "Clinic", "district_n": "Gampaha", "no_of_ward": null }, "geometry": { "type": "Point", "coordinates": [ 79.850036200000034, 7.093543600000032 ] } },
{ "type": "Feature", "properties": { "hospital_n": "Divisional Hospital Pamunugama", "hospital_c": "Divisional Hospital", "district_n": "Gampaha", "no_of_ward": null }, "geometry": { "type": "Point", "coordinates": [ 79.850036200000034, 7.093543600000032 ] } },
{ "type": "Feature", "properties": { "hospital_n": "MOH Negomo", "hospital_c": "MOH Office", "district_n": "Gampaha", "no_of_ward": null }, "geometry": { "type": "Point", "coordinates": [ 79.85197, 7.2055 ] } },
{ "type": "Feature", "properties": { "hospital_n": "Clinic - Negombo MOH Central", "hospital_c": "Clinic", "district_n": "Gampaha", "no_of_ward": null }, "geometry": { "type": "Point", "coordinates": [ 79.85197, 7.2055 ] } },
{ "type": "Feature", "properties": { "hospital_n": "Central Clinic", "hospital_c": "Clinic", "district_n": "Gampaha", "no_of_ward": null }, "geometry": { "type": "Point", "coordinates": [ 79.851983330000053, 7.205503333000024 ] } },
{ "type": "Feature", "properties": { "hospital_n": "Kirulapona CWC", "hospital_c": "Clinic", "district_n": "Colombo", "no_of_ward": null }, "geometry": { "type": "Point", "coordinates": [ 79.877107, 6.877231 ] } },
{ "type": "Feature", "properties": { "hospital_n": "Clinic Center, Pathima Watta", "hospital_c": "Clinic", "district_n": "Gampaha", "no_of_ward": null }, "geometry": { "type": "Point", "coordinates": [ 79.852263330000085, 7.239435 ] } },
{ "type": "Feature", "properties": { "hospital_n": "Slave Island Dispensry", "hospital_c": "PMCU", "district_n": "Colombo", "no_of_ward": null }, "geometry": { "type": "Point", "coordinates": [ 79.852974, 6.919978 ] } },
{ "type": "Feature", "properties": { "hospital_n": "Slave Island CWC", "hospital_c": "Clinic", "district_n": "Colombo", "no_of_ward": null }, "geometry": { "type": "Point", "coordinates": [ 79.853079, 6.920132 ] } },
{ "type": "Feature", "properties": { "hospital_n": "Health Education", "hospital_c": "Other Health Institute", "district_n": "Colombo", "no_of_ward": null }, "geometry": { "type": "Point", "coordinates": [ 79.853079, 6.920132 ] } },
{ "type": "Feature", "properties": { "hospital_n": "Dissanayaka Privet Hospital", "hospital_c": "Other Health Institute", "district_n": "Gampaha", "no_of_ward": null }, "geometry": { "type": "Point", "coordinates": [ 79.853231670000071, 7.201168333000055 ] } },
{ "type": "Feature", "properties": { "hospital_n": "Western Dispensary - Vajira Road", "hospital_c": "Other Health Institute", "district_n": "Colombo", "no_of_ward": null }, "geometry": { "type": "Point", "coordinates": [ 79.858503, 6.890666 ] } },
{ "type": "Feature", "properties": { "hospital_n": "St. Paul`s Dispensary", "hospital_c": "Other Health Institute", "district_n": "Colombo", "no_of_ward": null }, "geometry": { "type": "Point", "coordinates": [ 79.858758, 6.943185 ] } },
{ "type": "Feature", "properties": { "hospital_n": "St. Paul's CWC", "hospital_c": "Clinic", "district_n": "Colombo", "no_of_ward": null }, "geometry": { "type": "Point", "coordinates": [ 79.858758, 6.943185 ] } },
{ "type": "Feature", "properties": { "hospital_n": "St. Paul`s MOH D2A", "hospital_c": "MOH Office", "district_n": "Colombo", "no_of_ward": null }, "geometry": { "type": "Point", "coordinates": [ 79.858758, 6.943185 ] } },
{ "type": "Feature", "properties": { "hospital_n": "Mihindu Mawatha Dispensary", "hospital_c": "PMCU", "district_n": "Colombo", "no_of_ward": null }, "geometry": { "type": "Point", "coordinates": [ 79.859075, 6.935039 ] } },
{ "type": "Feature", "properties": { "hospital_n": "Royal College Health Centre", "hospital_c": "Other Health Institute", "district_n": "Colombo", "no_of_ward": null }, "geometry": { "type": "Point", "coordinates": [ 79.859874370000057, 6.904264083000044 ] } },
{ "type": "Feature", "properties": { "hospital_n": "Central Dispensary -  Kochchikade", "hospital_c": "PMCU", "district_n": "Gampaha", "no_of_ward": null }, "geometry": { "type": "Point", "coordinates": [ 79.860355, 7.264743333000069 ] } },
{ "type": "Feature", "properties": { "hospital_n": "Clinic - Kochchikade PMCU", "hospital_c": "Clinic", "district_n": "Gampaha", "no_of_ward": null }, "geometry": { "type": "Point", "coordinates": [ 79.860355, 7.264743333000069 ] } },
{ "type": "Feature", "properties": { "hospital_n": "St peters Health Centre", "hospital_c": "Other Health Institute", "district_n": "Colombo", "no_of_ward": null }, "geometry": { "type": "Point", "coordinates": [ 79.860451630000057, 6.881070058000034 ] } },
{ "type": "Feature", "properties": { "hospital_n": "Clinic Center, Kurana", "hospital_c": "Clinic", "district_n": "Gampaha", "no_of_ward": null }, "geometry": { "type": "Point", "coordinates": [ 79.86075, 7.194165 ] } },
{ "type": "Feature", "properties": { "hospital_n": "Clinic Center, Walihena", "hospital_c": "Clinic", "district_n": "Gampaha", "no_of_ward": null }, "geometry": { "type": "Point", "coordinates": [ 79.861115, 7.252281667000034 ] } },
{ "type": "Feature", "properties": { "hospital_n": "Central Dispensary-Uswatakeiyawa", "hospital_c": "PMCU", "district_n": "Gampaha", "no_of_ward": null }, "geometry": { "type": "Point", "coordinates": [ 79.861452900000074, 7.032855900000072 ] } },
{ "type": "Feature", "properties": { "hospital_n": "Clinic Center-Uswatakeiyawa", "hospital_c": "Clinic", "district_n": "Gampaha", "no_of_ward": null }, "geometry": { "type": "Point", "coordinates": [ 79.861452900000074, 7.032855900000072 ] } },
{ "type": "Feature", "properties": { "hospital_n": "Kotahena Dispensary", "hospital_c": "PMCU", "district_n": "Colombo", "no_of_ward": null }, "geometry": { "type": "Point", "coordinates": [ 79.861577, 6.947796 ] } },
{ "type": "Feature", "properties": { "hospital_n": "Hindu college Health Centre", "hospital_c": "Other Health Institute", "district_n": "Colombo", "no_of_ward": null }, "geometry": { "type": "Point", "coordinates": [ 79.861772540000061, 6.883632699000032 ] } },
{ "type": "Feature", "properties": { "hospital_n": "Clinic Center , Dalupotha", "hospital_c": "Clinic", "district_n": "Gampaha", "no_of_ward": null }, "geometry": { "type": "Point", "coordinates": [ 79.861885, 7.228283333000036 ] } },
{ "type": "Feature", "properties": { "hospital_n": "Wellawattha CWC", "hospital_c": "Clinic", "district_n": "Colombo", "no_of_ward": null }, "geometry": { "type": "Point", "coordinates": [ 79.862092, 6.874165 ] } },
{ "type": "Feature", "properties": { "hospital_n": "Wellawattha MOH D5", "hospital_c": "MOH Office", "district_n": "Colombo", "no_of_ward": null }, "geometry": { "type": "Point", "coordinates": [ 79.862092, 6.874165 ] } },
{ "type": "Feature", "properties": { "hospital_n": "Medical officer of Healt - Wellawattha / Western Dispensary", "hospital_c": "Other Health Institute", "district_n": "Colombo", "no_of_ward": null }, "geometry": { "type": "Point", "coordinates": [ 79.862355, 6.874638 ] } },
{ "type": "Feature", "properties": { "hospital_n": "Clinic Center-Nugape Bopitiya", "hospital_c": "Clinic", "district_n": "Gampaha", "no_of_ward": null }, "geometry": { "type": "Point", "coordinates": [ 79.862473900000055, 7.063719700000036 ] } },
{ "type": "Feature", "properties": { "hospital_n": "Forbes Road CWC", "hospital_c": "Other Health Institute", "district_n": "Colombo", "no_of_ward": null }, "geometry": { "type": "Point", "coordinates": [ 79.863338, 6.923271 ] } },
{ "type": "Feature", "properties": { "hospital_n": "Forbes Road Dispensary", "hospital_c": "Other Health Institute", "district_n": "Colombo", "no_of_ward": null }, "geometry": { "type": "Point", "coordinates": [ 79.863536, 6.922963 ] } },
{ "type": "Feature", "properties": { "hospital_n": "Wasala Road CWC", "hospital_c": "Clinic", "district_n": "Colombo", "no_of_ward": null }, "geometry": { "type": "Point", "coordinates": [ 79.864292, 6.950605 ] } },
{ "type": "Feature", "properties": { "hospital_n": "Mohideen Masjeed CWC", "hospital_c": "Clinic", "district_n": "Colombo", "no_of_ward": null }, "geometry": { "type": "Point", "coordinates": [ 79.864501, 6.931389 ] } },
{ "type": "Feature", "properties": { "hospital_n": "Bandaranayak mawatha CWC", "hospital_c": "Clinic", "district_n": "Colombo", "no_of_ward": null }, "geometry": { "type": "Point", "coordinates": [ 79.864629, 6.939955 ] } },
{ "type": "Feature", "properties": { "hospital_n": "Medical Supplies Division", "hospital_c": "Other Health Institute", "district_n": "Colombo", "no_of_ward": null }, "geometry": { "type": "Point", "coordinates": [ 79.864828, 6.920834 ] } },
{ "type": "Feature", "properties": { "hospital_n": "National Medicines Regulatory Authority", "hospital_c": "Other Health Institute", "district_n": "Colombo", "no_of_ward": null }, "geometry": { "type": "Point", "coordinates": [ 79.864976, 6.919194 ] } },
{ "type": "Feature", "properties": { "hospital_n": "Ministry of Health", "hospital_c": "Other Health Institute", "district_n": "Colombo", "no_of_ward": null }, "geometry": { "type": "Point", "coordinates": [ 79.865115, 6.920089 ] } },
{ "type": "Feature", "properties": { "hospital_n": "Sri Lanka National Eye Hospital", "hospital_c": "Specialized Hospital", "district_n": "Colombo", "no_of_ward": null }, "geometry": { "type": "Point", "coordinates": [ 79.865201, 6.918607 ] } },
{ "type": "Feature", "properties": { "hospital_n": "Muthuwella Dispensary", "hospital_c": "PMCU", "district_n": "Colombo", "no_of_ward": null }, "geometry": { "type": "Point", "coordinates": [ 79.865233, 6.964668 ] } },
{ "type": "Feature", "properties": { "hospital_n": "Central Food Control Unit - CMC", "hospital_c": "Other Health Institute", "district_n": "Colombo", "no_of_ward": null }, "geometry": { "type": "Point", "coordinates": [ 79.865313, 6.925902 ] } },
{ "type": "Feature", "properties": { "hospital_n": "Medical Officer of Health -  District 2B - CMC", "hospital_c": "MOH Office", "district_n": "Colombo", "no_of_ward": null }, "geometry": { "type": "Point", "coordinates": [ 79.865313, 6.925902 ] } },
{ "type": "Feature", "properties": { "hospital_n": "Maternal and Child Health Division - CMC", "hospital_c": "MOH Office", "district_n": "Colombo", "no_of_ward": null }, "geometry": { "type": "Point", "coordinates": [ 79.865313, 6.925902 ] } },
{ "type": "Feature", "properties": { "hospital_n": "Mohideen Masjeed Dispensary", "hospital_c": "PMCU", "district_n": "Colombo", "no_of_ward": null }, "geometry": { "type": "Point", "coordinates": [ 79.865559, 6.931498 ] } },
{ "type": "Feature", "properties": { "hospital_n": "Colombo City Coroner`s Court", "hospital_c": "Other Health Institute", "district_n": "Colombo", "no_of_ward": null }, "geometry": { "type": "Point", "coordinates": [ 79.865633, 6.917245 ] } },
{ "type": "Feature", "properties": { "hospital_n": "Sri Lanka Medical Council", "hospital_c": "Other Health Institute", "district_n": "Colombo", "no_of_ward": null }, "geometry": { "type": "Point", "coordinates": [ 79.865969, 6.922176 ] } },
{ "type": "Feature", "properties": { "hospital_n": "NSACP", "hospital_c": "Other Health Institute", "district_n": "Colombo", "no_of_ward": null }, "geometry": { "type": "Point", "coordinates": [ 79.865978, 6.919702 ] } },
{ "type": "Feature", "properties": { "hospital_n": "National Dental Hospital", "hospital_c": "Specialized Hospital", "district_n": "Colombo", "no_of_ward": null }, "geometry": { "type": "Point", "coordinates": [ 79.866051, 6.917181 ] } },
{ "type": "Feature", "properties": { "hospital_n": "MOH Office - Dehiwala", "hospital_c": "MOH Office", "district_n": "Colombo", "no_of_ward": null }, "geometry": { "type": "Point", "coordinates": [ 79.866062, 6.861384 ] } },
{ "type": "Feature", "properties": { "hospital_n": "Clinic - Dehiwala MOH Central", "hospital_c": "Clinic", "district_n": "Colombo", "no_of_ward": null }, "geometry": { "type": "Point", "coordinates": [ 79.866062, 6.861384 ] } },
{ "type": "Feature", "properties": { "hospital_n": "Clinic - Dehiwala", "hospital_c": "Clinic", "district_n": "Colombo", "no_of_ward": null }, "geometry": { "type": "Point", "coordinates": [ 79.866062, 6.861384 ] } },
{ "type": "Feature", "properties": { "hospital_n": "National Drug Quality Assuarece", "hospital_c": "Other Health Institute", "district_n": "Colombo", "no_of_ward": null }, "geometry": { "type": "Point", "coordinates": [ 79.866200110000079, 6.920217024000067 ] } },
{ "type": "Feature", "properties": { "hospital_n": "National Hospital - Colombo", "hospital_c": "National Hospital", "district_n": "Colombo", "no_of_ward": null }, "geometry": { "type": "Point", "coordinates": [ 79.866385, 6.917705 ] } },
{ "type": "Feature", "properties": { "hospital_n": "Wallawwatta Clinic", "hospital_c": "Clinic", "district_n": "Colombo", "no_of_ward": null }, "geometry": { "type": "Point", "coordinates": [ 79.866721040000073, 6.820023148000075 ] } },
{ "type": "Feature", "properties": { "hospital_n": "Clinic - Karagampitiya", "hospital_c": "Clinic", "district_n": "Colombo", "no_of_ward": null }, "geometry": { "type": "Point", "coordinates": [ 79.867035, 6.848029 ] } },
{ "type": "Feature", "properties": { "hospital_n": "Mount levenia Clinic", "hospital_c": "Clinic", "district_n": "Colombo", "no_of_ward": null }, "geometry": { "type": "Point", "coordinates": [ 79.867264190000071, 6.834309348000033 ] } },
{ "type": "Feature", "properties": { "hospital_n": "Clinic Center-Katunayaka", "hospital_c": "Clinic", "district_n": "Gampaha", "no_of_ward": null }, "geometry": { "type": "Point", "coordinates": [ 79.867303670000069, 7.166879503000075 ] } },
{ "type": "Feature", "properties": { "hospital_n": "Katunayaka PMCU", "hospital_c": "PMCU", "district_n": "Gampaha", "no_of_ward": null }, "geometry": { "type": "Point", "coordinates": [ 79.867347, 7.16691 ] } },
{ "type": "Feature", "properties": { "hospital_n": "Office of the Regional Director of Health Sevices - Colombo", "hospital_c": "RDHS", "district_n": "Colombo", "no_of_ward": null }, "geometry": { "type": "Point", "coordinates": [ 79.867725, 6.932177 ] } },
{ "type": "Feature", "properties": { "hospital_n": "National Epilesy Center - National Hospital", "hospital_c": "Specialized Hospital", "district_n": "Colombo", "no_of_ward": null }, "geometry": { "type": "Point", "coordinates": [ 79.867912, 6.917645 ] } },
{ "type": "Feature", "properties": { "hospital_n": "Mihindu Mawatha Clinic", "hospital_c": "Clinic", "district_n": "Colombo", "no_of_ward": null }, "geometry": { "type": "Point", "coordinates": [ 79.867920750000053, 6.845818539000049 ] } },
{ "type": "Feature", "properties": { "hospital_n": "Central Vaccine Store", "hospital_c": "Other Health Institute", "district_n": "Colombo", "no_of_ward": null }, "geometry": { "type": "Point", "coordinates": [ 79.86828, 6.921007 ] } },
{ "type": "Feature", "properties": { "hospital_n": "Health Promotion Bureau / Health Education Bureau", "hospital_c": "Other Health Institute", "district_n": "Colombo", "no_of_ward": null }, "geometry": { "type": "Point", "coordinates": [ 79.868345, 6.922345 ] } },
{ "type": "Feature", "properties": { "hospital_n": "Family Health Bureau", "hospital_c": "Other Health Institute", "district_n": "Colombo", "no_of_ward": null }, "geometry": { "type": "Point", "coordinates": [ 79.868668, 6.921645 ] } },
{ "type": "Feature", "properties": { "hospital_n": "School Of Nursing - Colombo", "hospital_c": "Other Health Institute", "district_n": "Colombo", "no_of_ward": null }, "geometry": { "type": "Point", "coordinates": [ 79.869064, 6.920053 ] } },
{ "type": "Feature", "properties": { "hospital_n": "Clinic - Kalubowila", "hospital_c": "Clinic", "district_n": "Colombo", "no_of_ward": null }, "geometry": { "type": "Point", "coordinates": [ 79.869248020000043, 6.864117114000067 ] } },
{ "type": "Feature", "properties": { "hospital_n": "Postgraduate institute of Medicine", "hospital_c": "Other Health Institute", "district_n": "Colombo", "no_of_ward": null }, "geometry": { "type": "Point", "coordinates": [ 79.869323, 6.917709 ] } },
{ "type": "Feature", "properties": { "hospital_n": "New Bazar MH", "hospital_c": "Clinic", "district_n": "Colombo", "no_of_ward": null }, "geometry": { "type": "Point", "coordinates": [ 79.869479, 6.946662 ] } },
{ "type": "Feature", "properties": { "hospital_n": "New Bazar D1 MOH", "hospital_c": "MOH Office", "district_n": "Colombo", "no_of_ward": null }, "geometry": { "type": "Point", "coordinates": [ 79.869479, 6.946662 ] } },
{ "type": "Feature", "properties": { "hospital_n": "New Bazar Dispensary", "hospital_c": "PMCU", "district_n": "Colombo", "no_of_ward": null }, "geometry": { "type": "Point", "coordinates": [ 79.869479, 6.946662 ] } },
{ "type": "Feature", "properties": { "hospital_n": "Clinic - Park", "hospital_c": "Clinic", "district_n": "Colombo", "no_of_ward": null }, "geometry": { "type": "Point", "coordinates": [ 79.870045, 6.857763 ] } },
{ "type": "Feature", "properties": { "hospital_n": "De Soysa Hospital", "hospital_c": "Specialized Hospital", "district_n": "Colombo", "no_of_ward": null }, "geometry": { "type": "Point", "coordinates": [ 79.870262, 6.919716 ] } },
{ "type": "Feature", "properties": { "hospital_n": "Maligawattha MH", "hospital_c": "Clinic", "district_n": "Colombo", "no_of_ward": null }, "geometry": { "type": "Point", "coordinates": [ 79.870306, 6.935427 ] } },
{ "type": "Feature", "properties": { "hospital_n": "Modara Dispensary", "hospital_c": "PMCU", "district_n": "Colombo", "no_of_ward": null }, "geometry": { "type": "Point", "coordinates": [ 79.870418, 6.967232 ] } },
{ "type": "Feature", "properties": { "hospital_n": "Clinic Center, Thoppuwa", "hospital_c": "Clinic", "district_n": "Gampaha", "no_of_ward": null }, "geometry": { "type": "Point", "coordinates": [ 79.87043, 7.263335 ] } },
{ "type": "Feature", "properties": { "hospital_n": "Faculty Of Medicine", "hospital_c": "Other Health Institute", "district_n": "Colombo", "no_of_ward": null }, "geometry": { "type": "Point", "coordinates": [ 79.871072, 6.918942 ] } },
{ "type": "Feature", "properties": { "hospital_n": "Kirula Dispensary", "hospital_c": "Other Health Institute", "district_n": "Colombo", "no_of_ward": null }, "geometry": { "type": "Point", "coordinates": [ 79.871268, 6.892895 ] } },
{ "type": "Feature", "properties": { "hospital_n": "Colombo Central Distric Hospital - Maligawattha", "hospital_c": "Divisional Hospital", "district_n": "Colombo", "no_of_ward": null }, "geometry": { "type": "Point", "coordinates": [ 79.871295, 6.932249 ] } },
{ "type": "Feature", "properties": { "hospital_n": "Clinic - Wilawala", "hospital_c": "Clinic", "district_n": "Colombo", "no_of_ward": null }, "geometry": { "type": "Point", "coordinates": [ 79.871461090000082, 6.869004811000025 ] } },
{ "type": "Feature", "properties": { "hospital_n": "Kirula MH", "hospital_c": "Clinic", "district_n": "Colombo", "no_of_ward": null }, "geometry": { "type": "Point", "coordinates": [ 79.871551, 6.893013 ] } },
{ "type": "Feature", "properties": { "hospital_n": "Physiology Department", "hospital_c": "Other Health Institute", "district_n": "Colombo", "no_of_ward": null }, "geometry": { "type": "Point", "coordinates": [ 79.871695, 6.918932 ] } },
{ "type": "Feature", "properties": { "hospital_n": "National Institute for Nephrology, Dialysis & Transplantation", "hospital_c": "Specialized Hospital", "district_n": "Colombo", "no_of_ward": null }, "geometry": { "type": "Point", "coordinates": [ 79.871732, 6.932276 ] } },
{ "type": "Feature", "properties": { "hospital_n": "Rathmalana Clinic", "hospital_c": "Clinic", "district_n": "Colombo", "no_of_ward": null }, "geometry": { "type": "Point", "coordinates": [ 79.872117560000049, 6.824333207000052 ] } },
{ "type": "Feature", "properties": { "hospital_n": "Kothalawalapura Clinic", "hospital_c": "Clinic", "district_n": "Colombo", "no_of_ward": null }, "geometry": { "type": "Point", "coordinates": [ 79.873591350000083, 6.81522325100002 ] } },
{ "type": "Feature", "properties": { "hospital_n": "Kuppiyawattha CWC", "hospital_c": "Clinic", "district_n": "Colombo", "no_of_ward": null }, "geometry": { "type": "Point", "coordinates": [ 79.874656, 6.92854 ] } },
{ "type": "Feature", "properties": { "hospital_n": "Kuppiyawattha Dispensary", "hospital_c": "PMCU", "district_n": "Colombo", "no_of_ward": null }, "geometry": { "type": "Point", "coordinates": [ 79.874889, 6.928596 ] } },
{ "type": "Feature", "properties": { "hospital_n": "Colombo South District Chest Clinic", "hospital_c": "Specialized Hospital", "district_n": "Colombo", "no_of_ward": null }, "geometry": { "type": "Point", "coordinates": [ 79.875074, 6.868324 ] } },
{ "type": "Feature", "properties": { "hospital_n": "Angulana Kaldemulla Clinic", "hospital_c": "Clinic", "district_n": "Colombo", "no_of_ward": null }, "geometry": { "type": "Point", "coordinates": [ 79.875371080000036, 6.798703987000067 ] } },
{ "type": "Feature", "properties": { "hospital_n": "Western Dispensary - Maligawattha", "hospital_c": "Other Health Institute", "district_n": "Colombo", "no_of_ward": null }, "geometry": { "type": "Point", "coordinates": [ 79.875761, 6.941019 ] } },
{ "type": "Feature", "properties": { "hospital_n": "District  3  M.O.H Office - CMC", "hospital_c": "MOH Office", "district_n": "Colombo", "no_of_ward": null }, "geometry": { "type": "Point", "coordinates": [ 79.875873, 6.919237 ] } },
{ "type": "Feature", "properties": { "hospital_n": "Army Hospital", "hospital_c": "Other Health Institute", "district_n": "Colombo", "no_of_ward": null }, "geometry": { "type": "Point", "coordinates": [ 79.87596, 6.899973 ] } },
{ "type": "Feature", "properties": { "hospital_n": "Badowita Clinic", "hospital_c": "Clinic", "district_n": "Colombo", "no_of_ward": null }, "geometry": { "type": "Point", "coordinates": [ 79.875986570000066, 6.838621292000028 ] } },
{ "type": "Feature", "properties": { "hospital_n": "Laxapathiya Clinic", "hospital_c": "Clinic", "district_n": "Colombo", "no_of_ward": null }, "geometry": { "type": "Point", "coordinates": [ 79.876189830000044, 6.795948730000021 ] } },
{ "type": "Feature", "properties": { "hospital_n": "Dematagoda PMCU", "hospital_c": "PMCU", "district_n": "Colombo", "no_of_ward": null }, "geometry": { "type": "Point", "coordinates": [ 79.876251, 6.93215 ] } },
{ "type": "Feature", "properties": { "hospital_n": "Lady Ridgeway Hospital for Children", "hospital_c": "Specialized Hospital", "district_n": "Colombo", "no_of_ward": null }, "geometry": { "type": "Point", "coordinates": [ 79.876479, 6.918231 ] } },
{ "type": "Feature", "properties": { "hospital_n": "Kirulapona Dispensary", "hospital_c": "PMCU", "district_n": "Colombo", "no_of_ward": null }, "geometry": { "type": "Point", "coordinates": [ 79.876663, 6.877421 ] } },
{ "type": "Feature", "properties": { "hospital_n": "Cancer Early Detection Center", "hospital_c": "Other Health Institute", "district_n": "Colombo", "no_of_ward": null }, "geometry": { "type": "Point", "coordinates": [ 79.876812, 6.893395 ] } },
{ "type": "Feature", "properties": { "hospital_n": "Laduru Hospital", "hospital_c": "Specialized Hospital", "district_n": "Gampaha", "no_of_ward": null }, "geometry": { "type": "Point", "coordinates": [ 79.876822160000074, 6.983042071000057 ] } },
{ "type": "Feature", "properties": { "hospital_n": "Teaching Hospital - Colombo South", "hospital_c": "Teaching Hospital", "district_n": "Colombo", "no_of_ward": null }, "geometry": { "type": "Point", "coordinates": [ 79.876861, 6.866891 ] } },
{ "type": "Feature", "properties": { "hospital_n": "Rathmalana Railway PMCU", "hospital_c": "PMCU", "district_n": "Colombo", "no_of_ward": null }, "geometry": { "type": "Point", "coordinates": [ 79.876951, 6.813937 ] } },
{ "type": "Feature", "properties": { "hospital_n": "Polyclinic", "hospital_c": "Other Health Institute", "district_n": "Colombo", "no_of_ward": null }, "geometry": { "type": "Point", "coordinates": [ 79.877142, 6.906847 ] } },
{ "type": "Feature", "properties": { "hospital_n": "Cancer Control Programme", "hospital_c": "Other Health Institute", "district_n": "Colombo", "no_of_ward": null }, "geometry": { "type": "Point", "coordinates": [ 79.877187940000056, 6.890772781000067 ] } },
{ "type": "Feature", "properties": { "hospital_n": "School Health Office", "hospital_c": "Other Health Institute", "district_n": "Colombo", "no_of_ward": null }, "geometry": { "type": "Point", "coordinates": [ 79.877187940000056, 6.890772781000067 ] } },
{ "type": "Feature", "properties": { "hospital_n": "Public Health Veterinary Services", "hospital_c": "Other Health Institute", "district_n": "Colombo", "no_of_ward": null }, "geometry": { "type": "Point", "coordinates": [ 79.877187940000056, 6.890772781000067 ] } },
{ "type": "Feature", "properties": { "hospital_n": "Anti Malaria Campaign", "hospital_c": "Other Health Institute", "district_n": "Colombo", "no_of_ward": null }, "geometry": { "type": "Point", "coordinates": [ 79.877187940000056, 6.890772781000067 ] } },
{ "type": "Feature", "properties": { "hospital_n": "Nutrition Division", "hospital_c": "Other Health Institute", "district_n": "Colombo", "no_of_ward": null }, "geometry": { "type": "Point", "coordinates": [ 79.877187940000056, 6.890772781000067 ] } },
{ "type": "Feature", "properties": { "hospital_n": "TB Control Programme", "hospital_c": "Other Health Institute", "district_n": "Colombo", "no_of_ward": null }, "geometry": { "type": "Point", "coordinates": [ 79.877187940000056, 6.890772781000067 ] } },
{ "type": "Feature", "properties": { "hospital_n": "Anti Filariasis Campaign", "hospital_c": "Other Health Institute", "district_n": "Colombo", "no_of_ward": null }, "geometry": { "type": "Point", "coordinates": [ 79.877187940000056, 6.890772781000067 ] } },
{ "type": "Feature", "properties": { "hospital_n": "Nutrition Coordination Division", "hospital_c": "Other Health Institute", "district_n": "Colombo", "no_of_ward": null }, "geometry": { "type": "Point", "coordinates": [ 79.877187940000056, 6.890772781000067 ] } },
{ "type": "Feature", "properties": { "hospital_n": "Dengue Control Unit", "hospital_c": "Other Health Institute", "district_n": "Colombo", "no_of_ward": null }, "geometry": { "type": "Point", "coordinates": [ 79.877187940000056, 6.890772781000067 ] } },
{ "type": "Feature", "properties": { "hospital_n": "National Blood Center", "hospital_c": "Other Health Institute", "district_n": "Colombo", "no_of_ward": null }, "geometry": { "type": "Point", "coordinates": [ 79.877257, 6.891371 ] } },
{ "type": "Feature", "properties": { "hospital_n": "Central Blood Bank / Dengu Control Unit", "hospital_c": "Other Health Institute", "district_n": "Colombo", "no_of_ward": null }, "geometry": { "type": "Point", "coordinates": [ 79.877279, 6.890844 ] } },
{ "type": "Feature", "properties": { "hospital_n": "Central Dispensary - Rathmalana", "hospital_c": "PMCU", "district_n": "Colombo", "no_of_ward": null }, "geometry": { "type": "Point", "coordinates": [ 79.877280820000067, 6.814073590000021 ] } },
{ "type": "Feature", "properties": { "hospital_n": "Wijaya Kumaratunga Memorial Hospital-Seeduwa", "hospital_c": "Specialized Hospital", "district_n": "Gampaha", "no_of_ward": null }, "geometry": { "type": "Point", "coordinates": [ 79.877456670000072, 7.126157787000068 ] } },
{ "type": "Feature", "properties": { "hospital_n": "Lunawa Hospital Clinic", "hospital_c": "Clinic", "district_n": "Colombo", "no_of_ward": null }, "geometry": { "type": "Point", "coordinates": [ 79.877667560000077, 6.784381913000061 ] } },
{ "type": "Feature", "properties": { "hospital_n": "Lunawa Hospital", "hospital_c": "Divisional Hospital", "district_n": "Colombo", "no_of_ward": null }, "geometry": { "type": "Point", "coordinates": [ 79.877667560000077, 6.784381913000061 ] } },
{ "type": "Feature", "properties": { "hospital_n": "Police Hospitala - Narahenpita", "hospital_c": "Other Health Institute", "district_n": "Colombo", "no_of_ward": null }, "geometry": { "type": "Point", "coordinates": [ 79.878137, 6.891409 ] } },
{ "type": "Feature", "properties": { "hospital_n": "Rathmalana MOH Clinic", "hospital_c": "Clinic", "district_n": "Colombo", "no_of_ward": null }, "geometry": { "type": "Point", "coordinates": [ 79.878225710000038, 6.827028282000072 ] } },
{ "type": "Feature", "properties": { "hospital_n": "Rathmalana MOH Office", "hospital_c": "MOH Office", "district_n": "Colombo", "no_of_ward": null }, "geometry": { "type": "Point", "coordinates": [ 79.878225710000038, 6.827028282000072 ] } },
{ "type": "Feature", "properties": { "hospital_n": "Central Chest Clinic", "hospital_c": "Other Health Institute", "district_n": "Colombo", "no_of_ward": null }, "geometry": { "type": "Point", "coordinates": [ 79.878234, 6.917592 ] } },
{ "type": "Feature", "properties": { "hospital_n": "Medical Research Institute", "hospital_c": "Other Health Institute", "district_n": "Colombo", "no_of_ward": null }, "geometry": { "type": "Point", "coordinates": [ 79.878508, 6.917546 ] } },
{ "type": "Feature", "properties": { "hospital_n": "Clinic Center-Liyanagemulla", "hospital_c": "Clinic", "district_n": "Gampaha", "no_of_ward": null }, "geometry": { "type": "Point", "coordinates": [ 79.878652430000045, 7.146887197000069 ] } },
{ "type": "Feature", "properties": { "hospital_n": "PMCU - Kandawala", "hospital_c": "PMCU", "district_n": "Gampaha", "no_of_ward": null }, "geometry": { "type": "Point", "coordinates": [ 79.87869, 7.23563 ] } },
{ "type": "Feature", "properties": { "hospital_n": "Clinic - Kandawala PMCU", "hospital_c": "Clinic", "district_n": "Gampaha", "no_of_ward": null }, "geometry": { "type": "Point", "coordinates": [ 79.87869, 7.23563 ] } },
{ "type": "Feature", "properties": { "hospital_n": "Clinic - Nadimala", "hospital_c": "Clinic", "district_n": "Colombo", "no_of_ward": null }, "geometry": { "type": "Point", "coordinates": [ 79.878851, 6.853704 ] } },
{ "type": "Feature", "properties": { "hospital_n": "MOH Office-Seeduwa", "hospital_c": "MOH Office", "district_n": "Gampaha", "no_of_ward": null }, "geometry": { "type": "Point", "coordinates": [ 79.879997310000078, 7.131467345000033 ] } },
{ "type": "Feature", "properties": { "hospital_n": "Clinic Center-Bandarawatta", "hospital_c": "Clinic", "district_n": "Gampaha", "no_of_ward": null }, "geometry": { "type": "Point", "coordinates": [ 79.879997310000078, 7.131467345000033 ] } },
{ "type": "Feature", "properties": { "hospital_n": "Clinic - Seeduwa MOH Central", "hospital_c": "Clinic", "district_n": "Gampaha", "no_of_ward": null }, "geometry": { "type": "Point", "coordinates": [ 79.879997310000078, 7.131467345000033 ] } },
{ "type": "Feature", "properties": { "hospital_n": "Municipality Dispensary - Kent road", "hospital_c": "PMCU", "district_n": "Colombo", "no_of_ward": null }, "geometry": { "type": "Point", "coordinates": [ 79.880068, 6.933096 ] } },
{ "type": "Feature", "properties": { "hospital_n": "Clinic - Orugodawatta", "hospital_c": "Clinic", "district_n": "Colombo", "no_of_ward": null }, "geometry": { "type": "Point", "coordinates": [ 79.881025520000037, 6.945308167000064 ] } },
{ "type": "Feature", "properties": { "hospital_n": "Central Dispensary - Peliyagoda", "hospital_c": "PMCU", "district_n": "Gampaha", "no_of_ward": null }, "geometry": { "type": "Point", "coordinates": [ 79.881221, 6.95987 ] } },
{ "type": "Feature", "properties": { "hospital_n": "Clinic Center - Pattiya", "hospital_c": "Clinic", "district_n": "Gampaha", "no_of_ward": null }, "geometry": { "type": "Point", "coordinates": [ 79.881221, 6.95987 ] } },
{ "type": "Feature", "properties": { "hospital_n": "Clinic Center - Peliyagoda Gangabada", "hospital_c": "Clinic", "district_n": "Gampaha", "no_of_ward": null }, "geometry": { "type": "Point", "coordinates": [ 79.881221, 6.95987 ] } },
{ "type": "Feature", "properties": { "hospital_n": "Murawatta Clinic", "hospital_c": "Clinic", "district_n": "Colombo", "no_of_ward": null }, "geometry": { "type": "Point", "coordinates": [ 79.881612500000074, 6.770451106000053 ] } },
{ "type": "Feature", "properties": { "hospital_n": "Devi balika Health Centre", "hospital_c": "Other Health Institute", "district_n": "Colombo", "no_of_ward": null }, "geometry": { "type": "Point", "coordinates": [ 79.882021200000054, 6.910591498000031 ] } },
{ "type": "Feature", "properties": { "hospital_n": "MOH Katana", "hospital_c": "MOH Office", "district_n": "Gampaha", "no_of_ward": null }, "geometry": { "type": "Point", "coordinates": [ 79.882661670000061, 7.224055 ] } },
{ "type": "Feature", "properties": { "hospital_n": "Clinic - Katana MOH Central", "hospital_c": "Clinic", "district_n": "Gampaha", "no_of_ward": null }, "geometry": { "type": "Point", "coordinates": [ 79.882661670000061, 7.224055 ] } },
{ "type": "Feature", "properties": { "hospital_n": "Clinic Center, Deman Handiya", "hospital_c": "Clinic", "district_n": "Gampaha", "no_of_ward": null }, "geometry": { "type": "Point", "coordinates": [ 79.882663330000071, 7.224051667000026 ] } },
{ "type": "Feature", "properties": { "hospital_n": "Clinic Center-Amandoluwa", "hospital_c": "Clinic", "district_n": "Gampaha", "no_of_ward": null }, "geometry": { "type": "Point", "coordinates": [ 79.883468090000065, 7.142775035000057 ] } },
{ "type": "Feature", "properties": { "hospital_n": "Soyza Pura Clinic", "hospital_c": "Clinic", "district_n": "Colombo", "no_of_ward": null }, "geometry": { "type": "Point", "coordinates": [ 79.883570850000069, 6.80415344000005 ] } },
{ "type": "Feature", "properties": { "hospital_n": "Moratuwa MOH Clinic", "hospital_c": "Clinic", "district_n": "Colombo", "no_of_ward": null }, "geometry": { "type": "Point", "coordinates": [ 79.883714430000055, 6.788233146000039 ] } },
{ "type": "Feature", "properties": { "hospital_n": "Moratuwa MOH Office", "hospital_c": "MOH Office", "district_n": "Colombo", "no_of_ward": null }, "geometry": { "type": "Point", "coordinates": [ 79.883714430000055, 6.788233146000039 ] } },
{ "type": "Feature", "properties": { "hospital_n": "Egoda Uyana MOH Office", "hospital_c": "MOH Office", "district_n": "Colombo", "no_of_ward": null }, "geometry": { "type": "Point", "coordinates": [ 79.883714430000055, 6.788233146000039 ] } },
{ "type": "Feature", "properties": { "hospital_n": "Moratuwa MC Clinic", "hospital_c": "Clinic", "district_n": "Colombo", "no_of_ward": null }, "geometry": { "type": "Point", "coordinates": [ 79.88396404000008, 6.777722575000041 ] } },
{ "type": "Feature", "properties": { "hospital_n": "Clinic - Rawatawatta", "hospital_c": "Clinic", "district_n": "Colombo", "no_of_ward": null }, "geometry": { "type": "Point", "coordinates": [ 79.88396404000008, 6.777722575000041 ] } },
{ "type": "Feature", "properties": { "hospital_n": "Western Dispensary - Borella", "hospital_c": "Other Health Institute", "district_n": "Colombo", "no_of_ward": null }, "geometry": { "type": "Point", "coordinates": [ 79.884148, 6.912956 ] } },
{ "type": "Feature", "properties": { "hospital_n": "Castel Street Hospital for Women", "hospital_c": "Specialized Hospital", "district_n": "Colombo", "no_of_ward": null }, "geometry": { "type": "Point", "coordinates": [ 79.884778, 6.910289 ] } },
{ "type": "Feature", "properties": { "hospital_n": "Central Dispensary - Sedawattha", "hospital_c": "PMCU", "district_n": "Colombo", "no_of_ward": null }, "geometry": { "type": "Point", "coordinates": [ 79.884835, 6.953209 ] } },
{ "type": "Feature", "properties": { "hospital_n": "P.H.M Office - Sedawattha", "hospital_c": "Clinic", "district_n": "Colombo", "no_of_ward": null }, "geometry": { "type": "Point", "coordinates": [ 79.884835, 6.953209 ] } },
{ "type": "Feature", "properties": { "hospital_n": "Clinic - Sedawatta CD", "hospital_c": "Clinic", "district_n": "Colombo", "no_of_ward": null }, "geometry": { "type": "Point", "coordinates": [ 79.884835, 6.953209 ] } },
{ "type": "Feature", "properties": { "hospital_n": "PMCU Kolonnawa", "hospital_c": "PMCU", "district_n": "Colombo", "no_of_ward": null }, "geometry": { "type": "Point", "coordinates": [ 79.885441, 6.932007 ] } },
{ "type": "Feature", "properties": { "hospital_n": "Clinic Center, Ethgala", "hospital_c": "Clinic", "district_n": "Gampaha", "no_of_ward": null }, "geometry": { "type": "Point", "coordinates": [ 79.885445, 7.251458333000073 ] } },
{ "type": "Feature", "properties": { "hospital_n": "Boralla CWC", "hospital_c": "Clinic", "district_n": "Colombo", "no_of_ward": null }, "geometry": { "type": "Point", "coordinates": [ 79.885642, 6.920009 ] } },
{ "type": "Feature", "properties": { "hospital_n": "Central Dispensary-Hadala", "hospital_c": "PMCU", "district_n": "Gampaha", "no_of_ward": null }, "geometry": { "type": "Point", "coordinates": [ 79.885784900000033, 6.995839600000068 ] } },
{ "type": "Feature", "properties": { "hospital_n": "Clinic - Hendala PMCU", "hospital_c": "Clinic", "district_n": "Gampaha", "no_of_ward": null }, "geometry": { "type": "Point", "coordinates": [ 79.885784900000033, 6.995839600000068 ] } },
{ "type": "Feature", "properties": { "hospital_n": "Atthidiya Clinic", "hospital_c": "Clinic", "district_n": "Colombo", "no_of_ward": null }, "geometry": { "type": "Point", "coordinates": [ 79.88578853000007, 6.836778279000043 ] } },
{ "type": "Feature", "properties": { "hospital_n": "Clinic Center-Wattala", "hospital_c": "Clinic", "district_n": "Gampaha", "no_of_ward": null }, "geometry": { "type": "Point", "coordinates": [ 79.885992900000076, 6.995832600000028 ] } },
{ "type": "Feature", "properties": { "hospital_n": "MOH Office Wattala", "hospital_c": "MOH Office", "district_n": "Gampaha", "no_of_ward": null }, "geometry": { "type": "Point", "coordinates": [ 79.885992900000076, 6.995832600000028 ] } },
{ "type": "Feature", "properties": { "hospital_n": "Clinic - Wattala MOH Central", "hospital_c": "Clinic", "district_n": "Gampaha", "no_of_ward": null }, "geometry": { "type": "Point", "coordinates": [ 79.885992900000076, 6.995832600000028 ] } },
{ "type": "Feature", "properties": { "hospital_n": "Clinic - Rajagagirya", "hospital_c": "Clinic", "district_n": "Colombo", "no_of_ward": null }, "geometry": { "type": "Point", "coordinates": [ 79.888547, 6.908794 ] } },
{ "type": "Feature", "properties": { "hospital_n": "Central Dispensary - Seeduwa", "hospital_c": "PMCU", "district_n": "Gampaha", "no_of_ward": null }, "geometry": { "type": "Point", "coordinates": [ 79.888843480000048, 7.131553930000052 ] } },
{ "type": "Feature", "properties": { "hospital_n": "Clinic - Seeduwa PMCU", "hospital_c": "Clinic", "district_n": "Gampaha", "no_of_ward": null }, "geometry": { "type": "Point", "coordinates": [ 79.888843480000048, 7.131553930000052 ] } },
{ "type": "Feature", "properties": { "hospital_n": "Koralawella 13 post Clinic", "hospital_c": "Clinic", "district_n": "Colombo", "no_of_ward": null }, "geometry": { "type": "Point", "coordinates": [ 79.88917801000008, 6.759512261000054 ] } },
{ "type": "Feature", "properties": { "hospital_n": "Munhena Clinic", "hospital_c": "Clinic", "district_n": "Kalutara", "no_of_ward": null }, "geometry": { "type": "Point", "coordinates": [ 80.001938, 6.496899 ] } },
{ "type": "Feature", "properties": { "hospital_n": "Diulpitiya Clinic", "hospital_c": "Clinic", "district_n": "Colombo", "no_of_ward": null }, "geometry": { "type": "Point", "coordinates": [ 79.889622410000072, 6.849934850000068 ] } },
{ "type": "Feature", "properties": { "hospital_n": "Horeythuduwa Clinic", "hospital_c": "Clinic", "district_n": "Kalutara", "no_of_ward": null }, "geometry": { "type": "Point", "coordinates": [ 79.889832, 6.771611 ] } },
{ "type": "Feature", "properties": { "hospital_n": "Clinic - Kolonnawa MOH Central", "hospital_c": "Clinic", "district_n": "Colombo", "no_of_ward": null }, "geometry": { "type": "Point", "coordinates": [ 79.889907, 6.934276 ] } },
{ "type": "Feature", "properties": { "hospital_n": "Clinic - Kolonnawa Combined", "hospital_c": "Clinic", "district_n": "Colombo", "no_of_ward": null }, "geometry": { "type": "Point", "coordinates": [ 79.890007060000073, 6.93423881700005 ] } },
{ "type": "Feature", "properties": { "hospital_n": "Clinic - Kolonnawa Poly", "hospital_c": "Clinic", "district_n": "Colombo", "no_of_ward": null }, "geometry": { "type": "Point", "coordinates": [ 79.890007060000073, 6.93423881700005 ] } },
{ "type": "Feature", "properties": { "hospital_n": "Koralawella CD Clinic", "hospital_c": "Clinic", "district_n": "Colombo", "no_of_ward": null }, "geometry": { "type": "Point", "coordinates": [ 79.890631090000056, 6.756676580000033 ] } },
{ "type": "Feature", "properties": { "hospital_n": "Clinic - Nawala", "hospital_c": "Clinic", "district_n": "Colombo", "no_of_ward": null }, "geometry": { "type": "Point", "coordinates": [ 79.89069, 6.897182 ] } },
{ "type": "Feature", "properties": { "hospital_n": "Hemas Hospital", "hospital_c": "Other Health Institute", "district_n": "Gampaha", "no_of_ward": null }, "geometry": { "type": "Point", "coordinates": [ 79.891298540000037, 6.988590597000041 ] } },
{ "type": "Feature", "properties": { "hospital_n": "Clinic Center-Dambadure", "hospital_c": "Clinic", "district_n": "Gampaha", "no_of_ward": null }, "geometry": { "type": "Point", "coordinates": [ 79.891305250000073, 7.116877763000048 ] } },
{ "type": "Feature", "properties": { "hospital_n": "PMCU Obeysekarapura", "hospital_c": "PMCU", "district_n": "Colombo", "no_of_ward": null }, "geometry": { "type": "Point", "coordinates": [ 79.891434, 6.915375 ] } },
{ "type": "Feature", "properties": { "hospital_n": "Clinic - Obesekarapura", "hospital_c": "Clinic", "district_n": "Colombo", "no_of_ward": null }, "geometry": { "type": "Point", "coordinates": [ 79.891516, 6.915267 ] } },
{ "type": "Feature", "properties": { "hospital_n": "P.H.M. Office  - Vihara mawatha - Kolonnawa", "hospital_c": "Clinic", "district_n": "Colombo", "no_of_ward": null }, "geometry": { "type": "Point", "coordinates": [ 79.891787, 6.93414 ] } },
{ "type": "Feature", "properties": { "hospital_n": "Clinic Center-Kandana", "hospital_c": "Clinic", "district_n": "Gampaha", "no_of_ward": null }, "geometry": { "type": "Point", "coordinates": [ 79.892136150000056, 7.048980449000055 ] } },
{ "type": "Feature", "properties": { "hospital_n": "Wellampitiya Government Dispensary- Vihara mawatha", "hospital_c": "PMCU", "district_n": "Colombo", "no_of_ward": null }, "geometry": { "type": "Point", "coordinates": [ 79.892353, 6.934073 ] } },
{ "type": "Feature", "properties": { "hospital_n": "Clinic - Katubedda", "hospital_c": "Clinic", "district_n": "Colombo", "no_of_ward": null }, "geometry": { "type": "Point", "coordinates": [ 79.89243, 6.798045 ] } },
{ "type": "Feature", "properties": { "hospital_n": "Clinic - Obesekarapura", "hospital_c": "Clinic", "district_n": "Colombo", "no_of_ward": null }, "geometry": { "type": "Point", "coordinates": [ 79.892648, 6.916351 ] } },
{ "type": "Feature", "properties": { "hospital_n": "Moratumulla Clinic", "hospital_c": "Clinic", "district_n": "Colombo", "no_of_ward": null }, "geometry": { "type": "Point", "coordinates": [ 79.892900160000067, 6.787337079000054 ] } },
{ "type": "Feature", "properties": { "hospital_n": "Egoda Udana Station Clinic", "hospital_c": "Clinic", "district_n": "Colombo", "no_of_ward": null }, "geometry": { "type": "Point", "coordinates": [ 79.892945420000046, 6.740571046000071 ] } },
{ "type": "Feature", "properties": { "hospital_n": "Clinic Center-S/Kudahakapola", "hospital_c": "Clinic", "district_n": "Gampaha", "no_of_ward": null }, "geometry": { "type": "Point", "coordinates": [ 79.89307953000008, 7.098939107000035 ] } },
{ "type": "Feature", "properties": { "hospital_n": "National Dangerous Drugs Control Board", "hospital_c": "Other Health Institute", "district_n": "Colombo", "no_of_ward": null }, "geometry": { "type": "Point", "coordinates": [ 79.893818, 6.910014 ] } },
{ "type": "Feature", "properties": { "hospital_n": "Divisional Hospital-Ja_Ela", "hospital_c": "Divisional Hospital", "district_n": "Gampaha", "no_of_ward": null }, "geometry": { "type": "Point", "coordinates": [ 79.893880090000039, 7.07507905600005 ] } },
{ "type": "Feature", "properties": { "hospital_n": "Arachchigoda Clinic", "hospital_c": "Clinic", "district_n": "Colombo", "no_of_ward": null }, "geometry": { "type": "Point", "coordinates": [ 80.018449020000048, 6.819762415000071 ] } },
{ "type": "Feature", "properties": { "hospital_n": "Clinic Center-Ja-Ela 1", "hospital_c": "Clinic", "district_n": "Gampaha", "no_of_ward": null }, "geometry": { "type": "Point", "coordinates": [ 79.893880090000039, 7.07507905600005 ] } },
{ "type": "Feature", "properties": { "hospital_n": "MOH Office-Ja-Ela", "hospital_c": "MOH Office", "district_n": "Gampaha", "no_of_ward": null }, "geometry": { "type": "Point", "coordinates": [ 79.893933900000036, 7.075095777000058 ] } },
{ "type": "Feature", "properties": { "hospital_n": "Clinic Center-Ja-Ela 2", "hospital_c": "Clinic", "district_n": "Gampaha", "no_of_ward": null }, "geometry": { "type": "Point", "coordinates": [ 79.893933900000036, 7.075095777000058 ] } },
{ "type": "Feature", "properties": { "hospital_n": "Clinic - Ja-Ela MOH Central", "hospital_c": "Clinic", "district_n": "Gampaha", "no_of_ward": null }, "geometry": { "type": "Point", "coordinates": [ 79.893933900000036, 7.075095777000058 ] } },
{ "type": "Feature", "properties": { "hospital_n": "Clinic Center-Municipal Council Wattala", "hospital_c": "Clinic", "district_n": "Gampaha", "no_of_ward": null }, "geometry": { "type": "Point", "coordinates": [ 79.894004900000084, 6.989261400000032 ] } },
{ "type": "Feature", "properties": { "hospital_n": "Jayaboomi Clinic", "hospital_c": "Clinic", "district_n": "Gampaha", "no_of_ward": null }, "geometry": { "type": "Point", "coordinates": [ 79.894267830000047, 7.07537921100004 ] } },
{ "type": "Feature", "properties": { "hospital_n": "Chife Medical Office - Sri Jawardanapura Kotte", "hospital_c": "MOH Office", "district_n": "Colombo", "no_of_ward": null }, "geometry": { "type": "Point", "coordinates": [ 79.894955, 6.907639 ] } },
{ "type": "Feature", "properties": { "hospital_n": "Clinic Center, Kaballagass Handiya", "hospital_c": "Clinic", "district_n": "Gampaha", "no_of_ward": null }, "geometry": { "type": "Point", "coordinates": [ 79.8952, 7.26686 ] } },
{ "type": "Feature", "properties": { "hospital_n": "Telawala Clinic", "hospital_c": "Clinic", "district_n": "Colombo", "no_of_ward": null }, "geometry": { "type": "Point", "coordinates": [ 79.89620732000003, 6.806429084000058 ] } },
{ "type": "Feature", "properties": { "hospital_n": "Clinic - Ardan Forest", "hospital_c": "Clinic", "district_n": "Kalutara", "no_of_ward": null }, "geometry": { "type": "Point", "coordinates": [ 79.897457, 6.749781 ] } },
{ "type": "Feature", "properties": { "hospital_n": "Nugegoda PMCU", "hospital_c": "PMCU", "district_n": "Colombo", "no_of_ward": null }, "geometry": { "type": "Point", "coordinates": [ 79.898498260000054, 6.876819400000045 ] } },
{ "type": "Feature", "properties": { "hospital_n": "Clinic Center-Crooswatta", "hospital_c": "Clinic", "district_n": "Gampaha", "no_of_ward": null }, "geometry": { "type": "Point", "coordinates": [ 79.898834710000074, 7.111823643000037 ] } },
{ "type": "Feature", "properties": { "hospital_n": "Boralasgamuwa CD Clinic", "hospital_c": "Clinic", "district_n": "Colombo", "no_of_ward": null }, "geometry": { "type": "Point", "coordinates": [ 79.89960853000008, 6.840455965000046 ] } },
{ "type": "Feature", "properties": { "hospital_n": "Central Dispensary - Boralasgamuwa", "hospital_c": "PMCU", "district_n": "Colombo", "no_of_ward": null }, "geometry": { "type": "Point", "coordinates": [ 79.89960853000008, 6.840455965000046 ] } },
{ "type": "Feature", "properties": { "hospital_n": "People`s Hospital", "hospital_c": "Other Health Institute", "district_n": "Gampaha", "no_of_ward": null }, "geometry": { "type": "Point", "coordinates": [ 79.899748590000058, 7.022905690000073 ] } },
{ "type": "Feature", "properties": { "hospital_n": "Borupana Clinic", "hospital_c": "Clinic", "district_n": "Colombo", "no_of_ward": null }, "geometry": { "type": "Point", "coordinates": [ 79.899893930000076, 6.814260967000052 ] } },
{ "type": "Feature", "properties": { "hospital_n": "Clinic - Wennawatta", "hospital_c": "Clinic", "district_n": "Colombo", "no_of_ward": null }, "geometry": { "type": "Point", "coordinates": [ 79.899946570000054, 6.939753564000057 ] } },
{ "type": "Feature", "properties": { "hospital_n": "Clinic - Gorakana", "hospital_c": "Clinic", "district_n": "Kalutara", "no_of_ward": null }, "geometry": { "type": "Point", "coordinates": [ 79.900108, 6.757706 ] } },
{ "type": "Feature", "properties": { "hospital_n": "Clinic Center-Walisara", "hospital_c": "Clinic", "district_n": "Gampaha", "no_of_ward": null }, "geometry": { "type": "Point", "coordinates": [ 79.900140600000043, 7.021122600000069 ] } },
{ "type": "Feature", "properties": { "hospital_n": "Modara Clinic", "hospital_c": "Clinic", "district_n": "Colombo", "no_of_ward": null }, "geometry": { "type": "Point", "coordinates": [ 79.900382680000064, 6.723028477000071 ] } },
{ "type": "Feature", "properties": { "hospital_n": "Molpe Clinic", "hospital_c": "Clinic", "district_n": "Colombo", "no_of_ward": null }, "geometry": { "type": "Point", "coordinates": [ 79.900712930000054, 6.794544049000024 ] } },
{ "type": "Feature", "properties": { "hospital_n": "Clinic - Nugegoda Central", "hospital_c": "Clinic", "district_n": "Colombo", "no_of_ward": null }, "geometry": { "type": "Point", "coordinates": [ 79.900992, 6.862767 ] } },
{ "type": "Feature", "properties": { "hospital_n": "Nugegoda MOH Office", "hospital_c": "MOH Office", "district_n": "Colombo", "no_of_ward": null }, "geometry": { "type": "Point", "coordinates": [ 79.900992, 6.862767 ] } },
{ "type": "Feature", "properties": { "hospital_n": "Gorakapola Clinic", "hospital_c": "Clinic", "district_n": "Kalutara", "no_of_ward": null }, "geometry": { "type": "Point", "coordinates": [ 79.901028, 6.737766 ] } },
{ "type": "Feature", "properties": { "hospital_n": "Pallimulla Clinic", "hospital_c": "Clinic", "district_n": "Kalutara", "no_of_ward": null }, "geometry": { "type": "Point", "coordinates": [ 79.901202, 6.741835 ] } },
{ "type": "Feature", "properties": { "hospital_n": "Clinic - Nugegoda (Delkanda)", "hospital_c": "Clinic", "district_n": "Colombo", "no_of_ward": null }, "geometry": { "type": "Point", "coordinates": [ 79.901247, 6.862458 ] } },
{ "type": "Feature", "properties": { "hospital_n": "Clinic Center-Nagoda", "hospital_c": "Clinic", "district_n": "Gampaha", "no_of_ward": null }, "geometry": { "type": "Point", "coordinates": [ 79.901281310000059, 7.041371358000049 ] } },
{ "type": "Feature", "properties": { "hospital_n": "Divisional Hospital -Aniyakanda", "hospital_c": "Divisional Hospital", "district_n": "Gampaha", "no_of_ward": null }, "geometry": { "type": "Point", "coordinates": [ 79.901281310000059, 7.041371358000049 ] } },
{ "type": "Feature", "properties": { "hospital_n": "Central Dispensary-Raddolugama", "hospital_c": "PMCU", "district_n": "Gampaha", "no_of_ward": null }, "geometry": { "type": "Point", "coordinates": [ 79.901615660000061, 7.140958426000054 ] } },
{ "type": "Feature", "properties": { "hospital_n": "Clinic - Raddolugama PMCU", "hospital_c": "Clinic", "district_n": "Gampaha", "no_of_ward": null }, "geometry": { "type": "Point", "coordinates": [ 79.901615660000061, 7.140958426000054 ] } },
{ "type": "Feature", "properties": { "hospital_n": "Clinic Center - Hunupitiya", "hospital_c": "Clinic", "district_n": "Gampaha", "no_of_ward": null }, "geometry": { "type": "Point", "coordinates": [ 79.901682, 6.985668 ] } },
{ "type": "Feature", "properties": { "hospital_n": "Central Dispensary - Hunupitiya", "hospital_c": "PMCU", "district_n": "Gampaha", "no_of_ward": null }, "geometry": { "type": "Point", "coordinates": [ 79.901682, 6.985668 ] } },
{ "type": "Feature", "properties": { "hospital_n": "Angampitiya PMCU", "hospital_c": "PMCU", "district_n": "Colombo", "no_of_ward": null }, "geometry": { "type": "Point", "coordinates": [ 79.902070500000036, 6.894821100000058 ] } },
{ "type": "Feature", "properties": { "hospital_n": "Clinic Center-Ekala", "hospital_c": "Clinic", "district_n": "Gampaha", "no_of_ward": null }, "geometry": { "type": "Point", "coordinates": [ 79.902597270000058, 7.101807855000061 ] } },
{ "type": "Feature", "properties": { "hospital_n": "Clinic - Jambugasmulla", "hospital_c": "Clinic", "district_n": "Colombo", "no_of_ward": null }, "geometry": { "type": "Point", "coordinates": [ 79.902923, 6.854895 ] } },
{ "type": "Feature", "properties": { "hospital_n": "Clinic - Navinna", "hospital_c": "Clinic", "district_n": "Colombo", "no_of_ward": null }, "geometry": { "type": "Point", "coordinates": [ 79.902929, 6.881551 ] } },
{ "type": "Feature", "properties": { "hospital_n": "Clinic Center - Manelgama", "hospital_c": "Clinic", "district_n": "Gampaha", "no_of_ward": null }, "geometry": { "type": "Point", "coordinates": [ 79.903035, 6.973078333000046 ] } },
{ "type": "Feature", "properties": { "hospital_n": "Nursing Training School", "hospital_c": "Other Health Institute", "district_n": "Gampaha", "no_of_ward": null }, "geometry": { "type": "Point", "coordinates": [ 79.903298580000069, 7.041437491000067 ] } },
{ "type": "Feature", "properties": { "hospital_n": "Chest Hospital - Welisara", "hospital_c": "Specialized Hospital", "district_n": "Gampaha", "no_of_ward": null }, "geometry": { "type": "Point", "coordinates": [ 79.903338500000075, 7.02417980000007 ] } },
{ "type": "Feature", "properties": { "hospital_n": "Indibedda Clinic", "hospital_c": "Clinic", "district_n": "Colombo", "no_of_ward": null }, "geometry": { "type": "Point", "coordinates": [ 79.903731840000034, 6.779042012000048 ] } },
{ "type": "Feature", "properties": { "hospital_n": "National Hospital for Respiratory Diseases", "hospital_c": "Specialized Hospital", "district_n": "Gampaha", "no_of_ward": null }, "geometry": { "type": "Point", "coordinates": [ 79.904167450000045, 7.023990643000047 ] } },
{ "type": "Feature", "properties": { "hospital_n": "Willorawatt Clinic", "hospital_c": "Clinic", "district_n": "Colombo", "no_of_ward": null }, "geometry": { "type": "Point", "coordinates": [ 79.904249510000056, 6.785494527000026 ] } },
{ "type": "Feature", "properties": { "hospital_n": "Werahera Clinic", "hospital_c": "Clinic", "district_n": "Colombo", "no_of_ward": null }, "geometry": { "type": "Point", "coordinates": [ 79.905634110000051, 6.833383231000028 ] } },
{ "type": "Feature", "properties": { "hospital_n": "Boralasgamuwa MOH Office", "hospital_c": "MOH Office", "district_n": "Colombo", "no_of_ward": null }, "geometry": { "type": "Point", "coordinates": [ 79.905667470000083, 6.833405569000035 ] } },
{ "type": "Feature", "properties": { "hospital_n": "Clinic - Keselwatta PMCU", "hospital_c": "Clinic", "district_n": "Kalutara", "no_of_ward": null }, "geometry": { "type": "Point", "coordinates": [ 79.906073, 6.749611 ] } },
{ "type": "Feature", "properties": { "hospital_n": "Keselwatta PMCU", "hospital_c": "PMCU", "district_n": "Kalutara", "no_of_ward": null }, "geometry": { "type": "Point", "coordinates": [ 79.906082540000057, 6.749608410000064 ] } },
{ "type": "Feature", "properties": { "hospital_n": "Clinic - Mirihana", "hospital_c": "Clinic", "district_n": "Colombo", "no_of_ward": null }, "geometry": { "type": "Point", "coordinates": [ 79.906198, 6.877586 ] } },
{ "type": "Feature", "properties": { "hospital_n": "Base Hospital-Panadura", "hospital_c": "Base Hospital", "district_n": "Kalutara", "no_of_ward": null }, "geometry": { "type": "Point", "coordinates": [ 79.906947, 6.72157 ] } },
{ "type": "Feature", "properties": { "hospital_n": "MOH Office - Panadura", "hospital_c": "MOH Office", "district_n": "Kalutara", "no_of_ward": null }, "geometry": { "type": "Point", "coordinates": [ 79.907132, 6.724178 ] } },
{ "type": "Feature", "properties": { "hospital_n": "Clinic - Panadura MOH Central", "hospital_c": "Clinic", "district_n": "Kalutara", "no_of_ward": null }, "geometry": { "type": "Point", "coordinates": [ 79.907132, 6.724178 ] } },
{ "type": "Feature", "properties": { "hospital_n": "PHM Office -Uyankele", "hospital_c": "Clinic", "district_n": "Kalutara", "no_of_ward": null }, "geometry": { "type": "Point", "coordinates": [ 79.907488, 6.72434 ] } },
{ "type": "Feature", "properties": { "hospital_n": "PHM Office-Thanthirimulla", "hospital_c": "Clinic", "district_n": "Kalutara", "no_of_ward": null }, "geometry": { "type": "Point", "coordinates": [ 79.907488, 6.72434 ] } },
{ "type": "Feature", "properties": { "hospital_n": "Clinic - Walana-2", "hospital_c": "Clinic", "district_n": "Kalutara", "no_of_ward": null }, "geometry": { "type": "Point", "coordinates": [ 79.907488, 6.72434 ] } },
{ "type": "Feature", "properties": { "hospital_n": "Clinic - Walana 1", "hospital_c": "Clinic", "district_n": "Kalutara", "no_of_ward": null }, "geometry": { "type": "Point", "coordinates": [ 79.907488, 6.72434 ] } },
{ "type": "Feature", "properties": { "hospital_n": "Pitakotte MOH Office", "hospital_c": "MOH Office", "district_n": "Colombo", "no_of_ward": null }, "geometry": { "type": "Point", "coordinates": [ 79.908323, 6.885606 ] } },
{ "type": "Feature", "properties": { "hospital_n": "Clinic - Pitakotte MOH Central", "hospital_c": "Clinic", "district_n": "Colombo", "no_of_ward": null }, "geometry": { "type": "Point", "coordinates": [ 79.908323, 6.885606 ] } },
{ "type": "Feature", "properties": { "hospital_n": "Clinic Center - Gongithota", "hospital_c": "Clinic", "district_n": "Gampaha", "no_of_ward": null }, "geometry": { "type": "Point", "coordinates": [ 79.908446670000046, 7.002051667000046 ] } },
{ "type": "Feature", "properties": { "hospital_n": "Kethumathi Maturnity Hospital", "hospital_c": "Other Health Institute", "district_n": "Kalutara", "no_of_ward": null }, "geometry": { "type": "Point", "coordinates": [ 79.908785, 6.715162 ] } },
{ "type": "Feature", "properties": { "hospital_n": "Riwdewgama Clinic", "hospital_c": "Clinic", "district_n": "Kalutara", "no_of_ward": null }, "geometry": { "type": "Point", "coordinates": [ 79.908996, 6.75824 ] } },
{ "type": "Feature", "properties": { "hospital_n": "Central Despensary, Andiambalama", "hospital_c": "PMCU", "district_n": "Gampaha", "no_of_ward": null }, "geometry": { "type": "Point", "coordinates": [ 79.909795, 7.184006667000062 ] } },
{ "type": "Feature", "properties": { "hospital_n": "Pitumpe Clinic", "hospital_c": "Clinic", "district_n": "Colombo", "no_of_ward": null }, "geometry": { "type": "Point", "coordinates": [ 80.10214854000003, 6.854151906000027 ] } },
{ "type": "Feature", "properties": { "hospital_n": "Clinic - Andiambalama PMCU", "hospital_c": "Clinic", "district_n": "Gampaha", "no_of_ward": null }, "geometry": { "type": "Point", "coordinates": [ 79.909795, 7.184006667000062 ] } },
{ "type": "Feature", "properties": { "hospital_n": "Centeral Despensary, Halpe - Katana", "hospital_c": "PMCU", "district_n": "Gampaha", "no_of_ward": null }, "geometry": { "type": "Point", "coordinates": [ 79.910003330000052, 7.252881667000054 ] } },
{ "type": "Feature", "properties": { "hospital_n": "Clinic Center, Halpe - Katana", "hospital_c": "Clinic", "district_n": "Gampaha", "no_of_ward": null }, "geometry": { "type": "Point", "coordinates": [ 79.910003330000052, 7.252881667000054 ] } },
{ "type": "Feature", "properties": { "hospital_n": "Clinic - Udahamulla", "hospital_c": "Clinic", "district_n": "Colombo", "no_of_ward": null }, "geometry": { "type": "Point", "coordinates": [ 79.91089, 6.859126 ] } },
{ "type": "Feature", "properties": { "hospital_n": "Delkanda Clinic Centre", "hospital_c": "Clinic", "district_n": "Colombo", "no_of_ward": null }, "geometry": { "type": "Point", "coordinates": [ 79.910926, 6.858956800000044 ] } },
{ "type": "Feature", "properties": { "hospital_n": "Delkanda PMCU", "hospital_c": "Clinic", "district_n": "Colombo", "no_of_ward": null }, "geometry": { "type": "Point", "coordinates": [ 79.910926, 6.858956800000044 ] } },
{ "type": "Feature", "properties": { "hospital_n": "Nalluruwa Clinic", "hospital_c": "Clinic", "district_n": "Kalutara", "no_of_ward": null }, "geometry": { "type": "Point", "coordinates": [ 79.911228, 6.6949 ] } },
{ "type": "Feature", "properties": { "hospital_n": "Deltara Clinic", "hospital_c": "Clinic", "district_n": "Colombo", "no_of_ward": null }, "geometry": { "type": "Point", "coordinates": [ 79.911867480000069, 6.782360324000024 ] } },
{ "type": "Feature", "properties": { "hospital_n": "Thotawatta Clinic", "hospital_c": "Clinic", "district_n": "Kalutara", "no_of_ward": null }, "geometry": { "type": "Point", "coordinates": [ 79.912255, 6.743045 ] } },
{ "type": "Feature", "properties": { "hospital_n": "Clinic Center-Kotugoda", "hospital_c": "Clinic", "district_n": "Gampaha", "no_of_ward": null }, "geometry": { "type": "Point", "coordinates": [ 79.913717030000043, 7.122646524000061 ] } },
{ "type": "Feature", "properties": { "hospital_n": "Clinic Center-Jayasrigama", "hospital_c": "Clinic", "district_n": "Gampaha", "no_of_ward": null }, "geometry": { "type": "Point", "coordinates": [ 79.914076500000078, 7.046514200000047 ] } },
{ "type": "Feature", "properties": { "hospital_n": "Clinic Center-Batagama", "hospital_c": "Clinic", "district_n": "Gampaha", "no_of_ward": null }, "geometry": { "type": "Point", "coordinates": [ 79.914893520000078, 7.071956922000027 ] } },
{ "type": "Feature", "properties": { "hospital_n": "Hedigama Clinic", "hospital_c": "Clinic", "district_n": "Colombo", "no_of_ward": null }, "geometry": { "type": "Point", "coordinates": [ 79.915103320000071, 6.787791336000055 ] } },
{ "type": "Feature", "properties": { "hospital_n": "Gothatuwa MOH Office", "hospital_c": "MOH Office", "district_n": "Colombo", "no_of_ward": null }, "geometry": { "type": "Point", "coordinates": [ 79.916146110000057, 6.922209361000057 ] } },
{ "type": "Feature", "properties": { "hospital_n": "Clinic - Gothatuwa", "hospital_c": "Clinic", "district_n": "Colombo", "no_of_ward": null }, "geometry": { "type": "Point", "coordinates": [ 79.916146110000057, 6.922209361000057 ] } },
{ "type": "Feature", "properties": { "hospital_n": "Clinic - Megoda Kolonnawa", "hospital_c": "Clinic", "district_n": "Colombo", "no_of_ward": null }, "geometry": { "type": "Point", "coordinates": [ 79.916146110000057, 6.922209361000057 ] } },
{ "type": "Feature", "properties": { "hospital_n": "MOH Office - Kolonnawa", "hospital_c": "MOH Office", "district_n": "Colombo", "no_of_ward": null }, "geometry": { "type": "Point", "coordinates": [ 79.916246, 6.922206 ] } },
{ "type": "Feature", "properties": { "hospital_n": "Clinic - Ambalanduwa", "hospital_c": "Clinic", "district_n": "Kalutara", "no_of_ward": null }, "geometry": { "type": "Point", "coordinates": [ 79.916637, 6.74044 ] } },
{ "type": "Feature", "properties": { "hospital_n": "Clinic Center - Dalugama", "hospital_c": "Clinic", "district_n": "Gampaha", "no_of_ward": null }, "geometry": { "type": "Point", "coordinates": [ 79.916885, 6.96707 ] } },
{ "type": "Feature", "properties": { "hospital_n": "National Institute of Infectious Diseases", "hospital_c": "Specialized Hospital", "district_n": "Colombo", "no_of_ward": null }, "geometry": { "type": "Point", "coordinates": [ 79.916981, 6.922315 ] } },
{ "type": "Feature", "properties": { "hospital_n": "Dampe Clinic", "hospital_c": "Clinic", "district_n": "Colombo", "no_of_ward": null }, "geometry": { "type": "Point", "coordinates": [ 79.91777471000006, 6.772817778000046 ] } },
{ "type": "Feature", "properties": { "hospital_n": "Wekada Clinic", "hospital_c": "Clinic", "district_n": "Kalutara", "no_of_ward": null }, "geometry": { "type": "Point", "coordinates": [ 79.918046, 6.710241 ] } },
{ "type": "Feature", "properties": { "hospital_n": "Regional Blood Center - Maharagama", "hospital_c": "Specialized Hospital", "district_n": "Colombo", "no_of_ward": null }, "geometry": { "type": "Point", "coordinates": [ 79.918424, 6.8377 ] } },
{ "type": "Feature", "properties": { "hospital_n": "Parliament Complex PMCU", "hospital_c": "PMCU", "district_n": "Colombo", "no_of_ward": null }, "geometry": { "type": "Point", "coordinates": [ 79.91872, 6.885505 ] } },
{ "type": "Feature", "properties": { "hospital_n": "Clinic - Madiwela", "hospital_c": "Clinic", "district_n": "Colombo", "no_of_ward": null }, "geometry": { "type": "Point", "coordinates": [ 79.918773, 6.875487 ] } },
{ "type": "Feature", "properties": { "hospital_n": "Clinic Center-Heenatiyana", "hospital_c": "Clinic", "district_n": "Gampaha", "no_of_ward": null }, "geometry": { "type": "Point", "coordinates": [ 79.918823800000041, 7.152535500000056 ] } },
{ "type": "Feature", "properties": { "hospital_n": "Clinic - Buthgamuwa", "hospital_c": "Clinic", "district_n": "Colombo", "no_of_ward": null }, "geometry": { "type": "Point", "coordinates": [ 79.918882630000041, 6.942572650000045 ] } },
{ "type": "Feature", "properties": { "hospital_n": "Clinic Center - Sinharamulla", "hospital_c": "Clinic", "district_n": "Gampaha", "no_of_ward": null }, "geometry": { "type": "Point", "coordinates": [ 79.919076, 6.954904 ] } },
{ "type": "Feature", "properties": { "hospital_n": "Central Dispensary - Sinharamulla", "hospital_c": "PMCU", "district_n": "Gampaha", "no_of_ward": null }, "geometry": { "type": "Point", "coordinates": [ 79.919076, 6.954904 ] } },
{ "type": "Feature", "properties": { "hospital_n": "MOH - Kelaniya", "hospital_c": "MOH Office", "district_n": "Gampaha", "no_of_ward": null }, "geometry": { "type": "Point", "coordinates": [ 79.919076, 6.954904 ] } },
{ "type": "Feature", "properties": { "hospital_n": "Clinic - Kelaniya MOH Central", "hospital_c": "Clinic", "district_n": "Gampaha", "no_of_ward": null }, "geometry": { "type": "Point", "coordinates": [ 79.919076, 6.954904 ] } },
{ "type": "Feature", "properties": { "hospital_n": "Clinic - Battaramulla MOH Central", "hospital_c": "Clinic", "district_n": "Colombo", "no_of_ward": null }, "geometry": { "type": "Point", "coordinates": [ 79.919115600000055, 6.901453100000026 ] } },
{ "type": "Feature", "properties": { "hospital_n": "Clinic - Battaramulla", "hospital_c": "Clinic", "district_n": "Colombo", "no_of_ward": null }, "geometry": { "type": "Point", "coordinates": [ 79.919115600000055, 6.901453100000026 ] } },
{ "type": "Feature", "properties": { "hospital_n": "Battaramulla MOH Office", "hospital_c": "MOH Office", "district_n": "Colombo", "no_of_ward": null }, "geometry": { "type": "Point", "coordinates": [ 79.919679, 6.901550500000042 ] } },
{ "type": "Feature", "properties": { "hospital_n": "Clinic Center - Pinnameda", "hospital_c": "Clinic", "district_n": "Gampaha", "no_of_ward": null }, "geometry": { "type": "Point", "coordinates": [ 79.919698330000074, 6.998263333000068 ] } },
{ "type": "Feature", "properties": { "hospital_n": "Clinic - Dibbedda", "hospital_c": "Clinic", "district_n": "Kalutara", "no_of_ward": null }, "geometry": { "type": "Point", "coordinates": [ 79.919781, 6.698363 ] } },
{ "type": "Feature", "properties": { "hospital_n": "Clinic Center-Ragama", "hospital_c": "Clinic", "district_n": "Gampaha", "no_of_ward": null }, "geometry": { "type": "Point", "coordinates": [ 79.92023480000006, 7.027399 ] } },
{ "type": "Feature", "properties": { "hospital_n": "MOH Office-Ragama", "hospital_c": "MOH Office", "district_n": "Gampaha", "no_of_ward": null }, "geometry": { "type": "Point", "coordinates": [ 79.92023480000006, 7.027399 ] } },
{ "type": "Feature", "properties": { "hospital_n": "Clinic - Ragama MOH Central", "hospital_c": "Clinic", "district_n": "Gampaha", "no_of_ward": null }, "geometry": { "type": "Point", "coordinates": [ 79.92023480000006, 7.027399 ] } },
{ "type": "Feature", "properties": { "hospital_n": "Apeksha Hospital - Maharagama", "hospital_c": "Specialized Hospital", "district_n": "Colombo", "no_of_ward": null }, "geometry": { "type": "Point", "coordinates": [ 79.92032, 6.837244 ] } },
{ "type": "Feature", "properties": { "hospital_n": "PHM Office-Morawinna", "hospital_c": "Clinic", "district_n": "Kalutara", "no_of_ward": null }, "geometry": { "type": "Point", "coordinates": [ 79.920668, 6.702455 ] } },
{ "type": "Feature", "properties": { "hospital_n": "Browns Hospital", "hospital_c": "Other Health Institute", "district_n": "Gampaha", "no_of_ward": null }, "geometry": { "type": "Point", "coordinates": [ 79.92081483000004, 7.028038851000076 ] } },
{ "type": "Feature", "properties": { "hospital_n": "Clinic - Thalapathpitiya", "hospital_c": "Clinic", "district_n": "Colombo", "no_of_ward": null }, "geometry": { "type": "Point", "coordinates": [ 79.921798, 6.866228 ] } },
{ "type": "Feature", "properties": { "hospital_n": "Pliyandala Central College Health Centre", "hospital_c": "Other Health Institute", "district_n": "Colombo", "no_of_ward": null }, "geometry": { "type": "Point", "coordinates": [ 79.922054340000045, 6.799871838000058 ] } },
{ "type": "Feature", "properties": { "hospital_n": "Leesons Hospital", "hospital_c": "Other Health Institute", "district_n": "Gampaha", "no_of_ward": null }, "geometry": { "type": "Point", "coordinates": [ 79.922077730000069, 7.03179545200004 ] } },
{ "type": "Feature", "properties": { "hospital_n": "Piliyandala Moh Office", "hospital_c": "MOH Office", "district_n": "Colombo", "no_of_ward": null }, "geometry": { "type": "Point", "coordinates": [ 79.922297420000064, 6.803958602000023 ] } },
{ "type": "Feature", "properties": { "hospital_n": "Batakettara Clinic", "hospital_c": "Clinic", "district_n": "Colombo", "no_of_ward": null }, "geometry": { "type": "Point", "coordinates": [ 79.922423400000071, 6.783913323000036 ] } },
{ "type": "Feature", "properties": { "hospital_n": "Piliyandala Moh Clinic", "hospital_c": "Clinic", "district_n": "Colombo", "no_of_ward": null }, "geometry": { "type": "Point", "coordinates": [ 79.92244, 6.803986891000022 ] } },
{ "type": "Feature", "properties": { "hospital_n": "Piliyandala hospital", "hospital_c": "Divisional Hospital", "district_n": "Colombo", "no_of_ward": null }, "geometry": { "type": "Point", "coordinates": [ 79.922749120000049, 6.803853954000033 ] } },
{ "type": "Feature", "properties": { "hospital_n": "Piliyandala hospital Clinic", "hospital_c": "Clinic", "district_n": "Colombo", "no_of_ward": null }, "geometry": { "type": "Point", "coordinates": [ 79.922749120000049, 6.803853954000033 ] } },
{ "type": "Feature", "properties": { "hospital_n": "Fork Art Centre PMCU", "hospital_c": "PMCU", "district_n": "Colombo", "no_of_ward": null }, "geometry": { "type": "Point", "coordinates": [ 79.922838600000034, 6.889169200000026 ] } },
{ "type": "Feature", "properties": { "hospital_n": "Suwasarana Hospital", "hospital_c": "Other Health Institute", "district_n": "Gampaha", "no_of_ward": null }, "geometry": { "type": "Point", "coordinates": [ 79.92306990000003, 7.032571994000023 ] } },
{ "type": "Feature", "properties": { "hospital_n": "Teaching Hospital - Colombo North", "hospital_c": "Teaching Hospital", "district_n": "Gampaha", "no_of_ward": null }, "geometry": { "type": "Point", "coordinates": [ 79.92352948000007, 7.028176147000067 ] } },
{ "type": "Feature", "properties": { "hospital_n": "PHM Office-Pinwatta", "hospital_c": "Clinic", "district_n": "Kalutara", "no_of_ward": null }, "geometry": { "type": "Point", "coordinates": [ 79.923908, 6.688187 ] } },
{ "type": "Feature", "properties": { "hospital_n": "Clinic- Godigamuwa", "hospital_c": "Clinic", "district_n": "Colombo", "no_of_ward": null }, "geometry": { "type": "Point", "coordinates": [ 79.924317, 6.835031 ] } },
{ "type": "Feature", "properties": { "hospital_n": "Clinic - Angoda CD", "hospital_c": "Clinic", "district_n": "Colombo", "no_of_ward": null }, "geometry": { "type": "Point", "coordinates": [ 79.924451820000058, 6.927802814000074 ] } },
{ "type": "Feature", "properties": { "hospital_n": "PMCU Angoda", "hospital_c": "PMCU", "district_n": "Colombo", "no_of_ward": null }, "geometry": { "type": "Point", "coordinates": [ 79.924479, 6.927847 ] } },
{ "type": "Feature", "properties": { "hospital_n": "Clinic - Thalpitiya", "hospital_c": "Clinic", "district_n": "Kalutara", "no_of_ward": null }, "geometry": { "type": "Point", "coordinates": [ 79.925437, 6.682797 ] } },
{ "type": "Feature", "properties": { "hospital_n": "Sri Jayawardanapura Genaral Hospital", "hospital_c": "Teaching Hospital", "district_n": "Colombo", "no_of_ward": null }, "geometry": { "type": "Point", "coordinates": [ 79.925961, 6.86827 ] } },
{ "type": "Feature", "properties": { "hospital_n": "Raeumatology & Rehabilitation Hospital", "hospital_c": "Specialized Hospital", "district_n": "Gampaha", "no_of_ward": null }, "geometry": { "type": "Point", "coordinates": [ 79.926048320000064, 7.023160080000025 ] } },
{ "type": "Feature", "properties": { "hospital_n": "Clinic Center-Yakkaduwa", "hospital_c": "Clinic", "district_n": "Gampaha", "no_of_ward": null }, "geometry": { "type": "Point", "coordinates": [ 79.92616533000006, 7.089118031000055 ] } },
{ "type": "Feature", "properties": { "hospital_n": "National Institute of Mental Health", "hospital_c": "Specialized Hospital", "district_n": "Colombo", "no_of_ward": null }, "geometry": { "type": "Point", "coordinates": [ 79.926296, 6.926897 ] } },
{ "type": "Feature", "properties": { "hospital_n": "Clinic -Narampitiya", "hospital_c": "Clinic", "district_n": "Kalutara", "no_of_ward": null }, "geometry": { "type": "Point", "coordinates": [ 79.926492, 6.690957 ] } },
{ "type": "Feature", "properties": { "hospital_n": "National School Of Nursing - Sri Jayawardanapura", "hospital_c": "Other Health Institute", "district_n": "Colombo", "no_of_ward": null }, "geometry": { "type": "Point", "coordinates": [ 79.926806, 6.868823 ] } },
{ "type": "Feature", "properties": { "hospital_n": "Community Dental Clinic - Urban Council Maharagama", "hospital_c": "Clinic", "district_n": "Colombo", "no_of_ward": null }, "geometry": { "type": "Point", "coordinates": [ 79.927033, 6.846636 ] } },
{ "type": "Feature", "properties": { "hospital_n": "PHM Office-Palliyamankada", "hospital_c": "Clinic", "district_n": "Kalutara", "no_of_ward": null }, "geometry": { "type": "Point", "coordinates": [ 79.927825, 6.675657 ] } },
{ "type": "Feature", "properties": { "hospital_n": "Clinic - Eluwila", "hospital_c": "Clinic", "district_n": "Kalutara", "no_of_ward": null }, "geometry": { "type": "Point", "coordinates": [ 79.927829, 6.709338 ] } },
{ "type": "Feature", "properties": { "hospital_n": "Maharagama MOH Office", "hospital_c": "MOH Office", "district_n": "Colombo", "no_of_ward": null }, "geometry": { "type": "Point", "coordinates": [ 79.927975, 6.844429 ] } },
{ "type": "Feature", "properties": { "hospital_n": "Clinic - Maharagama MOH", "hospital_c": "Clinic", "district_n": "Colombo", "no_of_ward": null }, "geometry": { "type": "Point", "coordinates": [ 79.927975, 6.844429 ] } },
{ "type": "Feature", "properties": { "hospital_n": "Thalangama Hospital", "hospital_c": "Base Hospital", "district_n": "Colombo", "no_of_ward": null }, "geometry": { "type": "Point", "coordinates": [ 79.928477, 6.906433 ] } },
{ "type": "Feature", "properties": { "hospital_n": "Clinic - Thalangama DH", "hospital_c": "Clinic", "district_n": "Colombo", "no_of_ward": null }, "geometry": { "type": "Point", "coordinates": [ 79.928477, 6.906433 ] } },
{ "type": "Feature", "properties": { "hospital_n": "MOH Office-Wadduwa", "hospital_c": "MOH Office", "district_n": "Kalutara", "no_of_ward": null }, "geometry": { "type": "Point", "coordinates": [ 79.928662, 6.6665 ] } },
{ "type": "Feature", "properties": { "hospital_n": "Clinic - Wadduwa MOH Central", "hospital_c": "Clinic", "district_n": "Kalutara", "no_of_ward": null }, "geometry": { "type": "Point", "coordinates": [ 79.928662, 6.6665 ] } },
{ "type": "Feature", "properties": { "hospital_n": "PMCU - Wadduwa", "hospital_c": "PMCU", "district_n": "Kalutara", "no_of_ward": null }, "geometry": { "type": "Point", "coordinates": [ 79.928817, 6.666598 ] } },
{ "type": "Feature", "properties": { "hospital_n": "Clinic - Wadduwa PMCU", "hospital_c": "Clinic", "district_n": "Kalutara", "no_of_ward": null }, "geometry": { "type": "Point", "coordinates": [ 79.928817, 6.666598 ] } },
{ "type": "Feature", "properties": { "hospital_n": "Clinic Center-Kurukulawa", "hospital_c": "Clinic", "district_n": "Gampaha", "no_of_ward": null }, "geometry": { "type": "Point", "coordinates": [ 79.92896, 7.010901500000045 ] } },
{ "type": "Feature", "properties": { "hospital_n": "Base Hospital - Kiribathgoda", "hospital_c": "Base Hospital", "district_n": "Gampaha", "no_of_ward": null }, "geometry": { "type": "Point", "coordinates": [ 79.928971, 6.983523 ] } },
{ "type": "Feature", "properties": { "hospital_n": "Clinic Center - Kiribathgoda", "hospital_c": "Clinic", "district_n": "Gampaha", "no_of_ward": null }, "geometry": { "type": "Point", "coordinates": [ 79.928971, 6.983523 ] } },
{ "type": "Feature", "properties": { "hospital_n": "Thalpitiya South Clinic", "hospital_c": "Clinic", "district_n": "Kalutara", "no_of_ward": null }, "geometry": { "type": "Point", "coordinates": [ 79.930192, 6.677486 ] } },
{ "type": "Feature", "properties": { "hospital_n": "Clinic - Pamunuwa", "hospital_c": "Clinic", "district_n": "Colombo", "no_of_ward": null }, "geometry": { "type": "Point", "coordinates": [ 79.930387, 6.855004 ] } },
{ "type": "Feature", "properties": { "hospital_n": "Clinic Center-Batuwatta 1", "hospital_c": "Clinic", "district_n": "Gampaha", "no_of_ward": null }, "geometry": { "type": "Point", "coordinates": [ 79.930573700000082, 7.058822400000054 ] } },
{ "type": "Feature", "properties": { "hospital_n": "Clinic Center-Batuwatta 2", "hospital_c": "Clinic", "district_n": "Gampaha", "no_of_ward": null }, "geometry": { "type": "Point", "coordinates": [ 79.930573700000082, 7.058822400000054 ] } },
{ "type": "Feature", "properties": { "hospital_n": "PHM Office-Wadduwa South", "hospital_c": "Clinic", "district_n": "Kalutara", "no_of_ward": null }, "geometry": { "type": "Point", "coordinates": [ 79.930951, 6.657748 ] } },
{ "type": "Feature", "properties": { "hospital_n": "Pinwala Clinic", "hospital_c": "Clinic", "district_n": "Kalutara", "no_of_ward": null }, "geometry": { "type": "Point", "coordinates": [ 79.93103, 6.713955 ] } },
{ "type": "Feature", "properties": { "hospital_n": "Clinic - Kaludewala", "hospital_c": "Clinic", "district_n": "Kalutara", "no_of_ward": null }, "geometry": { "type": "Point", "coordinates": [ 79.931307, 6.70428 ] } },
{ "type": "Feature", "properties": { "hospital_n": "Kahapola Clinic", "hospital_c": "Clinic", "district_n": "Colombo", "no_of_ward": null }, "geometry": { "type": "Point", "coordinates": [ 79.932362160000082, 6.757644983000034 ] } },
{ "type": "Feature", "properties": { "hospital_n": "Malamulla -West Clinic", "hospital_c": "Clinic", "district_n": "Kalutara", "no_of_ward": null }, "geometry": { "type": "Point", "coordinates": [ 79.93277, 6.726438 ] } },
{ "type": "Feature", "properties": { "hospital_n": "Clinic - Mahawila[Pamunugama]", "hospital_c": "Clinic", "district_n": "Kalutara", "no_of_ward": null }, "geometry": { "type": "Point", "coordinates": [ 79.935035, 6.704872 ] } },
{ "type": "Feature", "properties": { "hospital_n": "Clinic Center - Dalupitiya", "hospital_c": "Clinic", "district_n": "Gampaha", "no_of_ward": null }, "geometry": { "type": "Point", "coordinates": [ 79.93522, 6.99534 ] } },
{ "type": "Feature", "properties": { "hospital_n": "Clinic Center-Seekkuwatta", "hospital_c": "Clinic", "district_n": "Gampaha", "no_of_ward": null }, "geometry": { "type": "Point", "coordinates": [ 79.935419960000047, 7.086571441000046 ] } },
{ "type": "Feature", "properties": { "hospital_n": "Clinic Center, Galloluwa", "hospital_c": "Clinic", "district_n": "Gampaha", "no_of_ward": null }, "geometry": { "type": "Point", "coordinates": [ 79.935598330000062, 7.165648333000036 ] } },
{ "type": "Feature", "properties": { "hospital_n": "Clinic Center - Gonawala", "hospital_c": "Clinic", "district_n": "Gampaha", "no_of_ward": null }, "geometry": { "type": "Point", "coordinates": [ 79.936314, 6.955186 ] } },
{ "type": "Feature", "properties": { "hospital_n": "Jaburaliya Clinic", "hospital_c": "Clinic", "district_n": "Colombo", "no_of_ward": null }, "geometry": { "type": "Point", "coordinates": [ 79.937406550000048, 6.76244915500007 ] } },
{ "type": "Feature", "properties": { "hospital_n": "Clinic - Batapotha", "hospital_c": "Clinic", "district_n": "Colombo", "no_of_ward": null }, "geometry": { "type": "Point", "coordinates": [ 79.937950710000052, 6.897296500000039 ] } },
{ "type": "Feature", "properties": { "hospital_n": "Clinic", "hospital_c": "Clinic", "district_n": "Kalutara", "no_of_ward": null }, "geometry": { "type": "Point", "coordinates": [ 79.938601, 6.6432 ] } },
{ "type": "Feature", "properties": { "hospital_n": "PHM Office-Pelawaththa", "hospital_c": "Clinic", "district_n": "Kalutara", "no_of_ward": null }, "geometry": { "type": "Point", "coordinates": [ 79.938601, 6.6432 ] } },
{ "type": "Feature", "properties": { "hospital_n": "Malamulla East Clinic", "hospital_c": "Clinic", "district_n": "Kalutara", "no_of_ward": null }, "geometry": { "type": "Point", "coordinates": [ 79.938682, 6.719491 ] } },
{ "type": "Feature", "properties": { "hospital_n": "Clinic Center-Bulugahagoda", "hospital_c": "Clinic", "district_n": "Gampaha", "no_of_ward": null }, "geometry": { "type": "Point", "coordinates": [ 79.938975800000037, 7.064104100000066 ] } },
{ "type": "Feature", "properties": { "hospital_n": "Clinic Center, Pathaduwana", "hospital_c": "Clinic", "district_n": "Gampaha", "no_of_ward": null }, "geometry": { "type": "Point", "coordinates": [ 79.939343330000042, 7.148976667000056 ] } },
{ "type": "Feature", "properties": { "hospital_n": "Clinic Center-Makavita", "hospital_c": "Clinic", "district_n": "Gampaha", "no_of_ward": null }, "geometry": { "type": "Point", "coordinates": [ 79.939655200000061, 7.101482100000055 ] } },
{ "type": "Feature", "properties": { "hospital_n": "Kesbewa Clinic", "hospital_c": "Clinic", "district_n": "Colombo", "no_of_ward": null }, "geometry": { "type": "Point", "coordinates": [ 79.939998320000029, 6.796973124000033 ] } },
{ "type": "Feature", "properties": { "hospital_n": "Clinic - Hirana 1", "hospital_c": "Clinic", "district_n": "Kalutara", "no_of_ward": null }, "geometry": { "type": "Point", "coordinates": [ 79.940256, 6.736466 ] } },
{ "type": "Feature", "properties": { "hospital_n": "Clinic - Hirana 2", "hospital_c": "Clinic", "district_n": "Kalutara", "no_of_ward": null }, "geometry": { "type": "Point", "coordinates": [ 79.940256, 6.736466 ] } },
{ "type": "Feature", "properties": { "hospital_n": "PHM Office-Phoddaramulla", "hospital_c": "Clinic", "district_n": "Kalutara", "no_of_ward": null }, "geometry": { "type": "Point", "coordinates": [ 79.940612, 6.645512 ] } },
{ "type": "Feature", "properties": { "hospital_n": "Clinic - Jayawadanagama", "hospital_c": "Clinic", "district_n": "Colombo", "no_of_ward": null }, "geometry": { "type": "Point", "coordinates": [ 79.941328610000085, 6.886426345000075 ] } },
{ "type": "Feature", "properties": { "hospital_n": "Clinic - Molligoda", "hospital_c": "Clinic", "district_n": "Kalutara", "no_of_ward": null }, "geometry": { "type": "Point", "coordinates": [ 79.941677, 6.653062 ] } },
{ "type": "Feature", "properties": { "hospital_n": "Clinic - Pothupitiya", "hospital_c": "Clinic", "district_n": "Kalutara", "no_of_ward": null }, "geometry": { "type": "Point", "coordinates": [ 79.942289, 6.635125 ] } },
{ "type": "Feature", "properties": { "hospital_n": "School of Nursig - Mulleriyawa", "hospital_c": "Other Health Institute", "district_n": "Colombo", "no_of_ward": null }, "geometry": { "type": "Point", "coordinates": [ 79.942574, 6.924267 ] } },
{ "type": "Feature", "properties": { "hospital_n": "Gorakapitiya Clinic", "hospital_c": "Clinic", "district_n": "Colombo", "no_of_ward": null }, "geometry": { "type": "Point", "coordinates": [ 79.94345670000007, 6.812015120000069 ] } },
{ "type": "Feature", "properties": { "hospital_n": "Base Hospital-Colombo East", "hospital_c": "Specialized Hospital", "district_n": "Colombo", "no_of_ward": null }, "geometry": { "type": "Point", "coordinates": [ 79.943753, 6.92605 ] } },
{ "type": "Feature", "properties": { "hospital_n": "Clinic - Waskaduwa", "hospital_c": "Clinic", "district_n": "Kalutara", "no_of_ward": null }, "geometry": { "type": "Point", "coordinates": [ 79.943875, 6.626873 ] } },
{ "type": "Feature", "properties": { "hospital_n": "Clinic Center - Pahalabiyanvila", "hospital_c": "Clinic", "district_n": "Gampaha", "no_of_ward": null }, "geometry": { "type": "Point", "coordinates": [ 79.944183330000044, 6.991525 ] } },
{ "type": "Feature", "properties": { "hospital_n": "Clinic - Thalawathugoda", "hospital_c": "Clinic", "district_n": "Colombo", "no_of_ward": null }, "geometry": { "type": "Point", "coordinates": [ 79.944211, 6.872417 ] } },
{ "type": "Feature", "properties": { "hospital_n": "Clinic - Mulleriyawa", "hospital_c": "Clinic", "district_n": "Colombo", "no_of_ward": null }, "geometry": { "type": "Point", "coordinates": [ 79.945129980000047, 6.91861943300006 ] } },
{ "type": "Feature", "properties": { "hospital_n": "PHM Office-Habaralagahalanda", "hospital_c": "Clinic", "district_n": "Kalutara", "no_of_ward": null }, "geometry": { "type": "Point", "coordinates": [ 79.945257, 6.663664 ] } },
{ "type": "Feature", "properties": { "hospital_n": "Dagonna Clinic Center, Katuwellegama", "hospital_c": "Clinic", "district_n": "Gampaha", "no_of_ward": null }, "geometry": { "type": "Point", "coordinates": [ 79.945595, 7.211316667000062 ] } },
{ "type": "Feature", "properties": { "hospital_n": "Clinic - Maha Wadduwa (Weragama)", "hospital_c": "Clinic", "district_n": "Kalutara", "no_of_ward": null }, "geometry": { "type": "Point", "coordinates": [ 79.945602, 6.681465 ] } },
{ "type": "Feature", "properties": { "hospital_n": "Clinic - Arugoda", "hospital_c": "Clinic", "district_n": "Kalutara", "no_of_ward": null }, "geometry": { "type": "Point", "coordinates": [ 79.946026, 6.725004 ] } },
{ "type": "Feature", "properties": { "hospital_n": "Clinic - Depanama", "hospital_c": "Clinic", "district_n": "Colombo", "no_of_ward": null }, "geometry": { "type": "Point", "coordinates": [ 79.946249, 6.846549 ] } },
{ "type": "Feature", "properties": { "hospital_n": "Central Dispensary - Depanama", "hospital_c": "PMCU", "district_n": "Colombo", "no_of_ward": null }, "geometry": { "type": "Point", "coordinates": [ 79.946249, 6.846549 ] } },
{ "type": "Feature", "properties": { "hospital_n": "PHM Office-Kudawaskaduwa-North", "hospital_c": "Clinic", "district_n": "Kalutara", "no_of_ward": null }, "geometry": { "type": "Point", "coordinates": [ 79.946477, 6.628058 ] } },
{ "type": "Feature", "properties": { "hospital_n": "Arawwala Clinic", "hospital_c": "Clinic", "district_n": "Colombo", "no_of_ward": null }, "geometry": { "type": "Point", "coordinates": [ 79.947578250000049, 6.841879128000073 ] } },
{ "type": "Feature", "properties": { "hospital_n": "PHM Office-Kudawaskaduwa-South", "hospital_c": "Clinic", "district_n": "Kalutara", "no_of_ward": null }, "geometry": { "type": "Point", "coordinates": [ 79.948639, 6.624668 ] } },
{ "type": "Feature", "properties": { "hospital_n": "Clinic - Melegama", "hospital_c": "Clinic", "district_n": "Kalutara", "no_of_ward": null }, "geometry": { "type": "Point", "coordinates": [ 79.948686, 6.669715 ] } },
{ "type": "Feature", "properties": { "hospital_n": "SOS Clinic", "hospital_c": "Clinic", "district_n": "Colombo", "no_of_ward": null }, "geometry": { "type": "Point", "coordinates": [ 79.949014900000066, 6.782522681000046 ] } },
{ "type": "Feature", "properties": { "hospital_n": "Palanwatta Clinic", "hospital_c": "Clinic", "district_n": "Colombo", "no_of_ward": null }, "geometry": { "type": "Point", "coordinates": [ 79.95005057000003, 6.826835666000022 ] } },
{ "type": "Feature", "properties": { "hospital_n": "Clinic -Delduwa-North (Nugagoda)", "hospital_c": "Clinic", "district_n": "Kalutara", "no_of_ward": null }, "geometry": { "type": "Point", "coordinates": [ 79.952707, 6.635353 ] } },
{ "type": "Feature", "properties": { "hospital_n": "Clinic Center - Pattiwila", "hospital_c": "Clinic", "district_n": "Gampaha", "no_of_ward": null }, "geometry": { "type": "Point", "coordinates": [ 79.954106670000044, 6.947621667000021 ] } },
{ "type": "Feature", "properties": { "hospital_n": "Siddamulla Clinic", "hospital_c": "Clinic", "district_n": "Colombo", "no_of_ward": null }, "geometry": { "type": "Point", "coordinates": [ 79.954585270000052, 6.809194611000066 ] } },
{ "type": "Feature", "properties": { "hospital_n": "Pannipitiya Dharmapala Health Centre", "hospital_c": "Other Health Institute", "district_n": "Colombo", "no_of_ward": null }, "geometry": { "type": "Point", "coordinates": [ 79.954670930000077, 6.844540006000045 ] } },
{ "type": "Feature", "properties": { "hospital_n": "Kaluatara North Clinic", "hospital_c": "Clinic", "district_n": "Kalutara", "no_of_ward": null }, "geometry": { "type": "Point", "coordinates": [ 79.954696, 6.601295 ] } },
{ "type": "Feature", "properties": { "hospital_n": "Clinic Center, Akaragama", "hospital_c": "Clinic", "district_n": "Gampaha", "no_of_ward": null }, "geometry": { "type": "Point", "coordinates": [ 79.954876670000033, 7.268995 ] } },
{ "type": "Feature", "properties": { "hospital_n": "Divisional Hospital, Akaragama", "hospital_c": "Divisional Hospital", "district_n": "Gampaha", "no_of_ward": null }, "geometry": { "type": "Point", "coordinates": [ 79.954885, 7.268958333000057 ] } },
{ "type": "Feature", "properties": { "hospital_n": "Clinic - Akaragama DH", "hospital_c": "Clinic", "district_n": "Gampaha", "no_of_ward": null }, "geometry": { "type": "Point", "coordinates": [ 79.954885, 7.268958333000057 ] } },
{ "type": "Feature", "properties": { "hospital_n": "Clinic Center - Kandaliyeddapaluwa", "hospital_c": "Clinic", "district_n": "Gampaha", "no_of_ward": null }, "geometry": { "type": "Point", "coordinates": [ 79.955081670000084, 7.01601 ] } },
{ "type": "Feature", "properties": { "hospital_n": "Kadawatha Central Dispensary", "hospital_c": "PMCU", "district_n": "Gampaha", "no_of_ward": null }, "geometry": { "type": "Point", "coordinates": [ 79.955081670000084, 7.01601 ] } },
{ "type": "Feature", "properties": { "hospital_n": "Clinic - Kadawatha PMCU", "hospital_c": "Clinic", "district_n": "Gampaha", "no_of_ward": null }, "geometry": { "type": "Point", "coordinates": [ 79.955081670000084, 7.01601 ] } },
{ "type": "Feature", "properties": { "hospital_n": "Dediyawala Clinic", "hospital_c": "Clinic", "district_n": "Kalutara", "no_of_ward": null }, "geometry": { "type": "Point", "coordinates": [ 79.95615, 6.616072 ] } },
{ "type": "Feature", "properties": { "hospital_n": "Central Despensary & Clinic Center, Madelgamuwa", "hospital_c": "PMCU", "district_n": "Gampaha", "no_of_ward": null }, "geometry": { "type": "Point", "coordinates": [ 79.956368330000032, 7.1211 ] } },
{ "type": "Feature", "properties": { "hospital_n": "Clinic - Madelgamuwa PMCU", "hospital_c": "Clinic", "district_n": "Gampaha", "no_of_ward": null }, "geometry": { "type": "Point", "coordinates": [ 79.956368330000032, 7.1211 ] } },
{ "type": "Feature", "properties": { "hospital_n": "MOH Minuwangoda", "hospital_c": "MOH Office", "district_n": "Gampaha", "no_of_ward": null }, "geometry": { "type": "Point", "coordinates": [ 79.956976670000074, 7.17218 ] } },
{ "type": "Feature", "properties": { "hospital_n": "Clinic Center, Minuwangoda", "hospital_c": "Clinic", "district_n": "Gampaha", "no_of_ward": null }, "geometry": { "type": "Point", "coordinates": [ 79.956976670000074, 7.17218 ] } },
{ "type": "Feature", "properties": { "hospital_n": "Clinic - Minuwangoda MOH Central", "hospital_c": "Clinic", "district_n": "Gampaha", "no_of_ward": null }, "geometry": { "type": "Point", "coordinates": [ 79.956976670000074, 7.17218 ] } },
{ "type": "Feature", "properties": { "hospital_n": "Base Hospital, Minuwangoda", "hospital_c": "Base Hospital", "district_n": "Gampaha", "no_of_ward": null }, "geometry": { "type": "Point", "coordinates": [ 79.957148330000052, 7.17237 ] } },
{ "type": "Feature", "properties": { "hospital_n": "Clinic - Minuwangoda DH", "hospital_c": "Clinic", "district_n": "Gampaha", "no_of_ward": null }, "geometry": { "type": "Point", "coordinates": [ 79.957148330000052, 7.17237 ] } },
{ "type": "Feature", "properties": { "hospital_n": "Clinic Center, Thammita", "hospital_c": "Clinic", "district_n": "Gampaha", "no_of_ward": null }, "geometry": { "type": "Point", "coordinates": [ 79.958478330000048, 7.099771667000027 ] } },
{ "type": "Feature", "properties": { "hospital_n": "Clinic Center, Nilpanagoda", "hospital_c": "Clinic", "district_n": "Gampaha", "no_of_ward": null }, "geometry": { "type": "Point", "coordinates": [ 79.959431670000072, 7.197161667000046 ] } },
{ "type": "Feature", "properties": { "hospital_n": "Maternal & Child Clinic - Hokandara", "hospital_c": "Clinic", "district_n": "Colombo", "no_of_ward": null }, "geometry": { "type": "Point", "coordinates": [ 79.959961, 6.880056 ] } },
{ "type": "Feature", "properties": { "hospital_n": "Central Dispensary-Ganemulla", "hospital_c": "PMCU", "district_n": "Gampaha", "no_of_ward": null }, "geometry": { "type": "Point", "coordinates": [ 79.960704400000054, 7.066301900000042 ] } },
{ "type": "Feature", "properties": { "hospital_n": "Clinic Center-Ganemulla", "hospital_c": "Clinic", "district_n": "Gampaha", "no_of_ward": null }, "geometry": { "type": "Point", "coordinates": [ 79.960704400000054, 7.066301900000042 ] } },
{ "type": "Feature", "properties": { "hospital_n": "Clinic - Kiripallagaha Watta", "hospital_c": "Clinic", "district_n": "Kalutara", "no_of_ward": null }, "geometry": { "type": "Point", "coordinates": [ 79.961412, 6.707505 ] } },
{ "type": "Feature", "properties": { "hospital_n": "Regional Director of Health Services Office", "hospital_c": "RDHS", "district_n": "Kalutara", "no_of_ward": null }, "geometry": { "type": "Point", "coordinates": [ 79.9621, 6.582197 ] } },
{ "type": "Feature", "properties": { "hospital_n": "Anti Filaria Unit", "hospital_c": "Clinic", "district_n": "Kalutara", "no_of_ward": null }, "geometry": { "type": "Point", "coordinates": [ 79.962161, 6.582212 ] } },
{ "type": "Feature", "properties": { "hospital_n": "Clinic - Weera Mawatha", "hospital_c": "Clinic", "district_n": "Colombo", "no_of_ward": null }, "geometry": { "type": "Point", "coordinates": [ 79.962777, 6.838426 ] } },
{ "type": "Feature", "properties": { "hospital_n": "Clinic - Malabe", "hospital_c": "Clinic", "district_n": "Colombo", "no_of_ward": null }, "geometry": { "type": "Point", "coordinates": [ 79.962822, 6.902499 ] } },
{ "type": "Feature", "properties": { "hospital_n": "Clinic - Pothuarawa", "hospital_c": "Clinic", "district_n": "Colombo", "no_of_ward": null }, "geometry": { "type": "Point", "coordinates": [ 79.962822, 6.902499 ] } },
{ "type": "Feature", "properties": { "hospital_n": "Ethanamadala Clinic", "hospital_c": "Clinic", "district_n": "Kalutara", "no_of_ward": null }, "geometry": { "type": "Point", "coordinates": [ 79.963602, 6.604939 ] } },
{ "type": "Feature", "properties": { "hospital_n": "Clinic Center-Kossinna west", "hospital_c": "Clinic", "district_n": "Gampaha", "no_of_ward": null }, "geometry": { "type": "Point", "coordinates": [ 79.963816700000052, 7.050879400000042 ] } },
{ "type": "Feature", "properties": { "hospital_n": "Clinic-Delduwa South (Kopiyawatta)", "hospital_c": "Clinic", "district_n": "Kalutara", "no_of_ward": null }, "geometry": { "type": "Point", "coordinates": [ 79.96539, 6.644736 ] } },
{ "type": "Feature", "properties": { "hospital_n": "PHM Office-Mawala", "hospital_c": "Clinic", "district_n": "Kalutara", "no_of_ward": null }, "geometry": { "type": "Point", "coordinates": [ 79.966017, 6.652521 ] } },
{ "type": "Feature", "properties": { "hospital_n": "Clinic - Hewagama/ Brook wattha", "hospital_c": "Clinic", "district_n": "Colombo", "no_of_ward": null }, "geometry": { "type": "Point", "coordinates": [ 79.96724, 6.929956 ] } },
{ "type": "Feature", "properties": { "hospital_n": "PHM Office-Moronthuduwa", "hospital_c": "Clinic", "district_n": "Kalutara", "no_of_ward": null }, "geometry": { "type": "Point", "coordinates": [ 79.968529, 6.652729 ] } },
{ "type": "Feature", "properties": { "hospital_n": "Clinic - Kottawa 2 -  Hatharamanhandiya", "hospital_c": "Clinic", "district_n": "Colombo", "no_of_ward": null }, "geometry": { "type": "Point", "coordinates": [ 79.968738, 6.852627 ] } },
{ "type": "Feature", "properties": { "hospital_n": "Clinic Center, Arangawa", "hospital_c": "Clinic", "district_n": "Gampaha", "no_of_ward": null }, "geometry": { "type": "Point", "coordinates": [ 79.968851670000049, 7.187016667000023 ] } },
{ "type": "Feature", "properties": { "hospital_n": "Katukurunda Clinic", "hospital_c": "Clinic", "district_n": "Kalutara", "no_of_ward": null }, "geometry": { "type": "Point", "coordinates": [ 79.969306, 6.569078 ] } },
{ "type": "Feature", "properties": { "hospital_n": "Clinic Center-Ganemulla South", "hospital_c": "Clinic", "district_n": "Gampaha", "no_of_ward": null }, "geometry": { "type": "Point", "coordinates": [ 79.970139600000039, 7.059579400000075 ] } },
{ "type": "Feature", "properties": { "hospital_n": "Clinic Center - Eldeniya", "hospital_c": "Clinic", "district_n": "Gampaha", "no_of_ward": null }, "geometry": { "type": "Point", "coordinates": [ 79.970258330000036, 7.004303333000053 ] } },
{ "type": "Feature", "properties": { "hospital_n": "Clinic Center - Mawaramandiya", "hospital_c": "Clinic", "district_n": "Gampaha", "no_of_ward": null }, "geometry": { "type": "Point", "coordinates": [ 79.970451670000045, 6.98741 ] } },
{ "type": "Feature", "properties": { "hospital_n": "Kalamulla Clinic", "hospital_c": "Clinic", "district_n": "Kalutara", "no_of_ward": null }, "geometry": { "type": "Point", "coordinates": [ 79.970801, 6.546882 ] } },
{ "type": "Feature", "properties": { "hospital_n": "Mattegoda Clinic", "hospital_c": "Clinic", "district_n": "Colombo", "no_of_ward": null }, "geometry": { "type": "Point", "coordinates": [ 79.972301170000037, 6.818133267000064 ] } },
{ "type": "Feature", "properties": { "hospital_n": "Divisional Hospital - Gonaduwa", "hospital_c": "Divisional Hospital", "district_n": "Kalutara", "no_of_ward": null }, "geometry": { "type": "Point", "coordinates": [ 79.972486, 6.671337 ] } },
{ "type": "Feature", "properties": { "hospital_n": "Clinic - Gonaduwa DH", "hospital_c": "Clinic", "district_n": "Kalutara", "no_of_ward": null }, "geometry": { "type": "Point", "coordinates": [ 79.972486, 6.671337 ] } },
{ "type": "Feature", "properties": { "hospital_n": "Clinic  - Kottawa 1 - Makubura", "hospital_c": "Clinic", "district_n": "Colombo", "no_of_ward": null }, "geometry": { "type": "Point", "coordinates": [ 79.972591, 6.837619 ] } },
{ "type": "Feature", "properties": { "hospital_n": "MOH - Mahara", "hospital_c": "MOH Office", "district_n": "Gampaha", "no_of_ward": null }, "geometry": { "type": "Point", "coordinates": [ 79.973371670000063, 7.020806667000045 ] } },
{ "type": "Feature", "properties": { "hospital_n": "Clinic - Mahara MOH Central", "hospital_c": "Clinic", "district_n": "Gampaha", "no_of_ward": null }, "geometry": { "type": "Point", "coordinates": [ 79.973371670000063, 7.020806667000045 ] } },
{ "type": "Feature", "properties": { "hospital_n": "Heenatiyangala Clinic", "hospital_c": "Clinic", "district_n": "Kalutara", "no_of_ward": null }, "geometry": { "type": "Point", "coordinates": [ 79.973451, 6.569099 ] } },
{ "type": "Feature", "properties": { "hospital_n": "Clinic Center - Rammuthugala", "hospital_c": "Clinic", "district_n": "Gampaha", "no_of_ward": null }, "geometry": { "type": "Point", "coordinates": [ 79.973637, 7.020649 ] } },
{ "type": "Feature", "properties": { "hospital_n": "Clinic Center - Sooriyapaluwa", "hospital_c": "Clinic", "district_n": "Gampaha", "no_of_ward": null }, "geometry": { "type": "Point", "coordinates": [ 79.973637, 7.020649 ] } },
{ "type": "Feature", "properties": { "hospital_n": "Central Despensary, Dunagaha", "hospital_c": "PMCU", "district_n": "Gampaha", "no_of_ward": null }, "geometry": { "type": "Point", "coordinates": [ 79.973776670000063, 7.23263 ] } },
{ "type": "Feature", "properties": { "hospital_n": "Clinic Center, Dunagaha", "hospital_c": "Clinic", "district_n": "Gampaha", "no_of_ward": null }, "geometry": { "type": "Point", "coordinates": [ 79.973928330000035, 7.233121667000034 ] } },
{ "type": "Feature", "properties": { "hospital_n": "Wethara Clinic", "hospital_c": "Clinic", "district_n": "Colombo", "no_of_ward": null }, "geometry": { "type": "Point", "coordinates": [ 79.975614300000075, 6.784694185000035 ] } },
{ "type": "Feature", "properties": { "hospital_n": "Wethara Hospital", "hospital_c": "Divisional Hospital", "district_n": "Colombo", "no_of_ward": null }, "geometry": { "type": "Point", "coordinates": [ 79.975630620000061, 6.784699703000058 ] } },
{ "type": "Feature", "properties": { "hospital_n": "PHM Office-Kalapugama", "hospital_c": "Clinic", "district_n": "Kalutara", "no_of_ward": null }, "geometry": { "type": "Point", "coordinates": [ 79.976094, 6.640797 ] } },
{ "type": "Feature", "properties": { "hospital_n": "Clinic Center-Kossinna Esat", "hospital_c": "Clinic", "district_n": "Gampaha", "no_of_ward": null }, "geometry": { "type": "Point", "coordinates": [ 79.976706, 7.052387400000043 ] } },
{ "type": "Feature", "properties": { "hospital_n": "PHM Office-Gonaduwa", "hospital_c": "Clinic", "district_n": "Kalutara", "no_of_ward": null }, "geometry": { "type": "Point", "coordinates": [ 79.976883, 6.675374 ] } },
{ "type": "Feature", "properties": { "hospital_n": "Clinic Center - Heyyanthuduwa", "hospital_c": "Clinic", "district_n": "Gampaha", "no_of_ward": null }, "geometry": { "type": "Point", "coordinates": [ 79.976916670000037, 6.970338333000029 ] } },
{ "type": "Feature", "properties": { "hospital_n": "National Insitute of Health Sciences", "hospital_c": "Other Health Institute", "district_n": "Kalutara", "no_of_ward": null }, "geometry": { "type": "Point", "coordinates": [ 79.977351, 6.55905 ] } },
{ "type": "Feature", "properties": { "hospital_n": "Maradana Clinic", "hospital_c": "Clinic", "district_n": "Kalutara", "no_of_ward": null }, "geometry": { "type": "Point", "coordinates": [ 79.978424, 6.459361 ] } },
{ "type": "Feature", "properties": { "hospital_n": "Hettiyakanda Clinic", "hospital_c": "Clinic", "district_n": "Kalutara", "no_of_ward": null }, "geometry": { "type": "Point", "coordinates": [ 79.979792, 6.466961 ] } },
{ "type": "Feature", "properties": { "hospital_n": "Clinic Center, Udugampola", "hospital_c": "Clinic", "district_n": "Gampaha", "no_of_ward": null }, "geometry": { "type": "Point", "coordinates": [ 79.980246670000042, 7.128823333000071 ] } },
{ "type": "Feature", "properties": { "hospital_n": "Panapitiya PMCU", "hospital_c": "PMCU", "district_n": "Kalutara", "no_of_ward": null }, "geometry": { "type": "Point", "coordinates": [ 79.980399, 6.629242 ] } },
{ "type": "Feature", "properties": { "hospital_n": "Clinic - Panapitiya CD", "hospital_c": "Clinic", "district_n": "Kalutara", "no_of_ward": null }, "geometry": { "type": "Point", "coordinates": [ 79.980399, 6.629242 ] } },
{ "type": "Feature", "properties": { "hospital_n": "Kahathuduwa MOH", "hospital_c": "MOH Office", "district_n": "Colombo", "no_of_ward": null }, "geometry": { "type": "Point", "coordinates": [ 79.980888140000047, 6.819795757000065 ] } },
{ "type": "Feature", "properties": { "hospital_n": "Kahathuduwa Clinic", "hospital_c": "Clinic", "district_n": "Colombo", "no_of_ward": null }, "geometry": { "type": "Point", "coordinates": [ 79.980888140000047, 6.819795757000065 ] } },
{ "type": "Feature", "properties": { "hospital_n": "Clinic - Kahathuduwa MOH Central", "hospital_c": "Clinic", "district_n": "Colombo", "no_of_ward": null }, "geometry": { "type": "Point", "coordinates": [ 79.980888140000047, 6.819795757000065 ] } },
{ "type": "Feature", "properties": { "hospital_n": "Central Dispensary Brahmanagama", "hospital_c": "PMCU", "district_n": "Colombo", "no_of_ward": null }, "geometry": { "type": "Point", "coordinates": [ 79.980891940000049, 6.819831816000033 ] } },
{ "type": "Feature", "properties": { "hospital_n": "Clinic - Brahmanagama CD", "hospital_c": "Clinic", "district_n": "Colombo", "no_of_ward": null }, "geometry": { "type": "Point", "coordinates": [ 79.980891940000049, 6.819831816000033 ] } },
{ "type": "Feature", "properties": { "hospital_n": "Maggona Clinic", "hospital_c": "Clinic", "district_n": "Kalutara", "no_of_ward": null }, "geometry": { "type": "Point", "coordinates": [ 79.981398, 6.5052 ] } },
{ "type": "Feature", "properties": { "hospital_n": "Malegoda Clinic", "hospital_c": "Clinic", "district_n": "Kalutara", "no_of_ward": null }, "geometry": { "type": "Point", "coordinates": [ 79.981835, 6.543856 ] } },
{ "type": "Feature", "properties": { "hospital_n": "Magalkanda Clinic", "hospital_c": "Clinic", "district_n": "Kalutara", "no_of_ward": null }, "geometry": { "type": "Point", "coordinates": [ 79.98227, 6.492509 ] } },
{ "type": "Feature", "properties": { "hospital_n": "Alwiswatta Clinic", "hospital_c": "Clinic", "district_n": "Kalutara", "no_of_ward": null }, "geometry": { "type": "Point", "coordinates": [ 79.982276, 6.587268 ] } },
{ "type": "Feature", "properties": { "hospital_n": "Beruwala Hospital", "hospital_c": "Divisional Hospital", "district_n": "Kalutara", "no_of_ward": null }, "geometry": { "type": "Point", "coordinates": [ 79.983745, 6.471918 ] } },
{ "type": "Feature", "properties": { "hospital_n": "Base Hospital-Beruwala", "hospital_c": "Base Hospital", "district_n": "Kalutara", "no_of_ward": null }, "geometry": { "type": "Point", "coordinates": [ 79.983745, 6.471918 ] } },
{ "type": "Feature", "properties": { "hospital_n": "Central Dispensary -  Kaduwela", "hospital_c": "PMCU", "district_n": "Colombo", "no_of_ward": null }, "geometry": { "type": "Point", "coordinates": [ 79.984047, 6.934518 ] } },
{ "type": "Feature", "properties": { "hospital_n": "Clinic - Kaduwela CD", "hospital_c": "Clinic", "district_n": "Colombo", "no_of_ward": null }, "geometry": { "type": "Point", "coordinates": [ 79.984047, 6.934518 ] } },
{ "type": "Feature", "properties": { "hospital_n": "MOH Office - Kaduwela", "hospital_c": "MOH Office", "district_n": "Colombo", "no_of_ward": null }, "geometry": { "type": "Point", "coordinates": [ 79.984125, 6.934484 ] } },
{ "type": "Feature", "properties": { "hospital_n": "Clinic - Kaduwela MOH Central", "hospital_c": "Clinic", "district_n": "Colombo", "no_of_ward": null }, "geometry": { "type": "Point", "coordinates": [ 79.984125, 6.934484 ] } },
{ "type": "Feature", "properties": { "hospital_n": "Mahagammadda Clinic", "hospital_c": "Clinic", "district_n": "Kalutara", "no_of_ward": null }, "geometry": { "type": "Point", "coordinates": [ 79.984199, 6.520498 ] } },
{ "type": "Feature", "properties": { "hospital_n": "Nagoda Genaral Hospital", "hospital_c": "General Hospital", "district_n": "Kalutara", "no_of_ward": null }, "geometry": { "type": "Point", "coordinates": [ 79.984344, 6.563859 ] } },
{ "type": "Feature", "properties": { "hospital_n": "Polkotuwa Clinic", "hospital_c": "Clinic", "district_n": "Kalutara", "no_of_ward": null }, "geometry": { "type": "Point", "coordinates": [ 79.984387, 6.481508 ] } },
{ "type": "Feature", "properties": { "hospital_n": "Public Health Centers", "hospital_c": "Clinic", "district_n": "Gampaha", "no_of_ward": null }, "geometry": { "type": "Point", "coordinates": [ 79.984436670000036, 7.179225 ] } },
{ "type": "Feature", "properties": { "hospital_n": "Elandagoda Clinic", "hospital_c": "Clinic", "district_n": "Kalutara", "no_of_ward": null }, "geometry": { "type": "Point", "coordinates": [ 79.98449, 6.465074 ] } },
{ "type": "Feature", "properties": { "hospital_n": "PHM Office-Bamunumulla", "hospital_c": "Clinic", "district_n": "Kalutara", "no_of_ward": null }, "geometry": { "type": "Point", "coordinates": [ 79.985882, 6.687734 ] } },
{ "type": "Feature", "properties": { "hospital_n": "Central Dispensary - Rukmalgama", "hospital_c": "PMCU", "district_n": "Colombo", "no_of_ward": null }, "geometry": { "type": "Point", "coordinates": [ 79.986327, 6.855819 ] } },
{ "type": "Feature", "properties": { "hospital_n": "Clinic - Rukmalgama CD", "hospital_c": "Clinic", "district_n": "Colombo", "no_of_ward": null }, "geometry": { "type": "Point", "coordinates": [ 79.986327, 6.855819 ] } },
{ "type": "Feature", "properties": { "hospital_n": "Clinic Center, Badalgama", "hospital_c": "Clinic", "district_n": "Gampaha", "no_of_ward": null }, "geometry": { "type": "Point", "coordinates": [ 79.986406670000065, 7.285248333000027 ] } },
{ "type": "Feature", "properties": { "hospital_n": "Clinic - Weediyagoda", "hospital_c": "Clinic", "district_n": "Kalutara", "no_of_ward": null }, "geometry": { "type": "Point", "coordinates": [ 79.98641, 6.752162 ] } },
{ "type": "Feature", "properties": { "hospital_n": "Rural Despensary, Badalgama", "hospital_c": "PMCU", "district_n": "Gampaha", "no_of_ward": null }, "geometry": { "type": "Point", "coordinates": [ 79.986413330000062, 7.28525 ] } },
{ "type": "Feature", "properties": { "hospital_n": "Clinic - Thunadahena", "hospital_c": "Clinic", "district_n": "Colombo", "no_of_ward": null }, "geometry": { "type": "Point", "coordinates": [ 79.986627, 6.90579 ] } },
{ "type": "Feature", "properties": { "hospital_n": "Poli Clinic", "hospital_c": "Clinic", "district_n": "Kalutara", "no_of_ward": null }, "geometry": { "type": "Point", "coordinates": [ 79.987416, 6.616289 ] } },
{ "type": "Feature", "properties": { "hospital_n": "PHM Office-Kimmanthudawa", "hospital_c": "Clinic", "district_n": "Kalutara", "no_of_ward": null }, "geometry": { "type": "Point", "coordinates": [ 79.988943, 6.693318 ] } },
{ "type": "Feature", "properties": { "hospital_n": "Divisional Hospital A - Bandaragama", "hospital_c": "Divisional Hospital", "district_n": "Kalutara", "no_of_ward": null }, "geometry": { "type": "Point", "coordinates": [ 79.991493, 6.716423 ] } },
{ "type": "Feature", "properties": { "hospital_n": "Clinic - Bandaragama DH", "hospital_c": "Clinic", "district_n": "Kalutara", "no_of_ward": null }, "geometry": { "type": "Point", "coordinates": [ 79.991493, 6.716423 ] } },
{ "type": "Feature", "properties": { "hospital_n": "Clinic - Raigam State", "hospital_c": "Clinic", "district_n": "Kalutara", "no_of_ward": null }, "geometry": { "type": "Point", "coordinates": [ 80.163386, 6.771357 ] } },
{ "type": "Feature", "properties": { "hospital_n": "Base Hospital-Homagam", "hospital_c": "Base Hospital", "district_n": "Colombo", "no_of_ward": null }, "geometry": { "type": "Point", "coordinates": [ 79.991568920000077, 6.847334768000053 ] } },
{ "type": "Feature", "properties": { "hospital_n": "Clinic - Homagama BH", "hospital_c": "Clinic", "district_n": "Colombo", "no_of_ward": null }, "geometry": { "type": "Point", "coordinates": [ 79.991568920000077, 6.847334768000053 ] } },
{ "type": "Feature", "properties": { "hospital_n": "MOH Office - Bandaragama", "hospital_c": "MOH Office", "district_n": "Kalutara", "no_of_ward": null }, "geometry": { "type": "Point", "coordinates": [ 79.991643, 6.713377 ] } },
{ "type": "Feature", "properties": { "hospital_n": "Clinic - MOH Office A", "hospital_c": "Clinic", "district_n": "Kalutara", "no_of_ward": null }, "geometry": { "type": "Point", "coordinates": [ 79.991643, 6.713377 ] } },
{ "type": "Feature", "properties": { "hospital_n": "Clinic - MOH Office B", "hospital_c": "Clinic", "district_n": "Kalutara", "no_of_ward": null }, "geometry": { "type": "Point", "coordinates": [ 79.991643, 6.713377 ] } },
{ "type": "Feature", "properties": { "hospital_n": "Clinic - Bandaragama MOH Central", "hospital_c": "Clinic", "district_n": "Kalutara", "no_of_ward": null }, "geometry": { "type": "Point", "coordinates": [ 79.991643, 6.713377 ] } },
{ "type": "Feature", "properties": { "hospital_n": "PHM Office-Bandaragama", "hospital_c": "Clinic", "district_n": "Kalutara", "no_of_ward": null }, "geometry": { "type": "Point", "coordinates": [ 79.991684, 6.713315 ] } },
{ "type": "Feature", "properties": { "hospital_n": "Clinic Center-Pahala Imbulgoda", "hospital_c": "Clinic", "district_n": "Gampaha", "no_of_ward": null }, "geometry": { "type": "Point", "coordinates": [ 79.991838400000063, 7.036860100000069 ] } },
{ "type": "Feature", "properties": { "hospital_n": "Divisional Hospital - Athurugiriya", "hospital_c": "Divisional Hospital", "district_n": "Colombo", "no_of_ward": null }, "geometry": { "type": "Point", "coordinates": [ 79.992316, 6.881181 ] } },
{ "type": "Feature", "properties": { "hospital_n": "Clinic - Athurugiriya DH", "hospital_c": "Clinic", "district_n": "Colombo", "no_of_ward": null }, "geometry": { "type": "Point", "coordinates": [ 79.992316, 6.881181 ] } },
{ "type": "Feature", "properties": { "hospital_n": "Homagama Clinic", "hospital_c": "Clinic", "district_n": "Colombo", "no_of_ward": null }, "geometry": { "type": "Point", "coordinates": [ 79.992795390000083, 6.846852145000071 ] } },
{ "type": "Feature", "properties": { "hospital_n": "MOH Office Homagama", "hospital_c": "MOH Office", "district_n": "Colombo", "no_of_ward": null }, "geometry": { "type": "Point", "coordinates": [ 79.992831360000082, 6.846962881000024 ] } },
{ "type": "Feature", "properties": { "hospital_n": "Clinic - Homagama MOH Central", "hospital_c": "Clinic", "district_n": "Colombo", "no_of_ward": null }, "geometry": { "type": "Point", "coordinates": [ 79.992831360000082, 6.846962881000024 ] } },
{ "type": "Feature", "properties": { "hospital_n": "Clinic Center - Madarawa", "hospital_c": "Clinic", "district_n": "Gampaha", "no_of_ward": null }, "geometry": { "type": "Point", "coordinates": [ 79.9931, 6.984823333000065 ] } },
{ "type": "Feature", "properties": { "hospital_n": "Clinic Center - Webada", "hospital_c": "Clinic", "district_n": "Gampaha", "no_of_ward": null }, "geometry": { "type": "Point", "coordinates": [ 79.993418330000054, 7.026865 ] } },
{ "type": "Feature", "properties": { "hospital_n": "PHM Office-Diyagama", "hospital_c": "Clinic", "district_n": "Kalutara", "no_of_ward": null }, "geometry": { "type": "Point", "coordinates": [ 79.993554, 6.638416 ] } },
{ "type": "Feature", "properties": { "hospital_n": "Rajawatta Clinic", "hospital_c": "Clinic", "district_n": "Kalutara", "no_of_ward": null }, "geometry": { "type": "Point", "coordinates": [ 79.9936, 6.580087 ] } },
{ "type": "Feature", "properties": { "hospital_n": "Karandagoda Clinic", "hospital_c": "Clinic", "district_n": "Kalutara", "no_of_ward": null }, "geometry": { "type": "Point", "coordinates": [ 79.993621, 6.483479 ] } },
{ "type": "Feature", "properties": { "hospital_n": "Government Hospital - Biyagama", "hospital_c": "Base Hospital", "district_n": "Gampaha", "no_of_ward": null }, "geometry": { "type": "Point", "coordinates": [ 79.993795, 6.946591667000064 ] } },
{ "type": "Feature", "properties": { "hospital_n": "Clinic - Biyagama DH", "hospital_c": "Clinic", "district_n": "Gampaha", "no_of_ward": null }, "geometry": { "type": "Point", "coordinates": [ 79.993795, 6.946591667000064 ] } },
{ "type": "Feature", "properties": { "hospital_n": "MOH - Biyagama", "hospital_c": "MOH Office", "district_n": "Gampaha", "no_of_ward": null }, "geometry": { "type": "Point", "coordinates": [ 79.994091670000046, 6.94679166700007 ] } },
{ "type": "Feature", "properties": { "hospital_n": "Clinic Center - Biyagama", "hospital_c": "Clinic", "district_n": "Gampaha", "no_of_ward": null }, "geometry": { "type": "Point", "coordinates": [ 79.994091670000046, 6.94679166700007 ] } },
{ "type": "Feature", "properties": { "hospital_n": "Clinic - Biyagama MOH Central", "hospital_c": "Clinic", "district_n": "Gampaha", "no_of_ward": null }, "geometry": { "type": "Point", "coordinates": [ 79.994091670000046, 6.94679166700007 ] } },
{ "type": "Feature", "properties": { "hospital_n": "Clinic Center-Ihalayagoda", "hospital_c": "Clinic", "district_n": "Gampaha", "no_of_ward": null }, "geometry": { "type": "Point", "coordinates": [ 79.994421800000055, 7.067387500000052 ] } },
{ "type": "Feature", "properties": { "hospital_n": "Diyagama Clinic", "hospital_c": "Clinic", "district_n": "Colombo", "no_of_ward": null }, "geometry": { "type": "Point", "coordinates": [ 79.995259780000083, 6.810214644000041 ] } },
{ "type": "Feature", "properties": { "hospital_n": "PHM Office-Bogahawaththa", "hospital_c": "Clinic", "district_n": "Kalutara", "no_of_ward": null }, "geometry": { "type": "Point", "coordinates": [ 79.99721, 6.697415 ] } },
{ "type": "Feature", "properties": { "hospital_n": "PHM Office-Epitamulla", "hospital_c": "Clinic", "district_n": "Kalutara", "no_of_ward": null }, "geometry": { "type": "Point", "coordinates": [ 79.99721, 6.697415 ] } },
{ "type": "Feature", "properties": { "hospital_n": "PHM Office-Galagamandiya", "hospital_c": "Clinic", "district_n": "Kalutara", "no_of_ward": null }, "geometry": { "type": "Point", "coordinates": [ 79.99721, 6.697415 ] } },
{ "type": "Feature", "properties": { "hospital_n": "PHM Office-Weedagama", "hospital_c": "Clinic", "district_n": "Kalutara", "no_of_ward": null }, "geometry": { "type": "Point", "coordinates": [ 79.99721, 6.723272 ] } },
{ "type": "Feature", "properties": { "hospital_n": "Clinic-Atalugama", "hospital_c": "Clinic", "district_n": "Kalutara", "no_of_ward": null }, "geometry": { "type": "Point", "coordinates": [ 79.997214, 6.697415 ] } },
{ "type": "Feature", "properties": { "hospital_n": "MOH Office-Beruwala", "hospital_c": "MOH Office", "district_n": "Kalutara", "no_of_ward": null }, "geometry": { "type": "Point", "coordinates": [ 79.999434, 6.437387 ] } },
{ "type": "Feature", "properties": { "hospital_n": "District General Hospital-Gampaha", "hospital_c": "District General Hospital", "district_n": "Gampaha", "no_of_ward": null }, "geometry": { "type": "Point", "coordinates": [ 79.999952700000051, 7.09150470000003 ] } },
{ "type": "Feature", "properties": { "hospital_n": "Palpola Clinic", "hospital_c": "Clinic", "district_n": "Kalutara", "no_of_ward": null }, "geometry": { "type": "Point", "coordinates": [ 80.001291, 6.649104 ] } },
{ "type": "Feature", "properties": { "hospital_n": "PMCU - Aluthgama", "hospital_c": "PMCU", "district_n": "Kalutara", "no_of_ward": null }, "geometry": { "type": "Point", "coordinates": [ 80.001714, 6.433845 ] } },
{ "type": "Feature", "properties": { "hospital_n": "MOH Office Gampaha", "hospital_c": "MOH Office", "district_n": "Gampaha", "no_of_ward": null }, "geometry": { "type": "Point", "coordinates": [ 80.002062600000045, 7.090386700000067 ] } },
{ "type": "Feature", "properties": { "hospital_n": "Clinic - Gampaha MOH Central", "hospital_c": "Clinic", "district_n": "Gampaha", "no_of_ward": null }, "geometry": { "type": "Point", "coordinates": [ 80.002062600000045, 7.090386700000067 ] } },
{ "type": "Feature", "properties": { "hospital_n": "PMCU - Devalapola", "hospital_c": "PMCU", "district_n": "Gampaha", "no_of_ward": null }, "geometry": { "type": "Point", "coordinates": [ 80.002831670000035, 7.16254 ] } },
{ "type": "Feature", "properties": { "hospital_n": "PHM Office-Panape", "hospital_c": "Clinic", "district_n": "Kalutara", "no_of_ward": null }, "geometry": { "type": "Point", "coordinates": [ 80.003803, 6.703086 ] } },
{ "type": "Feature", "properties": { "hospital_n": "PMCU - Korase", "hospital_c": "PMCU", "district_n": "Gampaha", "no_of_ward": null }, "geometry": { "type": "Point", "coordinates": [ 80.005746670000065, 7.14126 ] } },
{ "type": "Feature", "properties": { "hospital_n": "Clinic - Korase PMCU", "hospital_c": "Clinic", "district_n": "Gampaha", "no_of_ward": null }, "geometry": { "type": "Point", "coordinates": [ 80.005746670000065, 7.14126 ] } },
{ "type": "Feature", "properties": { "hospital_n": "Weragala Clinic", "hospital_c": "Clinic", "district_n": "Kalutara", "no_of_ward": null }, "geometry": { "type": "Point", "coordinates": [ 80.006243, 6.528233 ] } },
{ "type": "Feature", "properties": { "hospital_n": "Clinic-Rerukana", "hospital_c": "Clinic", "district_n": "Kalutara", "no_of_ward": null }, "geometry": { "type": "Point", "coordinates": [ 80.00724, 6.739934 ] } },
{ "type": "Feature", "properties": { "hospital_n": "PHm Office-Rerukana", "hospital_c": "Clinic", "district_n": "Kalutara", "no_of_ward": null }, "geometry": { "type": "Point", "coordinates": [ 80.007242, 6.739934 ] } },
{ "type": "Feature", "properties": { "hospital_n": "Paragasthota Clinic", "hospital_c": "Clinic", "district_n": "Kalutara", "no_of_ward": null }, "geometry": { "type": "Point", "coordinates": [ 80.008256, 6.674836 ] } },
{ "type": "Feature", "properties": { "hospital_n": "Serupita Clinic", "hospital_c": "Clinic", "district_n": "Kalutara", "no_of_ward": null }, "geometry": { "type": "Point", "coordinates": [ 80.011061, 6.617358 ] } },
{ "type": "Feature", "properties": { "hospital_n": "PHM Office-Kothalawala", "hospital_c": "Clinic", "district_n": "Kalutara", "no_of_ward": null }, "geometry": { "type": "Point", "coordinates": [ 80.011312, 6.733442 ] } },
{ "type": "Feature", "properties": { "hospital_n": "RDHS-Gampaha", "hospital_c": "RDHS", "district_n": "Gampaha", "no_of_ward": null }, "geometry": { "type": "Point", "coordinates": [ 80.01157870000003, 7.084875100000033 ] } },
{ "type": "Feature", "properties": { "hospital_n": "Divisional Hospital C - Udupila", "hospital_c": "Divisional Hospital", "district_n": "Gampaha", "no_of_ward": null }, "geometry": { "type": "Point", "coordinates": [ 80.012153330000046, 6.996365 ] } },
{ "type": "Feature", "properties": { "hospital_n": "Clinic Center - Udupila", "hospital_c": "Clinic", "district_n": "Gampaha", "no_of_ward": null }, "geometry": { "type": "Point", "coordinates": [ 80.012198330000047, 6.996483333000072 ] } },
{ "type": "Feature", "properties": { "hospital_n": "PHM Office-Raigama-East", "hospital_c": "Clinic", "district_n": "Kalutara", "no_of_ward": null }, "geometry": { "type": "Point", "coordinates": [ 80.012772, 6.720595 ] } },
{ "type": "Feature", "properties": { "hospital_n": "Clinic Center, Divulapitiya", "hospital_c": "Clinic", "district_n": "Gampaha", "no_of_ward": null }, "geometry": { "type": "Point", "coordinates": [ 80.012996670000064, 7.21702166700004 ] } },
{ "type": "Feature", "properties": { "hospital_n": "Divisional Hospital, Divulapitiya", "hospital_c": "Divisional Hospital", "district_n": "Gampaha", "no_of_ward": null }, "geometry": { "type": "Point", "coordinates": [ 80.013, 7.217016667000053 ] } },
{ "type": "Feature", "properties": { "hospital_n": "Clinic - Divulapitiya DH", "hospital_c": "Clinic", "district_n": "Gampaha", "no_of_ward": null }, "geometry": { "type": "Point", "coordinates": [ 80.013, 7.217016667000053 ] } },
{ "type": "Feature", "properties": { "hospital_n": "Central Despensary, Wakade", "hospital_c": "PMCU", "district_n": "Gampaha", "no_of_ward": null }, "geometry": { "type": "Point", "coordinates": [ 80.013066670000057, 7.269593333000046 ] } },
{ "type": "Feature", "properties": { "hospital_n": "Clinic Center, Wakade", "hospital_c": "Clinic", "district_n": "Gampaha", "no_of_ward": null }, "geometry": { "type": "Point", "coordinates": [ 80.013066670000057, 7.269593333000046 ] } },
{ "type": "Feature", "properties": { "hospital_n": "Gamagoda Clinic", "hospital_c": "Clinic", "district_n": "Kalutara", "no_of_ward": null }, "geometry": { "type": "Point", "coordinates": [ 80.013527, 6.592025 ] } },
{ "type": "Feature", "properties": { "hospital_n": "MOH Divulapitiya", "hospital_c": "MOH Office", "district_n": "Gampaha", "no_of_ward": null }, "geometry": { "type": "Point", "coordinates": [ 80.013688330000036, 7.21562166700005 ] } },
{ "type": "Feature", "properties": { "hospital_n": "Clinic - Divulapitiya MOH Central", "hospital_c": "Clinic", "district_n": "Gampaha", "no_of_ward": null }, "geometry": { "type": "Point", "coordinates": [ 80.013688330000036, 7.21562166700005 ] } },
{ "type": "Feature", "properties": { "hospital_n": "Bombuwala Clinic", "hospital_c": "Clinic", "district_n": "Kalutara", "no_of_ward": null }, "geometry": { "type": "Point", "coordinates": [ 80.013976, 6.574045 ] } },
{ "type": "Feature", "properties": { "hospital_n": "Clinic - Gonapola I", "hospital_c": "Clinic", "district_n": "Kalutara", "no_of_ward": null }, "geometry": { "type": "Point", "coordinates": [ 80.014081, 6.764254 ] } },
{ "type": "Feature", "properties": { "hospital_n": "Clinic - Gonapola II", "hospital_c": "Clinic", "district_n": "Kalutara", "no_of_ward": null }, "geometry": { "type": "Point", "coordinates": [ 80.014081, 6.764254 ] } },
{ "type": "Feature", "properties": { "hospital_n": "Divisional Hospital - Nawagamuwa", "hospital_c": "Divisional Hospital", "district_n": "Colombo", "no_of_ward": null }, "geometry": { "type": "Point", "coordinates": [ 80.014275, 6.92214 ] } },
{ "type": "Feature", "properties": { "hospital_n": "Clinic - Nawagamuwa DH", "hospital_c": "Clinic", "district_n": "Colombo", "no_of_ward": null }, "geometry": { "type": "Point", "coordinates": [ 80.014275, 6.92214 ] } },
{ "type": "Feature", "properties": { "hospital_n": "PHM Office-Raigama", "hospital_c": "Clinic", "district_n": "Kalutara", "no_of_ward": null }, "geometry": { "type": "Point", "coordinates": [ 80.014756, 6.722794 ] } },
{ "type": "Feature", "properties": { "hospital_n": "Padagoda Clinic", "hospital_c": "Clinic", "district_n": "Kalutara", "no_of_ward": null }, "geometry": { "type": "Point", "coordinates": [ 80.015094, 6.457074 ] } },
{ "type": "Feature", "properties": { "hospital_n": "Divisional Hospital - Darga Town", "hospital_c": "Divisional Hospital", "district_n": "Kalutara", "no_of_ward": null }, "geometry": { "type": "Point", "coordinates": [ 80.015881, 6.442836 ] } },
{ "type": "Feature", "properties": { "hospital_n": "Malwana Al Mubarak PMCU", "hospital_c": "PMCU", "district_n": "Gampaha", "no_of_ward": null }, "geometry": { "type": "Point", "coordinates": [ 80.016414790000056, 6.954623588000061 ] } },
{ "type": "Feature", "properties": { "hospital_n": "Habarakada Clinic", "hospital_c": "Clinic", "district_n": "Colombo", "no_of_ward": null }, "geometry": { "type": "Point", "coordinates": [ 80.018159480000065, 6.878927754000074 ] } },
{ "type": "Feature", "properties": { "hospital_n": "Bolossagama Clinic", "hospital_c": "Clinic", "district_n": "Kalutara", "no_of_ward": null }, "geometry": { "type": "Point", "coordinates": [ 80.019527, 6.625694 ] } },
{ "type": "Feature", "properties": { "hospital_n": "Warapitiya Clinic", "hospital_c": "Clinic", "district_n": "Kalutara", "no_of_ward": null }, "geometry": { "type": "Point", "coordinates": [ 80.019961, 6.440079 ] } },
{ "type": "Feature", "properties": { "hospital_n": "Walathara Clinic", "hospital_c": "Clinic", "district_n": "Kalutara", "no_of_ward": null }, "geometry": { "type": "Point", "coordinates": [ 80.020478, 6.482049 ] } },
{ "type": "Feature", "properties": { "hospital_n": "Gungamuwa Clinic", "hospital_c": "Clinic", "district_n": "Kalutara", "no_of_ward": null }, "geometry": { "type": "Point", "coordinates": [ 80.02288, 6.70945 ] } },
{ "type": "Feature", "properties": { "hospital_n": "Central Dispensary-Waliweriya", "hospital_c": "PMCU", "district_n": "Gampaha", "no_of_ward": null }, "geometry": { "type": "Point", "coordinates": [ 80.023395700000037, 7.039078500000073 ] } },
{ "type": "Feature", "properties": { "hospital_n": "Clinic Center-Waliweriya", "hospital_c": "Clinic", "district_n": "Gampaha", "no_of_ward": null }, "geometry": { "type": "Point", "coordinates": [ 80.023395700000037, 7.039078500000073 ] } },
{ "type": "Feature", "properties": { "hospital_n": "Halkandawila Clinic", "hospital_c": "Clinic", "district_n": "Kalutara", "no_of_ward": null }, "geometry": { "type": "Point", "coordinates": [ 80.024329, 6.511068 ] } },
{ "type": "Feature", "properties": { "hospital_n": "Clinic Center - Kanduboda", "hospital_c": "Clinic", "district_n": "Gampaha", "no_of_ward": null }, "geometry": { "type": "Point", "coordinates": [ 80.024931670000058, 6.9829 ] } },
{ "type": "Feature", "properties": { "hospital_n": "Godagama Clinic", "hospital_c": "Clinic", "district_n": "Colombo", "no_of_ward": null }, "geometry": { "type": "Point", "coordinates": [ 80.025711260000037, 6.851661513000067 ] } },
{ "type": "Feature", "properties": { "hospital_n": "Cenrtal Dispensary -Bemmulla", "hospital_c": "PMCU", "district_n": "Gampaha", "no_of_ward": null }, "geometry": { "type": "Point", "coordinates": [ 80.025859500000081, 7.121316800000045 ] } },
{ "type": "Feature", "properties": { "hospital_n": "Clinic Center -Bemmulla", "hospital_c": "Clinic", "district_n": "Gampaha", "no_of_ward": null }, "geometry": { "type": "Point", "coordinates": [ 80.025859500000081, 7.121316800000045 ] } },
{ "type": "Feature", "properties": { "hospital_n": "Clinic Center, Balagalla", "hospital_c": "Clinic", "district_n": "Gampaha", "no_of_ward": null }, "geometry": { "type": "Point", "coordinates": [ 80.02767, 7.23710333300005 ] } },
{ "type": "Feature", "properties": { "hospital_n": "Dedigamuwa PMCU", "hospital_c": "PMCU", "district_n": "Colombo", "no_of_ward": null }, "geometry": { "type": "Point", "coordinates": [ 80.027982, 6.891845 ] } },
{ "type": "Feature", "properties": { "hospital_n": "Clinic - Dedigamuwa CD", "hospital_c": "Clinic", "district_n": "Colombo", "no_of_ward": null }, "geometry": { "type": "Point", "coordinates": [ 80.027982, 6.891845 ] } },
{ "type": "Feature", "properties": { "hospital_n": "Clinic - Pokunuwita I", "hospital_c": "Clinic", "district_n": "Kalutara", "no_of_ward": null }, "geometry": { "type": "Point", "coordinates": [ 80.029176, 6.724038 ] } },
{ "type": "Feature", "properties": { "hospital_n": "Clinic - Pokunuwita II", "hospital_c": "Clinic", "district_n": "Kalutara", "no_of_ward": null }, "geometry": { "type": "Point", "coordinates": [ 80.029176, 6.724038 ] } },
{ "type": "Feature", "properties": { "hospital_n": "Clinic - Madurawala MOH Central", "hospital_c": "Clinic", "district_n": "Kalutara", "no_of_ward": null }, "geometry": { "type": "Point", "coordinates": [ 80.057887, 6.654696 ] } },
{ "type": "Feature", "properties": { "hospital_n": "Clinic Center, Polhena Clinic Center", "hospital_c": "Clinic", "district_n": "Gampaha", "no_of_ward": null }, "geometry": { "type": "Point", "coordinates": [ 80.030903330000058, 7.293261667000024 ] } },
{ "type": "Feature", "properties": { "hospital_n": "Pitipana Clinic", "hospital_c": "Clinic", "district_n": "Colombo", "no_of_ward": null }, "geometry": { "type": "Point", "coordinates": [ 80.030975590000082, 6.822930984000038 ] } },
{ "type": "Feature", "properties": { "hospital_n": "Clinic Center-Yakkala 1", "hospital_c": "Clinic", "district_n": "Gampaha", "no_of_ward": null }, "geometry": { "type": "Point", "coordinates": [ 80.030978700000048, 7.084037800000033 ] } },
{ "type": "Feature", "properties": { "hospital_n": "Clinic Center-Yakkala 2", "hospital_c": "Clinic", "district_n": "Gampaha", "no_of_ward": null }, "geometry": { "type": "Point", "coordinates": [ 80.030978700000048, 7.084037800000033 ] } },
{ "type": "Feature", "properties": { "hospital_n": "Clinic Center-Baduwathugoda", "hospital_c": "Clinic", "district_n": "Gampaha", "no_of_ward": null }, "geometry": { "type": "Point", "coordinates": [ 80.031007900000077, 7.111767500000042 ] } },
{ "type": "Feature", "properties": { "hospital_n": "Divisional Hospital-Galpatha", "hospital_c": "Divisional Hospital", "district_n": "Kalutara", "no_of_ward": null }, "geometry": { "type": "Point", "coordinates": [ 80.033176, 6.635058 ] } },
{ "type": "Feature", "properties": { "hospital_n": "MOH Office-Millaniya", "hospital_c": "MOH Office", "district_n": "Kalutara", "no_of_ward": null }, "geometry": { "type": "Point", "coordinates": [ 80.034091, 6.692213 ] } },
{ "type": "Feature", "properties": { "hospital_n": "Clinic - Millaniya MOH Central", "hospital_c": "Clinic", "district_n": "Kalutara", "no_of_ward": null }, "geometry": { "type": "Point", "coordinates": [ 80.034091, 6.692213 ] } },
{ "type": "Feature", "properties": { "hospital_n": "Divisional Hospital-Halthota", "hospital_c": "Divisional Hospital", "district_n": "Kalutara", "no_of_ward": null }, "geometry": { "type": "Point", "coordinates": [ 80.034409, 6.692054 ] } },
{ "type": "Feature", "properties": { "hospital_n": "Clinic - Halthota CD", "hospital_c": "Clinic", "district_n": "Kalutara", "no_of_ward": null }, "geometry": { "type": "Point", "coordinates": [ 80.034409, 6.692054 ] } },
{ "type": "Feature", "properties": { "hospital_n": "Kithulawila Clinic", "hospital_c": "Clinic", "district_n": "Colombo", "no_of_ward": null }, "geometry": { "type": "Point", "coordinates": [ 80.034576720000075, 6.802040902000044 ] } },
{ "type": "Feature", "properties": { "hospital_n": "Clinic Center - Kinigama", "hospital_c": "Clinic", "district_n": "Gampaha", "no_of_ward": null }, "geometry": { "type": "Point", "coordinates": [ 80.034616670000048, 7.066858333000027 ] } },
{ "type": "Feature", "properties": { "hospital_n": "Divisional Hospital C - Dodangoda", "hospital_c": "Divisional Hospital", "district_n": "Kalutara", "no_of_ward": null }, "geometry": { "type": "Point", "coordinates": [ 80.036352, 6.540743 ] } },
{ "type": "Feature", "properties": { "hospital_n": "Wilpatha Clinic", "hospital_c": "Clinic", "district_n": "Kalutara", "no_of_ward": null }, "geometry": { "type": "Point", "coordinates": [ 80.036475, 6.540561 ] } },
{ "type": "Feature", "properties": { "hospital_n": "MOH Office-Dodangoda", "hospital_c": "MOH Office", "district_n": "Kalutara", "no_of_ward": null }, "geometry": { "type": "Point", "coordinates": [ 80.03661, 6.540457 ] } },
{ "type": "Feature", "properties": { "hospital_n": "Clinic - Dodangoda 1", "hospital_c": "Clinic", "district_n": "Kalutara", "no_of_ward": null }, "geometry": { "type": "Point", "coordinates": [ 80.03661, 6.540457 ] } },
{ "type": "Feature", "properties": { "hospital_n": "Clinic - Dodangoda 2", "hospital_c": "Clinic", "district_n": "Kalutara", "no_of_ward": null }, "geometry": { "type": "Point", "coordinates": [ 80.03661, 6.540457 ] } },
{ "type": "Feature", "properties": { "hospital_n": "Clinic - Dodangoda 3", "hospital_c": "Clinic", "district_n": "Kalutara", "no_of_ward": null }, "geometry": { "type": "Point", "coordinates": [ 80.03661, 6.540457 ] } },
{ "type": "Feature", "properties": { "hospital_n": "Clinic - Dodangoda MOH Central", "hospital_c": "Clinic", "district_n": "Kalutara", "no_of_ward": null }, "geometry": { "type": "Point", "coordinates": [ 80.03661, 6.540457 ] } },
{ "type": "Feature", "properties": { "hospital_n": "Clinic Center - Etikehelgalla", "hospital_c": "Clinic", "district_n": "Gampaha", "no_of_ward": null }, "geometry": { "type": "Point", "coordinates": [ 80.03697, 7.024633333000054 ] } },
{ "type": "Feature", "properties": { "hospital_n": "Clinic - Thalagala", "hospital_c": "Clinic", "district_n": "Kalutara", "no_of_ward": null }, "geometry": { "type": "Point", "coordinates": [ 80.037221, 6.783842 ] } },
{ "type": "Feature", "properties": { "hospital_n": "Welikala Clinic", "hospital_c": "Clinic", "district_n": "Kalutara", "no_of_ward": null }, "geometry": { "type": "Point", "coordinates": [ 80.03731, 6.700333 ] } },
{ "type": "Feature", "properties": { "hospital_n": "Henawatta Clinic", "hospital_c": "Clinic", "district_n": "Colombo", "no_of_ward": null }, "geometry": { "type": "Point", "coordinates": [ 80.039027360000034, 6.857020294000051 ] } },
{ "type": "Feature", "properties": { "hospital_n": "Yatawara Clinic", "hospital_c": "Clinic", "district_n": "Kalutara", "no_of_ward": null }, "geometry": { "type": "Point", "coordinates": [ 80.039638, 6.600055 ] } },
{ "type": "Feature", "properties": { "hospital_n": "Clinic Center-Wataddara", "hospital_c": "Clinic", "district_n": "Gampaha", "no_of_ward": null }, "geometry": { "type": "Point", "coordinates": [ 80.043684, 7.156946 ] } },
{ "type": "Feature", "properties": { "hospital_n": "Jalthara Clinic", "hospital_c": "Clinic", "district_n": "Colombo", "no_of_ward": null }, "geometry": { "type": "Point", "coordinates": [ 80.045264850000081, 6.900434548000021 ] } },
{ "type": "Feature", "properties": { "hospital_n": "Clinic - Jalthara", "hospital_c": "Clinic", "district_n": "Colombo", "no_of_ward": null }, "geometry": { "type": "Point", "coordinates": [ 80.045308, 6.900505 ] } },
{ "type": "Feature", "properties": { "hospital_n": "Owitigama Clinic", "hospital_c": "Clinic", "district_n": "Colombo", "no_of_ward": null }, "geometry": { "type": "Point", "coordinates": [ 80.047729900000036, 6.837141406000057 ] } },
{ "type": "Feature", "properties": { "hospital_n": "Eladuwa Clinic", "hospital_c": "Clinic", "district_n": "Kalutara", "no_of_ward": null }, "geometry": { "type": "Point", "coordinates": [ 80.047785, 6.502735 ] } },
{ "type": "Feature", "properties": { "hospital_n": "Central Dispensary - Meegoda", "hospital_c": "PMCU", "district_n": "Colombo", "no_of_ward": null }, "geometry": { "type": "Point", "coordinates": [ 80.058508890000041, 6.854608312000039 ] } },
{ "type": "Feature", "properties": { "hospital_n": "Bondupitiya Clinic", "hospital_c": "Clinic", "district_n": "Kalutara", "no_of_ward": null }, "geometry": { "type": "Point", "coordinates": [ 80.049056, 6.44652 ] } },
{ "type": "Feature", "properties": { "hospital_n": "Beruketiya Clinic", "hospital_c": "Clinic", "district_n": "Colombo", "no_of_ward": null }, "geometry": { "type": "Point", "coordinates": [ 80.050549690000082, 6.805484598000021 ] } },
{ "type": "Feature", "properties": { "hospital_n": "Dampe Clinic", "hospital_c": "Clinic", "district_n": "Colombo", "no_of_ward": null }, "geometry": { "type": "Point", "coordinates": [ 80.05084037000006, 6.826439618000052 ] } },
{ "type": "Feature", "properties": { "hospital_n": "Central Dispensary-Kalagedihena", "hospital_c": "PMCU", "district_n": "Gampaha", "no_of_ward": null }, "geometry": { "type": "Point", "coordinates": [ 80.05431290000007, 7.114402 ] } },
{ "type": "Feature", "properties": { "hospital_n": "Clinic Center-Kalagedihena", "hospital_c": "Clinic", "district_n": "Gampaha", "no_of_ward": null }, "geometry": { "type": "Point", "coordinates": [ 80.05431290000007, 7.114402 ] } },
{ "type": "Feature", "properties": { "hospital_n": "Clinic - Kananwila", "hospital_c": "Clinic", "district_n": "Kalutara", "no_of_ward": null }, "geometry": { "type": "Point", "coordinates": [ 80.054442, 6.760237 ] } },
{ "type": "Feature", "properties": { "hospital_n": "Clinic Center-Koskandawala", "hospital_c": "Clinic", "district_n": "Gampaha", "no_of_ward": null }, "geometry": { "type": "Point", "coordinates": [ 80.055146400000069, 7.080334500000049 ] } },
{ "type": "Feature", "properties": { "hospital_n": "Clinic Center - Mapitigama(Udumapitigama)", "hospital_c": "Clinic", "district_n": "Gampaha", "no_of_ward": null }, "geometry": { "type": "Point", "coordinates": [ 80.055898330000048, 6.914921667000044 ] } },
{ "type": "Feature", "properties": { "hospital_n": "Thebuwana Clinic", "hospital_c": "Clinic", "district_n": "Kalutara", "no_of_ward": null }, "geometry": { "type": "Point", "coordinates": [ 80.057569, 6.592174 ] } },
{ "type": "Feature", "properties": { "hospital_n": "Atigala Clinic", "hospital_c": "Clinic", "district_n": "Colombo", "no_of_ward": null }, "geometry": { "type": "Point", "coordinates": [ 80.057688540000072, 6.904066690000036 ] } },
{ "type": "Feature", "properties": { "hospital_n": "Kesellenawa Clinic", "hospital_c": "Clinic", "district_n": "Kalutara", "no_of_ward": null }, "geometry": { "type": "Point", "coordinates": [ 80.057763, 6.654552 ] } },
{ "type": "Feature", "properties": { "hospital_n": "MOH Office-Madurawala", "hospital_c": "MOH Office", "district_n": "Kalutara", "no_of_ward": null }, "geometry": { "type": "Point", "coordinates": [ 80.057887, 6.654696 ] } },
{ "type": "Feature", "properties": { "hospital_n": "Clinic - Meegoda CD", "hospital_c": "Clinic", "district_n": "Colombo", "no_of_ward": null }, "geometry": { "type": "Point", "coordinates": [ 80.058508890000041, 6.854608312000039 ] } },
{ "type": "Feature", "properties": { "hospital_n": "Central Dispensary-Muddaragama", "hospital_c": "PMCU", "district_n": "Gampaha", "no_of_ward": null }, "geometry": { "type": "Point", "coordinates": [ 80.058953, 7.212099300000034 ] } },
{ "type": "Feature", "properties": { "hospital_n": "Clinic Center-Muddaragama", "hospital_c": "Clinic", "district_n": "Gampaha", "no_of_ward": null }, "geometry": { "type": "Point", "coordinates": [ 80.058953, 7.212099300000034 ] } },
{ "type": "Feature", "properties": { "hospital_n": "Divisional Hospital-Dompe", "hospital_c": "PMCU", "district_n": "Gampaha", "no_of_ward": null }, "geometry": { "type": "Point", "coordinates": [ 80.059297300000082, 6.949895531000038 ] } },
{ "type": "Feature", "properties": { "hospital_n": "Clinic - Dompe DH", "hospital_c": "Clinic", "district_n": "Gampaha", "no_of_ward": null }, "geometry": { "type": "Point", "coordinates": [ 80.059297300000082, 6.949895531000038 ] } },
{ "type": "Feature", "properties": { "hospital_n": "Viweka Hospital", "hospital_c": "Other Health Institute", "district_n": "Gampaha", "no_of_ward": null }, "geometry": { "type": "Point", "coordinates": [ 80.060106900000051, 7.153003100000035 ] } },
{ "type": "Feature", "properties": { "hospital_n": "Central Dispensary-Maligatenna", "hospital_c": "PMCU", "district_n": "Gampaha", "no_of_ward": null }, "geometry": { "type": "Point", "coordinates": [ 80.060329600000046, 7.179737800000055 ] } },
{ "type": "Feature", "properties": { "hospital_n": "Clinic Center-Maligatenna", "hospital_c": "Clinic", "district_n": "Gampaha", "no_of_ward": null }, "geometry": { "type": "Point", "coordinates": [ 80.060329600000046, 7.179737800000055 ] } },
{ "type": "Feature", "properties": { "hospital_n": "Central Clinic-Veyangoda", "hospital_c": "Clinic", "district_n": "Gampaha", "no_of_ward": null }, "geometry": { "type": "Point", "coordinates": [ 80.062792, 7.154108 ] } },
{ "type": "Feature", "properties": { "hospital_n": "MOH Office Attanagalla", "hospital_c": "MOH Office", "district_n": "Gampaha", "no_of_ward": null }, "geometry": { "type": "Point", "coordinates": [ 80.062792, 7.154108 ] } },
{ "type": "Feature", "properties": { "hospital_n": "Cenrtal Dispensary -Veyangoda", "hospital_c": "PMCU", "district_n": "Gampaha", "no_of_ward": null }, "geometry": { "type": "Point", "coordinates": [ 80.062927, 7.153946 ] } },
{ "type": "Feature", "properties": { "hospital_n": "Central Despensary, Kotadeniyawa", "hospital_c": "PMCU", "district_n": "Gampaha", "no_of_ward": null }, "geometry": { "type": "Point", "coordinates": [ 80.06405833000008, 7.284316667000041 ] } },
{ "type": "Feature", "properties": { "hospital_n": "Clinic Center, Kotadeniyawa", "hospital_c": "Clinic", "district_n": "Gampaha", "no_of_ward": null }, "geometry": { "type": "Point", "coordinates": [ 80.06405833000008, 7.284316667000041 ] } },
{ "type": "Feature", "properties": { "hospital_n": "Watareka Clinic", "hospital_c": "Clinic", "district_n": "Colombo", "no_of_ward": null }, "geometry": { "type": "Point", "coordinates": [ 80.065561110000033, 6.84540355300004 ] } },
{ "type": "Feature", "properties": { "hospital_n": "Ritikatiya Clinic", "hospital_c": "Clinic", "district_n": "Kalutara", "no_of_ward": null }, "geometry": { "type": "Point", "coordinates": [ 80.065631, 6.436925 ] } },
{ "type": "Feature", "properties": { "hospital_n": "Base Hospital-Horana", "hospital_c": "Base Hospital", "district_n": "Kalutara", "no_of_ward": null }, "geometry": { "type": "Point", "coordinates": [ 80.06626, 6.711058 ] } },
{ "type": "Feature", "properties": { "hospital_n": "Uduwara Clinic", "hospital_c": "Clinic", "district_n": "Kalutara", "no_of_ward": null }, "geometry": { "type": "Point", "coordinates": [ 80.06734, 6.623309 ] } },
{ "type": "Feature", "properties": { "hospital_n": "Clinic - Horana MOH Central", "hospital_c": "Clinic", "district_n": "Kalutara", "no_of_ward": null }, "geometry": { "type": "Point", "coordinates": [ 80.067765, 6.713117 ] } },
{ "type": "Feature", "properties": { "hospital_n": "Horana MOH Office", "hospital_c": "MOH Office", "district_n": "Kalutara", "no_of_ward": null }, "geometry": { "type": "Point", "coordinates": [ 80.067765, 6.713117 ] } },
{ "type": "Feature", "properties": { "hospital_n": "Clinic Center - Malwathuhiripitiya", "hospital_c": "Clinic", "district_n": "Gampaha", "no_of_ward": null }, "geometry": { "type": "Point", "coordinates": [ 80.068406, 7.056581 ] } },
{ "type": "Feature", "properties": { "hospital_n": "Divisional Hospital C - Malwathuhiripitiya", "hospital_c": "Divisional Hospital", "district_n": "Gampaha", "no_of_ward": null }, "geometry": { "type": "Point", "coordinates": [ 80.06855, 7.05641 ] } },
{ "type": "Feature", "properties": { "hospital_n": "Clinic Center - Putupagala", "hospital_c": "Clinic", "district_n": "Gampaha", "no_of_ward": null }, "geometry": { "type": "Point", "coordinates": [ 80.06882, 6.984495 ] } },
{ "type": "Feature", "properties": { "hospital_n": "Yatadola & Bopitiya Clinic", "hospital_c": "Clinic", "district_n": "Kalutara", "no_of_ward": null }, "geometry": { "type": "Point", "coordinates": [ 80.069567, 6.520708 ] } },
{ "type": "Feature", "properties": { "hospital_n": "Divisional Hospital-Narthupana", "hospital_c": "Divisional Hospital", "district_n": "Kalutara", "no_of_ward": null }, "geometry": { "type": "Point", "coordinates": [ 80.070515, 6.625261 ] } },
{ "type": "Feature", "properties": { "hospital_n": "Cenrtal Dispensary -Thihariya", "hospital_c": "PMCU", "district_n": "Gampaha", "no_of_ward": null }, "geometry": { "type": "Point", "coordinates": [ 80.070843400000058, 7.119993500000021 ] } },
{ "type": "Feature", "properties": { "hospital_n": "Clinic Center -Thihariya", "hospital_c": "Clinic", "district_n": "Gampaha", "no_of_ward": null }, "geometry": { "type": "Point", "coordinates": [ 80.070843400000058, 7.119993500000021 ] } },
{ "type": "Feature", "properties": { "hospital_n": "Neuchatteal State Hospital", "hospital_c": "Other Health Institute", "district_n": "Kalutara", "no_of_ward": null }, "geometry": { "type": "Point", "coordinates": [ 80.072334, 6.625507 ] } },
{ "type": "Feature", "properties": { "hospital_n": "Horagala Clinic", "hospital_c": "Clinic", "district_n": "Colombo", "no_of_ward": null }, "geometry": { "type": "Point", "coordinates": [ 80.072861540000076, 6.811521981000055 ] } },
{ "type": "Feature", "properties": { "hospital_n": "Clinic Center-Kottala", "hospital_c": "Clinic", "district_n": "Gampaha", "no_of_ward": null }, "geometry": { "type": "Point", "coordinates": [ 80.072863, 7.173194400000057 ] } },
{ "type": "Feature", "properties": { "hospital_n": "Clinic Center - Ranawirugama", "hospital_c": "Clinic", "district_n": "Gampaha", "no_of_ward": null }, "geometry": { "type": "Point", "coordinates": [ 80.073928330000058, 7.009925 ] } },
{ "type": "Feature", "properties": { "hospital_n": "Ballapitiya Clinic", "hospital_c": "Clinic", "district_n": "Kalutara", "no_of_ward": null }, "geometry": { "type": "Point", "coordinates": [ 80.074828, 6.690247 ] } },
{ "type": "Feature", "properties": { "hospital_n": "Madurawala Clinic", "hospital_c": "Clinic", "district_n": "Kalutara", "no_of_ward": null }, "geometry": { "type": "Point", "coordinates": [ 80.077133, 6.649013 ] } },
{ "type": "Feature", "properties": { "hospital_n": "Neboda Clinic", "hospital_c": "Clinic", "district_n": "Kalutara", "no_of_ward": null }, "geometry": { "type": "Point", "coordinates": [ 80.077641, 6.59281 ] } },
{ "type": "Feature", "properties": { "hospital_n": "Clinic Center-Gadalla", "hospital_c": "Clinic", "district_n": "Gampaha", "no_of_ward": null }, "geometry": { "type": "Point", "coordinates": [ 80.078274200000067, 7.117513900000063 ] } },
{ "type": "Feature", "properties": { "hospital_n": "Walagedara Clinic", "hospital_c": "Clinic", "district_n": "Kalutara", "no_of_ward": null }, "geometry": { "type": "Point", "coordinates": [ 80.078685, 6.452381 ] } },
{ "type": "Feature", "properties": { "hospital_n": "Clinic Center-Koshena", "hospital_c": "Clinic", "district_n": "Gampaha", "no_of_ward": null }, "geometry": { "type": "Point", "coordinates": [ 80.079425800000081, 7.091403500000069 ] } },
{ "type": "Feature", "properties": { "hospital_n": "Clinic Center, Kaluaggala", "hospital_c": "Clinic", "district_n": "Gampaha", "no_of_ward": null }, "geometry": { "type": "Point", "coordinates": [ 80.08008, 7.24944 ] } },
{ "type": "Feature", "properties": { "hospital_n": "Divisional Hospital -Ittapana", "hospital_c": "Divisional Hospital", "district_n": "Kalutara", "no_of_ward": null }, "geometry": { "type": "Point", "coordinates": [ 80.080694910000034, 6.410503309000035 ] } },
{ "type": "Feature", "properties": { "hospital_n": "Clinic - Ittapana DH", "hospital_c": "Clinic", "district_n": "Kalutara", "no_of_ward": null }, "geometry": { "type": "Point", "coordinates": [ 80.080694910000034, 6.410503309000035 ] } },
{ "type": "Feature", "properties": { "hospital_n": "Clinic - Dikhena", "hospital_c": "Clinic", "district_n": "Kalutara", "no_of_ward": null }, "geometry": { "type": "Point", "coordinates": [ 80.081031, 6.716079 ] } },
{ "type": "Feature", "properties": { "hospital_n": "Clinic Center - Mahawalawaththa", "hospital_c": "Clinic", "district_n": "Gampaha", "no_of_ward": null }, "geometry": { "type": "Point", "coordinates": [ 80.081541670000036, 6.935666667000021 ] } },
{ "type": "Feature", "properties": { "hospital_n": "Clinic - Millawa", "hospital_c": "Clinic", "district_n": "Kalutara", "no_of_ward": null }, "geometry": { "type": "Point", "coordinates": [ 80.083423, 6.798869 ] } },
{ "type": "Feature", "properties": { "hospital_n": "Nauththuduwa Clinic", "hospital_c": "Clinic", "district_n": "Kalutara", "no_of_ward": null }, "geometry": { "type": "Point", "coordinates": [ 80.084633, 6.488957 ] } },
{ "type": "Feature", "properties": { "hospital_n": "Katugahahena Divisional Hospital", "hospital_c": "Divisional Hospital", "district_n": "Kalutara", "no_of_ward": null }, "geometry": { "type": "Point", "coordinates": [ 80.084704290000047, 6.489182914000025 ] } },
{ "type": "Feature", "properties": { "hospital_n": "Clinic - Katugahahena DH", "hospital_c": "Clinic", "district_n": "Kalutara", "no_of_ward": null }, "geometry": { "type": "Point", "coordinates": [ 80.084704290000047, 6.489182914000025 ] } },
{ "type": "Feature", "properties": { "hospital_n": "Thunnana Clinic", "hospital_c": "Clinic", "district_n": "Colombo", "no_of_ward": null }, "geometry": { "type": "Point", "coordinates": [ 80.084853690000045, 6.883385137000062 ] } },
{ "type": "Feature", "properties": { "hospital_n": "Hanwella Clinic", "hospital_c": "Clinic", "district_n": "Colombo", "no_of_ward": null }, "geometry": { "type": "Point", "coordinates": [ 80.088395, 6.897281480000061 ] } },
{ "type": "Feature", "properties": { "hospital_n": "Central Dispensery - Hanwella", "hospital_c": "PMCU", "district_n": "Colombo", "no_of_ward": null }, "geometry": { "type": "Point", "coordinates": [ 80.088395, 6.897281480000061 ] } },
{ "type": "Feature", "properties": { "hospital_n": "Clinic Center-Horagollagama", "hospital_c": "Clinic", "district_n": "Gampaha", "no_of_ward": null }, "geometry": { "type": "Point", "coordinates": [ 80.089329200000066, 7.140006200000073 ] } },
{ "type": "Feature", "properties": { "hospital_n": "Padukka Clinic", "hospital_c": "Clinic", "district_n": "Colombo", "no_of_ward": null }, "geometry": { "type": "Point", "coordinates": [ 80.089405600000077, 6.840257295000072 ] } },
{ "type": "Feature", "properties": { "hospital_n": "Padukka Hospital", "hospital_c": "Divisional Hospital", "district_n": "Colombo", "no_of_ward": null }, "geometry": { "type": "Point", "coordinates": [ 80.089417, 6.840294 ] } },
{ "type": "Feature", "properties": { "hospital_n": "Clinic - Padukka DH", "hospital_c": "Clinic", "district_n": "Colombo", "no_of_ward": null }, "geometry": { "type": "Point", "coordinates": [ 80.089417880000042, 6.840294142000062 ] } },
{ "type": "Feature", "properties": { "hospital_n": "Vimalasooriya Hospital (Pvt)", "hospital_c": "Other Health Institute", "district_n": "Gampaha", "no_of_ward": null }, "geometry": { "type": "Point", "coordinates": [ 80.091956700000082, 7.144218900000055 ] } },
{ "type": "Feature", "properties": { "hospital_n": "Padukka MOH Office", "hospital_c": "MOH Office", "district_n": "Colombo", "no_of_ward": null }, "geometry": { "type": "Point", "coordinates": [ 80.093486020000057, 6.839644633000034 ] } },
{ "type": "Feature", "properties": { "hospital_n": "Clinic - Padukka MOH Central", "hospital_c": "Clinic", "district_n": "Colombo", "no_of_ward": null }, "geometry": { "type": "Point", "coordinates": [ 80.093486020000057, 6.839644633000034 ] } },
{ "type": "Feature", "properties": { "hospital_n": "Sirisanda Samupa Suwasewana Hospital", "hospital_c": "Other Health Institute", "district_n": "Gampaha", "no_of_ward": null }, "geometry": { "type": "Point", "coordinates": [ 80.093703700000049, 7.144304800000043 ] } },
{ "type": "Feature", "properties": { "hospital_n": "Clinic Center, Kithulwala", "hospital_c": "Clinic", "district_n": "Gampaha", "no_of_ward": null }, "geometry": { "type": "Point", "coordinates": [ 80.094366670000056, 7.239218333000053 ] } },
{ "type": "Feature", "properties": { "hospital_n": "NarawilaClinic", "hospital_c": "Clinic", "district_n": "Kalutara", "no_of_ward": null }, "geometry": { "type": "Point", "coordinates": [ 80.101838, 6.503587 ] } },
{ "type": "Feature", "properties": { "hospital_n": "Central Dispensary-Pallewela", "hospital_c": "PMCU", "district_n": "Gampaha", "no_of_ward": null }, "geometry": { "type": "Point", "coordinates": [ 80.094549800000038, 7.197562800000071 ] } },
{ "type": "Feature", "properties": { "hospital_n": "Clinic Center-Pallewela", "hospital_c": "Clinic", "district_n": "Gampaha", "no_of_ward": null }, "geometry": { "type": "Point", "coordinates": [ 80.094549800000038, 7.197562800000071 ] } },
{ "type": "Feature", "properties": { "hospital_n": "Clinic Center - Mandawala", "hospital_c": "Clinic", "district_n": "Gampaha", "no_of_ward": null }, "geometry": { "type": "Point", "coordinates": [ 80.096295, 7.000407 ] } },
{ "type": "Feature", "properties": { "hospital_n": "Central Dispensary - Mandawala", "hospital_c": "PMCU", "district_n": "Gampaha", "no_of_ward": null }, "geometry": { "type": "Point", "coordinates": [ 80.096295, 7.000407 ] } },
{ "type": "Feature", "properties": { "hospital_n": "Mandawala PMCU", "hospital_c": "PMCU", "district_n": "Gampaha", "no_of_ward": null }, "geometry": { "type": "Point", "coordinates": [ 80.096357770000054, 7.000335852000035 ] } },
{ "type": "Feature", "properties": { "hospital_n": "Kandana Clinic", "hospital_c": "Clinic", "district_n": "Kalutara", "no_of_ward": null }, "geometry": { "type": "Point", "coordinates": [ 80.097228, 6.70256 ] } },
{ "type": "Feature", "properties": { "hospital_n": "Clinic - Meewanapalana", "hospital_c": "Clinic", "district_n": "Kalutara", "no_of_ward": null }, "geometry": { "type": "Point", "coordinates": [ 80.097341, 6.736234 ] } },
{ "type": "Feature", "properties": { "hospital_n": "Warakagoda CD Clinic", "hospital_c": "Clinic", "district_n": "Kalutara", "no_of_ward": null }, "geometry": { "type": "Point", "coordinates": [ 80.097889, 6.63071 ] } },
{ "type": "Feature", "properties": { "hospital_n": "Warakagoda PMCU", "hospital_c": "PMCU", "district_n": "Kalutara", "no_of_ward": null }, "geometry": { "type": "Point", "coordinates": [ 80.097902, 6.630997 ] } },
{ "type": "Feature", "properties": { "hospital_n": "Divisional Hospital B - Radawana", "hospital_c": "Divisional Hospital", "district_n": "Gampaha", "no_of_ward": null }, "geometry": { "type": "Point", "coordinates": [ 80.10021, 7.03262333300006 ] } },
{ "type": "Feature", "properties": { "hospital_n": "Clinic - Radawana DH", "hospital_c": "Clinic", "district_n": "Gampaha", "no_of_ward": null }, "geometry": { "type": "Point", "coordinates": [ 80.10021, 7.03262333300006 ] } },
{ "type": "Feature", "properties": { "hospital_n": "Clinic Center - Radawana", "hospital_c": "Clinic", "district_n": "Gampaha", "no_of_ward": null }, "geometry": { "type": "Point", "coordinates": [ 80.100308330000075, 7.03253333300006 ] } },
{ "type": "Feature", "properties": { "hospital_n": "Clinic Center-Ogodapola", "hospital_c": "Clinic", "district_n": "Gampaha", "no_of_ward": null }, "geometry": { "type": "Point", "coordinates": [ 80.102547300000083, 7.095792300000028 ] } },
{ "type": "Feature", "properties": { "hospital_n": "Central Dispensary-Bokalagama", "hospital_c": "PMCU", "district_n": "Gampaha", "no_of_ward": null }, "geometry": { "type": "Point", "coordinates": [ 80.102852600000062, 7.215335 ] } },
{ "type": "Feature", "properties": { "hospital_n": "Clinic Center-Bokalagama", "hospital_c": "Clinic", "district_n": "Gampaha", "no_of_ward": null }, "geometry": { "type": "Point", "coordinates": [ 80.102852600000062, 7.215335 ] } },
{ "type": "Feature", "properties": { "hospital_n": "Clinic - Pannila", "hospital_c": "Clinic", "district_n": "Kalutara", "no_of_ward": null }, "geometry": { "type": "Point", "coordinates": [ 80.103263, 6.439844 ] } },
{ "type": "Feature", "properties": { "hospital_n": "Clinic Center-Dampillawa", "hospital_c": "Clinic", "district_n": "Gampaha", "no_of_ward": null }, "geometry": { "type": "Point", "coordinates": [ 80.104470400000082, 7.194599500000038 ] } },
{ "type": "Feature", "properties": { "hospital_n": "Welipanna Clinic", "hospital_c": "Clinic", "district_n": "Kalutara", "no_of_ward": null }, "geometry": { "type": "Point", "coordinates": [ 80.105616, 6.459572 ] } },
{ "type": "Feature", "properties": { "hospital_n": "Clinic Center-Rukmale", "hospital_c": "Clinic", "district_n": "Gampaha", "no_of_ward": null }, "geometry": { "type": "Point", "coordinates": [ 80.105726300000072, 7.082608500000049 ] } },
{ "type": "Feature", "properties": { "hospital_n": "Niripola Clinic", "hospital_c": "Clinic", "district_n": "Colombo", "no_of_ward": null }, "geometry": { "type": "Point", "coordinates": [ 80.106076560000076, 6.905414450000023 ] } },
{ "type": "Feature", "properties": { "hospital_n": "Iddagoda Clinic", "hospital_c": "Clinic", "district_n": "Kalutara", "no_of_ward": null }, "geometry": { "type": "Point", "coordinates": [ 80.106186, 6.557497 ] } },
{ "type": "Feature", "properties": { "hospital_n": "Clinic Center- Ranpokunugama", "hospital_c": "Clinic", "district_n": "Gampaha", "no_of_ward": null }, "geometry": { "type": "Point", "coordinates": [ 80.106224800000064, 7.131322900000043 ] } },
{ "type": "Feature", "properties": { "hospital_n": "Clinic Center-Kaleliya", "hospital_c": "Clinic", "district_n": "Gampaha", "no_of_ward": null }, "geometry": { "type": "Point", "coordinates": [ 80.107539, 7.198741600000062 ] } },
{ "type": "Feature", "properties": { "hospital_n": "Pahala Naragala Clinic", "hospital_c": "Clinic", "district_n": "Kalutara", "no_of_ward": null }, "geometry": { "type": "Point", "coordinates": [ 80.108005, 6.678916 ] } },
{ "type": "Feature", "properties": { "hospital_n": "Base Hospital-Wathupitiwala", "hospital_c": "Base Hospital", "district_n": "Gampaha", "no_of_ward": null }, "geometry": { "type": "Point", "coordinates": [ 80.108805400000051, 7.123770700000023 ] } },
{ "type": "Feature", "properties": { "hospital_n": "PMCU - Halpe,Meerigama", "hospital_c": "PMCU", "district_n": "Gampaha", "no_of_ward": null }, "geometry": { "type": "Point", "coordinates": [ 80.10909, 7.263741667000033 ] } },
{ "type": "Feature", "properties": { "hospital_n": "Malagala Clinic", "hospital_c": "Clinic", "district_n": "Colombo", "no_of_ward": null }, "geometry": { "type": "Point", "coordinates": [ 80.109264320000079, 6.789237658000047 ] } },
{ "type": "Feature", "properties": { "hospital_n": "Clinic Center- Nalla", "hospital_c": "Clinic", "district_n": "Gampaha", "no_of_ward": null }, "geometry": { "type": "Point", "coordinates": [ 80.109858600000052, 7.31845990000005 ] } },
{ "type": "Feature", "properties": { "hospital_n": "PMCU Kal - eliya", "hospital_c": "PMCU", "district_n": "Gampaha", "no_of_ward": null }, "geometry": { "type": "Point", "coordinates": [ 80.110692, 7.195051 ] } },
{ "type": "Feature", "properties": { "hospital_n": "Mulaketiya Clinic", "hospital_c": "Clinic", "district_n": "Kalutara", "no_of_ward": null }, "geometry": { "type": "Point", "coordinates": [ 80.111209, 6.466693 ] } },
{ "type": "Feature", "properties": { "hospital_n": "Bandaranayaka Hospital", "hospital_c": "Other Health Institute", "district_n": "Gampaha", "no_of_ward": null }, "geometry": { "type": "Point", "coordinates": [ 80.111688600000036, 7.12623190000005 ] } },
{ "type": "Feature", "properties": { "hospital_n": "Clinic Center - Anuragoda", "hospital_c": "Clinic", "district_n": "Gampaha", "no_of_ward": null }, "geometry": { "type": "Point", "coordinates": [ 80.112596, 7.007964 ] } },
{ "type": "Feature", "properties": { "hospital_n": "Central Dispensary - Anuragoda", "hospital_c": "PMCU", "district_n": "Gampaha", "no_of_ward": null }, "geometry": { "type": "Point", "coordinates": [ 80.112596, 7.007964 ] } },
{ "type": "Feature", "properties": { "hospital_n": "Clinic Center-Kahatovita", "hospital_c": "Clinic", "district_n": "Gampaha", "no_of_ward": null }, "geometry": { "type": "Point", "coordinates": [ 80.112742700000069, 7.093253700000048 ] } },
{ "type": "Feature", "properties": { "hospital_n": "Clinic - Gammana", "hospital_c": "Clinic", "district_n": "Kalutara", "no_of_ward": null }, "geometry": { "type": "Point", "coordinates": [ 80.112828, 6.392083 ] } },
{ "type": "Feature", "properties": { "hospital_n": "Estate Hospital-Geekiyanakanda", "hospital_c": "PMCU", "district_n": "Kalutara", "no_of_ward": null }, "geometry": { "type": "Point", "coordinates": [ 80.113116, 6.581964 ] } },
{ "type": "Feature", "properties": { "hospital_n": "Clinic - Geekiyanakanda EH", "hospital_c": "Clinic", "district_n": "Kalutara", "no_of_ward": null }, "geometry": { "type": "Point", "coordinates": [ 80.113116, 6.581964 ] } },
{ "type": "Feature", "properties": { "hospital_n": "Central Dispensary-Maladeniya", "hospital_c": "PMCU", "district_n": "Gampaha", "no_of_ward": null }, "geometry": { "type": "Point", "coordinates": [ 80.113654900000085, 7.290238300000055 ] } },
{ "type": "Feature", "properties": { "hospital_n": "Clinic Center-Maladeniya", "hospital_c": "Clinic", "district_n": "Gampaha", "no_of_ward": null }, "geometry": { "type": "Point", "coordinates": [ 80.113654900000085, 7.290238300000055 ] } },
{ "type": "Feature", "properties": { "hospital_n": "Clinic Center - Pugoda", "hospital_c": "Clinic", "district_n": "Gampaha", "no_of_ward": null }, "geometry": { "type": "Point", "coordinates": [ 80.117385, 6.976741667000056 ] } },
{ "type": "Feature", "properties": { "hospital_n": "MOH - Dompe", "hospital_c": "MOH Office", "district_n": "Gampaha", "no_of_ward": null }, "geometry": { "type": "Point", "coordinates": [ 80.117385, 6.976741667000056 ] } },
{ "type": "Feature", "properties": { "hospital_n": "Clinic - Dompe MOH Central", "hospital_c": "Clinic", "district_n": "Gampaha", "no_of_ward": null }, "geometry": { "type": "Point", "coordinates": [ 80.117385, 6.976741667000056 ] } },
{ "type": "Feature", "properties": { "hospital_n": "Central Dispensary - Pugoda", "hospital_c": "PMCU", "district_n": "Gampaha", "no_of_ward": null }, "geometry": { "type": "Point", "coordinates": [ 80.11751, 6.976498333000052 ] } },
{ "type": "Feature", "properties": { "hospital_n": "Wagawatta Clinic", "hospital_c": "Clinic", "district_n": "Kalutara", "no_of_ward": null }, "geometry": { "type": "Point", "coordinates": [ 80.118209, 6.716123 ] } },
{ "type": "Feature", "properties": { "hospital_n": "Rathmalgoda Clinic", "hospital_c": "Clinic", "district_n": "Kalutara", "no_of_ward": null }, "geometry": { "type": "Point", "coordinates": [ 80.118368, 6.749618 ] } },
{ "type": "Feature", "properties": { "hospital_n": "Clinic Center-Walgammulla", "hospital_c": "Clinic", "district_n": "Gampaha", "no_of_ward": null }, "geometry": { "type": "Point", "coordinates": [ 80.119618700000046, 7.076064400000064 ] } },
{ "type": "Feature", "properties": { "hospital_n": "Pinnawala Clinic", "hospital_c": "Clinic", "district_n": "Colombo", "no_of_ward": null }, "geometry": { "type": "Point", "coordinates": [ 80.119999600000085, 6.870116676000066 ] } },
{ "type": "Feature", "properties": { "hospital_n": "Central Dispensary - Pinnawala", "hospital_c": "PMCU", "district_n": "Colombo", "no_of_ward": null }, "geometry": { "type": "Point", "coordinates": [ 80.119999600000085, 6.870116676000066 ] } },
{ "type": "Feature", "properties": { "hospital_n": "Clinic Center - Kumarimulla", "hospital_c": "Clinic", "district_n": "Gampaha", "no_of_ward": null }, "geometry": { "type": "Point", "coordinates": [ 80.12112, 6.96984 ] } },
{ "type": "Feature", "properties": { "hospital_n": "PMCU Weragala", "hospital_c": "PMCU", "district_n": "Colombo", "no_of_ward": null }, "geometry": { "type": "Point", "coordinates": [ 80.121794, 6.82446 ] } },
{ "type": "Feature", "properties": { "hospital_n": "Central Dispensary - Pasyala", "hospital_c": "PMCU", "district_n": "Gampaha", "no_of_ward": null }, "geometry": { "type": "Point", "coordinates": [ 80.124588600000038, 7.167003 ] } },
{ "type": "Feature", "properties": { "hospital_n": "Clinic Center-Pasyala", "hospital_c": "Clinic", "district_n": "Gampaha", "no_of_ward": null }, "geometry": { "type": "Point", "coordinates": [ 80.124588600000038, 7.167003 ] } },
{ "type": "Feature", "properties": { "hospital_n": "Kosgama Hospital", "hospital_c": "Divisional Hospital", "district_n": "Colombo", "no_of_ward": null }, "geometry": { "type": "Point", "coordinates": [ 80.125224690000039, 6.941328694000049 ] } },
{ "type": "Feature", "properties": { "hospital_n": "Kosgama Clinic", "hospital_c": "Clinic", "district_n": "Colombo", "no_of_ward": null }, "geometry": { "type": "Point", "coordinates": [ 80.125224690000039, 6.941328694000049 ] } },
{ "type": "Feature", "properties": { "hospital_n": "Divisional Hospital A - Mathugama", "hospital_c": "Divisional Hospital", "district_n": "Kalutara", "no_of_ward": null }, "geometry": { "type": "Point", "coordinates": [ 80.126205, 6.523288 ] } },
{ "type": "Feature", "properties": { "hospital_n": "Clinic - Mathugama DH", "hospital_c": "Clinic", "district_n": "Kalutara", "no_of_ward": null }, "geometry": { "type": "Point", "coordinates": [ 80.126205, 6.523288 ] } },
{ "type": "Feature", "properties": { "hospital_n": "MOH Office-Mathugama", "hospital_c": "MOH Office", "district_n": "Kalutara", "no_of_ward": null }, "geometry": { "type": "Point", "coordinates": [ 80.126334, 6.523505 ] } },
{ "type": "Feature", "properties": { "hospital_n": "Clinic - Mathugama MOH Central", "hospital_c": "Clinic", "district_n": "Kalutara", "no_of_ward": null }, "geometry": { "type": "Point", "coordinates": [ 80.126334, 6.523505 ] } },
{ "type": "Feature", "properties": { "hospital_n": "Kahahena Clinic", "hospital_c": "Clinic", "district_n": "Colombo", "no_of_ward": null }, "geometry": { "type": "Point", "coordinates": [ 80.128046390000065, 6.900602701000025 ] } },
{ "type": "Feature", "properties": { "hospital_n": "Clinic - Pareigama", "hospital_c": "Clinic", "district_n": "Kalutara", "no_of_ward": null }, "geometry": { "type": "Point", "coordinates": [ 80.128776, 6.412284 ] } },
{ "type": "Feature", "properties": { "hospital_n": "Clinic Center - Wake", "hospital_c": "Clinic", "district_n": "Gampaha", "no_of_ward": null }, "geometry": { "type": "Point", "coordinates": [ 80.129299, 7.043321 ] } },
{ "type": "Feature", "properties": { "hospital_n": "Clinic Center - Maddegama", "hospital_c": "Clinic", "district_n": "Gampaha", "no_of_ward": null }, "geometry": { "type": "Point", "coordinates": [ 80.129299, 7.043321 ] } },
{ "type": "Feature", "properties": { "hospital_n": "Kudaligama Clinic", "hospital_c": "Clinic", "district_n": "Kalutara", "no_of_ward": null }, "geometry": { "type": "Point", "coordinates": [ 80.129715, 6.588862 ] } },
{ "type": "Feature", "properties": { "hospital_n": "Clinic Center-TC", "hospital_c": "Clinic", "district_n": "Gampaha", "no_of_ward": null }, "geometry": { "type": "Point", "coordinates": [ 80.130144900000062, 7.246027200000071 ] } },
{ "type": "Feature", "properties": { "hospital_n": "Clinic - Yagirala", "hospital_c": "Clinic", "district_n": "Kalutara", "no_of_ward": null }, "geometry": { "type": "Point", "coordinates": [ 80.130661, 6.38116 ] } },
{ "type": "Feature", "properties": { "hospital_n": "Pahala Kosgama Clinic", "hospital_c": "Clinic", "district_n": "Colombo", "no_of_ward": null }, "geometry": { "type": "Point", "coordinates": [ 80.134317770000052, 6.939823378000028 ] } },
{ "type": "Feature", "properties": { "hospital_n": "Clinic Center- Loluwagoda", "hospital_c": "Clinic", "district_n": "Gampaha", "no_of_ward": null }, "geometry": { "type": "Point", "coordinates": [ 80.134464100000059, 7.290538200000071 ] } },
{ "type": "Feature", "properties": { "hospital_n": "PMCU - Horawala", "hospital_c": "PMCU", "district_n": "Kalutara", "no_of_ward": null }, "geometry": { "type": "Point", "coordinates": [ 80.134949, 6.477994 ] } },
{ "type": "Feature", "properties": { "hospital_n": "Clinic - Horawala", "hospital_c": "Clinic", "district_n": "Kalutara", "no_of_ward": null }, "geometry": { "type": "Point", "coordinates": [ 80.134949, 6.477994 ] } },
{ "type": "Feature", "properties": { "hospital_n": "Clinic Center- wilwaththa", "hospital_c": "Clinic", "district_n": "Gampaha", "no_of_ward": null }, "geometry": { "type": "Point", "coordinates": [ 80.135156600000073, 7.257949100000076 ] } },
{ "type": "Feature", "properties": { "hospital_n": "Clinic - Uthumgama", "hospital_c": "Clinic", "district_n": "Kalutara", "no_of_ward": null }, "geometry": { "type": "Point", "coordinates": [ 80.135265, 6.439944 ] } },
{ "type": "Feature", "properties": { "hospital_n": "MOH Office Mirigama", "hospital_c": "MOH Office", "district_n": "Gampaha", "no_of_ward": null }, "geometry": { "type": "Point", "coordinates": [ 80.13530140000006, 7.25693670000004 ] } },
{ "type": "Feature", "properties": { "hospital_n": "Clinic - Mirigama MOH Central", "hospital_c": "Clinic", "district_n": "Gampaha", "no_of_ward": null }, "geometry": { "type": "Point", "coordinates": [ 80.13530140000006, 7.25693670000004 ] } },
{ "type": "Feature", "properties": { "hospital_n": "Base Hospital Mirigama", "hospital_c": "Base Hospital", "district_n": "Gampaha", "no_of_ward": null }, "geometry": { "type": "Point", "coordinates": [ 80.135418, 7.258145900000045 ] } },
{ "type": "Feature", "properties": { "hospital_n": "Clinic Center-Ellakkala", "hospital_c": "Clinic", "district_n": "Gampaha", "no_of_ward": null }, "geometry": { "type": "Point", "coordinates": [ 80.136217300000055, 7.131873600000063 ] } },
{ "type": "Feature", "properties": { "hospital_n": "Bope Clinic Padukka", "hospital_c": "Clinic", "district_n": "Colombo", "no_of_ward": null }, "geometry": { "type": "Point", "coordinates": [ 80.138152320000074, 6.826834874000042 ] } },
{ "type": "Feature", "properties": { "hospital_n": "Central Dispensary-Nambuluwa", "hospital_c": "PMCU", "district_n": "Gampaha", "no_of_ward": null }, "geometry": { "type": "Point", "coordinates": [ 80.138804500000049, 7.172094600000037 ] } },
{ "type": "Feature", "properties": { "hospital_n": "Clinic Center-Nambuluwa", "hospital_c": "Clinic", "district_n": "Gampaha", "no_of_ward": null }, "geometry": { "type": "Point", "coordinates": [ 80.138804500000049, 7.172094600000037 ] } },
{ "type": "Feature", "properties": { "hospital_n": "Welikanna Clinic", "hospital_c": "Clinic", "district_n": "Colombo", "no_of_ward": null }, "geometry": { "type": "Point", "coordinates": [ 80.138948880000044, 6.893604302000028 ] } },
{ "type": "Feature", "properties": { "hospital_n": "PMCU Waga", "hospital_c": "PMCU", "district_n": "Colombo", "no_of_ward": null }, "geometry": { "type": "Point", "coordinates": [ 80.138948880000044, 6.893604302000028 ] } },
{ "type": "Feature", "properties": { "hospital_n": "Handapangoda Clinic", "hospital_c": "Clinic", "district_n": "Kalutara", "no_of_ward": null }, "geometry": { "type": "Point", "coordinates": [ 80.140052, 6.792672 ] } },
{ "type": "Feature", "properties": { "hospital_n": "Udawela Clinic", "hospital_c": "Clinic", "district_n": "Kalutara", "no_of_ward": null }, "geometry": { "type": "Point", "coordinates": [ 80.141572, 6.552693 ] } },
{ "type": "Feature", "properties": { "hospital_n": "Kadugoda Clinic", "hospital_c": "Clinic", "district_n": "Colombo", "no_of_ward": null }, "geometry": { "type": "Point", "coordinates": [ 80.142370670000048, 6.925474334000057 ] } },
{ "type": "Feature", "properties": { "hospital_n": "Clinic Center-Meevitiya", "hospital_c": "Clinic", "district_n": "Gampaha", "no_of_ward": null }, "geometry": { "type": "Point", "coordinates": [ 80.142486800000086, 7.146346400000027 ] } },
{ "type": "Feature", "properties": { "hospital_n": "Sirikandura Estate Clinic", "hospital_c": "Clinic", "district_n": "Kalutara", "no_of_ward": null }, "geometry": { "type": "Point", "coordinates": [ 80.142642, 6.493355 ] } },
{ "type": "Feature", "properties": { "hospital_n": "PMCU - Halpewatta", "hospital_c": "PMCU", "district_n": "Colombo", "no_of_ward": null }, "geometry": { "type": "Point", "coordinates": [ 80.143275, 6.854311 ] } },
{ "type": "Feature", "properties": { "hospital_n": "Kobawaka Clinic", "hospital_c": "Clinic", "district_n": "Kalutara", "no_of_ward": null }, "geometry": { "type": "Point", "coordinates": [ 80.143353, 6.688791 ] } },
{ "type": "Feature", "properties": { "hospital_n": "Thummodara Clinic", "hospital_c": "Clinic", "district_n": "Colombo", "no_of_ward": null }, "geometry": { "type": "Point", "coordinates": [ 80.169692660000067, 6.863627524000037 ] } },
{ "type": "Feature", "properties": { "hospital_n": "Weyangalla-Clinic", "hospital_c": "Clinic", "district_n": "Kalutara", "no_of_ward": null }, "geometry": { "type": "Point", "coordinates": [ 80.14409, 6.585522 ] } },
{ "type": "Feature", "properties": { "hospital_n": "Cenrtal Dispensary -Meevitigammana", "hospital_c": "PMCU", "district_n": "Gampaha", "no_of_ward": null }, "geometry": { "type": "Point", "coordinates": [ 80.145831500000043, 7.080304200000057 ] } },
{ "type": "Feature", "properties": { "hospital_n": "Ciinic Center -Meevitigammana", "hospital_c": "Clinic", "district_n": "Gampaha", "no_of_ward": null }, "geometry": { "type": "Point", "coordinates": [ 80.145831500000043, 7.080304200000057 ] } },
{ "type": "Feature", "properties": { "hospital_n": "Deeyakaduwa Clinic", "hospital_c": "Clinic", "district_n": "Kalutara", "no_of_ward": null }, "geometry": { "type": "Point", "coordinates": [ 80.146338, 6.625594 ] } },
{ "type": "Feature", "properties": { "hospital_n": "Yatiyana Clinic", "hospital_c": "Clinic", "district_n": "Kalutara", "no_of_ward": null }, "geometry": { "type": "Point", "coordinates": [ 80.146791, 6.533399 ] } },
{ "type": "Feature", "properties": { "hospital_n": "MOH Office-Agalawatta", "hospital_c": "MOH Office", "district_n": "Kalutara", "no_of_ward": null }, "geometry": { "type": "Point", "coordinates": [ 80.146856, 6.532853 ] } },
{ "type": "Feature", "properties": { "hospital_n": "Clinic - Agalawatta MOH Central", "hospital_c": "Clinic", "district_n": "Kalutara", "no_of_ward": null }, "geometry": { "type": "Point", "coordinates": [ 80.146856, 6.532853 ] } },
{ "type": "Feature", "properties": { "hospital_n": "Kandhanapitiya Clinic", "hospital_c": "Clinic", "district_n": "Kalutara", "no_of_ward": null }, "geometry": { "type": "Point", "coordinates": [ 80.149821, 6.814969 ] } },
{ "type": "Feature", "properties": { "hospital_n": "Kotigala Clinic", "hospital_c": "Clinic", "district_n": "Kalutara", "no_of_ward": null }, "geometry": { "type": "Point", "coordinates": [ 80.152221, 6.795578 ] } },
{ "type": "Feature", "properties": { "hospital_n": "Central Dispensary-Wewaldeniya", "hospital_c": "PMCU", "district_n": "Gampaha", "no_of_ward": null }, "geometry": { "type": "Point", "coordinates": [ 80.15258190000003, 7.196415900000034 ] } },
{ "type": "Feature", "properties": { "hospital_n": "Clinic Center-Wewaldeniya", "hospital_c": "Clinic", "district_n": "Gampaha", "no_of_ward": null }, "geometry": { "type": "Point", "coordinates": [ 80.15258190000003, 7.196415900000034 ] } },
{ "type": "Feature", "properties": { "hospital_n": "Aluthambalama Clinic", "hospital_c": "Clinic", "district_n": "Colombo", "no_of_ward": null }, "geometry": { "type": "Point", "coordinates": [ 80.152947410000081, 6.940216706000058 ] } },
{ "type": "Feature", "properties": { "hospital_n": "MOH Office Hanwella", "hospital_c": "MOH Office", "district_n": "Colombo", "no_of_ward": null }, "geometry": { "type": "Point", "coordinates": [ 80.152947410000081, 6.940216706000058 ] } },
{ "type": "Feature", "properties": { "hospital_n": "Clinic - Hanwella MOH Central", "hospital_c": "Clinic", "district_n": "Colombo", "no_of_ward": null }, "geometry": { "type": "Point", "coordinates": [ 80.152947410000081, 6.940216706000058 ] } },
{ "type": "Feature", "properties": { "hospital_n": "Agalawatta Clinic", "hospital_c": "Clinic", "district_n": "Kalutara", "no_of_ward": null }, "geometry": { "type": "Point", "coordinates": [ 80.157409, 6.542761 ] } },
{ "type": "Feature", "properties": { "hospital_n": "Clinic Center - Meethirigala", "hospital_c": "Clinic", "district_n": "Gampaha", "no_of_ward": null }, "geometry": { "type": "Point", "coordinates": [ 80.158225, 6.994216667000046 ] } },
{ "type": "Feature", "properties": { "hospital_n": "Central Dispensary - Meethirigala", "hospital_c": "PMCU", "district_n": "Gampaha", "no_of_ward": null }, "geometry": { "type": "Point", "coordinates": [ 80.158403330000056, 6.994135 ] } },
{ "type": "Feature", "properties": { "hospital_n": "Base Hospital - Agalawatta", "hospital_c": "Base Hospital", "district_n": "Kalutara", "no_of_ward": null }, "geometry": { "type": "Point", "coordinates": [ 80.158413, 6.575523 ] } },
{ "type": "Feature", "properties": { "hospital_n": "Clinic - Agalawatta DH", "hospital_c": "Clinic", "district_n": "Kalutara", "no_of_ward": null }, "geometry": { "type": "Point", "coordinates": [ 80.158413, 6.575523 ] } },
{ "type": "Feature", "properties": { "hospital_n": "Divisional Hospital -Ingiriya", "hospital_c": "Divisional Hospital", "district_n": "Kalutara", "no_of_ward": null }, "geometry": { "type": "Point", "coordinates": [ 80.161787010000069, 6.74154242000003 ] } },
{ "type": "Feature", "properties": { "hospital_n": "Clinic - Ingiriya DH", "hospital_c": "Clinic", "district_n": "Kalutara", "no_of_ward": null }, "geometry": { "type": "Point", "coordinates": [ 80.161787010000069, 6.74154242000003 ] } },
{ "type": "Feature", "properties": { "hospital_n": "Clinic Center - Diyaporagolla", "hospital_c": "Clinic", "district_n": "Gampaha", "no_of_ward": null }, "geometry": { "type": "Point", "coordinates": [ 80.162971670000047, 7.050501667000049 ] } },
{ "type": "Feature", "properties": { "hospital_n": "Mahagama Clinic", "hospital_c": "Clinic", "district_n": "Kalutara", "no_of_ward": null }, "geometry": { "type": "Point", "coordinates": [ 80.164122, 6.592502 ] } },
{ "type": "Feature", "properties": { "hospital_n": "Bothalegama Clinic", "hospital_c": "Clinic", "district_n": "Kalutara", "no_of_ward": null }, "geometry": { "type": "Point", "coordinates": [ 80.165287, 6.689721 ] } },
{ "type": "Feature", "properties": { "hospital_n": "Kalupahana Clinic", "hospital_c": "Clinic", "district_n": "Kalutara", "no_of_ward": null }, "geometry": { "type": "Point", "coordinates": [ 80.165899, 6.47496 ] } },
{ "type": "Feature", "properties": { "hospital_n": "Nimalagama Clinic", "hospital_c": "Clinic", "district_n": "Kalutara", "no_of_ward": null }, "geometry": { "type": "Point", "coordinates": [ 80.166107, 6.743377 ] } },
{ "type": "Feature", "properties": { "hospital_n": "MOH Office-Ingiriya", "hospital_c": "MOH Office", "district_n": "Kalutara", "no_of_ward": null }, "geometry": { "type": "Point", "coordinates": [ 80.166442, 6.74299 ] } },
{ "type": "Feature", "properties": { "hospital_n": "Clinic - Ingiriya MOH Central", "hospital_c": "Clinic", "district_n": "Kalutara", "no_of_ward": null }, "geometry": { "type": "Point", "coordinates": [ 80.166442, 6.74299 ] } },
{ "type": "Feature", "properties": { "hospital_n": "Dartonfeild Clinic", "hospital_c": "Clinic", "district_n": "Kalutara", "no_of_ward": null }, "geometry": { "type": "Point", "coordinates": [ 80.168259, 6.506217 ] } },
{ "type": "Feature", "properties": { "hospital_n": "Central Dispensary - Millakanda Estate", "hospital_c": "PMCU", "district_n": "Kalutara", "no_of_ward": null }, "geometry": { "type": "Point", "coordinates": [ 80.169246, 6.65563 ] } },
{ "type": "Feature", "properties": { "hospital_n": "Central Dispensary -  Thummodara", "hospital_c": "PMCU", "district_n": "Colombo", "no_of_ward": null }, "geometry": { "type": "Point", "coordinates": [ 80.169692660000067, 6.863627524000037 ] } },
{ "type": "Feature", "properties": { "hospital_n": "Bellana PMC UNIT", "hospital_c": "PMCU", "district_n": "Kalutara", "no_of_ward": null }, "geometry": { "type": "Point", "coordinates": [ 80.170499350000057, 6.525694223000073 ] } },
{ "type": "Feature", "properties": { "hospital_n": "Clinic - Bellana PMCU", "hospital_c": "Clinic", "district_n": "Kalutara", "no_of_ward": null }, "geometry": { "type": "Point", "coordinates": [ 80.170518, 6.525727 ] } },
{ "type": "Feature", "properties": { "hospital_n": "PMCU Ambepussa", "hospital_c": "PMCU", "district_n": "Gampaha", "no_of_ward": null }, "geometry": { "type": "Point", "coordinates": [ 80.170721, 7.25337 ] } },
{ "type": "Feature", "properties": { "hospital_n": "Eswatta Clinic", "hospital_c": "Clinic", "district_n": "Colombo", "no_of_ward": null }, "geometry": { "type": "Point", "coordinates": [ 80.171170620000055, 6.963658290000069 ] } },
{ "type": "Feature", "properties": { "hospital_n": "Ilukowita Clinic", "hospital_c": "Clinic", "district_n": "Colombo", "no_of_ward": null }, "geometry": { "type": "Point", "coordinates": [ 80.173012820000054, 6.891258712000024 ] } },
{ "type": "Feature", "properties": { "hospital_n": "Clinic Certral-Danovita", "hospital_c": "Clinic", "district_n": "Gampaha", "no_of_ward": null }, "geometry": { "type": "Point", "coordinates": [ 80.173772700000029, 7.205398500000058 ] } },
{ "type": "Feature", "properties": { "hospital_n": "Maha Ingiriya Clinic", "hospital_c": "Clinic", "district_n": "Kalutara", "no_of_ward": null }, "geometry": { "type": "Point", "coordinates": [ 80.174838, 6.751265 ] } },
{ "type": "Feature", "properties": { "hospital_n": "Clinic Center -Thalagama(Ambepussa)", "hospital_c": "Clinic", "district_n": "Gampaha", "no_of_ward": null }, "geometry": { "type": "Point", "coordinates": [ 80.177922700000067, 7.255044400000031 ] } },
{ "type": "Feature", "properties": { "hospital_n": "Divisional Hospital B - Bulathsinghale", "hospital_c": "Divisional Hospital", "district_n": "Kalutara", "no_of_ward": null }, "geometry": { "type": "Point", "coordinates": [ 80.179436, 6.645241 ] } },
{ "type": "Feature", "properties": { "hospital_n": "Clinic - Bulathsinghala DH", "hospital_c": "Clinic", "district_n": "Kalutara", "no_of_ward": null }, "geometry": { "type": "Point", "coordinates": [ 80.179436, 6.645241 ] } },
{ "type": "Feature", "properties": { "hospital_n": "MOH Office-Bulathsinghale", "hospital_c": "MOH Office", "district_n": "Kalutara", "no_of_ward": null }, "geometry": { "type": "Point", "coordinates": [ 80.179896, 6.644744 ] } },
{ "type": "Feature", "properties": { "hospital_n": "Clinic - Bulathsinghala MOH", "hospital_c": "Clinic", "district_n": "Kalutara", "no_of_ward": null }, "geometry": { "type": "Point", "coordinates": [ 80.179896, 6.644744 ] } },
{ "type": "Feature", "properties": { "hospital_n": "Clinic - Bulathsinghala MOH Central", "hospital_c": "Clinic", "district_n": "Kalutara", "no_of_ward": null }, "geometry": { "type": "Point", "coordinates": [ 80.179896, 6.644744 ] } },
{ "type": "Feature", "properties": { "hospital_n": "Omatta Clinic", "hospital_c": "Clinic", "district_n": "Kalutara", "no_of_ward": null }, "geometry": { "type": "Point", "coordinates": [ 80.182511, 6.555863 ] } },
{ "type": "Feature", "properties": { "hospital_n": "Cenrtal Dispensary -Alawala", "hospital_c": "PMCU", "district_n": "Gampaha", "no_of_ward": null }, "geometry": { "type": "Point", "coordinates": [ 80.182567400000039, 7.116880700000024 ] } },
{ "type": "Feature", "properties": { "hospital_n": "Clinic Center-Alawala", "hospital_c": "Clinic", "district_n": "Gampaha", "no_of_ward": null }, "geometry": { "type": "Point", "coordinates": [ 80.182567400000039, 7.116880700000024 ] } },
{ "type": "Feature", "properties": { "hospital_n": "Urugala Clinic", "hospital_c": "Clinic", "district_n": "Kalutara", "no_of_ward": null }, "geometry": { "type": "Point", "coordinates": [ 80.183525, 6.734838 ] } },
{ "type": "Feature", "properties": { "hospital_n": "Central Dispensary -  Halwathura", "hospital_c": "PMCU", "district_n": "Kalutara", "no_of_ward": null }, "geometry": { "type": "Point", "coordinates": [ 80.192807, 6.718614 ] } },
{ "type": "Feature", "properties": { "hospital_n": "Clinic - Halwathura Estate", "hospital_c": "Clinic", "district_n": "Kalutara", "no_of_ward": null }, "geometry": { "type": "Point", "coordinates": [ 80.192807, 6.718614 ] } },
{ "type": "Feature", "properties": { "hospital_n": "Clinic - Walallawita", "hospital_c": "Clinic", "district_n": "Kalutara", "no_of_ward": null }, "geometry": { "type": "Point", "coordinates": [ 80.195011, 6.375474 ] } },
{ "type": "Feature", "properties": { "hospital_n": "Kevitiyagala Clinic", "hospital_c": "Clinic", "district_n": "Kalutara", "no_of_ward": null }, "geometry": { "type": "Point", "coordinates": [ 80.196915, 6.465526 ] } },
{ "type": "Feature", "properties": { "hospital_n": "Divisional Hospital -Meegahathenna", "hospital_c": "Divisional Hospital", "district_n": "Kalutara", "no_of_ward": null }, "geometry": { "type": "Point", "coordinates": [ 80.198043140000038, 6.435148697000045 ] } },
{ "type": "Feature", "properties": { "hospital_n": "Clinic Center - Hewainna", "hospital_c": "Clinic", "district_n": "Ratnapura", "no_of_ward": null }, "geometry": { "type": "Point", "coordinates": [ 80.199107670000046, 6.90401 ] } },
{ "type": "Feature", "properties": { "hospital_n": "Walallawita MOH Office", "hospital_c": "MOH Office", "district_n": "Kalutara", "no_of_ward": null }, "geometry": { "type": "Point", "coordinates": [ 80.199138, 6.434815 ] } },
{ "type": "Feature", "properties": { "hospital_n": "Clinic - Walallawita MOH Central", "hospital_c": "Clinic", "district_n": "Kalutara", "no_of_ward": null }, "geometry": { "type": "Point", "coordinates": [ 80.199138, 6.434815 ] } },
{ "type": "Feature", "properties": { "hospital_n": "Ihalawelgama Clinic", "hospital_c": "Clinic", "district_n": "Kalutara", "no_of_ward": null }, "geometry": { "type": "Point", "coordinates": [ 80.201244, 6.61506 ] } },
{ "type": "Feature", "properties": { "hospital_n": "Rathmale Clinic", "hospital_c": "Clinic", "district_n": "Kalutara", "no_of_ward": null }, "geometry": { "type": "Point", "coordinates": [ 80.202565, 6.452674 ] } },
{ "type": "Feature", "properties": { "hospital_n": "Estate Clinic", "hospital_c": "Clinic", "district_n": "Colombo", "no_of_ward": null }, "geometry": { "type": "Point", "coordinates": [ 80.203876070000035, 6.954387384000029 ] } },
{ "type": "Feature", "properties": { "hospital_n": "Ukwaththa Clinic", "hospital_c": "Clinic", "district_n": "Colombo", "no_of_ward": null }, "geometry": { "type": "Point", "coordinates": [ 80.203876070000035, 6.954387384000029 ] } },
{ "type": "Feature", "properties": { "hospital_n": "Kotahera Clinic", "hospital_c": "Clinic", "district_n": "Colombo", "no_of_ward": null }, "geometry": { "type": "Point", "coordinates": [ 80.203876070000035, 6.954387384000029 ] } },
{ "type": "Feature", "properties": { "hospital_n": "Puwakpitiya Clinic", "hospital_c": "Clinic", "district_n": "Colombo", "no_of_ward": null }, "geometry": { "type": "Point", "coordinates": [ 80.203876070000035, 6.954387384000029 ] } },
{ "type": "Feature", "properties": { "hospital_n": "Miriswaththa Clinic", "hospital_c": "Clinic", "district_n": "Colombo", "no_of_ward": null }, "geometry": { "type": "Point", "coordinates": [ 80.203876070000035, 6.954387384000029 ] } },
{ "type": "Feature", "properties": { "hospital_n": "Delmalla Clinic", "hospital_c": "Clinic", "district_n": "Kalutara", "no_of_ward": null }, "geometry": { "type": "Point", "coordinates": [ 80.206977, 6.685425 ] } },
{ "type": "Feature", "properties": { "hospital_n": "Avissawella Hospital", "hospital_c": "Base Hospital", "district_n": "Colombo", "no_of_ward": null }, "geometry": { "type": "Point", "coordinates": [ 80.207099690000064, 6.956281204000049 ] } },
{ "type": "Feature", "properties": { "hospital_n": "Clinic - Avissawella BH", "hospital_c": "Clinic", "district_n": "Colombo", "no_of_ward": null }, "geometry": { "type": "Point", "coordinates": [ 80.207099690000064, 6.956281204000049 ] } },
{ "type": "Feature", "properties": { "hospital_n": "Clinic - Dalkeith State", "hospital_c": "Clinic", "district_n": "Kalutara", "no_of_ward": null }, "geometry": { "type": "Point", "coordinates": [ 80.209315, 6.525537 ] } },
{ "type": "Feature", "properties": { "hospital_n": "Ilukpotha Clinic", "hospital_c": "Clinic", "district_n": "Kalutara", "no_of_ward": null }, "geometry": { "type": "Point", "coordinates": [ 80.213274, 6.539824 ] } },
{ "type": "Feature", "properties": { "hospital_n": "Policlinic Madola", "hospital_c": "Clinic", "district_n": "Kegalle", "no_of_ward": null }, "geometry": { "type": "Point", "coordinates": [ 80.215206180000052, 6.944673628000032 ] } },
{ "type": "Feature", "properties": { "hospital_n": "Paragoda Clinic", "hospital_c": "Clinic", "district_n": "Kalutara", "no_of_ward": null }, "geometry": { "type": "Point", "coordinates": [ 80.219814, 6.614292 ] } },
{ "type": "Feature", "properties": { "hospital_n": "Clinic - Miriswatta", "hospital_c": "Clinic", "district_n": "Kalutara", "no_of_ward": null }, "geometry": { "type": "Point", "coordinates": [ 80.224876, 6.386234 ] } },
{ "type": "Feature", "properties": { "hospital_n": "Clinic - Mohomadi State", "hospital_c": "Clinic", "district_n": "Kalutara", "no_of_ward": null }, "geometry": { "type": "Point", "coordinates": [ 80.227014, 6.542592 ] } },
{ "type": "Feature", "properties": { "hospital_n": "Divisional Hospital-Baduraliya", "hospital_c": "Divisional Hospital", "district_n": "Kalutara", "no_of_ward": null }, "geometry": { "type": "Point", "coordinates": [ 80.233079, 6.514502 ] } },
{ "type": "Feature", "properties": { "hospital_n": "Clinic - Baduraliya DH", "hospital_c": "Clinic", "district_n": "Kalutara", "no_of_ward": null }, "geometry": { "type": "Point", "coordinates": [ 80.233079, 6.514502 ] } },
{ "type": "Feature", "properties": { "hospital_n": "MOH Office-Palindanuwara", "hospital_c": "MOH Office", "district_n": "Kalutara", "no_of_ward": null }, "geometry": { "type": "Point", "coordinates": [ 80.233146, 6.514548 ] } },
{ "type": "Feature", "properties": { "hospital_n": "Clinic - Palindanuwara MOH", "hospital_c": "Clinic", "district_n": "Kalutara", "no_of_ward": null }, "geometry": { "type": "Point", "coordinates": [ 80.233146, 6.514548 ] } },
{ "type": "Feature", "properties": { "hospital_n": "Clinic - Palindanuwara MOH Central", "hospital_c": "Clinic", "district_n": "Kalutara", "no_of_ward": null }, "geometry": { "type": "Point", "coordinates": [ 80.233146, 6.514548 ] } },
{ "type": "Feature", "properties": { "hospital_n": "Central Dispensary - Molkawa", "hospital_c": "PMCU", "district_n": "Kalutara", "no_of_ward": null }, "geometry": { "type": "Point", "coordinates": [ 80.235336, 6.605346 ] } },
{ "type": "Feature", "properties": { "hospital_n": "Molkawa Clinic", "hospital_c": "Clinic", "district_n": "Kalutara", "no_of_ward": null }, "geometry": { "type": "Point", "coordinates": [ 80.235409, 6.605455 ] } },
{ "type": "Feature", "properties": { "hospital_n": "Kapugedara Clinic", "hospital_c": "Clinic", "district_n": "Kalutara", "no_of_ward": null }, "geometry": { "type": "Point", "coordinates": [ 80.244437, 6.591569 ] } },
{ "type": "Feature", "properties": { "hospital_n": "Clinic - Pahala Hewassa", "hospital_c": "Clinic", "district_n": "Kalutara", "no_of_ward": null }, "geometry": { "type": "Point", "coordinates": [ 80.2445, 6.408832 ] } },
{ "type": "Feature", "properties": { "hospital_n": "Palanda Clinic", "hospital_c": "Clinic", "district_n": "Kalutara", "no_of_ward": null }, "geometry": { "type": "Point", "coordinates": [ 80.248831, 6.561545 ] } },
{ "type": "Feature", "properties": { "hospital_n": "Morapitiya Clinic", "hospital_c": "Clinic", "district_n": "Kalutara", "no_of_ward": null }, "geometry": { "type": "Point", "coordinates": [ 80.265934, 6.53606 ] } },
{ "type": "Feature", "properties": { "hospital_n": "Hadigalla Clinic", "hospital_c": "Clinic", "district_n": "Kalutara", "no_of_ward": null }, "geometry": { "type": "Point", "coordinates": [ 80.269765, 6.479958 ] } },
{ "type": "Feature", "properties": { "hospital_n": "Clinic - Ihala Hewassa", "hospital_c": "Clinic", "district_n": "Kalutara", "no_of_ward": null }, "geometry": { "type": "Point", "coordinates": [ 80.274133, 6.363286 ] } },
{ "type": "Feature", "properties": { "hospital_n": "Clinic - Pelawatta Estate", "hospital_c": "Clinic", "district_n": "Kalutara", "no_of_ward": null }, "geometry": { "type": "Point", "coordinates": [ 80.274263, 6.384003 ] } },
{ "type": "Feature", "properties": { "hospital_n": "Clinic - Kelinkanda", "hospital_c": "Clinic", "district_n": "Kalutara", "no_of_ward": null }, "geometry": { "type": "Point", "coordinates": [ 80.287626, 6.575291 ] } },
{ "type": "Feature", "properties": { "hospital_n": "Clinic - Hadigalla Janapadaya", "hospital_c": "Clinic", "district_n": "Kalutara", "no_of_ward": null }, "geometry": { "type": "Point", "coordinates": [ 80.289452, 6.463312 ] } },
{ "type": "Feature", "properties": { "hospital_n": "Yattapatha PMCU", "hospital_c": "PMCU", "district_n": "Kalutara", "no_of_ward": null }, "geometry": { "type": "Point", "coordinates": [ 80.295584670000039, 6.396975931000043 ] } },
{ "type": "Feature", "properties": { "hospital_n": "Clinic - Yattapatha", "hospital_c": "Clinic", "district_n": "Kalutara", "no_of_ward": null }, "geometry": { "type": "Point", "coordinates": [ 80.295791, 6.397196 ] } },
{ "type": "Feature", "properties": { "hospital_n": "Thiniyawala PCMU", "hospital_c": "PMCU", "district_n": "Kalutara", "no_of_ward": null }, "geometry": { "type": "Point", "coordinates": [ 80.327986, 6.410354 ] } }
]
}
