{
"type": "FeatureCollection",
"name": "rivers",
"crs": { "type": "name", "properties": { "name": "urn:ogc:def:crs:OGC:1.3:CRS84" } },
"features": [
{ "type": "Feature", "properties": { "NAME": "Maha Oya", "CODE": 1 }, "geometry": { "type": "LineString", "coordinates": [ [ 80.12562136845925, 7.325531540189559 ], [ 80.126075433907729, 7.328308554177151 ], [ 80.126188859807357, 7.328709720349051 ], [ 80.126733057793473, 7.329473373522176 ] ] } },
{ "type": "Feature", "properties": { "NAME": "Maha Oya", "CODE": 1 }, "geometry": { "type": "LineString", "coordinates": [ [ 80.005016299191539, 7.318538921900548 ], [ 80.005093748410445, 7.319365853403447 ] ] } },
{ "type": "Feature", "properties": { "NAME": "Maha Oya", "CODE": 1 }, "geometry": { "type": "LineString", "coordinates": [ [ 80.144366605435977, 7.310483210872816 ], [ 80.14531112596903, 7.310856421450477 ], [ 80.148282039423634, 7.311218023796723 ], [ 80.148849293961831, 7.312023079294528 ], [ 80.148918262631014, 7.312301865608609 ] ] } },
{ "type": "Feature", "properties": { "NAME": "Maha Oya", "CODE": 1 }, "geometry": { "type": "LineString", "coordinates": [ [ 80.144366605435977, 7.310483210872816 ], [ 80.143655619123166, 7.310960516595925 ], [ 80.142333131051359, 7.312726598684097 ], [ 80.141003051255538, 7.314549749804659 ], [ 80.139680543688755, 7.316716685395553 ], [ 80.139106180551835, 7.317400187118781 ], [ 80.137783675205043, 7.319452381212757 ], [ 80.135826170913489, 7.321615016973745 ], [ 80.135085439351585, 7.322240203869954 ], [ 80.13422384101321, 7.3228642291499 ], [ 80.133301555889972, 7.323316630596317 ], [ 80.130958196005565, 7.324045931930307 ], [ 80.129068418340935, 7.324835354658076 ], [ 80.127178597993378, 7.325453233098336 ], [ 80.12562136845925, 7.325531540189559 ] ] } },
{ "type": "Feature", "properties": { "NAME": "Maha Oya", "CODE": 1 }, "geometry": { "type": "LineString", "coordinates": [ [ 80.12562136845925, 7.325531540189559 ], [ 80.123859942824666, 7.325146514916114 ], [ 80.120949176572765, 7.323868940343071 ], [ 80.118726453216183, 7.322653246001206 ], [ 80.117411026709078, 7.322301907159603 ], [ 80.116322433781463, 7.32212313670759 ], [ 80.114031960198787, 7.322681172414943 ], [ 80.113117252526365, 7.322732821950598 ], [ 80.112376381280967, 7.322613612878052 ], [ 80.111862220778704, 7.322266821993388 ], [ 80.111574925881214, 7.321635366109311 ], [ 80.110266885029915, 7.320024633307974 ], [ 80.109813225701814, 7.319106380908513 ], [ 80.106569655606563, 7.315594459913152 ], [ 80.105828769838553, 7.315017296288306 ], [ 80.104921480705983, 7.31403874216627 ], [ 80.104180515820843, 7.312946405846476 ], [ 80.102585285561346, 7.311963578784133 ], [ 80.102411439192252, 7.311619120444545 ], [ 80.098086956271075, 7.307299017598668 ], [ 80.096431386072396, 7.30637288290652 ] ] } },
{ "type": "Feature", "properties": { "NAME": "Maha Oya", "CODE": 1 }, "geometry": { "type": "MultiLineString", "coordinates": [ [ [ 80.002453420331946, 7.314400192929804 ], [ 80.001872199088481, 7.311663132166753 ], [ 80.001131591469331, 7.310685099703399 ], [ 79.999249339949969, 7.310443798703077 ], [ 79.99816076597412, 7.310436987507186 ], [ 79.996732008653737, 7.310656366331667 ], [ 79.996104619409238, 7.310423706653641 ], [ 79.995190072602057, 7.309787722349231 ], [ 79.993935411940924, 7.308234575481559 ], [ 79.991486527725513, 7.306158128863804 ], [ 79.990518854063438, 7.30580830628277 ], [ 79.988461293426781, 7.305458544160198 ] ], [ [ 79.988104762592897, 7.302530082281816 ], [ 79.989393016034015, 7.302538509505446 ], [ 79.990186643867219, 7.302829960622328 ], [ 79.991101313990598, 7.302893147363321 ], [ 79.991910186537439, 7.302555157057706 ], [ 79.992250395249769, 7.302271037068954 ], [ 79.992711572196242, 7.301472815101187 ], [ 79.99277208470906, 7.301015409287946 ], [ 79.992658814323136, 7.300556855903419 ], [ 79.99237916272277, 7.300154533036866 ], [ 79.991978529650694, 7.299865460308808 ], [ 79.991063936905405, 7.299516155693664 ], [ 79.990663304268509, 7.299513202321529 ], [ 79.989234664198491, 7.299847574221684 ] ] ] } },
{ "type": "Feature", "properties": { "NAME": "Maha Oya", "CODE": 1 }, "geometry": { "type": "MultiLineString", "coordinates": [ [ [ 80.096431386072396, 7.30637288290652 ], [ 80.095637528185222, 7.305795908151044 ], [ 80.094783224697792, 7.304760190909529 ], [ 80.093694614812577, 7.304066200852368 ], [ 80.092613491743478, 7.302914840956559 ], [ 80.091880161548872, 7.301765274394034 ], [ 80.091025865832847, 7.301015819237936 ], [ 80.090398358590093, 7.300267976580652 ], [ 80.089997693893991, 7.299578690062275 ], [ 80.089317307911543, 7.299173694311832 ], [ 80.087714688598041, 7.298591528559944 ], [ 80.085605653293939, 7.298234522422377 ], [ 80.082257101388208, 7.298270500354001 ] ], [ [ 80.079118688526492, 7.296298906977279 ], [ 80.078409083653582, 7.294812207057176 ], [ 80.077811861814638, 7.293991910656919 ] ] ] } },
{ "type": "Feature", "properties": { "NAME": "Maha Oya", "CODE": 1 }, "geometry": { "type": "MultiLineString", "coordinates": [ [ [ 80.152888426960317, 7.290641518442516 ], [ 80.152314189879888, 7.291325042377487 ], [ 80.151853370358594, 7.292581263648224 ], [ 80.151105153505597, 7.293606772658936 ], [ 80.148066771315541, 7.29519050530387 ], [ 80.147439485539522, 7.295644479582315 ], [ 80.146056561370031, 7.297410212651016 ], [ 80.145255279202914, 7.297806009990668 ], [ 80.143078393254115, 7.298307845624537 ], [ 80.142330202242036, 7.298990123359318 ], [ 80.141869336972363, 7.300303415573671 ], [ 80.141748800264267, 7.301791120393523 ], [ 80.142202574363665, 7.302766854101622 ], [ 80.143292287197639, 7.304241243221923 ] ], [ [ 80.145502980714724, 7.308063753663202 ], [ 80.144917823963908, 7.309537277336714 ], [ 80.144366605435977, 7.310483210872816 ] ] ] } },
{ "type": "Feature", "properties": { "NAME": "Maha Oya", "CODE": 1 }, "geometry": { "type": "MultiLineString", "coordinates": [ [ [ 79.989234664198491, 7.299847574221684 ], [ 79.988372896637657, 7.300128102983267 ], [ 79.985628978040083, 7.299938522713585 ], [ 79.98414759348654, 7.298669525397149 ], [ 79.98220497590394, 7.298027062448765 ], [ 79.979861785213131, 7.29755428993272 ], [ 79.979408347899223, 7.297322338480783 ], [ 79.978887041378968, 7.296793188866993 ] ], [ [ 79.97746199517519, 7.29281610273959 ], [ 79.977489139485115, 7.291757793306887 ], [ 79.977375815880336, 7.291299096401342 ], [ 79.976582225423897, 7.289920512712956 ], [ 79.975788701677345, 7.289228191140892 ], [ 79.973332205240226, 7.288640036543915 ], [ 79.969892905461194, 7.288846316446013 ], [ 79.968751630610413, 7.288667251141731 ] ] ] } },
{ "type": "Feature", "properties": { "NAME": "Maha Oya", "CODE": 1 }, "geometry": { "type": "LineString", "coordinates": [ [ 80.166178426062544, 7.281384348698852 ], [ 80.165736865795651, 7.282878986182063 ], [ 80.16424053411825, 7.284186682526437 ], [ 80.160801556718383, 7.285710768123265 ], [ 80.160461513360772, 7.286109196126338 ], [ 80.158798773858919, 7.287072019018298 ], [ 80.155934226006124, 7.288256170442652 ], [ 80.155412686518517, 7.28859641441356 ], [ 80.15443785005202, 7.289563406313444 ], [ 80.152888426960317, 7.290641518442516 ] ] } },
{ "type": "Feature", "properties": { "NAME": "Maha Oya", "CODE": 1 }, "geometry": { "type": "LineString", "coordinates": [ [ 80.077811861814638, 7.293991910656919 ], [ 80.077222165487569, 7.292973103293214 ], [ 80.076141147543311, 7.291707118254782 ], [ 80.073971555537895, 7.290548533760859 ], [ 80.071741634623208, 7.289561663127131 ], [ 80.070547371690509, 7.288695219447716 ], [ 80.069352992405797, 7.287543071238507 ], [ 80.068385282690187, 7.286964795356996 ], [ 80.066215855031714, 7.286091879104417 ], [ 80.064099366917858, 7.284991266206334 ], [ 80.06370614227454, 7.28464518148382 ], [ 80.061990326082636, 7.283661473347114 ], [ 80.060508710731455, 7.282507300169785 ], [ 80.056578032167351, 7.280249835276581 ], [ 80.054620503399704, 7.279871033022385 ] ] } },
{ "type": "Feature", "properties": { "NAME": "Maha Oya", "CODE": 1 }, "geometry": { "type": "MultiLineString", "coordinates": [ [ [ 80.054620503399704, 7.279871033022385 ], [ 80.053373093317347, 7.280515909507488 ], [ 80.051929441312168, 7.282509988834259 ], [ 80.051407894995052, 7.283880295878181 ], [ 80.051234062877555, 7.285596200550198 ], [ 80.051400403832162, 7.286799177002403 ], [ 80.051339933230707, 7.287313539459745 ], [ 80.050705045124715, 7.28862601541139 ], [ 80.050070049110289, 7.289251932860283 ], [ 80.047144730945604, 7.290721112753304 ], [ 80.046456892898433, 7.291289149628715 ], [ 80.045942869064262, 7.292144577416539 ], [ 80.045126478945392, 7.294542892201793 ], [ 80.044264742810682, 7.29613984333152 ], [ 80.043864124137457, 7.296652384222045 ], [ 80.043115839334334, 7.297048360341855 ], [ 80.040250905432401, 7.297716863242155 ], [ 80.039563044270182, 7.298113213404072 ], [ 80.038247801960878, 7.299306722544552 ], [ 80.036924854567971, 7.299927685281411 ], [ 80.035496160050187, 7.300090108980589 ], [ 80.033780252153662, 7.300078971977414 ], [ 80.032638811831802, 7.299785613087477 ], [ 80.031263162998087, 7.299833802187679 ], [ 80.030008228827953, 7.300226521905637 ], [ 80.029600019558444, 7.300567503197654 ], [ 80.028851621675798, 7.302050579004187 ], [ 80.027415312804081, 7.304330836902403 ], [ 80.026659305416231, 7.305870978177285 ], [ 80.024194953058441, 7.307514968044289 ], [ 80.023333195809442, 7.308596989520964 ], [ 80.023159236894443, 7.308996565733867 ], [ 80.023045919286091, 7.309396525092281 ], [ 80.023151645917892, 7.310198267076575 ], [ 80.023605158049918, 7.311174237705591 ], [ 80.024293034251002, 7.311980053517093 ], [ 80.024673348001272, 7.312693080381619 ] ], [ [ 80.025373740594745, 7.314463904188906 ], [ 80.025419227193566, 7.314906161189485 ], [ 80.024957992993066, 7.315761927628659 ], [ 80.023869514056301, 7.315983792620977 ], [ 80.022213959452372, 7.315858398191311 ], [ 80.019931094329692, 7.315271613087673 ], [ 80.018555328143776, 7.314518758020546 ], [ 80.015584538943386, 7.313927128429179 ], [ 80.014843813185252, 7.313292319832497 ], [ 80.013936768331234, 7.312256660255477 ], [ 80.013536122077156, 7.312253725994437 ], [ 80.012734814255865, 7.312592191440641 ], [ 80.011411846765569, 7.313728090380288 ], [ 80.010844858327602, 7.313839039027725 ], [ 80.009809255833588, 7.313717472046509 ], [ 80.008894574742158, 7.313769051871918 ], [ 80.008206638820653, 7.314222290296971 ], [ 80.006883456825818, 7.316846569481194 ], [ 80.006074678023793, 7.317699885808977 ], [ 80.005043323921086, 7.318336543435255 ] ] ] } },
{ "type": "Feature", "properties": { "NAME": "Maha Oya", "CODE": 1 }, "geometry": { "type": "LineString", "coordinates": [ [ 80.077811861814638, 7.293991910656919 ], [ 80.0790514210466, 7.29321357116898 ], [ 80.080601021095205, 7.291850026558711 ], [ 80.082437593802382, 7.289571874474974 ], [ 80.083473148602351, 7.289063228360722 ], [ 80.084387822933664, 7.289126224795543 ], [ 80.085695602809807, 7.289535287016999 ], [ 80.087298126373298, 7.289831612909704 ], [ 80.090382223693084, 7.290022923449483 ], [ 80.093587223859359, 7.28952797260006 ], [ 80.095250101607164, 7.288794162854672 ], [ 80.095711211942515, 7.288339451100386 ], [ 80.095998301878268, 7.287711530965791 ], [ 80.096300237546785, 7.283878585462763 ], [ 80.09659497241455, 7.282678280339159 ], [ 80.096995454125576, 7.281879558254039 ], [ 80.098552338795315, 7.280172742374305 ], [ 80.099988235556538, 7.277834706007097 ], [ 80.10102366169329, 7.27681112689528 ], [ 80.103895715037211, 7.274596714887778 ] ] } },
{ "type": "Feature", "properties": { "NAME": "Maha Oya", "CODE": 1 }, "geometry": { "type": "MultiLineString", "coordinates": [ [ [ 79.968751630610413, 7.288667251141731 ], [ 79.967897625713775, 7.287974668544674 ], [ 79.96767092988658, 7.2875727100178 ], [ 79.966076147269519, 7.286302754488669 ], [ 79.965335547692874, 7.285783030171271 ], [ 79.964420913871123, 7.28560534784529 ], [ 79.962644520323636, 7.286108710981219 ], [ 79.961268589511633, 7.287644647833868 ], [ 79.960633465383282, 7.288556121505692 ], [ 79.959310432787433, 7.289863957324319 ], [ 79.958047937532484, 7.290714249357639 ], [ 79.957065895400547, 7.290786105632236 ] ], [ [ 79.955333006438536, 7.289833093309432 ], [ 79.955085078850416, 7.289607388750922 ], [ 79.95435243731113, 7.287083846224199 ], [ 79.954004700873355, 7.286910275345905 ], [ 79.952697129032671, 7.286672516183725 ], [ 79.950944240758105, 7.286673035008201 ] ], [ [ 79.95310019427211, 7.280374735927655 ], [ 79.953469516753344, 7.279408917116178 ], [ 79.953651137405231, 7.278437150097122 ], [ 79.953416855455842, 7.278092254792337 ], [ 79.952396637102424, 7.277741982258838 ], [ 79.951822075269021, 7.277681317031796 ], [ 79.950454257738826, 7.276699114833735 ], [ 79.949592587049509, 7.276864983860404 ], [ 79.948677764087449, 7.277660213754951 ], [ 79.948163739824494, 7.277771042011605 ], [ 79.947528792482501, 7.277767061264168 ], [ 79.946711621504789, 7.277365321471867 ] ], [ [ 79.943785327374627, 7.274801143619113 ], [ 79.94206508143516, 7.272808739984722 ], [ 79.941263937444717, 7.272460117148782 ], [ 79.940749950774617, 7.272399408454936 ], [ 79.940122584519429, 7.272509878968481 ], [ 79.939260716418616, 7.273362551009593 ], [ 79.938799620446801, 7.273588336895614 ], [ 79.936675299950153, 7.275234298422944 ], [ 79.935994901489053, 7.27551548731743 ], [ 79.9349063947178, 7.275909237912852 ], [ 79.933817993613928, 7.276016303939206 ], [ 79.932102293946684, 7.275547004775882 ], [ 79.931648765889406, 7.275315010154475 ], [ 79.930734314720212, 7.275137546405887 ], [ 79.930273250064246, 7.275191794353864 ], [ 79.92797490675575, 7.277293760562353 ], [ 79.92699966391109, 7.277917018697462 ], [ 79.926546165133104, 7.278085723069968 ], [ 79.925527167703052, 7.278084012739114 ] ] ] } },
{ "type": "Feature", "properties": { "NAME": "Maha Oya", "CODE": 1 }, "geometry": { "type": "LineString", "coordinates": [ [ 79.842567430089758, 7.270258716004948 ], [ 79.841871161930683, 7.272287609370108 ], [ 79.841872266458111, 7.27287921083244 ] ] } },
{ "type": "Feature", "properties": { "NAME": "Maha Oya", "CODE": 1 }, "geometry": { "type": "LineString", "coordinates": [ [ 79.841197730415999, 7.270572424684481 ], [ 79.842567430089758, 7.270258716004948 ] ] } },
{ "type": "Feature", "properties": { "NAME": "Maha Oya", "CODE": 1 }, "geometry": { "type": "LineString", "coordinates": [ [ 79.846389015531088, 7.27231053468699 ], [ 79.846126813887039, 7.271502275088746 ], [ 79.845122261296851, 7.269990974052899 ] ] } },
{ "type": "Feature", "properties": { "NAME": "Maha Oya", "CODE": 1 }, "geometry": { "type": "LineString", "coordinates": [ [ 79.842567430089758, 7.270258716004948 ], [ 79.845122261296851, 7.269990974052899 ] ] } },
{ "type": "Feature", "properties": { "NAME": "Maha Oya", "CODE": 1 }, "geometry": { "type": "LineString", "coordinates": [ [ 79.845122261296851, 7.269990974052899 ], [ 79.848644561787196, 7.269545044224191 ] ] } },
{ "type": "Feature", "properties": { "NAME": "Maha Oya", "CODE": 1 }, "geometry": { "type": "LineString", "coordinates": [ [ 79.848644561787196, 7.269545044224191 ], [ 79.851198970524862, 7.270247499270345 ], [ 79.852793001735705, 7.272097242220806 ], [ 79.85490897641661, 7.272976249169054 ], [ 79.858417698261931, 7.268827302660395 ], [ 79.860972993210808, 7.267412763689489 ], [ 79.864668932972307, 7.267407736236398 ] ] } },
{ "type": "Feature", "properties": { "NAME": "Maha Oya", "CODE": 1 }, "geometry": { "type": "LineString", "coordinates": [ [ 79.842812312146762, 7.263468024965596 ], [ 79.842554314247337, 7.265761322334079 ], [ 79.842567430089758, 7.270258716004948 ] ] } },
{ "type": "Feature", "properties": { "NAME": "Maha Oya", "CODE": 1 }, "geometry": { "type": "MultiLineString", "coordinates": [ [ [ 79.864668932972307, 7.267407736236398 ], [ 79.86766893504948, 7.26925586275272 ], [ 79.870063548792714, 7.272515244029178 ], [ 79.870515872247225, 7.275777680336909 ], [ 79.872366780082004, 7.278156301532907 ], [ 79.874664075886599, 7.279475843910996 ], [ 79.877747528506504, 7.280441443041731 ], [ 79.879599904381976, 7.27902795544179 ], [ 79.881172669865478, 7.27717407240563 ], [ 79.884417023068877, 7.272231175879926 ], [ 79.886790925903412, 7.270640928728248 ], [ 79.890494406366713, 7.27107681812104 ], [ 79.893759351834376, 7.271777314432757 ], [ 79.896313944900214, 7.272479525448722 ], [ 79.898176008854676, 7.275304518865143 ] ], [ [ 79.898645110849714, 7.276060416608535 ], [ 79.899320711481721, 7.277149055687874 ], [ 79.901437039868725, 7.277145779378969 ], [ 79.902397850323865, 7.274146177312814 ], [ 79.903804172737708, 7.272733559229719 ], [ 79.906094038440742, 7.273876463078011 ], [ 79.90624056286228, 7.274789916054209 ] ], [ [ 79.906989730486856, 7.276730141513513 ], [ 79.908927518778739, 7.276871026051162 ], [ 79.909225715321867, 7.275963830345684 ] ], [ [ 79.905618067120201, 7.266407997695825 ], [ 79.905363357732213, 7.265500310622 ], [ 79.906059312904816, 7.263558742294411 ], [ 79.907730049636868, 7.26241011885492 ], [ 79.910466039713484, 7.262847246670777 ], [ 79.913027559356195, 7.265224385495874 ], [ 79.915415285782586, 7.267778223050943 ], [ 79.915846608900949, 7.269654454773224 ] ], [ [ 79.915647603993591, 7.273360370757792 ], [ 79.91886780080074, 7.273858153074699 ], [ 79.922140036210905, 7.276146303405458 ], [ 79.924529527284562, 7.277528282593375 ] ] ] } },
{ "type": "Feature", "properties": { "NAME": "Maha Oya", "CODE": 1 }, "geometry": { "type": "LineString", "coordinates": [ [ 80.054620503399704, 7.279871033022385 ], [ 80.054748776482185, 7.278807558709993 ], [ 80.054529551952768, 7.277260866521328 ], [ 80.054589875318385, 7.276345221599592 ], [ 80.054884699206951, 7.274573127617388 ], [ 80.055232409133097, 7.273716433485671 ], [ 80.055980783079519, 7.272920281385828 ], [ 80.057295891882205, 7.271955465783365 ], [ 80.059707078989391, 7.270940653995401 ], [ 80.060621670530722, 7.270488386719948 ], [ 80.06102232868902, 7.270147925416158 ], [ 80.063433395594018, 7.269018641677591 ], [ 80.064121301056971, 7.26850765704646 ], [ 80.064748482741763, 7.267824759999042 ], [ 80.065269940188259, 7.26696973935501 ], [ 80.065451313368968, 7.265139383665436 ], [ 80.065625144895463, 7.264739784938934 ], [ 80.066086296021993, 7.263941470139283 ], [ 80.066947859660985, 7.263088529669557 ], [ 80.067121688957968, 7.262688930131117 ], [ 80.067348302856374, 7.262060653158685 ], [ 80.067068650608306, 7.260398994669144 ], [ 80.067710982105908, 7.258972047107859 ], [ 80.06857251828626, 7.257718243427774 ], [ 80.068685886066902, 7.257203816345639 ] ] } },
{ "type": "Feature", "properties": { "NAME": "Maha Oya", "CODE": 1 }, "geometry": { "type": "LineString", "coordinates": [ [ 80.068685886066902, 7.257203816345639 ], [ 80.069660987370668, 7.256809411101166 ], [ 80.070749432158877, 7.25687354521073 ], [ 80.071716907608433, 7.257108600750187 ], [ 80.073319287573781, 7.257691090834916 ], [ 80.075140885972928, 7.258675618960186 ], [ 80.075881765808845, 7.259310330070523 ], [ 80.077249824493123, 7.259891317929797 ], [ 80.079079072671689, 7.260188857550664 ], [ 80.084166113111905, 7.261480415092226 ], [ 80.086221992695187, 7.261550357770278 ] ] } },
{ "type": "Feature", "properties": { "NAME": "Maha Oya", "CODE": 1 }, "geometry": { "type": "LineString", "coordinates": [ [ 80.19603392495226, 7.255670142474863 ], [ 80.194845286183849, 7.255754916533555 ], [ 80.194497520715984, 7.25592474142768 ], [ 80.194210526768927, 7.256266464186218 ], [ 80.193061863059626, 7.257060804370072 ], [ 80.190998744452457, 7.25819266909242 ], [ 80.189910562985929, 7.259044869441029 ], [ 80.189336162560892, 7.259270213069076 ], [ 80.188708769047892, 7.259437978819102 ], [ 80.187794188982693, 7.259432705969937 ], [ 80.184075252636859, 7.259123831311016 ], [ 80.181959306376555, 7.260484348281421 ], [ 80.181324511417841, 7.261224640374066 ], [ 80.17959442270957, 7.263904255068981 ], [ 80.17832549199106, 7.266701036859448 ], [ 80.177063291441499, 7.267380448107909 ], [ 80.176435958772203, 7.267490828034761 ], [ 80.175574385170421, 7.268057862011352 ], [ 80.174418702598345, 7.270798399843295 ], [ 80.174184739292784, 7.272113165927127 ], [ 80.173663565643082, 7.273484072604039 ], [ 80.172454794870376, 7.275365149583889 ], [ 80.171880465218052, 7.276048702680816 ], [ 80.171079437841868, 7.276616088895305 ], [ 80.170217948761859, 7.277526468075727 ], [ 80.167640782018594, 7.279227955804218 ], [ 80.166658496442736, 7.280824456427037 ], [ 80.166178426062544, 7.281384348698852 ] ] } },
{ "type": "Feature", "properties": { "NAME": "Maha Oya", "CODE": 1 }, "geometry": { "type": "LineString", "coordinates": [ [ 79.895159485969245, 7.242644134341305 ], [ 79.893904977730372, 7.242349667846312 ], [ 79.892590141644249, 7.241424782631484 ], [ 79.888766427690797, 7.239853433391427 ], [ 79.884882026773568, 7.238796941425015 ], [ 79.882660279735575, 7.237923247740902 ], [ 79.878035456182573, 7.236804076257078 ], [ 79.876259243607691, 7.236964060532907 ], [ 79.875510932449671, 7.237188088043479 ], [ 79.874996933124677, 7.237413423394427 ], [ 79.872872701437032, 7.238829909152935 ], [ 79.872018377181234, 7.239568441222691 ], [ 79.870748026306558, 7.241105002611061 ], [ 79.869999255939021, 7.242588337654475 ], [ 79.869651239969215, 7.243730402175653 ], [ 79.868416760320585, 7.25047638814995 ], [ 79.867206657325241, 7.252643206586709 ], [ 79.866858492276009, 7.253957357507271 ], [ 79.865300379714853, 7.256923175662325 ], [ 79.864831145190877, 7.25852262876298 ], [ 79.864588065104925, 7.261726313125447 ], [ 79.865032777477893, 7.264706014232829 ], [ 79.865591283944227, 7.266827465855597 ], [ 79.864668932972307, 7.267407736236398 ] ] } },
{ "type": "Feature", "properties": { "NAME": "Maha Oya", "CODE": 1 }, "geometry": { "type": "LineString", "coordinates": [ [ 79.847171252139916, 7.232873121928781 ], [ 79.846596089246361, 7.234643863205013 ], [ 79.846074223985639, 7.235670541044258 ], [ 79.845960572121655, 7.236242107553047 ], [ 79.846179181304024, 7.237560073802476 ], [ 79.846118517675905, 7.238131889246383 ], [ 79.845369880489017, 7.239099893289733 ], [ 79.84519571709518, 7.239785497827281 ], [ 79.845013238554671, 7.242360262499986 ], [ 79.84466529541767, 7.242987018900406 ], [ 79.84455168678609, 7.243673593860396 ], [ 79.844543320962657, 7.245447602906421 ], [ 79.844013384537945, 7.247504963146721 ], [ 79.844239559264608, 7.248822945106419 ], [ 79.844057454472178, 7.250481589808201 ], [ 79.844170587705563, 7.250997243140981 ], [ 79.844450024368967, 7.251457143990534 ], [ 79.843397143350117, 7.256945062002209 ], [ 79.843440970709523, 7.260379604216767 ], [ 79.843659621429822, 7.26164049020775 ], [ 79.844052080979907, 7.262845215878981 ], [ 79.844565593941681, 7.263878805204174 ], [ 79.846552493255857, 7.265953027744997 ], [ 79.848887103724408, 7.268086868862614 ], [ 79.848644561787196, 7.269545044224191 ] ] } },
{ "type": "Feature", "properties": { "NAME": "Maha Oya", "CODE": 1 }, "geometry": { "type": "LineString", "coordinates": [ [ 80.068685886066902, 7.257203816345639 ], [ 80.069093963797258, 7.255489529516161 ], [ 80.069396144840312, 7.252572642946299 ], [ 80.069630391838473, 7.251715192233529 ], [ 80.070431519492587, 7.250576022534029 ], [ 80.070892469477997, 7.24943406604799 ], [ 80.072162229403943, 7.247438649009124 ], [ 80.072396360748172, 7.246467027886517 ], [ 80.07229036669257, 7.243948106757446 ], [ 80.072584982534181, 7.242061398104685 ], [ 80.07281930677857, 7.241604662458685 ], [ 80.073854678692697, 7.240409607162397 ], [ 80.077308244808108, 7.234307322113517 ], [ 80.078577846882069, 7.232598005725758 ], [ 80.079439411032737, 7.231687948569763 ], [ 80.080353843265073, 7.230949787009495 ], [ 80.08190323821178, 7.229986508948647 ], [ 80.084193201231585, 7.229371227186535 ], [ 80.085107787545098, 7.229319618917699 ], [ 80.086082660186491, 7.229497425096485 ], [ 80.086997280100618, 7.229846532517466 ], [ 80.08881886239746, 7.230888507441558 ], [ 80.091608088119102, 7.234397421024386 ], [ 80.094102751199657, 7.237904752379257 ], [ 80.094843572107607, 7.238767627958054 ], [ 80.097119068448222, 7.242101672331027 ], [ 80.097572651534492, 7.242962988208109 ] ] } },
{ "type": "Feature", "properties": { "NAME": "Attanagalu Oya", "CODE": 1 }, "geometry": { "type": "LineString", "coordinates": [ [ 79.94041276724171, 7.22468808585402 ], [ 79.940821269112917, 7.222744782574874 ], [ 79.941464142234338, 7.220688164017403 ], [ 79.941690903236932, 7.220289000273779 ], [ 79.942099472098064, 7.218574447700019 ], [ 79.944291872802879, 7.214410707814383 ], [ 79.945274732232136, 7.212928910350972 ], [ 79.946128869827135, 7.212362315082942 ], [ 79.9478520884267, 7.211686370429395 ], [ 79.95042931917061, 7.211016758030164 ], [ 79.953286136402312, 7.21057779769834 ], [ 79.955976551427938, 7.210538382262039 ], [ 79.957971666661621, 7.211066702389228 ], [ 79.959739890293918, 7.212280449946994 ], [ 79.961508127355103, 7.214009347976108 ], [ 79.962694369745051, 7.215849255861066 ], [ 79.964175336592788, 7.217576082786322 ], [ 79.96519539941329, 7.21918552475456 ], [ 79.966049085372404, 7.220908271595624 ], [ 79.96610187740589, 7.22193881950728 ], [ 79.96517189910692, 7.224222601377312 ], [ 79.96505835545868, 7.225137418088766 ], [ 79.96579886244038, 7.225657557136643 ], [ 79.967680854322623, 7.226070488736633 ], [ 79.969283076488125, 7.22562343093497 ], [ 79.969857506391023, 7.225684490921549 ], [ 79.970658558407123, 7.225975974538475 ], [ 79.973454970416839, 7.225822769151262 ], [ 79.974429934095141, 7.225542592944717 ], [ 79.97540497217453, 7.224976859557668 ], [ 79.976206108857625, 7.224695951891433 ], [ 79.979750613138634, 7.224776156892541 ], [ 79.980612305755159, 7.224496052744626 ], [ 79.981186771125252, 7.223926926591955 ], [ 79.98124734891303, 7.223183400362186 ], [ 79.982570095468262, 7.221761020307246 ], [ 79.985200246336575, 7.221434790526882 ], [ 79.986288586033126, 7.221041323135679 ], [ 79.98720319779315, 7.22030350257945 ], [ 79.988813139659456, 7.218310341336123 ], [ 79.989848713629399, 7.217286600412867 ], [ 79.993287574524786, 7.215820891862785 ], [ 79.994322998723277, 7.215083260426752 ], [ 79.996786939127574, 7.213668565229028 ], [ 79.997814792192727, 7.213675535294487 ], [ 79.999356521701401, 7.214028837848205 ], [ 80.001978831396841, 7.215133385485696 ], [ 80.003921226300974, 7.215432526013057 ], [ 80.008327243645837, 7.214831211382196 ], [ 80.010163888020926, 7.214786236509835 ], [ 80.012733486614977, 7.214344867729082 ], [ 80.015537290817647, 7.214305856885068 ], [ 80.016504755094431, 7.214598101741764 ], [ 80.018054055256485, 7.214837188811232 ] ] } },
{ "type": "Feature", "properties": { "NAME": "Maha Oya", "CODE": 1 }, "geometry": { "type": "LineString", "coordinates": [ [ 80.096431386072396, 7.30637288290652 ], [ 80.096665614907451, 7.30580211005015 ], [ 80.097066172214156, 7.3053466016235 ], [ 80.098502347373412, 7.304497006369568 ], [ 80.100906128196257, 7.303539198261232 ], [ 80.104511768247818, 7.302589088689626 ], [ 80.107149860325848, 7.301746890160724 ], [ 80.108465036407011, 7.301068617508282 ], [ 80.109613888596115, 7.299930879594563 ], [ 80.110309233412849, 7.29879035488333 ], [ 80.11065677588924, 7.297705132502291 ], [ 80.111071851529545, 7.293415094374327 ], [ 80.111767009800715, 7.291473548831475 ], [ 80.112175143247356, 7.290560230607294 ], [ 80.114759784471744, 7.287543186945132 ], [ 80.114933680722714, 7.287028974030377 ], [ 80.115923150096719, 7.28320024787972 ], [ 80.116171966279808, 7.278794939513479 ], [ 80.116285245646793, 7.277822549823409 ], [ 80.1165797790661, 7.276965438704218 ], [ 80.117501772050957, 7.275483424988681 ], [ 80.118363330940255, 7.274687323485235 ], [ 80.11985958289705, 7.272464599120594 ], [ 80.121869909940557, 7.270702813380777 ], [ 80.123646015364415, 7.269683487131115 ], [ 80.125369172113963, 7.268377948796945 ], [ 80.12812749113219, 7.265075208021762 ], [ 80.128301269275553, 7.264675721480115 ], [ 80.12938946881269, 7.263595058957513 ], [ 80.130024146360682, 7.262397039916086 ], [ 80.130485018200858, 7.260968740347448 ], [ 80.131073975075338, 7.257824692329647 ], [ 80.13188248109735, 7.256227039716715 ], [ 80.130234149543512, 7.25375552473757 ], [ 80.129099894691521, 7.251459094348052 ], [ 80.128426676535696, 7.248765135363911 ], [ 80.128207173266333, 7.246989268624607 ], [ 80.128206887000388, 7.245844609502572 ], [ 80.128501404817925, 7.244415650772367 ], [ 80.129770688970439, 7.241675969628061 ], [ 80.129891120281314, 7.239616430828933 ], [ 80.129225249946174, 7.235433903045686 ], [ 80.12911922751907, 7.234459923962793 ], [ 80.129179458061941, 7.233143954217049 ], [ 80.13016159856015, 7.231204460597676 ], [ 80.130448568861013, 7.23034732319416 ], [ 80.130463156724232, 7.22742839695084 ], [ 80.130069684109117, 7.224793472052085 ], [ 80.130204926241973, 7.221302455392698 ], [ 80.131488540186098, 7.214900317713147 ], [ 80.132183467474704, 7.213359015249084 ], [ 80.133959156032304, 7.211595544646154 ], [ 80.134420179447929, 7.211369544421814 ], [ 80.13590897730343, 7.210921015850926 ], [ 80.136483308438812, 7.210867414332456 ], [ 80.13807801125499, 7.210877399253149 ], [ 80.13865244907953, 7.211052558115631 ], [ 80.14042118737531, 7.212036325937883 ], [ 80.141728994220372, 7.213646961171454 ], [ 80.141955972053182, 7.213991761063494 ], [ 80.142296241224443, 7.215138871469071 ], [ 80.142629267164992, 7.216972402335797 ] ] } },
{ "type": "Feature", "properties": { "NAME": "Attanagalu Oya", "CODE": 1 }, "geometry": { "type": "LineString", "coordinates": [ [ 79.897089546778062, 7.209106162188267 ], [ 79.89880484303248, 7.209927800173707 ], [ 79.900111834616098, 7.211367510364282 ], [ 79.900852234634712, 7.211887743925655 ], [ 79.903187103306152, 7.213277409315877 ], [ 79.905068653896095, 7.214148370991048 ], [ 79.906383415209035, 7.215015709150193 ], [ 79.907237112139228, 7.215822970471401 ], [ 79.909284764917828, 7.217268016824197 ], [ 79.909624742781617, 7.21772785683938 ], [ 79.91008577253308, 7.217959880263438 ], [ 79.911166379349098, 7.218196038510843 ], [ 79.914597038062922, 7.219650167916581 ], [ 79.914876680619116, 7.219995586372435 ], [ 79.91664483888691, 7.221152267957206 ], [ 79.917498522604944, 7.222359793461772 ], [ 79.919938573933948, 7.226726604945227 ], [ 79.920958570544968, 7.227534579988433 ], [ 79.922220708598971, 7.227600373000337 ], [ 79.923361981407297, 7.227379255954427 ], [ 79.926340067292529, 7.225853601998045 ], [ 79.927088450039108, 7.22557240380665 ], [ 79.927889466700478, 7.225520336499533 ], [ 79.929431084350583, 7.226217496403255 ], [ 79.93073836323434, 7.227199206359241 ], [ 79.93165279036063, 7.227491671527599 ], [ 79.932620100629165, 7.227727432726884 ], [ 79.935083901197885, 7.227743404256037 ], [ 79.93811474952382, 7.226905154860511 ], [ 79.939951402320801, 7.226173079452185 ], [ 79.940238723244022, 7.225659862858451 ], [ 79.94041276724171, 7.22468808585402 ] ] } },
{ "type": "Feature", "properties": { "NAME": "Maha Oya", "CODE": 1 }, "geometry": { "type": "LineString", "coordinates": [ [ 80.166178426062544, 7.281384348698852 ], [ 80.165470805820618, 7.276982213496262 ], [ 80.166059218712263, 7.27297942718493 ], [ 80.166066543004305, 7.271949223919743 ], [ 80.165900041677332, 7.27137560895873 ], [ 80.16562727288958, 7.268683916920549 ], [ 80.164379402608887, 7.266158077426762 ], [ 80.163978417319811, 7.264953529379606 ], [ 80.163471765352853, 7.264034405298433 ], [ 80.162844175246306, 7.263286655852263 ], [ 80.161823071501004, 7.261048094046339 ], [ 80.161376736272743, 7.259270797629434 ], [ 80.161323489585328, 7.258354824369936 ], [ 80.160983147494136, 7.257208147381721 ], [ 80.16030249277226, 7.255944723071761 ], [ 80.159795703598178, 7.254510701398325 ], [ 80.159795396886949, 7.253480488280912 ], [ 80.160203350769052, 7.252338491674808 ], [ 80.160497698718999, 7.250966447834375 ], [ 80.160504863860126, 7.249535519725129 ], [ 80.16184122727806, 7.243877286897757 ], [ 80.161795266884241, 7.241644836833574 ], [ 80.161568409210076, 7.241242536135163 ], [ 80.161227959212908, 7.239866813092767 ], [ 80.160721259484291, 7.239005196480262 ], [ 80.160494364015932, 7.238317188061865 ], [ 80.160334781241318, 7.235454107704022 ], [ 80.159601053162547, 7.233274569092156 ], [ 80.159721543819316, 7.231329603903673 ], [ 80.159615519671533, 7.23041313513588 ], [ 80.159214738492736, 7.2296094512489 ], [ 80.158700630276542, 7.229320227007863 ], [ 80.158360451952646, 7.228803037795258 ], [ 80.158140704685238, 7.226912722058741 ], [ 80.158487956093154, 7.22554117222616 ], [ 80.158321669727968, 7.225139234553923 ], [ 80.158207917692124, 7.223764945207764 ], [ 80.158215108164555, 7.222734741107391 ], [ 80.158388750859345, 7.221877428525826 ], [ 80.158229422895928, 7.219357987477058 ], [ 80.157729771419895, 7.216436092044457 ], [ 80.15698874695525, 7.215286189936573 ], [ 80.156761879281788, 7.214483586637436 ], [ 80.156255276472237, 7.213679476146924 ], [ 80.156255123549087, 7.213164157075045 ], [ 80.156602546129307, 7.212078880295697 ], [ 80.156662823314107, 7.211449755159064 ], [ 80.156216194346612, 7.208986022662574 ], [ 80.156276600179424, 7.20847106760711 ] ] } },
{ "type": "Feature", "properties": { "NAME": "Maha Oya", "CODE": 1 }, "geometry": { "type": "LineString", "coordinates": [ [ 79.968751630610413, 7.288667251141731 ], [ 79.968653478450094, 7.287839804300034 ], [ 79.969243600293851, 7.284294811477714 ], [ 79.97045320786242, 7.283043681901783 ], [ 79.971768512554178, 7.282594010490864 ], [ 79.973257567303079, 7.282318149934076 ], [ 79.973885035680127, 7.282035962660818 ], [ 79.97439903209289, 7.281581479011455 ], [ 79.974573040046835, 7.281009828966478 ], [ 79.97452017557741, 7.280494579441283 ], [ 79.974293507344285, 7.280035117431137 ], [ 79.973499993367085, 7.27922834600647 ], [ 79.973386726129448, 7.278541035726792 ], [ 79.97350770746533, 7.278026657756869 ], [ 79.97407466446171, 7.277629491180636 ], [ 79.975389960728577, 7.277695528854068 ], [ 79.976478199641633, 7.278446862380934 ], [ 79.977445671871394, 7.278911296939097 ], [ 79.977959605399221, 7.278971541343275 ], [ 79.978534082357058, 7.278803560535689 ], [ 79.978874337842015, 7.2784052840541 ], [ 79.97899529704894, 7.277376029433343 ], [ 79.978889748675925, 7.276115928208913 ], [ 79.979063636175582, 7.275487192576939 ], [ 79.980386582436068, 7.274294017967049 ], [ 79.980673867801144, 7.273837857845805 ], [ 79.980787450691707, 7.272693858498585 ], [ 79.981142827460516, 7.271494187068176 ], [ 79.982291873840737, 7.270242205940142 ], [ 79.982632094553892, 7.269614746637235 ], [ 79.982639785585079, 7.269099884925412 ], [ 79.982465995131975, 7.268583435761133 ], [ 79.981332382173704, 7.267202291778479 ], [ 79.980818506533595, 7.266225903063944 ], [ 79.980652371033969, 7.265136943973261 ], [ 79.980826332716063, 7.264622937438855 ], [ 79.983351018653622, 7.262922618873265 ], [ 79.984673944096841, 7.261671778006937 ], [ 79.985430020679473, 7.258814850296761 ], [ 79.986579162677941, 7.257276732506795 ], [ 79.987780963511085, 7.256826525665168 ], [ 79.989096134897139, 7.256892658513864 ], [ 79.991091392211032, 7.257936159089732 ], [ 79.992179806723328, 7.257714359647421 ], [ 79.995566158548215, 7.256190788248196 ], [ 79.997448248062312, 7.256145818557343 ], [ 79.999163778551079, 7.256271665513204 ], [ 80.000365716921195, 7.256107686842102 ], [ 80.001567504468909, 7.255657583007224 ], [ 80.002542583709882, 7.255091795533811 ], [ 80.003003644114941, 7.254693842238605 ], [ 80.003812504858558, 7.253554255128636 ], [ 80.005475346467435, 7.252534511631389 ], [ 80.006102755233613, 7.252252838046511 ], [ 80.007478279675993, 7.252147203706462 ], [ 80.010395937550115, 7.251479253578549 ], [ 80.01108371884493, 7.25114044928308 ], [ 80.012519879037299, 7.249088844342137 ], [ 80.013668841904803, 7.248352070617473 ], [ 80.015044474805407, 7.248132245698096 ], [ 80.017787995013293, 7.248264391795832 ], [ 80.021325219012965, 7.249031823926256 ], [ 80.022353064069165, 7.249095688902876 ], [ 80.023441544248328, 7.248987836197875 ], [ 80.024756685393868, 7.248767599475673 ], [ 80.026419518044676, 7.248148486498909 ], [ 80.028543424325562, 7.247017359086566 ], [ 80.029291675392372, 7.246335699564419 ], [ 80.03015337953282, 7.245196143169867 ], [ 80.030788298876445, 7.243940918194673 ], [ 80.032398175866589, 7.241547161818287 ], [ 80.033373180510594, 7.240465995233887 ], [ 80.034408699591552, 7.238583635707497 ], [ 80.036192425839246, 7.236591847029679 ], [ 80.036940709225902, 7.235566116373028 ], [ 80.037915652315434, 7.234770920255956 ], [ 80.039072041291021, 7.232717773017192 ], [ 80.039472628721583, 7.2323198209173 ], [ 80.040281330798294, 7.231065704576891 ], [ 80.042344590556198, 7.228903507087462 ], [ 80.044755572455827, 7.227087321616785 ], [ 80.045617118758145, 7.225776617617962 ], [ 80.047294891340613, 7.2222381183305 ], [ 80.048685463531868, 7.217724916831467 ], [ 80.048745908952341, 7.21663816104327 ], [ 80.048526705179668, 7.214918943930724 ], [ 80.047959776536572, 7.213827662236371 ], [ 80.046478413618459, 7.21187231572032 ], [ 80.046024956697408, 7.211411393860744 ], [ 80.04465706944012, 7.210486555301374 ], [ 80.0440901751317, 7.2093383277159 ], [ 80.043863454850168, 7.208306504208092 ], [ 80.043243615199316, 7.207444033946653 ] ] } },
{ "type": "Feature", "properties": { "NAME": "Attanagalu Oya", "CODE": 1 }, "geometry": { "type": "LineString", "coordinates": [ [ 79.893614109658543, 7.206000419017373 ], [ 79.895329458776217, 7.206527051975743 ], [ 79.897089546778062, 7.209106162188267 ] ] } },
{ "type": "Feature", "properties": { "NAME": "Attanagalu Oya", "CODE": 1 }, "geometry": { "type": "LineString", "coordinates": [ [ 79.897089546778062, 7.209106162188267 ], [ 79.896061886587049, 7.208649802249365 ], [ 79.894633473829899, 7.208926396983402 ], [ 79.893832522235797, 7.208520625588884 ], [ 79.893553005202847, 7.208232419950323 ], [ 79.89337940765499, 7.207200943452055 ], [ 79.893614109658543, 7.206000419017373 ] ] } },
{ "type": "Feature", "properties": { "NAME": "Maha Oya", "CODE": 1 }, "geometry": { "type": "LineString", "coordinates": [ [ 79.83654993913305, 7.204947163333258 ], [ 79.836889485346305, 7.206092581233285 ], [ 79.836828379799499, 7.2076380170901 ], [ 79.838262181686247, 7.212334286769572 ], [ 79.838828510975318, 7.213423369175477 ], [ 79.83980291106036, 7.214570647176461 ], [ 79.840203183203641, 7.215258693823625 ], [ 79.840603207160243, 7.216518536845906 ], [ 79.843857466233331, 7.223394783663187 ], [ 79.845623875719724, 7.228264374604168 ], [ 79.84597073413434, 7.230039106883574 ], [ 79.846484207388229, 7.231185157565582 ], [ 79.84659718774958, 7.232158587375921 ], [ 79.847171252139916, 7.232873121928781 ] ] } },
{ "type": "Feature", "properties": { "NAME": "Negombo Lagoon", "CODE": 7 }, "geometry": { "type": "LineString", "coordinates": [ [ 79.829097559466319, 7.196991862039964 ], [ 79.835527566143611, 7.196401890066033 ] ] } },
{ "type": "Feature", "properties": { "NAME": "Maha Oya", "CODE": 1 }, "geometry": { "type": "LineString", "coordinates": [ [ 79.86299075207755, 7.18965126356045 ], [ 79.863451553637304, 7.190112358930006 ], [ 79.86367802641459, 7.190628940650527 ], [ 79.864070415226337, 7.192234350482201 ], [ 79.863941183627787, 7.194294246373347 ], [ 79.863245053885279, 7.196521859375271 ], [ 79.861860999209767, 7.199545968521281 ], [ 79.857822651854107, 7.20690237600291 ], [ 79.856665347085865, 7.209527345523412 ], [ 79.856369992462021, 7.211185213583144 ], [ 79.855847960147869, 7.212498021104625 ], [ 79.853306571592213, 7.217804280048767 ], [ 79.852140869033889, 7.222489921343382 ], [ 79.850809534827391, 7.22545728272162 ], [ 79.850121482947131, 7.226253613309184 ], [ 79.848903344279918, 7.229450507088698 ], [ 79.847927951417532, 7.230645958804462 ], [ 79.847171252139916, 7.232873121928781 ] ] } },
{ "type": "Feature", "properties": { "NAME": "Attanagalu Oya", "CODE": 1 }, "geometry": { "type": "LineString", "coordinates": [ [ 80.134690035008731, 7.201068809527167 ], [ 80.134810861032534, 7.200668819197191 ], [ 80.134878405577879, 7.198551407728615 ], [ 80.135165183788871, 7.19689366361061 ], [ 80.135119548901955, 7.195576976691024 ], [ 80.135293167119571, 7.194604939905711 ], [ 80.135300466108689, 7.193174015530387 ], [ 80.13564780303642, 7.191917078299137 ], [ 80.135768369852585, 7.190429367333246 ], [ 80.135715312633934, 7.189513393664784 ], [ 80.135435399945223, 7.188481240015227 ], [ 80.134815285279487, 7.186989392157522 ], [ 80.13452812250793, 7.186644223724292 ], [ 80.132759526250624, 7.185889487403327 ], [ 80.131505010628274, 7.185652616557101 ], [ 80.130991102101248, 7.185420451341693 ], [ 80.130590392273433, 7.18513150038406 ], [ 80.129448967599501, 7.183808194042081 ], [ 80.128655366039766, 7.183459911071989 ], [ 80.127907257652197, 7.183913137568162 ], [ 80.126411239175141, 7.185277818670992 ], [ 80.126010725001009, 7.185504180815379 ], [ 80.124242350291411, 7.185607520592439 ], [ 80.122579717165223, 7.185425438555862 ], [ 80.121498865545888, 7.184903645999835 ], [ 80.121098332143944, 7.184843873929666 ], [ 80.120697777493703, 7.184898553366582 ], [ 80.119609660206308, 7.185406954315783 ], [ 80.118695208594986, 7.18557323336625 ], [ 80.117894093703214, 7.18533894947335 ], [ 80.116465665223856, 7.184586050831921 ], [ 80.115898744125701, 7.184181833486017 ], [ 80.115785352748404, 7.183780383668934 ] ] } },
{ "type": "Feature", "properties": { "NAME": "Attanagalu Oya", "CODE": 1 }, "geometry": { "type": "MultiLineString", "coordinates": [ [ [ 80.115785352748404, 7.183780383668934 ], [ 80.115906066898503, 7.182922591802014 ], [ 80.116774604412299, 7.179837448672482 ], [ 80.118678420695346, 7.176415224427795 ], [ 80.120227208565126, 7.174249902825956 ], [ 80.121322859556471, 7.173397869990286 ], [ 80.122871693444566, 7.171633401814034 ], [ 80.123385542974162, 7.171293173147467 ], [ 80.126483623927996, 7.169652390878441 ], [ 80.127458453161509, 7.169487025567594 ], [ 80.129627188991691, 7.168756012085581 ], [ 80.130375407459681, 7.168760730313835 ], [ 80.132317586197729, 7.169173344234153 ], [ 80.133692856809731, 7.168666861101546 ], [ 80.134894352217714, 7.168388048349588 ], [ 80.136776230043893, 7.169029464727713 ], [ 80.140486895809104, 7.169681866873614 ], [ 80.141340999169969, 7.170316766184488 ], [ 80.143215849890069, 7.173362214178187 ], [ 80.146700194561035, 7.175100287099985 ], [ 80.146979988740583, 7.175560032021195 ], [ 80.146972843175732, 7.177220148589534 ], [ 80.147600306338802, 7.177910401537062 ], [ 80.150109557179576, 7.179357038043799 ], [ 80.151485130630562, 7.179422483454768 ], [ 80.15228616347234, 7.179255842575996 ], [ 80.1548324442889, 7.177867627779042 ] ], [ [ 80.164103003702806, 7.193740189868213 ], [ 80.164623862645669, 7.194270164389827 ], [ 80.166906791541578, 7.195886827426706 ], [ 80.168955400036523, 7.197845682647797 ], [ 80.171979223165522, 7.200210491497549 ], [ 80.172946945031313, 7.201246780075921 ], [ 80.174648082430821, 7.203432368865665 ], [ 80.175963347005734, 7.204127300857841 ], [ 80.176757199591989, 7.205047772766194 ], [ 80.178813331836068, 7.206834496245693 ], [ 80.179834069274591, 7.207928208893045 ], [ 80.181709269510648, 7.21068683119697 ], [ 80.182450157868701, 7.211549999907399 ], [ 80.183591628367637, 7.212301208451197 ], [ 80.18415852020091, 7.21247630197786 ], [ 80.184658362491845, 7.212441172770555 ] ] ] } },
{ "type": "Feature", "properties": { "NAME": "Attanagalu Oya", "CODE": 1 }, "geometry": { "type": "LineString", "coordinates": [ [ 79.999141990292031, 7.151572554954086 ], [ 79.999927847923374, 7.151753740706917 ], [ 80.000607978355177, 7.152216490933644 ], [ 80.002889925820156, 7.154291693426805 ], [ 80.004703342424534, 7.157165555382267 ], [ 80.005443866998093, 7.157857298782107 ], [ 80.00601054464633, 7.158662353538651 ], [ 80.006977808854941, 7.15929866033942 ], [ 80.00845882572375, 7.160796306801295 ], [ 80.009138850199477, 7.162060050242983 ], [ 80.009418416726959, 7.162863071640396 ], [ 80.009879332062312, 7.163553215650414 ], [ 80.010385664505677, 7.164071760501687 ], [ 80.01187439806175, 7.165111613746228 ], [ 80.01677857871934, 7.166688636782749 ], [ 80.020496577936981, 7.167399650500521 ], [ 80.026156687858276, 7.166921109832942 ], [ 80.027584963591011, 7.166930346974998 ], [ 80.033018381079998, 7.166564673100856 ], [ 80.03467335328061, 7.166632466280191 ], [ 80.036388843422515, 7.166987323053762 ], [ 80.037817097625222, 7.167454328458974 ], [ 80.040212586128604, 7.169243990795648 ] ] } },
{ "type": "Feature", "properties": { "NAME": "Attanagalu Oya", "CODE": 1 }, "geometry": { "type": "LineString", "coordinates": [ [ 79.999141990292031, 7.151572554954086 ], [ 79.999685891095353, 7.153755912121726 ], [ 80.000479235281418, 7.155421133433178 ], [ 80.001045875234936, 7.1570847028072 ], [ 80.002519307737956, 7.159841717576728 ], [ 80.00473312907269, 7.163004633749397 ], [ 80.005753271151747, 7.165529585151795 ], [ 80.00608568367312, 7.166962873190796 ], [ 80.006365146326758, 7.169139851493783 ], [ 80.005835986691793, 7.172799930902071 ], [ 80.006228880331008, 7.17440527615909 ], [ 80.006568861618774, 7.175037149930752 ], [ 80.00753608216661, 7.176016241140283 ], [ 80.007876115005814, 7.176534088980413 ], [ 80.008216167693078, 7.177337494514441 ], [ 80.009402533147494, 7.179176729166084 ], [ 80.010256476946523, 7.180899971847648 ], [ 80.012818062622401, 7.184064428567802 ], [ 80.013951592300629, 7.186132889733423 ], [ 80.014344525061333, 7.187394459491435 ], [ 80.014450318361753, 7.188826239770301 ], [ 80.014163029170007, 7.189683287147794 ], [ 80.01364156039476, 7.190595617329394 ], [ 80.013467664599517, 7.191796199323406 ], [ 80.013520551352613, 7.192197283179643 ], [ 80.014427320657163, 7.19472189498546 ], [ 80.015900916046107, 7.196849412405265 ] ] } },
{ "type": "Feature", "properties": { "NAME": "Negombo Lagoon", "CODE": 7 }, "geometry": { "type": "LineString", "coordinates": [ [ 79.868319806658207, 7.137402677249607 ], [ 79.867243371623374, 7.139979829749324 ], [ 79.866959694491342, 7.14129652588109 ], [ 79.867018723774663, 7.142212487209519 ], [ 79.867366863798878, 7.142898853021395 ], [ 79.867365738652694, 7.143471360294165 ], [ 79.866189651769844, 7.150341282901736 ], [ 79.866307522679023, 7.152229862078149 ], [ 79.866708704410456, 7.153030778461683 ], [ 79.867172451005928, 7.152915831037078 ], [ 79.867621932949675, 7.152285427209348 ], [ 79.868074634424346, 7.150052652693979 ], [ 79.868417012000435, 7.149823020221443 ], [ 79.869215155830616, 7.149650089934911 ], [ 79.869221333817407, 7.15039442102865 ], [ 79.86882894809392, 7.152856064963059 ], [ 79.868263643123527, 7.154402088369277 ], [ 79.867180559467513, 7.156521580944277 ], [ 79.86719604964523, 7.160184567476855 ], [ 79.866629259396788, 7.162474901791565 ], [ 79.866513723234249, 7.163276497754897 ], [ 79.866525882598609, 7.16482181518586 ], [ 79.866296206221648, 7.165680408862889 ], [ 79.865503114104783, 7.167112520247565 ], [ 79.863964239164389, 7.169118067774897 ], [ 79.862604985052585, 7.172497163552003 ], [ 79.862094185789871, 7.173356186094857 ], [ 79.860441357453098, 7.175304833801737 ], [ 79.860211434575803, 7.176277866510261 ], [ 79.860102196750702, 7.177708918532591 ], [ 79.859651421652771, 7.178969037325762 ], [ 79.859140765631906, 7.17971375139228 ], [ 79.85748820017659, 7.181547374010403 ], [ 79.856689010591936, 7.182178477520024 ], [ 79.854530871726496, 7.186015981241121 ], [ 79.853905203682899, 7.187276165020737 ], [ 79.854197810746271, 7.189164806512278 ], [ 79.85402858517827, 7.19019517690836 ], [ 79.853685249902796, 7.190882429338014 ], [ 79.852778379321265, 7.192143177053098 ], [ 79.851179974526559, 7.193461592404331 ], [ 79.850212095494214, 7.194836514099896 ], [ 79.848902898656291, 7.195926046823013 ], [ 79.84741940472459, 7.196729253223939 ], [ 79.846675413481918, 7.196386960720031 ], [ 79.84638723012641, 7.19610125636503 ], [ 79.846039210059956, 7.195357229208542 ], [ 79.845865918003128, 7.194613696391395 ], [ 79.845123093167004, 7.193698616896439 ], [ 79.844432582568075, 7.193184763063801 ], [ 79.84305799907996, 7.192785803548676 ], [ 79.841744998717417, 7.191986409987879 ], [ 79.841167828611219, 7.19181554982528 ], [ 79.839403101599757, 7.192676370273784 ], [ 79.836827040597427, 7.192679598649299 ], [ 79.836142658591598, 7.192909915830154 ], [ 79.835799295279884, 7.193597292365392 ], [ 79.835918201115334, 7.194913360417292 ], [ 79.835527566143611, 7.196401890066033 ] ] } },
{ "type": "Feature", "properties": { "NAME": "Attanagalu Oya", "CODE": 1 }, "geometry": { "type": "LineString", "coordinates": [ [ 80.02811407730708, 7.125590214496598 ], [ 80.02914175450546, 7.12594016126153 ], [ 80.030630288247607, 7.126006839136942 ], [ 80.031998056011233, 7.126530836745375 ], [ 80.032972752510219, 7.126708874297902 ], [ 80.035602272196385, 7.126782586097018 ], [ 80.037257022650977, 7.126678821394162 ], [ 80.038231864317197, 7.126856707026295 ], [ 80.039138621714528, 7.127549650168095 ], [ 80.039992566037355, 7.128585435059195 ], [ 80.042100798764807, 7.129686077539915 ], [ 80.042954679897576, 7.130321140419566 ], [ 80.043415602031999, 7.13106833752347 ], [ 80.043801143638433, 7.133817872373748 ], [ 80.044027828349925, 7.134277302527763 ], [ 80.044655019411664, 7.134910734345436 ], [ 80.04504791717109, 7.135199739327414 ], [ 80.046476068484651, 7.135723651972613 ], [ 80.047677636893027, 7.136532624807888 ], [ 80.048758233362534, 7.136768446860346 ], [ 80.050352642498538, 7.137865991396487 ], [ 80.051841201091179, 7.138219155226889 ], [ 80.052468620995583, 7.13885257827546 ], [ 80.053322489962213, 7.140059877457199 ], [ 80.054622306041324, 7.142929944974834 ], [ 80.055703048769132, 7.144539159549185 ], [ 80.056481608093364, 7.148608025638916 ], [ 80.057101340377542, 7.150786797487055 ], [ 80.057494360471281, 7.151648188132025 ], [ 80.062013287673125, 7.152592535657145 ], [ 80.063494369146625, 7.152144218073092 ], [ 80.064416273724774, 7.151234125930937 ], [ 80.064816711008191, 7.151007817055627 ], [ 80.065217201877061, 7.150838450661002 ], [ 80.065731084344961, 7.150899148243839 ], [ 80.06664546258321, 7.151248280766151 ], [ 80.067272765257258, 7.152167813871446 ], [ 80.067952923794735, 7.15280200651748 ], [ 80.068814413934376, 7.153093263827254 ], [ 80.071096529395007, 7.153336945724153 ], [ 80.0719504703589, 7.153571101808892 ], [ 80.072638206832877, 7.154205299828003 ], [ 80.072857459301929, 7.155065003566644 ], [ 80.072343671531726, 7.156378289654122 ], [ 80.072283288238012, 7.156778634806106 ], [ 80.072396707433384, 7.157179667836193 ], [ 80.073704144401844, 7.1584472529904 ], [ 80.074218039049114, 7.159251873123695 ], [ 80.074271050205596, 7.159652531728269 ], [ 80.074150204056025, 7.160739491138597 ], [ 80.072707028553651, 7.163363172083602 ], [ 80.072420007830559, 7.164219704446763 ], [ 80.072586278947668, 7.165079469107224 ], [ 80.073440436051811, 7.166859135636065 ], [ 80.073432877288653, 7.167316927677463 ], [ 80.072851215959744, 7.169431265395116 ], [ 80.072904131825752, 7.170404319399019 ], [ 80.073191407426776, 7.171379425246352 ], [ 80.072896867930979, 7.173266144649771 ], [ 80.072949806749548, 7.173667368292323 ], [ 80.073403302343479, 7.174471615834694 ], [ 80.074257288198623, 7.174934814376807 ], [ 80.075632702895732, 7.175401345399749 ], [ 80.076139128987293, 7.17591968506285 ], [ 80.076653045432067, 7.176723880282382 ], [ 80.076985837590513, 7.178385900292677 ], [ 80.077272964861123, 7.178674016257215 ], [ 80.07807406408098, 7.179079903255005 ], [ 80.079789470257523, 7.178804277288179 ], [ 80.080242974630579, 7.178864446849159 ], [ 80.080756844897422, 7.179096807221508 ], [ 80.081444574920809, 7.179673488049963 ], [ 80.082291108030489, 7.180823226865949 ], [ 80.083364694557105, 7.184722390723302 ], [ 80.083818243534765, 7.185698165688707 ], [ 80.083984682488037, 7.186557504552008 ], [ 80.083863898808119, 7.188502849553688 ], [ 80.083743104342261, 7.18890282297655 ], [ 80.082821138356792, 7.190384921149107 ], [ 80.082874174775853, 7.191243948454452 ], [ 80.083614825101023, 7.191878074033893 ], [ 80.084128865709872, 7.192854222543244 ], [ 80.084355600356176, 7.193371146555886 ], [ 80.084295293669783, 7.194286381529134 ], [ 80.084575010622643, 7.195089371211665 ], [ 80.086056476118856, 7.196872929735573 ], [ 80.087303724918897, 7.199170316283789 ], [ 80.087810191003584, 7.200490227590985 ], [ 80.088437645521182, 7.200951936200799 ], [ 80.093115932718959, 7.202869948370168 ], [ 80.095625284693028, 7.204774683595069 ], [ 80.097227580746861, 7.205128032722724 ], [ 80.09899607190188, 7.20513897353331 ], [ 80.101512616494929, 7.204582562428023 ], [ 80.103001477208593, 7.204477354747013 ], [ 80.104029316607765, 7.204254898654543 ], [ 80.107188060096263, 7.202500053504343 ], [ 80.109931382563744, 7.201659065845771 ], [ 80.1106189454337, 7.201033401895506 ], [ 80.111427458171036, 7.199836642320911 ], [ 80.11160860673057, 7.197949158556269 ], [ 80.111676012760071, 7.194629876119817 ], [ 80.112959893448533, 7.189372034099696 ], [ 80.112733007502555, 7.188397879625629 ], [ 80.112506205530238, 7.188053068155381 ], [ 80.111311985182653, 7.187415789667638 ], [ 80.110745020127524, 7.18655375944274 ], [ 80.111092545565469, 7.18569714445601 ], [ 80.111719724873311, 7.185129038892242 ], [ 80.113382204453018, 7.184280952870018 ], [ 80.115384832655167, 7.183663522194508 ], [ 80.115785352748404, 7.183780383668934 ] ] } },
{ "type": "Feature", "properties": { "NAME": "Attanagalu Oya", "CODE": 1 }, "geometry": { "type": "LineString", "coordinates": [ [ 80.026817186615176, 7.12502562696672 ], [ 80.02811407730708, 7.125590214496598 ] ] } },
{ "type": "Feature", "properties": { "NAME": "Negombo Lagoon", "CODE": 7 }, "geometry": { "type": "LineString", "coordinates": [ [ 79.87084634732895, 7.12371950309544 ], [ 79.870562625068715, 7.125036346048014 ], [ 79.870567467867403, 7.126467631452701 ], [ 79.870120481117908, 7.129673495714258 ], [ 79.870184288861537, 7.132019753452526 ], [ 79.869672996353373, 7.133165329830486 ], [ 79.86899453331273, 7.134253920989091 ], [ 79.868543125690977, 7.135914051767726 ], [ 79.868319806658207, 7.137402677249607 ] ] } },
{ "type": "Feature", "properties": { "NAME": "Attanagalu Oya", "CODE": 1 }, "geometry": { "type": "LineString", "coordinates": [ [ 79.892702367113145, 7.122194913660446 ], [ 79.893600826246129, 7.124547996209534 ], [ 79.893774344942173, 7.125579472371162 ], [ 79.893706072090353, 7.126666582208737 ], [ 79.893365839219911, 7.127122308036686 ], [ 79.891877052293424, 7.127741725333991 ], [ 79.890040647821252, 7.129160608339535 ], [ 79.889231898576668, 7.130128183195828 ], [ 79.88871007675894, 7.131441197056275 ], [ 79.889450055367234, 7.13322034008829 ], [ 79.890129907648642, 7.133969352705748 ], [ 79.891383980748529, 7.134893671950483 ], [ 79.891950393970347, 7.135526748451569 ], [ 79.892063383598284, 7.136843942315016 ], [ 79.891654895815947, 7.138329833396213 ], [ 79.891246665063633, 7.13901389488212 ], [ 79.891072618471, 7.139813979203788 ], [ 79.891125259389696, 7.140730072440069 ], [ 79.891464864127286, 7.142163416243054 ], [ 79.89105630484103, 7.143534294263372 ], [ 79.890307990014193, 7.144731440331271 ], [ 79.889960248009928, 7.14507270088413 ], [ 79.887730883361755, 7.145916181104639 ], [ 79.887383288524575, 7.146142711083307 ], [ 79.887035449159029, 7.146827165424646 ], [ 79.886861595924742, 7.147226544901171 ], [ 79.886808466219833, 7.147856036946663 ], [ 79.886966574119256, 7.149574301272992 ], [ 79.886792513755466, 7.150374523509446 ], [ 79.885461419134231, 7.154200533735992 ], [ 79.88540057243145, 7.155344875386977 ], [ 79.885506253456782, 7.15574648706457 ], [ 79.886133219462053, 7.156494558580053 ], [ 79.887840531770166, 7.157937173267637 ], [ 79.88944224781153, 7.15886400838214 ], [ 79.890522772833137, 7.159100197945123 ], [ 79.892011349153123, 7.15905316941056 ], [ 79.893386771464677, 7.158661592801155 ], [ 79.893900671635308, 7.15843580022501 ], [ 79.894701919942506, 7.15775432418824 ], [ 79.895276326707148, 7.156957120795821 ], [ 79.89562410683412, 7.156673504037795 ], [ 79.896198442767556, 7.156505611722885 ], [ 79.897052232761951, 7.156682577231139 ], [ 79.897513163970814, 7.156857523879227 ], [ 79.898533005609934, 7.157723175047281 ], [ 79.899046680516065, 7.158470451703661 ], [ 79.899839613063975, 7.160078723501417 ], [ 79.899952752844143, 7.160880626953576 ], [ 79.899892068307352, 7.161510107796992 ], [ 79.898962047855846, 7.163621644069238 ], [ 79.899022401111949, 7.16402274427486 ], [ 79.899301964205264, 7.1644251080586 ], [ 79.899301658748669, 7.16488331631969 ], [ 79.89820552950134, 7.166478820071774 ], [ 79.897804934833161, 7.166819560687058 ], [ 79.895855063322088, 7.167493060877347 ], [ 79.895167296361322, 7.168118377901002 ], [ 79.894191832768144, 7.170114943137086 ], [ 79.893957356624213, 7.171029216072704 ], [ 79.894184000391746, 7.171545786508024 ], [ 79.896118077279638, 7.172818414852242 ], [ 79.896805529593934, 7.173509933543162 ], [ 79.897364352986301, 7.174772872125916 ], [ 79.897190141743408, 7.176431585414313 ], [ 79.896433641344402, 7.178887626693541 ], [ 79.896425761320501, 7.179975273348648 ], [ 79.896765404024677, 7.18129402903037 ], [ 79.896235630991853, 7.18392386520692 ], [ 79.896235494625998, 7.184438730908432 ], [ 79.897081357105577, 7.18616155699591 ], [ 79.89719458349812, 7.186620122388343 ], [ 79.897133835242215, 7.187535857668837 ], [ 79.896445751308377, 7.188790484037198 ], [ 79.895750303350525, 7.189529805134472 ], [ 79.895062436290488, 7.190040529983 ], [ 79.892145207262644, 7.190650264555708 ], [ 79.88974170117325, 7.191950328061662 ], [ 79.889167109903482, 7.192518907569881 ], [ 79.888698240663288, 7.193946881082374 ], [ 79.888811321353927, 7.194806290168342 ], [ 79.889317226729588, 7.196068853295784 ], [ 79.889377523513517, 7.196641622303131 ], [ 79.889256353074899, 7.197442226741308 ], [ 79.888908418512131, 7.198298627730818 ], [ 79.887464182408678, 7.200807571005948 ], [ 79.886942081554537, 7.202864465114791 ], [ 79.886941941259309, 7.203265166039277 ], [ 79.887168567321339, 7.203610071635668 ], [ 79.888135655580783, 7.20424619572048 ], [ 79.889337132065833, 7.204654867792637 ], [ 79.890425428737103, 7.204547889016352 ], [ 79.891566753658708, 7.203868921805901 ], [ 79.89248118920662, 7.203932283073528 ], [ 79.893168676436559, 7.20462381129854 ], [ 79.893614109658543, 7.206000419017373 ] ] } },
{ "type": "Feature", "properties": { "NAME": "Attanagalu Oya", "CODE": 1 }, "geometry": { "type": "LineString", "coordinates": [ [ 79.88567587007401, 7.120716882974448 ], [ 79.885615179074819, 7.121345937400232 ], [ 79.885833790686476, 7.123121682582805 ], [ 79.8854249886014, 7.125580217290394 ], [ 79.884102071707844, 7.127517609638512 ], [ 79.8832403695897, 7.128541870316614 ], [ 79.882779327169303, 7.128882626147608 ], [ 79.882030814342556, 7.130480037452697 ], [ 79.881561922793068, 7.132136762782203 ], [ 79.88029170626541, 7.134417719725547 ], [ 79.87971694942901, 7.136131036289769 ], [ 79.87970890348457, 7.137619381138385 ], [ 79.879979879106855, 7.140540250219183 ], [ 79.879919324912223, 7.141055139184791 ], [ 79.879284199372648, 7.142195684241891 ], [ 79.879275948763947, 7.144370985144022 ], [ 79.87846651216303, 7.146941055644121 ], [ 79.878450675914905, 7.149230927897063 ], [ 79.878616584632383, 7.150376412773399 ], [ 79.878041774635861, 7.151918054312819 ], [ 79.877293414033872, 7.152714471953237 ], [ 79.877224815042482, 7.15448810475812 ], [ 79.87705067204972, 7.15557499990639 ], [ 79.876528902545459, 7.156715898687826 ], [ 79.875840845311558, 7.157741320920885 ], [ 79.875545987953657, 7.158483654142895 ], [ 79.875432305542276, 7.159685111091285 ], [ 79.874562531781734, 7.161682398192553 ] ] } },
{ "type": "Feature", "properties": { "NAME": "Attanagalu Oya", "CODE": 1 }, "geometry": { "type": "LineString", "coordinates": [ [ 79.88567587007401, 7.120716882974448 ], [ 79.886136823450016, 7.12049071006607 ], [ 79.887224956556352, 7.120326632463297 ], [ 79.887738643720454, 7.120559049494842 ], [ 79.888358011647341, 7.121192653087114 ], [ 79.88893216654958, 7.121540054426625 ], [ 79.890299693733155, 7.121778336020166 ], [ 79.892014943941149, 7.121675490575305 ], [ 79.892415437821029, 7.121849475465993 ], [ 79.892702367113145, 7.122194913660446 ] ] } },
{ "type": "Feature", "properties": { "NAME": "Attanagalu Oya", "CODE": 1 }, "geometry": { "type": "LineString", "coordinates": [ [ 79.921577582908384, 7.11853697535896 ], [ 79.921407823690373, 7.120269477494245 ], [ 79.92053833703612, 7.122610511645062 ], [ 79.919555633881842, 7.124435616209183 ], [ 79.918459402962455, 7.127061637049419 ], [ 79.917937560404354, 7.129004152652312 ], [ 79.917808410377944, 7.132323299430722 ], [ 79.918132432224454, 7.135645402778198 ], [ 79.917942658921774, 7.139307353358148 ], [ 79.917995034062216, 7.141425565767875 ], [ 79.917647205697122, 7.142282002112162 ], [ 79.916838590024454, 7.142848923908264 ], [ 79.915123215973466, 7.143352698938672 ], [ 79.913747742628061, 7.144030465154305 ], [ 79.913347288833037, 7.144085106672167 ], [ 79.911239148560625, 7.143441124906209 ], [ 79.909690174874427, 7.143545332319407 ], [ 79.90809595421166, 7.142733029149182 ], [ 79.907521714290453, 7.142672328539795 ], [ 79.907060627442277, 7.143412965344134 ], [ 79.906999923537555, 7.143985366985072 ], [ 79.907226223924596, 7.145704043951074 ], [ 79.907052316842609, 7.146103574400154 ], [ 79.90670465886339, 7.146330119949681 ], [ 79.904875917863947, 7.146775428953792 ], [ 79.90447550227411, 7.146658392703624 ], [ 79.904074938337047, 7.146770107496155 ], [ 79.903613840650962, 7.147511163437786 ], [ 79.903144733364812, 7.149683066592023 ], [ 79.902683555645751, 7.150538708538362 ], [ 79.901821886821793, 7.151277310715251 ], [ 79.901020858140214, 7.151443511172308 ], [ 79.900106609020767, 7.151036557902091 ], [ 79.898746809981589, 7.149882738907231 ], [ 79.897772111449243, 7.149761500176303 ], [ 79.897432014482703, 7.149988476036449 ], [ 79.897311005738203, 7.150388384469394 ], [ 79.897590108333276, 7.152107020693687 ], [ 79.897416113687243, 7.152621133484987 ], [ 79.896781288088562, 7.153132251771461 ], [ 79.896554398063785, 7.154046684037675 ], [ 79.896667517202815, 7.154447743277994 ], [ 79.897120713311296, 7.155080460248995 ], [ 79.898201022610579, 7.156061096623024 ], [ 79.898941447442922, 7.156523817942399 ], [ 79.899742318409125, 7.156929994739166 ], [ 79.900996609022627, 7.157109972170344 ], [ 79.901850355170623, 7.15757361009064 ], [ 79.902651348374917, 7.1576935253366 ], [ 79.903678768076318, 7.158673203274061 ], [ 79.905794704027713, 7.158287081440762 ], [ 79.908023838222888, 7.158302007273758 ], [ 79.908590454953128, 7.158477283073108 ], [ 79.91018449418668, 7.160205728047441 ], [ 79.912753619940204, 7.160737973871893 ], [ 79.913554437135218, 7.161487327505293 ], [ 79.914468612888896, 7.162065786367588 ], [ 79.916637215690372, 7.162652652383216 ], [ 79.918405175137437, 7.163694857559347 ], [ 79.919085154961522, 7.164386331668782 ], [ 79.920278785783083, 7.165253111018298 ], [ 79.921941225521891, 7.165607580076689 ], [ 79.923248432398168, 7.166303174724752 ], [ 79.927079516921211, 7.166786525071906 ], [ 79.928046835965759, 7.16667851651579 ], [ 79.930170370099361, 7.166177286214326 ], [ 79.931598700568443, 7.165557361763126 ], [ 79.935090081203455, 7.164779409362147 ], [ 79.936064954148435, 7.164327772449576 ], [ 79.937840907868932, 7.163767236255892 ], [ 79.94098453297967, 7.163845266213754 ], [ 79.943327181444033, 7.163231050430329 ], [ 79.945450794964131, 7.162043201691008 ], [ 79.947173917404399, 7.160680833582686 ], [ 79.948315110877431, 7.160287537841545 ], [ 79.949350393418371, 7.160179886493885 ], [ 79.951405906809526, 7.159678571700831 ], [ 79.953295163916394, 7.158832336527679 ], [ 79.954270134351702, 7.158151903237052 ], [ 79.954678244972101, 7.157696531789992 ], [ 79.955713769763122, 7.156215067063881 ], [ 79.956053807100531, 7.155931386544105 ], [ 79.956923065564979, 7.15450571720199 ], [ 79.95818521892302, 7.153140506808379 ], [ 79.958986211366351, 7.153031287550196 ], [ 79.961895408847852, 7.153565839093779 ], [ 79.963897986493578, 7.153178112175266 ], [ 79.965220533090374, 7.15261468806299 ], [ 79.967344102891218, 7.150911002343616 ], [ 79.968258425123054, 7.150630856851452 ], [ 79.969626222246859, 7.150639880377584 ], [ 79.970941022983439, 7.15082048028153 ], [ 79.972943452459972, 7.151119684574152 ], [ 79.974484919151578, 7.151530553455078 ], [ 79.977227922423069, 7.151605938412458 ], [ 79.978255673325947, 7.151383616290793 ], [ 79.979003766637803, 7.151388577528951 ], [ 79.981746721645777, 7.151864081819872 ], [ 79.986318492064569, 7.151264612538677 ], [ 79.988774317152519, 7.151795680255543 ], [ 79.990262931069822, 7.151977510558957 ], [ 79.991116901426651, 7.151868182918094 ], [ 79.994094233552588, 7.151086486713374 ], [ 79.994955673881009, 7.151034530073871 ], [ 79.996950607139169, 7.151391126264149 ], [ 79.998152117918707, 7.151398796707456 ], [ 79.999141990292031, 7.151572554954086 ] ] } },
{ "type": "Feature", "properties": { "NAME": "Attanagalu Oya", "CODE": 1 }, "geometry": { "type": "LineString", "coordinates": [ [ 79.920865190469328, 7.114083956566678 ], [ 79.920169700552606, 7.115624888247623 ], [ 79.920282907248748, 7.116140532204262 ], [ 79.92102316557461, 7.117290178837317 ], [ 79.921015497127456, 7.117805459297319 ], [ 79.921577582908384, 7.11853697535896 ] ] } },
{ "type": "Feature", "properties": { "NAME": "Attanagalu Oya", "CODE": 1 }, "geometry": { "type": "LineString", "coordinates": [ [ 79.922089270940006, 7.113868330239621 ], [ 79.922459146554843, 7.115697195979675 ], [ 79.922511817041595, 7.116556070108071 ], [ 79.921876766483777, 7.118154480132764 ], [ 79.921577582908384, 7.11853697535896 ] ] } },
{ "type": "Feature", "properties": { "NAME": "Attanagalu Oya", "CODE": 1 }, "geometry": { "type": "LineString", "coordinates": [ [ 79.920865190469328, 7.114083956566678 ], [ 79.92131852335477, 7.114144414703331 ], [ 79.922089270940006, 7.113868330239621 ] ] } },
{ "type": "Feature", "properties": { "NAME": "Attanagalu Oya", "CODE": 1 }, "geometry": { "type": "LineString", "coordinates": [ [ 79.919203007670035, 7.113804248928603 ], [ 79.920865190469328, 7.114083956566678 ] ] } },
{ "type": "Feature", "properties": { "NAME": "Attanagalu Oya", "CODE": 1 }, "geometry": { "type": "LineString", "coordinates": [ [ 79.892702367113145, 7.122194913660446 ], [ 79.893851147047357, 7.121458421900839 ], [ 79.894765436349175, 7.121178419991547 ], [ 79.897107804545556, 7.121022628637231 ], [ 79.898422465732281, 7.121317585943992 ], [ 79.900303652021776, 7.12207436011669 ], [ 79.902297991352086, 7.123518584372472 ], [ 79.903272711727652, 7.123525219390593 ], [ 79.904239974535884, 7.123360309785592 ], [ 79.905615086716381, 7.123712584637458 ], [ 79.906181772418492, 7.123602307200612 ], [ 79.910307688349747, 7.122084052558511 ], [ 79.912370543854806, 7.121926109104943 ], [ 79.914146418127643, 7.12090800115721 ], [ 79.914433615102297, 7.120623546441139 ], [ 79.915983076977398, 7.118458987079281 ], [ 79.916391462835222, 7.116858897266342 ], [ 79.916739269165447, 7.116346082486142 ], [ 79.918915678089334, 7.114586057462213 ], [ 79.919203007670035, 7.113804248928603 ] ] } },
{ "type": "Feature", "properties": { "NAME": "Attanagalu Oya", "CODE": 1 }, "geometry": { "type": "LineString", "coordinates": [ [ 79.922089270940006, 7.113868330239621 ], [ 79.922754297648325, 7.113581453658485 ], [ 79.923842539113551, 7.112615308418811 ], [ 79.924651151136175, 7.11159057751199 ], [ 79.92504440808213, 7.110274870357159 ] ] } },
{ "type": "Feature", "properties": { "NAME": "Negombo Lagoon", "CODE": 7 }, "geometry": { "type": "LineString", "coordinates": [ [ 79.87084634732895, 7.12371950309544 ], [ 79.87159872264013, 7.119681320357797 ], [ 79.871661738898126, 7.118594492052381 ], [ 79.871156504835454, 7.116644966704912 ], [ 79.871044723936421, 7.115499445298659 ], [ 79.870765844664376, 7.114409973908239 ], [ 79.870538714220046, 7.113949912755378 ], [ 79.87008370008337, 7.113488984122819 ], [ 79.869173482666383, 7.112737804793814 ], [ 79.867010910626945, 7.111290301128586 ], [ 79.865873831492422, 7.110022255797642 ], [ 79.865365415672272, 7.109675240733688 ], [ 79.864393602906489, 7.10932435110605 ], [ 79.863420780453438, 7.109488320738707 ], [ 79.862500355751223, 7.110053373776852 ], [ 79.862218388703909, 7.110509047772327 ], [ 79.862094895615655, 7.111481025852907 ], [ 79.861751764737363, 7.112107682153528 ], [ 79.86094493450102, 7.112845611283352 ], [ 79.860769153611002, 7.113359280540014 ], [ 79.860829076392392, 7.113817462241892 ], [ 79.861729119253198, 7.115885040505884 ], [ 79.862463505273524, 7.117207126091056 ], [ 79.862400721980137, 7.118236869617157 ], [ 79.862162310367012, 7.119665696270594 ], [ 79.861757853033311, 7.1205779204862 ], [ 79.861301672731443, 7.120746289195382 ], [ 79.860846099715843, 7.120570898879825 ], [ 79.86039003216932, 7.120682044235508 ] ] } },
{ "type": "Feature", "properties": { "NAME": "Attanagalu Oya", "CODE": 1 }, "geometry": { "type": "LineString", "coordinates": [ [ 80.13633159798637, 7.109535764950016 ], [ 80.13617307414971, 7.109957609144832 ], [ 80.13611275421097, 7.110873288327034 ], [ 80.136339534343122, 7.111275172463892 ], [ 80.13714058329478, 7.111680951997904 ], [ 80.139762730182056, 7.112326459871466 ], [ 80.140616748165073, 7.112846617413662 ], [ 80.14101745873505, 7.113822554214636 ], [ 80.141183914323079, 7.114739391271864 ], [ 80.141697906911588, 7.115429350210896 ], [ 80.144033222028199, 7.117561342043025 ], [ 80.144766664238034, 7.119168489120287 ], [ 80.14493318500935, 7.120199919537613 ], [ 80.144812871482756, 7.122488528174109 ], [ 80.14411793086559, 7.123514551544584 ], [ 80.14222930744684, 7.12493360009069 ], [ 80.141647560538985, 7.125731715464396 ], [ 80.141708176249992, 7.126304061157333 ], [ 80.142554866450368, 7.127911931167813 ], [ 80.142721349734003, 7.128657088922317 ], [ 80.142834916544629, 7.129459400956362 ], [ 80.142767264194958, 7.131347777173396 ], [ 80.143508009320868, 7.131810269172196 ], [ 80.144135332474349, 7.132558031154358 ], [ 80.144195901709537, 7.132959121574109 ], [ 80.143901394643464, 7.133815844478513 ], [ 80.143327236226867, 7.134384783437133 ], [ 80.143093205237079, 7.135241729141016 ], [ 80.143426293980554, 7.137476127762525 ], [ 80.144620792685686, 7.139829965122129 ], [ 80.144673920817553, 7.140345639278097 ], [ 80.14450042946882, 7.141832439627018 ], [ 80.144719835619483, 7.143092846889045 ], [ 80.144946692542788, 7.143609746183397 ], [ 80.145853760509922, 7.144645290333519 ], [ 80.146254306523645, 7.144934226042664 ], [ 80.149677882807666, 7.146271594238675 ], [ 80.152360874397687, 7.147490241694265 ], [ 80.154016091737731, 7.1484732236672 ], [ 80.154688522784653, 7.149096078168427 ] ] } },
{ "type": "Feature", "properties": { "NAME": "Attanagalu Oya", "CODE": 1 }, "geometry": { "type": "LineString", "coordinates": [ [ 79.92504440808213, 7.110274870357159 ], [ 79.926026637478657, 7.110340387079623 ], [ 79.927054376235532, 7.110118312204603 ], [ 79.928603450834316, 7.108812194468768 ], [ 79.929306437075681, 7.107599482654764 ] ] } },
{ "type": "Feature", "properties": { "NAME": "Attanagalu Oya", "CODE": 1 }, "geometry": { "type": "LineString", "coordinates": [ [ 79.86039003216932, 7.120682044235508 ], [ 79.860129766979441, 7.120028487111838 ], [ 79.859842794730071, 7.119683173045605 ], [ 79.859729685242172, 7.118938349534986 ], [ 79.860085496782787, 7.117051833790435 ], [ 79.859519573472298, 7.114987313280353 ], [ 79.859474855171428, 7.113384426191982 ], [ 79.859762286369659, 7.112527641560179 ], [ 79.860049561685955, 7.112071980001462 ], [ 79.860684387893585, 7.111618273351168 ], [ 79.860911177692486, 7.111276372291998 ], [ 79.86023950345475, 7.109039411605338 ], [ 79.86079166049106, 7.107428795905713 ] ] } },
{ "type": "Feature", "properties": { "NAME": "Attanagalu Oya", "CODE": 1 }, "geometry": { "type": "LineString", "coordinates": [ [ 79.92504440808213, 7.110274870357159 ], [ 79.924946519182996, 7.108730360007739 ], [ 79.925180925276763, 7.107873564027399 ], [ 79.926042472443143, 7.107134902787824 ], [ 79.927530927655894, 7.107144821541017 ], [ 79.929306437075681, 7.107599482654764 ] ] } },
{ "type": "Feature", "properties": { "NAME": "Attanagalu Oya", "CODE": 1 }, "geometry": { "type": "LineString", "coordinates": [ [ 79.859507532868562, 7.106572876130511 ], [ 79.859786929925221, 7.106918315931445 ], [ 79.86079166049106, 7.107428795905713 ] ] } },
{ "type": "Feature", "properties": { "NAME": "Negombo Lagoon", "CODE": 7 }, "geometry": { "type": "LineString", "coordinates": [ [ 79.86039003216932, 7.120682044235508 ], [ 79.859933965294189, 7.120792765243519 ], [ 79.859077209697574, 7.119870427900743 ], [ 79.858736443931519, 7.119295268977522 ], [ 79.858125344318623, 7.117116213053118 ], [ 79.858491044349776, 7.112769287080523 ], [ 79.857934721679229, 7.109788798906035 ], [ 79.858401058240773, 7.108304614279097 ], [ 79.859095298787039, 7.106879089087262 ], [ 79.859507532868562, 7.106572876130511 ] ] } },
{ "type": "Feature", "properties": { "NAME": "Negombo Lagoon", "CODE": 7 }, "geometry": { "type": "LineString", "coordinates": [ [ 79.829097559466319, 7.196991862039964 ], [ 79.828893730922658, 7.196353523558099 ], [ 79.827916440253162, 7.194924070261436 ], [ 79.827742588650011, 7.194466077748791 ], [ 79.827912466047877, 7.19314961653173 ], [ 79.827732464250289, 7.192004948010259 ], [ 79.82652695528823, 7.190690455921648 ], [ 79.825899204608206, 7.189260308189912 ], [ 79.825778551880802, 7.188802425114081 ], [ 79.825887666417373, 7.187485839428593 ], [ 79.825775126220933, 7.186799509256376 ], [ 79.825260038471342, 7.185998893645762 ], [ 79.824281593273824, 7.185141511718448 ], [ 79.823645741405286, 7.18394023333403 ], [ 79.823359597916166, 7.182681466498559 ], [ 79.823296175922309, 7.180277591574349 ], [ 79.823465415211231, 7.179304321055736 ], [ 79.823801971695602, 7.178216528144269 ], [ 79.824885259281004, 7.176154393825235 ], [ 79.824933841438948, 7.174723804084532 ], [ 79.824528467596011, 7.172320070569338 ], [ 79.824524139647167, 7.170717705828371 ], [ 79.824806735004131, 7.170030353138739 ], [ 79.825773676283205, 7.169113543091358 ], [ 79.826170224076577, 7.168425999749929 ], [ 79.82633985082731, 7.167223839187463 ], [ 79.826106779725379, 7.166021980797353 ], [ 79.826276404631898, 7.164819961329325 ], [ 79.826619635933767, 7.16418995317555 ], [ 79.827472418345678, 7.163330124744751 ], [ 79.827701221726713, 7.162929192465116 ], [ 79.82848889244994, 7.160466869653683 ], [ 79.829061269500642, 7.15926426008479 ], [ 79.829686130992997, 7.158404947844422 ], [ 79.83094228948508, 7.157201331741479 ], [ 79.831735343624885, 7.155826512799591 ], [ 79.832018969803983, 7.154624297105521 ], [ 79.831662157524562, 7.150732606974705 ], [ 79.831830307431062, 7.150274325310015 ], [ 79.832227059866113, 7.149472752984781 ], [ 79.833080502767345, 7.148269718568044 ], [ 79.835022052797299, 7.146320908218597 ], [ 79.835935309948681, 7.145575624408766 ], [ 79.836560021531071, 7.144773520215633 ], [ 79.836895698383898, 7.144086262612797 ], [ 79.837006730261692, 7.141796609986367 ], [ 79.837229965380871, 7.140365376277574 ], [ 79.837850581552729, 7.137845887056336 ], [ 79.838521189870704, 7.133094404868478 ], [ 79.838342786806294, 7.13114891136502 ], [ 79.838339853945286, 7.12885944957771 ], [ 79.838447043558389, 7.128458262380232 ], [ 79.839354771629885, 7.126682671039219 ], [ 79.840268903857833, 7.125479736755238 ], [ 79.841806964307011, 7.123875237919842 ], [ 79.843001888302879, 7.12284297381595 ], [ 79.844083666964281, 7.121410628851074 ], [ 79.844824684960585, 7.119406363101895 ], [ 79.845215811080053, 7.117574475163898 ], [ 79.845271066230794, 7.116543734664782 ], [ 79.844746494907909, 7.112938803471652 ], [ 79.844676087497177, 7.11013434051937 ], [ 79.84478464164215, 7.109046625278624 ], [ 79.845128027211132, 7.108302148780785 ], [ 79.845981420089032, 7.107099074328771 ], [ 79.846613050653403, 7.106583072473173 ], [ 79.847693060761344, 7.106008762831657 ], [ 79.848476680628664, 7.105810963531442 ] ] } },
{ "type": "Feature", "properties": { "NAME": "Attanagalu Oya", "CODE": 1 }, "geometry": { "type": "LineString", "coordinates": [ [ 79.878034650751459, 7.104351832083125 ], [ 79.881804498077699, 7.105178853766335 ], [ 79.882658272233286, 7.105642514300976 ], [ 79.883285112217138, 7.106275994827925 ], [ 79.883511656740652, 7.106678402953894 ], [ 79.883851319004819, 7.107768127856219 ], [ 79.883964350268727, 7.108684619214314 ], [ 79.883548118508585, 7.110856883495104 ], [ 79.882973475921574, 7.112169932643298 ], [ 79.882557036520382, 7.115143316219005 ], [ 79.882095730370096, 7.116399640295984 ], [ 79.881974402665492, 7.117772617264863 ], [ 79.882139968463463, 7.119834092834185 ], [ 79.882532529516808, 7.121038790410965 ], [ 79.88287238587705, 7.12144212361347 ], [ 79.883325669148633, 7.121674146788334 ], [ 79.884413735634979, 7.121509510974877 ], [ 79.88567587007401, 7.120716882974448 ] ] } },
{ "type": "Feature", "properties": { "NAME": "Attanagalu Oya", "CODE": 1 }, "geometry": { "type": "LineString", "coordinates": [ [ 79.86079166049106, 7.107428795905713 ], [ 79.86122257993496, 7.106756251614724 ], [ 79.86167601341451, 7.106358985012373 ], [ 79.862484590544781, 7.106020767455213 ], [ 79.864026055953616, 7.105745021175472 ], [ 79.865340707565707, 7.105753950948621 ], [ 79.866315327501965, 7.105932185956182 ], [ 79.867108553467943, 7.106281309584257 ], [ 79.867909330872237, 7.106458495781562 ], [ 79.868362591035506, 7.106690530972599 ], [ 79.869450339655046, 7.107613583145145 ], [ 79.869850750515354, 7.107673563214873 ], [ 79.872193450408261, 7.106544396244056 ], [ 79.875118008178148, 7.10450388340609 ], [ 79.876553690650709, 7.104284829708762 ], [ 79.878034650751459, 7.104351832083125 ] ] } },
{ "type": "Feature", "properties": { "NAME": "Attanagalu Oya", "CODE": 1 }, "geometry": { "type": "LineString", "coordinates": [ [ 80.023074238355207, 7.103064136437775 ], [ 80.022386617039302, 7.103059776338601 ] ] } },
{ "type": "Feature", "properties": { "NAME": "Attanagalu Oya", "CODE": 1 }, "geometry": { "type": "LineString", "coordinates": [ [ 80.174950757974329, 7.108673028856953 ], [ 80.173386994390739, 7.109670996185399 ], [ 80.17235939067416, 7.109893629541061 ], [ 80.171445120113049, 7.109773329985992 ], [ 80.170530648817063, 7.109481489749008 ], [ 80.169623758479602, 7.109017977715298 ], [ 80.168822624963568, 7.108383628206116 ], [ 80.167734441824237, 7.10809099163498 ], [ 80.166193171969212, 7.108539304848477 ], [ 80.165165528436916, 7.10836119463453 ], [ 80.163109931620639, 7.10749006923627 ], [ 80.162596073524483, 7.107430048271472 ], [ 80.160140362606725, 7.107357719412319 ], [ 80.156536100396309, 7.107507250296312 ], [ 80.154307037742569, 7.107207415722796 ], [ 80.151737616827006, 7.106275646349889 ], [ 80.150256613607624, 7.105980749053902 ], [ 80.149795550944262, 7.105691455252975 ], [ 80.149168179923521, 7.104943702376041 ], [ 80.148434881508436, 7.10333656212048 ], [ 80.147694244663086, 7.102874081097428 ], [ 80.146319131239693, 7.103266031750431 ], [ 80.1459792822221, 7.103779480719729 ], [ 80.145684846045825, 7.104864830814351 ], [ 80.145397851575154, 7.105206530012618 ], [ 80.143795966883516, 7.105597318232384 ], [ 80.143101378330186, 7.107997200077077 ], [ 80.142640742102643, 7.108852709842343 ], [ 80.141605878222805, 7.109933941895304 ], [ 80.14063115669353, 7.110271452013514 ], [ 80.138976389826652, 7.110318650389079 ], [ 80.136860604992592, 7.109790263805763 ], [ 80.13633159798637, 7.109535764950016 ] ] } },
{ "type": "Feature", "properties": { "NAME": "Attanagalu Oya", "CODE": 1 }, "geometry": { "type": "LineString", "coordinates": [ [ 80.025174786908224, 7.102516324959676 ], [ 80.024275603153868, 7.102957558270766 ], [ 80.023074238355207, 7.103064136437775 ] ] } },
{ "type": "Feature", "properties": { "NAME": "Attanagalu Oya", "CODE": 1 }, "geometry": { "type": "LineString", "coordinates": [ [ 79.994241372965078, 7.101310141165733 ], [ 79.994951528723888, 7.103054773807234 ], [ 79.996946220307436, 7.103983312016081 ], [ 79.997739471399044, 7.105362408034785 ], [ 79.99819278196189, 7.105822939737283 ], [ 79.998532777713947, 7.106626488733379 ], [ 79.999333645747257, 7.107261533729098 ], [ 80.000414163916176, 7.107439952063059 ], [ 80.001441709487011, 7.107446888484786 ], [ 80.004479181857306, 7.107065764618235 ], [ 80.005907192773194, 7.107246582116051 ], [ 80.006700602930991, 7.107480464775079 ], [ 80.007335250294702, 7.107828110031632 ], [ 80.008529056255568, 7.108751749144373 ], [ 80.009148640423547, 7.110129272167764 ], [ 80.009654776732731, 7.112536371551005 ], [ 80.010448150882212, 7.113400145394298 ], [ 80.011475690255935, 7.11380735197033 ], [ 80.01198949670372, 7.114268678102629 ], [ 80.012276592275242, 7.114785161305057 ], [ 80.012722316355507, 7.116390871373032 ], [ 80.013175701064185, 7.117080572881587 ], [ 80.01420332561392, 7.118003080609278 ], [ 80.015110014507727, 7.119954870591434 ], [ 80.016243369438811, 7.120935055048673 ], [ 80.017618596844642, 7.121287570977933 ], [ 80.018812416432226, 7.122496889321835 ], [ 80.018978643615043, 7.123013031474951 ], [ 80.019719148392696, 7.1240483813278 ], [ 80.021434426320809, 7.124688553456485 ], [ 80.024169709807353, 7.125393105163134 ], [ 80.025318252928272, 7.125400612242999 ], [ 80.026817186615176, 7.12502562696672 ] ] } },
{ "type": "Feature", "properties": { "NAME": "Attanagalu Oya", "CODE": 1 }, "geometry": { "type": "LineString", "coordinates": [ [ 80.022386617039302, 7.103059776338601 ], [ 80.019016783549731, 7.102809595553888 ], [ 80.016961601999824, 7.102338142414531 ], [ 80.016500666204536, 7.102335414120565 ], [ 80.014672137945723, 7.102838697237688 ], [ 80.01375797627982, 7.102832682954357 ], [ 80.013130731047227, 7.102370891628444 ], [ 80.011937064468029, 7.100417076747114 ], [ 80.01148372106293, 7.100185598066371 ], [ 80.010969884652283, 7.100181930058906 ], [ 80.010221916874471, 7.1007495603102 ], [ 80.009413381917241, 7.102232262591754 ], [ 80.008438582864628, 7.103656757983456 ], [ 80.008038024038285, 7.103883584801675 ], [ 80.007577276585792, 7.103937789974734 ], [ 80.006549643582133, 7.103816418301442 ], [ 80.00614920560875, 7.103584880351095 ], [ 80.003988342064289, 7.101510479969961 ], [ 80.003361202361546, 7.101163267538129 ], [ 80.002900294036309, 7.101103018594126 ], [ 80.0024997970756, 7.10201625466117 ], [ 80.0021521185691, 7.102299964751694 ], [ 80.001525087973761, 7.102525138341425 ], [ 79.999296176018419, 7.102167345911891 ], [ 79.998442403595874, 7.101875561441514 ], [ 79.996500598457104, 7.101805629408617 ], [ 79.994241372965078, 7.101310141165733 ] ] } },
{ "type": "Feature", "properties": { "NAME": "Attanagalu Oya", "CODE": 1 }, "geometry": { "type": "LineString", "coordinates": [ [ 80.02730545617851, 7.099156895079026 ], [ 80.02663304705932, 7.099767629351693 ], [ 80.02685974208039, 7.100684865405058 ], [ 80.026738845221701, 7.101313440127574 ], [ 80.026451701496029, 7.101655198745516 ], [ 80.025174786908224, 7.102516324959676 ] ] } },
{ "type": "Feature", "properties": { "NAME": "Attanagalu Oya", "CODE": 1 }, "geometry": { "type": "LineString", "coordinates": [ [ 80.183863731922571, 7.098974655314152 ], [ 80.18154488035934, 7.101650067454417 ], [ 80.18108425067021, 7.102448536666204 ], [ 80.180389432003864, 7.103188349607893 ], [ 80.178266584926035, 7.104778096375372 ], [ 80.177299669438668, 7.105230291600557 ], [ 80.176952080365311, 7.105571228085814 ], [ 80.176083949291353, 7.107855508604345 ], [ 80.174950757974329, 7.108673028856953 ] ] } },
{ "type": "Feature", "properties": { "NAME": "Attanagalu Oya", "CODE": 1 }, "geometry": { "type": "LineString", "coordinates": [ [ 80.026595216068998, 7.098047850502355 ], [ 80.02730545617851, 7.099156895079026 ] ] } },
{ "type": "Feature", "properties": { "NAME": "Attanagalu Oya", "CODE": 1 }, "geometry": { "type": "LineString", "coordinates": [ [ 80.026595216068998, 7.098047850502355 ], [ 80.024804555538367, 7.098680382154752 ], [ 80.02370894023619, 7.099531764685867 ], [ 80.023368880395452, 7.100273728316038 ], [ 80.022953317975166, 7.102217152941262 ], [ 80.022900379236233, 7.102675008583454 ], [ 80.023074238355207, 7.103064136437775 ] ] } },
{ "type": "Feature", "properties": { "NAME": "Attanagalu Oya", "CODE": 1 }, "geometry": { "type": "LineString", "coordinates": [ [ 80.025174786908224, 7.102516324959676 ], [ 80.025408977622661, 7.102863019035048 ], [ 80.026270355078992, 7.10349797682891 ], [ 80.026610408511218, 7.103901217790558 ], [ 80.027124181178593, 7.103904303621897 ], [ 80.028952656223396, 7.103343462737478 ], [ 80.031007873103292, 7.103585681598225 ], [ 80.033584518788885, 7.103201647552098 ], [ 80.034385367761985, 7.103435495435599 ], [ 80.034952073929205, 7.103954389281131 ], [ 80.035125873640098, 7.104298863859741 ], [ 80.036153430634869, 7.104877974047938 ], [ 80.036606812325203, 7.105052911712475 ], [ 80.037747720425088, 7.1051174545941 ], [ 80.038148177105128, 7.104948249619247 ], [ 80.039009569653459, 7.103980598493193 ], [ 80.03930428341296, 7.103409801281388 ], [ 80.039477996016473, 7.102380870051593 ], [ 80.039825518949016, 7.101467228410058 ], [ 80.039538253945651, 7.100549617910604 ], [ 80.038178239141175, 7.097850115441044 ] ] } },
{ "type": "Feature", "properties": { "NAME": "Attanagalu Oya", "CODE": 1 }, "geometry": { "type": "LineString", "coordinates": [ [ 80.038178239141175, 7.097850115441044 ], [ 80.03749823157753, 7.098177131340215 ], [ 80.036984516475869, 7.099032576441586 ], [ 80.03652347146847, 7.099143894613611 ], [ 80.035609271128124, 7.099653232923053 ], [ 80.034634627469899, 7.099876064979456 ], [ 80.033319907121609, 7.099352307977608 ], [ 80.032405656199614, 7.099403979977673 ], [ 80.032005202938095, 7.099573180312331 ], [ 80.030123836401131, 7.098988460169108 ], [ 80.029149177494133, 7.098867930188804 ], [ 80.028008195740142, 7.098860875349104 ], [ 80.02730545617851, 7.099156895079026 ] ] } },
{ "type": "Feature", "properties": { "NAME": "Negombo Lagoon", "CODE": 7 }, "geometry": { "type": "LineString", "coordinates": [ [ 79.859507532868562, 7.106572876130511 ], [ 79.859273151243045, 7.105278476486792 ], [ 79.859729725156555, 7.104938440634658 ], [ 79.862131402039125, 7.104499222530308 ], [ 79.863569025686544, 7.103652035258746 ], [ 79.865909605689552, 7.103383921056587 ], [ 79.866312804795101, 7.103100996386215 ], [ 79.866541648517526, 7.102644649871003 ], [ 79.866209457637439, 7.101554649546189 ], [ 79.865641600093326, 7.100577645500117 ], [ 79.865643392717672, 7.09966166087342 ], [ 79.866046700073781, 7.099321654734953 ], [ 79.866966874992883, 7.098870895000631 ], [ 79.867309499433517, 7.098530204088994 ], [ 79.867485082919728, 7.098073894130813 ], [ 79.867145030097106, 7.097098183389302 ], [ 79.866636808930579, 7.096693807482256 ], [ 79.866173758903429, 7.096518410358888 ] ] } },
{ "type": "Feature", "properties": { "NAME": "Negombo Lagoon", "CODE": 7 }, "geometry": { "type": "LineString", "coordinates": [ [ 79.866173758903429, 7.096518410358888 ], [ 79.86571753461287, 7.096686362789674 ], [ 79.86485785039217, 7.097309189511774 ] ] } },
{ "type": "Feature", "properties": { "NAME": "Attanagalu Oya", "CODE": 1 }, "geometry": { "type": "LineString", "coordinates": [ [ 80.037855923389074, 7.096648442503612 ], [ 80.038178239141175, 7.097850115441044 ] ] } },
{ "type": "Feature", "properties": { "NAME": "Negombo Lagoon", "CODE": 7 }, "geometry": { "type": "LineString", "coordinates": [ [ 79.848476680628664, 7.105810963531442 ], [ 79.852034979403712, 7.104114216114263 ], [ 79.853967546743505, 7.102737779323401 ], [ 79.85539196552871, 7.100846880372245 ], [ 79.855735780089319, 7.099873503224569 ], [ 79.855958991954708, 7.098442247987186 ], [ 79.855779378137285, 7.097068692015474 ], [ 79.855834034766843, 7.096324623183598 ], [ 79.856177278449834, 7.095637357010578 ], [ 79.856519503975207, 7.095464950864824 ], [ 79.857264028365222, 7.095464015779405 ] ] } },
{ "type": "Feature", "properties": { "NAME": "Attanagalu Oya", "CODE": 1 }, "geometry": { "type": "LineString", "coordinates": [ [ 80.183863731922571, 7.098974655314152 ], [ 80.185095363412799, 7.098809619966195 ], [ 80.185782995395172, 7.099042928385964 ], [ 80.186636976960372, 7.09962008921277 ], [ 80.186876658807179, 7.09959488496909 ] ] } },
{ "type": "Feature", "properties": { "NAME": "Attanagalu Oya", "CODE": 1 }, "geometry": { "type": "LineString", "coordinates": [ [ 80.028537030141322, 7.094983417706496 ], [ 80.028015720901351, 7.095495630481335 ], [ 80.027328145371726, 7.095777404161088 ], [ 80.026640533043221, 7.096345443153472 ], [ 80.026413985272271, 7.096744524402764 ], [ 80.026353462069935, 7.097259452517872 ], [ 80.026595216068998, 7.098047850502355 ] ] } },
{ "type": "Feature", "properties": { "NAME": "Attanagalu Oya", "CODE": 1 }, "geometry": { "type": "LineString", "coordinates": [ [ 80.037855923389074, 7.096648442503612 ], [ 80.037558606636708, 7.096186214754144 ], [ 80.03727901649826, 7.094982348409051 ], [ 80.03642524603292, 7.095034266202853 ], [ 80.03585098009259, 7.095316938992938 ], [ 80.034929269149288, 7.096284065963464 ], [ 80.033727858233107, 7.096963066240139 ], [ 80.032866596255531, 7.097186640503653 ], [ 80.032413161251455, 7.097183799177465 ], [ 80.031219341033832, 7.096031177557572 ], [ 80.030871849020841, 7.095857111111312 ], [ 80.029557047259942, 7.095791710612465 ], [ 80.02915665216328, 7.095617275810828 ], [ 80.028537030141322, 7.094983417706496 ] ] } },
{ "type": "Feature", "properties": { "NAME": "Attanagalu Oya", "CODE": 1 }, "geometry": { "type": "LineString", "coordinates": [ [ 79.917922950783847, 7.094602334099675 ], [ 79.918496965969837, 7.095407486192276 ], [ 79.919569368776862, 7.097647392011758 ], [ 79.919848710293309, 7.098393365504801 ], [ 79.919788145578622, 7.099251466732961 ], [ 79.917656501811777, 7.103358459833188 ], [ 79.917422052088824, 7.10450150967532 ], [ 79.917361236411153, 7.105874903614498 ], [ 79.916771245203307, 7.108504402308247 ], [ 79.916310106912675, 7.109417008174191 ], [ 79.915448471629816, 7.110384401428143 ], [ 79.915100810671532, 7.111126251212743 ], [ 79.914987292752485, 7.111926887443128 ], [ 79.915380115482122, 7.112616273587642 ], [ 79.916127957514831, 7.113022034767055 ], [ 79.916520816161508, 7.113196550113787 ], [ 79.91818299691198, 7.113436422412472 ], [ 79.919203007670035, 7.113804248928603 ] ] } },
{ "type": "Feature", "properties": { "NAME": "Attanagalu Oya", "CODE": 1 }, "geometry": { "type": "LineString", "coordinates": [ [ 79.917922950783847, 7.094602334099675 ], [ 79.918383969045806, 7.094319465590448 ], [ 79.919071351655347, 7.094667319315113 ], [ 79.919298030769141, 7.095012207283443 ], [ 79.921231829577124, 7.096627904527444 ], [ 79.921919354816737, 7.096747001750737 ], [ 79.923634450519373, 7.096758474252673 ], [ 79.925001935958875, 7.096996788286476 ], [ 79.925576093968232, 7.097229131765303 ], [ 79.926777538692548, 7.096951135958202 ], [ 79.928319017410445, 7.09621695410558 ], [ 79.929067040942229, 7.096050314770729 ], [ 79.930268469075742, 7.095428684273468 ], [ 79.930442332527733, 7.095029280877677 ], [ 79.93033701486722, 7.09296818758973 ] ] } },
{ "type": "Feature", "properties": { "NAME": "Attanagalu Oya", "CODE": 1 }, "geometry": { "type": "LineString", "coordinates": [ [ 80.13633159798637, 7.109535764950016 ], [ 80.135606032826445, 7.108866564457266 ], [ 80.135212905135845, 7.107891058450773 ], [ 80.134933004421868, 7.106515688954545 ], [ 80.134418946756895, 7.105424998635245 ], [ 80.133799116936913, 7.104562502347765 ], [ 80.132597570176401, 7.103925848480804 ], [ 80.131343195420058, 7.103746081072659 ], [ 80.130202173803511, 7.103281466335315 ], [ 80.1285398223539, 7.103156516508196 ], [ 80.127512159122986, 7.102864155209416 ], [ 80.126378502758627, 7.101941166995313 ], [ 80.124383489904616, 7.100669520707435 ], [ 80.123302736560305, 7.099403666565998 ], [ 80.122841698524169, 7.0991149131666 ], [ 80.122388413026243, 7.098997707400979 ], [ 80.121874554963668, 7.099051670990598 ], [ 80.121413714888732, 7.099277669350679 ], [ 80.120552416722148, 7.099844625481888 ], [ 80.119177551919876, 7.101209621583586 ], [ 80.11871663720045, 7.101436040725685 ], [ 80.118149911263075, 7.101260455845288 ], [ 80.117862738918888, 7.100915281593166 ], [ 80.11712195957621, 7.099480193348678 ], [ 80.116441758257622, 7.098674394282135 ], [ 80.115587846837798, 7.098268225056173 ], [ 80.115074070227095, 7.098265237745592 ], [ 80.113985966383822, 7.097914971384513 ], [ 80.112791980163763, 7.09682033091778 ], [ 80.112338499244785, 7.096645606821868 ], [ 80.109421974647717, 7.096742060320622 ], [ 80.108046721404662, 7.096389816746313 ], [ 80.107019211034512, 7.096555220712134 ], [ 80.105417490587385, 7.097232147765139 ], [ 80.104790315472144, 7.097342307967923 ], [ 80.103762731375838, 7.097164631143996 ], [ 80.102387447923576, 7.096640693204285 ], [ 80.100392618946515, 7.096285131809696 ], [ 80.099591691471517, 7.095936802514172 ], [ 80.098677454846509, 7.095930956669808 ], [ 80.098216563244321, 7.096042338103232 ], [ 80.097015274851799, 7.096836104520621 ], [ 80.096501476491596, 7.096947548532815 ], [ 80.095647646552877, 7.096598853069571 ], [ 80.094846569623229, 7.095677691839216 ], [ 80.094053113465066, 7.095157828088513 ], [ 80.093078343838286, 7.094808245365123 ], [ 80.091650367278561, 7.094684781137724 ], [ 80.090736080789739, 7.094908105687558 ], [ 80.09038856981735, 7.095306481075872 ], [ 80.090214881378913, 7.095820551997171 ], [ 80.090381325654263, 7.097538842209506 ], [ 80.090268038873987, 7.09805300167703 ], [ 80.088651452105182, 7.100160632096657 ], [ 80.088538134881517, 7.100789383653369 ], [ 80.088817995147707, 7.102622998706805 ], [ 80.08869718005468, 7.103251597865071 ], [ 80.088009694269317, 7.104105862948665 ], [ 80.086513779482729, 7.105184303481337 ], [ 80.085425927653461, 7.106436432821808 ], [ 80.08496509194589, 7.107692596855818 ], [ 80.084844380160064, 7.109294455464521 ], [ 80.084670594198215, 7.109865607201472 ], [ 80.084209866556051, 7.110664388218709 ], [ 80.08196596420828, 7.112767664872387 ], [ 80.081051749979267, 7.113105559075304 ], [ 80.079910790460275, 7.113098487186276 ], [ 80.079336460869825, 7.112808392337716 ], [ 80.078943474713739, 7.112290795896605 ], [ 80.07803647923032, 7.109938807654586 ], [ 80.077409299636017, 7.109190402850597 ], [ 80.076608315987542, 7.108785090473073 ], [ 80.075066823954685, 7.108775287359526 ], [ 80.073525442590267, 7.108364617618221 ], [ 80.073011628309715, 7.107960862292981 ], [ 80.0709107238537, 7.105715579476321 ], [ 80.070109769411786, 7.105252607534321 ], [ 80.069535533189239, 7.105191545577107 ], [ 80.069082124451953, 7.105303473006957 ], [ 80.067533305200655, 7.106724555389959 ], [ 80.064322302294968, 7.108936059324684 ], [ 80.063287101702798, 7.109158434632654 ], [ 80.062319901075838, 7.10880893974243 ], [ 80.061806026834745, 7.108405031510177 ], [ 80.061526410276244, 7.108002753424227 ], [ 80.061186328187731, 7.106397800546953 ], [ 80.06084622043538, 7.105823470582857 ], [ 80.059539030817987, 7.105013667827713 ], [ 80.058858872743315, 7.103235243724646 ], [ 80.058692601555492, 7.102032265292623 ], [ 80.058125760088416, 7.10094100233775 ], [ 80.056810966743029, 7.100074662938304 ], [ 80.055730449377421, 7.099152021541651 ], [ 80.054876618752132, 7.098688661589968 ], [ 80.053901806526227, 7.098796801666022 ], [ 80.052708073913948, 7.098731794116611 ], [ 80.051332857367328, 7.098208416583062 ], [ 80.050992854940048, 7.097805191977339 ], [ 80.050599866797668, 7.096772688799011 ], [ 80.04979896963853, 7.096252177286176 ], [ 80.048544612828991, 7.095156585966906 ], [ 80.048317937767237, 7.094697723937273 ], [ 80.048265060160617, 7.094182048579636 ], [ 80.047584976144265, 7.093433668624024 ], [ 80.046610287570928, 7.093198584071454 ], [ 80.045182233484766, 7.093189570337188 ], [ 80.043663602840994, 7.092849210246499 ] ] } },
{ "type": "Feature", "properties": { "NAME": "Attanagalu Oya", "CODE": 1 }, "geometry": { "type": "LineString", "coordinates": [ [ 80.043663602840994, 7.092849210246499 ], [ 80.043127086995653, 7.092832826376699 ], [ 80.041011501762455, 7.09322004779172 ], [ 80.039636399753874, 7.093898367965644 ], [ 80.038427506254706, 7.094978087616583 ], [ 80.037855923389074, 7.096648442503612 ] ] } },
{ "type": "Feature", "properties": { "NAME": "Negombo Lagoon", "CODE": 7 }, "geometry": { "type": "LineString", "coordinates": [ [ 79.857264028365222, 7.095464015779405 ], [ 79.85760455924877, 7.096150227787641 ], [ 79.857610545062386, 7.096951780544678 ], [ 79.858072880390537, 7.097523363033082 ], [ 79.858696579456279, 7.097178852251033 ], [ 79.859261595164327, 7.095747276904614 ], [ 79.859365850431615, 7.092942298711126 ], [ 79.859708972632063, 7.092312675181168 ], [ 79.860111904938861, 7.092197607764921 ], [ 79.860795222747825, 7.092425437079368 ], [ 79.861082910027477, 7.092939875225456 ], [ 79.86119606017138, 7.093340656036387 ], [ 79.861150881269921, 7.097003951122055 ], [ 79.861445688618744, 7.097747435436676 ], [ 79.861847500822151, 7.098204874588796 ], [ 79.862591244341957, 7.098604489037764 ], [ 79.863328432724828, 7.098488661145014 ], [ 79.864128167916036, 7.097457531667579 ], [ 79.86485785039217, 7.097309189511774 ] ] } },
{ "type": "Feature", "properties": { "NAME": "Attanagalu Oya", "CODE": 1 }, "geometry": { "type": "LineString", "coordinates": [ [ 79.938693630947512, 7.09215597590267 ], [ 79.937310489492035, 7.093700939415467 ], [ 79.936902548204714, 7.094442561992268 ], [ 79.936501970748324, 7.094668758951355 ], [ 79.934847396244564, 7.094199794772612 ], [ 79.933018959852006, 7.094015923587774 ], [ 79.933653945660424, 7.092761254894381 ], [ 79.933827817383275, 7.091846411699072 ] ] } },
{ "type": "Feature", "properties": { "NAME": "Attanagalu Oya", "CODE": 1 }, "geometry": { "type": "LineString", "coordinates": [ [ 79.933827817383275, 7.091846411699072 ], [ 79.933374536196581, 7.091728461799482 ], [ 79.932860755836018, 7.091782780068288 ], [ 79.931372291445783, 7.092116085383203 ], [ 79.93091134732461, 7.092284944501145 ], [ 79.93033701486722, 7.09296818758973 ] ] } },
{ "type": "Feature", "properties": { "NAME": "Attanagalu Oya", "CODE": 1 }, "geometry": { "type": "LineString", "coordinates": [ [ 79.933827817383275, 7.091846411699072 ], [ 79.93472824264083, 7.090507019507483 ] ] } },
{ "type": "Feature", "properties": { "NAME": "Attanagalu Oya", "CODE": 1 }, "geometry": { "type": "LineString", "coordinates": [ [ 79.929306437075681, 7.107599482654764 ], [ 79.929752200231448, 7.107503224149399 ], [ 79.934670976589871, 7.107593234170882 ], [ 79.936673266977607, 7.107491864378141 ], [ 79.939302724944454, 7.107222766771172 ], [ 79.940217044876306, 7.107057398740214 ], [ 79.940904676694274, 7.106775761990218 ], [ 79.942053274626687, 7.105924971137561 ], [ 79.943889664813227, 7.104105142083785 ], [ 79.944524410576363, 7.103651450428824 ], [ 79.946473985143371, 7.102404897904337 ], [ 79.949050784768502, 7.101105756821511 ], [ 79.949337878591606, 7.100821134851842 ], [ 79.949511698597561, 7.100478664082497 ], [ 79.949353482105394, 7.097730218813912 ], [ 79.949474580915663, 7.096128585048223 ], [ 79.949648469391562, 7.095786114070984 ], [ 79.951363710893858, 7.094881475570814 ], [ 79.95353979440101, 7.09438089508424 ], [ 79.955489167212519, 7.093535006664764 ], [ 79.958239778740349, 7.091206500371976 ], [ 79.960476317573566, 7.0904195869064 ], [ 79.961730577958463, 7.090256178050049 ], [ 79.963392765195906, 7.090267126241396 ], [ 79.966928721812948, 7.090633988530288 ], [ 79.968016691804962, 7.090926938334462 ], [ 79.97035898175541, 7.091228550402972 ], [ 79.971839724321455, 7.091753609557934 ], [ 79.973380930800872, 7.092736845620967 ], [ 79.975201555841764, 7.095095495551686 ], [ 79.97548114050295, 7.095383368523225 ], [ 79.975881510200765, 7.09555784741825 ], [ 79.976795790354601, 7.095563934947621 ], [ 79.979493333488605, 7.093864246400098 ], [ 79.980981881194637, 7.092729217593878 ], [ 79.981843246653924, 7.092448658317935 ], [ 79.982644175642307, 7.092396327384041 ], [ 79.984011654296992, 7.09257738639857 ], [ 79.986361440867682, 7.092478078269347 ], [ 79.986814813579443, 7.092595554305736 ], [ 79.988182247791485, 7.093348846642452 ], [ 79.991884308370956, 7.09709332611058 ], [ 79.992790929610706, 7.098587350351871 ], [ 79.993523656549101, 7.100195248379925 ], [ 79.994241372965078, 7.101310141165733 ] ] } },
{ "type": "Feature", "properties": { "NAME": "Attanagalu Oya", "CODE": 1 }, "geometry": { "type": "LineString", "coordinates": [ [ 79.857264028365222, 7.095464015779405 ], [ 79.857849417107076, 7.094999192161828 ], [ 79.858310632163494, 7.094201101643498 ], [ 79.858484720502915, 7.093286446443278 ], [ 79.858545674596741, 7.091855999434504 ], [ 79.859075265511805, 7.089913164275085 ] ] } },
{ "type": "Feature", "properties": { "NAME": "Attanagalu Oya", "CODE": 1 }, "geometry": { "type": "LineString", "coordinates": [ [ 79.915491316466003, 7.08932015193129 ], [ 79.917206279782803, 7.089732350927376 ], [ 79.918120433920137, 7.090138834802522 ], [ 79.920628391390593, 7.091930365866975 ], [ 79.921021271921347, 7.092161958011665 ], [ 79.922048733798704, 7.09245476047716 ], [ 79.924511735853983, 7.092700304823608 ], [ 79.925818747710366, 7.093166693097985 ], [ 79.929309474522398, 7.092674978704751 ], [ 79.929709920509126, 7.092677400260569 ], [ 79.93033701486722, 7.09296818758973 ] ] } },
{ "type": "Feature", "properties": { "NAME": "Attanagalu Oya", "CODE": 1 }, "geometry": { "type": "LineString", "coordinates": [ [ 79.915491316466003, 7.08932015193129 ], [ 79.915944313642242, 7.090353553379043 ], [ 79.915996942620581, 7.091727863070831 ], [ 79.916163149333158, 7.092186805277102 ], [ 79.916616184486941, 7.093048253299151 ], [ 79.917922950783847, 7.094602334099675 ] ] } },
{ "type": "Feature", "properties": { "NAME": "Attanagalu Oya", "CODE": 1 }, "geometry": { "type": "LineString", "coordinates": [ [ 80.043663602840994, 7.092849210246499 ], [ 80.044154583332855, 7.091820772524445 ], [ 80.044214995407856, 7.091363347580818 ], [ 80.043814587645372, 7.090158870424695 ], [ 80.043247801799836, 7.089468311894528 ], [ 80.041706443674627, 7.089286870100763 ], [ 80.039825069934707, 7.08858760025903 ], [ 80.038336600516047, 7.088463880079541 ], [ 80.03622104413013, 7.08862161551395 ], [ 80.035306925917567, 7.08895928016443 ], [ 80.034498430359349, 7.09021341933741 ], [ 80.034097925020347, 7.090554297778594 ], [ 80.033009953354977, 7.091291692031217 ], [ 80.031574438801414, 7.091797792499459 ], [ 80.02979886852502, 7.093847009537283 ], [ 80.028537030141322, 7.094983417706496 ] ] } },
{ "type": "Feature", "properties": { "NAME": "Attanagalu Oya", "CODE": 1 }, "geometry": { "type": "LineString", "coordinates": [ [ 79.93472824264083, 7.090507019507483 ], [ 79.935271318428164, 7.089737948470676 ], [ 79.937500424493479, 7.088493486262474 ], [ 79.937394736873259, 7.088034940533615 ] ] } },
{ "type": "Feature", "properties": { "NAME": "Attanagalu Oya", "CODE": 1 }, "geometry": { "type": "LineString", "coordinates": [ [ 79.937394736873259, 7.088034940533615 ], [ 79.93659391722305, 7.087914957215298 ], [ 79.935679770242231, 7.087966298955553 ], [ 79.934070249376859, 7.088528009506944 ], [ 79.933956828901643, 7.088985030361878 ], [ 79.934236228619625, 7.089788504055306 ], [ 79.93472824264083, 7.090507019507483 ] ] } },
{ "type": "Feature", "properties": { "NAME": "Attanagalu Oya", "CODE": 1 }, "geometry": { "type": "LineString", "coordinates": [ [ 79.941572981980443, 7.087561316693537 ], [ 79.94105156563387, 7.088288188583155 ], [ 79.940809364869239, 7.090518922681136 ], [ 79.939547376688822, 7.09159798366372 ], [ 79.938693630947512, 7.09215597590267 ] ] } },
{ "type": "Feature", "properties": { "NAME": "Attanagalu Oya", "CODE": 1 }, "geometry": { "type": "LineString", "coordinates": [ [ 79.937394736873259, 7.088034940533615 ], [ 79.937568733853539, 7.087005505910688 ], [ 79.938029779847156, 7.086264400751606 ] ] } },
{ "type": "Feature", "properties": { "NAME": "Attanagalu Oya", "CODE": 1 }, "geometry": { "type": "LineString", "coordinates": [ [ 79.938029779847156, 7.086264400751606 ], [ 79.938830655197734, 7.086155203305204 ], [ 79.940598490507639, 7.086911037806783 ], [ 79.941572981980443, 7.087561316693537 ] ] } },
{ "type": "Feature", "properties": { "NAME": "Attanagalu Oya", "CODE": 1 }, "geometry": { "type": "LineString", "coordinates": [ [ 79.859075265511805, 7.089913164275085 ], [ 79.859423225849724, 7.088656502428083 ], [ 79.859657996253901, 7.087055151399152 ], [ 79.859892407427907, 7.086427009190237 ], [ 79.860293031351404, 7.085972273671544 ] ] } },
{ "type": "Feature", "properties": { "NAME": "Attanagalu Oya", "CODE": 1 }, "geometry": { "type": "LineString", "coordinates": [ [ 79.859075265511805, 7.089913164275085 ], [ 79.858675008394059, 7.089281233005488 ], [ 79.858448701367749, 7.088306448550634 ], [ 79.858570024271714, 7.087105151806667 ], [ 79.858804533155393, 7.086248402338414 ], [ 79.859038945160421, 7.085620119344136 ], [ 79.859605700140449, 7.085452389168608 ], [ 79.860293031351404, 7.085972273671544 ] ] } },
{ "type": "Feature", "properties": { "NAME": "Attanagalu Oya", "CODE": 1 }, "geometry": { "type": "LineString", "coordinates": [ [ 79.948554697770447, 7.084502286235691 ], [ 79.948841481706296, 7.086499558991288 ], [ 79.94878104877273, 7.086956961602069 ], [ 79.948312314177286, 7.088212940477402 ], [ 79.947964565072837, 7.089641370177491 ], [ 79.947609071691716, 7.092042876016349 ], [ 79.947382320397935, 7.092442335162118 ], [ 79.946747601826928, 7.093010622301363 ], [ 79.945719930942133, 7.09357609031941 ], [ 79.944745286534541, 7.093912754401305 ], [ 79.943657085716012, 7.09470672266808 ], [ 79.942108112414502, 7.09509731946959 ], [ 79.941080690941561, 7.094689970274326 ], [ 79.938693630947512, 7.09215597590267 ] ] } },
{ "type": "Feature", "properties": { "NAME": "Attanagalu Oya", "CODE": 1 }, "geometry": { "type": "LineString", "coordinates": [ [ 79.948554697770447, 7.084502286235691 ], [ 79.947292906921604, 7.08449411672775 ], [ 79.946779174476788, 7.084605534298037 ], [ 79.944149682663635, 7.085560953255637 ], [ 79.942540200403016, 7.086465897713619 ], [ 79.941572981980443, 7.087561316693537 ] ] } },
{ "type": "Feature", "properties": { "NAME": "Attanagalu Oya", "CODE": 1 }, "geometry": { "type": "LineString", "coordinates": [ [ 79.860293031351404, 7.085972273671544 ], [ 79.861728897141958, 7.084837272022931 ], [ 79.863096590733946, 7.084274076891858 ], [ 79.86435865669084, 7.083366910661463 ], [ 79.864993447908688, 7.082798746458442 ], [ 79.865140444988143, 7.082201937787679 ] ] } },
{ "type": "Feature", "properties": { "NAME": "Attanagalu Oya", "CODE": 1 }, "geometry": { "type": "LineString", "coordinates": [ [ 79.865140444988143, 7.082201937787679 ], [ 79.864940933518682, 7.081768209861214 ], [ 79.865024692092149, 7.08041692595919 ] ] } },
{ "type": "Feature", "properties": { "NAME": "Attanagalu Oya", "CODE": 1 }, "geometry": { "type": "LineString", "coordinates": [ [ 80.184069952627411, 7.093927620432059 ], [ 80.184308573351387, 7.096229461546979 ], [ 80.184301463906152, 7.097373706395652 ], [ 80.184188403183796, 7.098403646054779 ], [ 80.183863731922571, 7.098974655314152 ] ] } },
{ "type": "Feature", "properties": { "NAME": "Attanagalu Oya", "CODE": 1 }, "geometry": { "type": "LineString", "coordinates": [ [ 79.878437320947384, 7.074640454928166 ], [ 79.879267789345704, 7.074652644091189 ], [ 79.88012136680365, 7.075116160994227 ], [ 79.882402832385409, 7.075875585938172 ], [ 79.884404916880001, 7.076060965474917 ], [ 79.885318982606989, 7.076295979142976 ], [ 79.888113992299708, 7.077459884627499 ], [ 79.889247025062545, 7.078325892026628 ], [ 79.890901426655915, 7.079195568767089 ], [ 79.894331289606484, 7.08001998697672 ], [ 79.897292497756183, 7.081699872067985 ], [ 79.89820650996495, 7.082049309004706 ], [ 79.899007338412446, 7.082112274119073 ], [ 79.900835816986913, 7.081780979542988 ], [ 79.902785083607867, 7.081679785601872 ], [ 79.904492544192337, 7.081920060156325 ], [ 79.905467068793357, 7.082212372920028 ], [ 79.907400981772184, 7.083255741155695 ], [ 79.908141273144452, 7.08377608341234 ], [ 79.909228992856924, 7.084813634489715 ], [ 79.913270567831859, 7.087130399650643 ], [ 79.915491316466003, 7.08932015193129 ] ] } },
{ "type": "Feature", "properties": { "NAME": "Attanagalu Oya", "CODE": 1 }, "geometry": { "type": "LineString", "coordinates": [ [ 79.878437320947384, 7.074640454928166 ], [ 79.878625057741999, 7.076422499757542 ], [ 79.878964725696093, 7.077569731090428 ], [ 79.878843302933049, 7.079515080851102 ], [ 79.879332917441545, 7.084040594658774 ], [ 79.878916106908633, 7.088101497529197 ], [ 79.878560455020249, 7.089816514924875 ], [ 79.87895243343128, 7.092852771177632 ], [ 79.878596377385449, 7.095655023598814 ], [ 79.878701686040174, 7.097086648261534 ], [ 79.878346093042367, 7.098801664019883 ], [ 79.878277064005971, 7.102063663655634 ], [ 79.878034650751459, 7.104351832083125 ] ] } },
{ "type": "Feature", "properties": { "NAME": "Attanagalu Oya", "CODE": 1 }, "geometry": { "type": "LineString", "coordinates": [ [ 79.865140444988143, 7.082201937787679 ], [ 79.868439732387102, 7.079559290948094 ], [ 79.870555459247612, 7.078657575678624 ], [ 79.871530306460457, 7.07803481411882 ], [ 79.873306013537515, 7.077302541645972 ], [ 79.875368879673815, 7.07611458508307 ], [ 79.878437320947384, 7.074640454928166 ] ] } },
{ "type": "Feature", "properties": { "NAME": "Attanagalu Oya", "CODE": 1 }, "geometry": { "type": "LineString", "coordinates": [ [ 80.008024163653559, 7.069427720453775 ], [ 80.006596219661404, 7.069533045705877 ], [ 80.006188218614597, 7.069702354616778 ], [ 80.003898886203146, 7.071290002959189 ], [ 80.003377605565404, 7.07191635560442 ], [ 80.003029971254506, 7.072829965798913 ], [ 80.001020049135562, 7.075907597331764 ], [ 79.999750768239849, 7.077559218829905 ], [ 79.998783633100658, 7.078010466376948 ], [ 79.997635211224662, 7.078174862828642 ], [ 79.996834412072559, 7.07765483442609 ], [ 79.996441526740597, 7.0771941219846 ], [ 79.995527335720169, 7.076730420995967 ], [ 79.994152292207019, 7.076950666770805 ], [ 79.99295093657625, 7.077514970689934 ], [ 79.99100919653209, 7.077216269577365 ], [ 79.99038208197193, 7.077383924068748 ], [ 79.989067511751614, 7.077432440769754 ], [ 79.987979481944635, 7.077768871039355 ], [ 79.98763191166627, 7.07799562974567 ], [ 79.986944259272448, 7.07862111516549 ], [ 79.985508688159598, 7.080500461351413 ], [ 79.9849344435803, 7.080725562938682 ], [ 79.984073039542238, 7.080834457033132 ], [ 79.983559324980803, 7.080773678003993 ], [ 79.983219370747264, 7.080428059441942 ], [ 79.98162526653752, 7.079616441353575 ], [ 79.980884832993965, 7.078753142797058 ], [ 79.980091807513872, 7.076630532889577 ], [ 79.979071899428121, 7.075879651611068 ], [ 79.978558147547233, 7.075761784492742 ], [ 79.977923448513195, 7.075814818821813 ], [ 79.976835477328677, 7.076322895989758 ], [ 79.975981691761348, 7.076489295825607 ], [ 79.975120346035411, 7.076197461941437 ], [ 79.974720094736938, 7.076252023227856 ], [ 79.974092943376903, 7.075904353071647 ], [ 79.972498808085007, 7.075665092007895 ], [ 79.971524185225903, 7.07577320407022 ], [ 79.970436154173953, 7.076681977122118 ], [ 79.969567066272276, 7.078050049456754 ], [ 79.968879436178156, 7.078732023385762 ], [ 79.967851848397785, 7.079240464395491 ], [ 79.965275389133737, 7.080196950707855 ], [ 79.964187358029037, 7.080361226061873 ], [ 79.963673619445913, 7.080358073498139 ], [ 79.962933308542461, 7.079322936165043 ], [ 79.961679310632817, 7.078055605383661 ], [ 79.960138080106049, 7.077816817837298 ], [ 79.959057703004362, 7.077409135713562 ], [ 79.957569401523344, 7.077399329102605 ], [ 79.957282187618759, 7.077683534550584 ], [ 79.956186254894845, 7.080537877569875 ], [ 79.955899108059498, 7.080822505813176 ], [ 79.953375514566531, 7.081664284329704 ], [ 79.951887019619235, 7.081997802131771 ], [ 79.950912341564333, 7.08244949582098 ], [ 79.949650449422933, 7.083299835084318 ], [ 79.948554697770447, 7.084502286235691 ] ] } },
{ "type": "Feature", "properties": { "NAME": "Attanagalu Oya", "CODE": 1 }, "geometry": { "type": "LineString", "coordinates": [ [ 79.877132179301924, 7.066681690202263 ], [ 79.877358765641276, 7.067198686374447 ], [ 79.878588243385124, 7.073388761117054 ], [ 79.878641009248156, 7.073789847366816 ], [ 79.878437320947384, 7.074640454928166 ] ] } },
{ "type": "Feature", "properties": { "NAME": null, "CODE": 5 }, "geometry": { "type": "LineString", "coordinates": [ [ 79.865024692092149, 7.08041692595919 ], [ 79.865636871008832, 7.079655147609778 ], [ 79.86760907072491, 7.073429463604188 ], [ 79.867898140546046, 7.072686975153883 ], [ 79.868532942937648, 7.071775183680009 ], [ 79.870082189337083, 7.070526345400196 ], [ 79.871399235286631, 7.069905798067079 ], [ 79.874784194465164, 7.067696312943998 ], [ 79.877132179301924, 7.066681690202263 ] ] } },
{ "type": "Feature", "properties": { "NAME": null, "CODE": 5 }, "geometry": { "type": "LineString", "coordinates": [ [ 79.865024692092149, 7.08041692595919 ], [ 79.864698034363485, 7.077116017190809 ], [ 79.862203688117049, 7.071354539371542 ], [ 79.85920743205935, 7.066092665650345 ], [ 79.856048873769893, 7.064421786869747 ] ] } },
{ "type": "Feature", "properties": { "NAME": null, "CODE": 1 }, "geometry": { "type": "LineString", "coordinates": [ [ 79.856048873769893, 7.064421786869747 ], [ 79.855577375064613, 7.068195862876041 ], [ 79.855168918808815, 7.069509627229023 ], [ 79.854752320547831, 7.072655065257192 ], [ 79.8533605001317, 7.077281563794231 ], [ 79.852248181301647, 7.081853220453276 ], [ 79.850743302013768, 7.085792384437396 ], [ 79.849994717374429, 7.087275720381946 ], [ 79.849238278780419, 7.08978918577924 ], [ 79.848829558308239, 7.091675304718472 ], [ 79.848594629249718, 7.093619697143827 ], [ 79.848404204225957, 7.097682399292786 ], [ 79.848108661524776, 7.100084591010854 ], [ 79.848363470917675, 7.105409474261543 ], [ 79.848476680628664, 7.105810963531442 ] ] } },
{ "type": "Feature", "properties": { "NAME": null, "CODE": 5 }, "geometry": { "type": "LineString", "coordinates": [ [ 79.87675499462496, 7.062100440042615 ], [ 79.87696989334205, 7.064906758652317 ], [ 79.877188244603772, 7.065881099335647 ], [ 79.877132179301924, 7.066681690202263 ] ] } },
{ "type": "Feature", "properties": { "NAME": null, "CODE": 1 }, "geometry": { "type": "LineString", "coordinates": [ [ 79.87675499462496, 7.062100440042615 ], [ 79.873552521232114, 7.062307352306262 ], [ 79.872751734387094, 7.06224491320814 ], [ 79.871489932191977, 7.062579741971338 ], [ 79.870976276305214, 7.062404397017765 ], [ 79.870296498756659, 7.061827463609383 ], [ 79.869495643428777, 7.061764877652033 ], [ 79.867833448785831, 7.062268895006537 ], [ 79.866919178885198, 7.062777889671706 ] ] } },
{ "type": "Feature", "properties": { "NAME": "Attanagalu Oya", "CODE": 1 }, "geometry": { "type": "LineString", "coordinates": [ [ 79.938029779847156, 7.086264400751606 ], [ 79.938150890910407, 7.084948892694852 ], [ 79.938551541055773, 7.08369209823484 ], [ 79.939133523596809, 7.082436899343708 ], [ 79.939934573061322, 7.081240021370412 ], [ 79.943901859363635, 7.076916019731508 ], [ 79.94471055312593, 7.075146763153342 ], [ 79.944831746927306, 7.073373034540031 ], [ 79.945300414031522, 7.071830796313964 ], [ 79.945761399994637, 7.071146762498877 ], [ 79.946849581182136, 7.070009437585241 ], [ 79.947945339583953, 7.068184727764771 ], [ 79.949494320853532, 7.066935597855829 ], [ 79.950121419393199, 7.066653550221571 ], [ 79.953105999502398, 7.064669802744312 ], [ 79.954027942302048, 7.063416727832485 ], [ 79.954481201654971, 7.063133379592283 ], [ 79.956543888890678, 7.062803534615748 ], [ 79.959233583763279, 7.061790907903308 ] ] } },
{ "type": "Feature", "properties": { "NAME": "Attanagalu Oya", "CODE": 1 }, "geometry": { "type": "LineString", "coordinates": [ [ 80.174950757974329, 7.108673028856953 ], [ 80.175623475721338, 7.109398342180723 ], [ 80.178299095134548, 7.111303398749075 ], [ 80.182236273645785, 7.112586488872312 ], [ 80.185145805886563, 7.113806074651851 ], [ 80.186347653389177, 7.115072519321035 ], [ 80.188622661102528, 7.116574449420704 ], [ 80.189310658963876, 7.117437250210802 ], [ 80.190104198973714, 7.118071558061574 ], [ 80.191532503891253, 7.118595598318951 ], [ 80.193301102826027, 7.119636231919721 ], [ 80.194895712585961, 7.120103808596864 ], [ 80.19627112028499, 7.120741940338671 ], [ 80.201456115819767, 7.124150323381272 ], [ 80.203338076873521, 7.12519176808108 ], [ 80.204192126970838, 7.125540276364264 ], [ 80.206380245251978, 7.125782489282067 ] ] } },
{ "type": "Feature", "properties": { "NAME": null, "CODE": 5 }, "geometry": { "type": "LineString", "coordinates": [ [ 79.878553847707707, 7.055014868716455 ], [ 79.877804163040906, 7.057699950635541 ], [ 79.876704784474839, 7.060554756803543 ], [ 79.87675499462496, 7.062100440042615 ] ] } },
{ "type": "Feature", "properties": { "NAME": null, "CODE": 1 }, "geometry": { "type": "LineString", "coordinates": [ [ 79.860508832175071, 7.052431258043891 ], [ 79.860856079749738, 7.052710843492614 ], [ 79.862450122149156, 7.05254298723632 ], [ 79.864225350745428, 7.053062434288231 ], [ 79.864912702196222, 7.053407389049836 ], [ 79.865426258075658, 7.053809511147527 ], [ 79.865879208068193, 7.055012352932462 ], [ 79.866279434966899, 7.055471194814288 ], [ 79.867593764262566, 7.056047101054068 ], [ 79.868742098433614, 7.056049747311428 ], [ 79.870396706680523, 7.055653231666346 ], [ 79.871597978140102, 7.055598891294447 ], [ 79.873252544517854, 7.055259305339868 ], [ 79.875194132235976, 7.055264167652711 ], [ 79.876229229821831, 7.054980462644604 ], [ 79.877596658505041, 7.054869343384041 ], [ 79.878553847707707, 7.055014868716455 ] ] } },
{ "type": "Feature", "properties": { "NAME": null, "CODE": 5 }, "geometry": { "type": "LineString", "coordinates": [ [ 79.860508832175071, 7.052431258043891 ], [ 79.859813269891418, 7.054659187380473 ], [ 79.858476886805775, 7.058199017717933 ], [ 79.85830057004533, 7.058999084749352 ], [ 79.856744657410957, 7.062136504592664 ], [ 79.856048873769893, 7.064421786869747 ] ] } },
{ "type": "Feature", "properties": { "NAME": "Attanagalu Oya", "CODE": 1 }, "geometry": { "type": "LineString", "coordinates": [ [ 80.061211670224196, 7.049563018836928 ], [ 80.059670566856056, 7.050125581278517 ], [ 80.058522220660436, 7.050290137303541 ], [ 80.056467266143258, 7.05033418965803 ], [ 80.054064663937368, 7.050090158704967 ], [ 80.053551001049954, 7.050144192954886 ], [ 80.049826607325954, 7.051780612000637 ], [ 80.04623028804437, 7.051585985217048 ], [ 80.045429441700293, 7.051809544783131 ], [ 80.044568213440428, 7.052204826308945 ], [ 80.04279282587882, 7.053510188313809 ], [ 80.041818240987183, 7.054076115460943 ], [ 80.035744051840197, 7.056555951632549 ], [ 80.033402031764794, 7.057170286027404 ], [ 80.032027003140612, 7.057733861583208 ], [ 80.03007779927681, 7.059038045904227 ], [ 80.028869005604548, 7.060060665582038 ], [ 80.028068211416738, 7.061257302996805 ], [ 80.027539381515339, 7.063314444977664 ], [ 80.027018072932009, 7.064513079674816 ], [ 80.025816777789174, 7.066050585620847 ], [ 80.024494629894491, 7.066957852792629 ], [ 80.023580429478713, 7.067238414305791 ], [ 80.021064549139282, 7.066993035614953 ], [ 80.019976624950317, 7.067157870943429 ], [ 80.019462855458002, 7.067440906490135 ], [ 80.018314415059493, 7.068463873773005 ], [ 80.017339789542149, 7.068801267039975 ], [ 80.016025190286456, 7.068792355135294 ], [ 80.014370592908833, 7.068323815926901 ], [ 80.013970233440759, 7.068493003191634 ], [ 80.01334306224976, 7.068489015909737 ], [ 80.011401382626545, 7.068075952616113 ], [ 80.008024163653559, 7.069427720453775 ] ] } },
{ "type": "Feature", "properties": { "NAME": null, "CODE": 5 }, "geometry": { "type": "LineString", "coordinates": [ [ 79.885847598121657, 7.034580439366741 ], [ 79.885336395257056, 7.035770562733199 ], [ 79.884807942818284, 7.037999289005208 ], [ 79.883831463902325, 7.040167821340219 ], [ 79.883478640562359, 7.041997445651255 ], [ 79.881281679091856, 7.046733322736793 ], [ 79.88076100620917, 7.048904972502434 ], [ 79.878553847707707, 7.055014868716455 ] ] } },
{ "type": "Feature", "properties": { "NAME": null, "CODE": 1 }, "geometry": { "type": "LineString", "coordinates": [ [ 79.864539889633519, 7.034370943489658 ], [ 79.865681646607428, 7.035294231042724 ], [ 79.867335919094955, 7.035763407664049 ], [ 79.868589992968907, 7.035657175416362 ], [ 79.870305093648213, 7.0350964455743 ], [ 79.871679986616499, 7.034934062042177 ], [ 79.874482674683904, 7.035010369134896 ], [ 79.877051326923237, 7.034626732183103 ], [ 79.880767956920749, 7.035109971498485 ], [ 79.882822811895949, 7.035009179678999 ], [ 79.885847598121657, 7.034580439366741 ] ] } },
{ "type": "Feature", "properties": { "NAME": null, "CODE": 5 }, "geometry": { "type": "LineString", "coordinates": [ [ 79.864539889633519, 7.034370943489658 ], [ 79.864124001599492, 7.037287516222645 ], [ 79.863087023747653, 7.039283642411712 ], [ 79.861459826897402, 7.043966536170578 ], [ 79.861342441672988, 7.045739932835179 ], [ 79.861107494728017, 7.046367796036269 ], [ 79.860927968219315, 7.047912179836091 ], [ 79.860977794251838, 7.049629667843755 ], [ 79.860861409160748, 7.050888060238947 ], [ 79.860508832175071, 7.052431258043891 ] ] } },
{ "type": "Feature", "properties": { "NAME": null, "CODE": 1 }, "geometry": { "type": "LineString", "coordinates": [ [ 80.134781973157132, 7.075435513595672 ], [ 80.134381389131363, 7.074860299844587 ], [ 80.132627631673529, 7.071072197288239 ], [ 80.131599629806516, 7.069635182214471 ], [ 80.128411039599669, 7.068355704655755 ], [ 80.127383299240506, 7.067662765323373 ], [ 80.126756083936272, 7.066914847568829 ], [ 80.126022835461399, 7.065364766500911 ], [ 80.125795958691015, 7.064390475038111 ], [ 80.125410137167407, 7.061754987991995 ], [ 80.125651137203789, 7.058666090985094 ], [ 80.125031076436869, 7.056544326884918 ], [ 80.124705302115856, 7.052535773876425 ], [ 80.124538775396246, 7.051447395653698 ], [ 80.124032385592187, 7.049727078918478 ], [ 80.123518263974688, 7.048636381719782 ], [ 80.122324263493169, 7.047312726364261 ], [ 80.120669432057539, 7.046100477485793 ], [ 80.120163055336889, 7.045295919633418 ], [ 80.118862812414321, 7.04116660903268 ], [ 80.117789628976325, 7.039442953246072 ], [ 80.116769267584743, 7.037376012002054 ], [ 80.115341119160419, 7.035879205824942 ], [ 80.112552914064295, 7.033916032891211 ], [ 80.112038986567526, 7.03316854259518 ], [ 80.111698776061019, 7.032251031035552 ] ] } },
{ "type": "Feature", "properties": { "NAME": null, "CODE": 1 }, "geometry": { "type": "LineString", "coordinates": [ [ 80.111359198188239, 7.072428541064661 ], [ 80.111532728342809, 7.071055784278749 ], [ 80.110292984913784, 7.067671327526798 ], [ 80.110300136943081, 7.065725084794827 ], [ 80.111175771248426, 7.06149526656984 ], [ 80.112731515672834, 7.058128047315906 ], [ 80.112799181306585, 7.056639980117937 ], [ 80.11235284805602, 7.053489791705794 ], [ 80.112526362199517, 7.052517757000977 ], [ 80.113394890493481, 7.050576965514431 ], [ 80.113628908532178, 7.049776976372295 ], [ 80.11403650466761, 7.048005092512303 ], [ 80.114157131247012, 7.04651780497055 ], [ 80.114043519928103, 7.045486867067629 ], [ 80.112970123512468, 7.042618535757938 ], [ 80.112577159012375, 7.042043883376562 ], [ 80.112123669782633, 7.041010488098721 ], [ 80.110702975525939, 7.03899821934001 ], [ 80.110476078375683, 7.037966979816335 ], [ 80.110483417013597, 7.036879268858088 ], [ 80.110951163443914, 7.033676816908488 ], [ 80.111358930749716, 7.03247776130091 ], [ 80.111698776061019, 7.032251031035552 ] ] } },
{ "type": "Feature", "properties": { "NAME": "Attanagalu Oya", "CODE": 1 }, "geometry": { "type": "LineString", "coordinates": [ [ 80.084470283409686, 7.025040693019778 ], [ 80.084296612981291, 7.02589812058426 ], [ 80.08417609282462, 7.027785974789829 ], [ 80.0842820598332, 7.029160682222805 ], [ 80.084153903009437, 7.031334936937451 ], [ 80.084313041158595, 7.034254962588545 ], [ 80.084252734541167, 7.035685521193095 ], [ 80.083497621010096, 7.038256043638681 ], [ 80.082908795484201, 7.04185842829054 ], [ 80.082448206760262, 7.043572405785354 ], [ 80.082100732599486, 7.04425747324876 ], [ 80.081239659138035, 7.045339254454811 ], [ 80.07980432882799, 7.046417923339574 ], [ 80.077515307001903, 7.04754816563277 ], [ 80.073397760180541, 7.047407940635114 ], [ 80.070768631746844, 7.047448514509641 ], [ 80.067792046300795, 7.047772983170093 ], [ 80.066877855600652, 7.04770999966562 ], [ 80.065563290857398, 7.04798792665067 ], [ 80.062073028690747, 7.049396889832185 ], [ 80.061211670224196, 7.049563018836928 ] ] } },
{ "type": "Feature", "properties": { "NAME": "Attanagalu Oya", "CODE": 1 }, "geometry": { "type": "LineString", "coordinates": [ [ 80.008024163653559, 7.069427720453775 ], [ 80.007797517809749, 7.069025785897126 ], [ 80.00785793685975, 7.068625452198408 ], [ 80.008432199986785, 7.067598888684689 ], [ 80.008953549892141, 7.065370232470221 ], [ 80.009588319711128, 7.064229457181975 ], [ 80.009822441336794, 7.062743122719003 ], [ 80.009490011447824, 7.061424287518853 ], [ 80.008696803689588, 7.059644921686125 ], [ 80.008583498634678, 7.058613981846579 ], [ 80.008130355256853, 7.05763815682827 ], [ 80.008024525349498, 7.056664171477509 ], [ 80.008032082344585, 7.05546231977825 ], [ 80.008319217186099, 7.053861905058979 ], [ 80.008666796919258, 7.052662021663844 ], [ 80.008961437332445, 7.052263341446984 ], [ 80.009701893811439, 7.051524158286577 ], [ 80.012059086877613, 7.04970767826768 ], [ 80.013494458999034, 7.04817143458912 ], [ 80.015896926535589, 7.047156861765291 ], [ 80.01870736956883, 7.044828169382765 ], [ 80.021117378339866, 7.043813154847893 ], [ 80.021804912122178, 7.043245115304591 ], [ 80.022839850157055, 7.04182094968805 ], [ 80.024041070762664, 7.040512203532919 ], [ 80.024962757875784, 7.039717186134641 ], [ 80.026451053007492, 7.038696005376023 ], [ 80.029661832298785, 7.03728573690162 ], [ 80.030923437018529, 7.036320981937427 ], [ 80.031550413304927, 7.035752688403175 ], [ 80.03229833363558, 7.034727206717359 ], [ 80.032766711148028, 7.033470685859406 ], [ 80.033567387663538, 7.032216948702993 ], [ 80.034602367507105, 7.030906918250233 ], [ 80.035289814563541, 7.030281912089431 ], [ 80.036098148068518, 7.029772110315668 ], [ 80.040442016022396, 7.028368480549768 ], [ 80.041650742579051, 7.027861129607498 ], [ 80.044340102894267, 7.026161406090096 ], [ 80.04572249306834, 7.024338410324992 ] ] } },
{ "type": "Feature", "properties": { "NAME": null, "CODE": 1 }, "geometry": { "type": "LineString", "coordinates": [ [ 79.914162147068836, 7.020164603498609 ], [ 79.914222964230547, 7.018734122496545 ], [ 79.914057002741828, 7.01730209671563 ], [ 79.913211530428725, 7.014491504323759 ], [ 79.912252524271281, 7.012825318373489 ], [ 79.911285895707948, 7.011617047796455 ], [ 79.908891721405794, 7.009483089840479 ], [ 79.908212093387192, 7.008333836691712 ] ] } },
{ "type": "Feature", "properties": { "NAME": "Attanagalu Oya", "CODE": 1 }, "geometry": { "type": "LineString", "coordinates": [ [ 80.061211670224196, 7.049563018836928 ], [ 80.060818813672782, 7.048587608466281 ], [ 80.060826260939166, 7.047042105355771 ], [ 80.061226502294431, 7.04618630824858 ], [ 80.062782684186445, 7.04402130369787 ], [ 80.063130108023046, 7.043107492082305 ], [ 80.063190577801933, 7.042592553141476 ], [ 80.06307716257524, 7.042019983878637 ], [ 80.062676637248785, 7.041158590723675 ], [ 80.061830362307987, 7.040065781997448 ], [ 80.061603684378824, 7.039148697996424 ], [ 80.061550781045156, 7.038175075923186 ], [ 80.06201141630639, 7.037033523085616 ], [ 80.062872539850019, 7.035608143446358 ], [ 80.063393777775076, 7.033951649534824 ], [ 80.063234875130078, 7.032176283953248 ], [ 80.063061036584088, 7.031717226795345 ], [ 80.06284174819848, 7.030170672358111 ], [ 80.061489165837813, 7.026269933818486 ], [ 80.061269948492324, 7.024494194027306 ], [ 80.061851294271122, 7.021292698907826 ], [ 80.063180548192079, 7.017752509864724 ], [ 80.063535459743562, 7.015751135669791 ], [ 80.063943175524727, 7.014322945046692 ], [ 80.064116805095694, 7.012950355169156 ], [ 80.063791567973027, 7.009399611003349 ], [ 80.062831907265092, 7.006531934192576 ] ] } },
{ "type": "Feature", "properties": { "NAME": null, "CODE": 5 }, "geometry": { "type": "LineString", "coordinates": [ [ 79.89291135486836, 6.99636217297151 ], [ 79.893285564278258, 6.997530229322972 ], [ 79.894127898140937, 7.002057821054588 ], [ 79.894232749405504, 7.002859851146228 ], [ 79.89417797015949, 7.00371795907399 ], [ 79.893882912602294, 7.004688793663155 ], [ 79.892676010314133, 7.006684554106408 ], [ 79.891981908551841, 7.008225602539775 ], [ 79.889545734716862, 7.01513516978013 ], [ 79.889427936643344, 7.017195129494703 ], [ 79.888834260488565, 7.021827264550232 ], [ 79.888181551385586, 7.025543854011326 ], [ 79.887776526516987, 7.026800307212356 ], [ 79.887598184086357, 7.02874527954496 ], [ 79.886901425703087, 7.031659807357672 ], [ 79.885847598121657, 7.034580439366741 ] ] } },
{ "type": "Feature", "properties": { "NAME": null, "CODE": 1 }, "geometry": { "type": "LineString", "coordinates": [ [ 79.89291135486836, 6.99636217297151 ], [ 79.894739235991523, 6.993704478907678 ], [ 79.89588777870334, 6.992796409724279 ], [ 79.896801841530149, 6.992344841917645 ], [ 79.897942561942898, 6.99195148126582 ], [ 79.89834295277997, 6.992011425381766 ], [ 79.900911009325171, 6.993230590610865 ], [ 79.901877576169042, 6.994324428388058 ], [ 79.902269844660609, 6.996788874593589 ], [ 79.903175965453201, 6.998340529042225 ], [ 79.903802745260052, 6.998916888257655 ], [ 79.903447117356961, 7.001261409718445 ], [ 79.902117015222103, 7.003942808050439 ], [ 79.901315963133996, 7.005139205389904 ], [ 79.901195080933277, 7.005653710768171 ], [ 79.901247795415671, 7.006054796934554 ], [ 79.901935075668888, 7.006574189199124 ], [ 79.902501545579327, 7.006807098248449 ], [ 79.904790548384099, 7.006479145776956 ], [ 79.905538324051676, 7.006598644928705 ], [ 79.905991551941753, 7.006773128675431 ], [ 79.907245174869757, 7.007869042484057 ], [ 79.908212093387192, 7.008333836691712 ] ] } },
{ "type": "Feature", "properties": { "NAME": null, "CODE": 1 }, "geometry": { "type": "LineString", "coordinates": [ [ 79.908212093387192, 7.008333836691712 ], [ 79.909473630952661, 7.008399169441465 ], [ 79.909873999806422, 7.008287575887305 ], [ 79.910727765430082, 7.007721001562005 ], [ 79.911596917195425, 7.005780520129744 ], [ 79.9121106932853, 7.005096894898515 ], [ 79.912971982892998, 7.004587411563481 ], [ 79.914860565632395, 7.004084885861484 ], [ 79.919665066913993, 7.003487043023253 ], [ 79.920866283952847, 7.002808466171846 ], [ 79.921674735811905, 7.002183856788794 ], [ 79.922588920828545, 7.001274023818451 ], [ 79.924319219660461, 6.999053183550656 ], [ 79.9251279909316, 6.996596978851575 ], [ 79.92685066646149, 6.994548207346051 ], [ 79.92771204326732, 6.993065603143978 ], [ 79.928346695843416, 6.992382737117734 ], [ 79.928754817548622, 6.99152652117328 ], [ 79.930825013698566, 6.988678346553201 ], [ 79.931399238899701, 6.987537292591624 ], [ 79.931686538381697, 6.986623774681856 ], [ 79.931694246822076, 6.985593190937069 ], [ 79.932041789046437, 6.984679497255152 ], [ 79.932789800078794, 6.983940448480527 ], [ 79.934391408650697, 6.982806443473795 ], [ 79.935366039068043, 6.981667788593112 ], [ 79.936740980576147, 6.980989893192688 ], [ 79.937654885911542, 6.980996031122473 ], [ 79.941877162219143, 6.982912927022041 ], [ 79.945132649370066, 6.983506851762248 ], [ 79.948101246016492, 6.984442045290059 ], [ 79.94844099236532, 6.985703691607627 ], [ 79.949286837510343, 6.986911257503494 ], [ 79.953161589058269, 6.989856081569569 ], [ 79.953727983528609, 6.990546724132339 ], [ 79.955208490996938, 6.991586677483387 ], [ 79.955835277490394, 6.992277564017147 ], [ 79.95668875977519, 6.993828761755734 ], [ 79.957247522659173, 6.995664581491602 ], [ 79.958153708088474, 6.997902561125921 ], [ 79.958432999792322, 7.000079406417552 ], [ 79.958364944166235, 7.000995161109328 ], [ 79.958802427387155, 7.005863519985047 ], [ 79.959029003103723, 7.006265895113489 ], [ 79.959587642260217, 7.009245918171104 ], [ 79.959579929859544, 7.011535302807218 ], [ 79.959685530889985, 7.012337615311941 ], [ 79.960825955530112, 7.014291148082225 ], [ 79.960871084096823, 7.01583699016722 ], [ 79.960750105360404, 7.016809312649871 ], [ 79.960863317232295, 7.018240964802074 ], [ 79.961369292582916, 7.019503459109449 ], [ 79.961709189256638, 7.019849228923982 ], [ 79.964337997488187, 7.020610675672658 ], [ 79.965818617207489, 7.021364344570344 ] ] } },
{ "type": "Feature", "properties": { "NAME": null, "CODE": 5 }, "geometry": { "type": "LineString", "coordinates": [ [ 79.88269495675496, 6.978505148596367 ], [ 79.883316866124218, 6.978974561865723 ], [ 79.88417323725173, 6.980010714551725 ], [ 79.884843845052075, 6.98282015783378 ], [ 79.885297973186326, 6.98373884563859 ], [ 79.886998797194508, 6.985696393844904 ], [ 79.887966632209228, 6.986389975979212 ], [ 79.888648950798526, 6.987081184881457 ], [ 79.890246231002507, 6.988122390657838 ], [ 79.890476946418019, 6.988467151579531 ], [ 79.891717585703859, 6.99116617648402 ], [ 79.892562222091087, 6.99437692805082 ], [ 79.89291135486836, 6.99636217297151 ] ] } },
{ "type": "Feature", "properties": { "NAME": "Kelani Ganga", "CODE": 5 }, "geometry": { "type": "LineString", "coordinates": [ [ 79.881600031798428, 6.978138551234498 ], [ 79.88269495675496, 6.978505148596367 ] ] } },
{ "type": "Feature", "properties": { "NAME": "Kelani Ganga", "CODE": 5 }, "geometry": { "type": "LineString", "coordinates": [ [ 79.87570052118258, 6.978852498297394 ], [ 79.878963468889879, 6.979376941068323 ], [ 79.881600031798428, 6.978138551234498 ] ] } },
{ "type": "Feature", "properties": { "NAME": "Kelani Ganga", "CODE": 1 }, "geometry": { "type": "LineString", "coordinates": [ [ 79.871825786364525, 6.977976181716336 ], [ 79.87570052118258, 6.978852498297394 ] ] } },
{ "type": "Feature", "properties": { "NAME": "Kelani Ganga", "CODE": 1 }, "geometry": { "type": "LineString", "coordinates": [ [ 80.206354521166546, 6.977733258813318 ], [ 80.207034611870625, 6.978343084704645 ], [ 80.207251512098324, 6.978727819943863 ] ] } },
{ "type": "Feature", "properties": { "NAME": "Kelani Ganga", "CODE": 1 }, "geometry": { "type": "LineString", "coordinates": [ [ 80.168479800772374, 7.046907792547581 ], [ 80.167254395850406, 7.046501299738182 ], [ 80.166627113073872, 7.04615387779213 ], [ 80.165659761779821, 7.045289701892695 ], [ 80.164639343772876, 7.043795113334063 ], [ 80.162484901534768, 7.039431917426209 ], [ 80.162431581982148, 7.038344257374024 ], [ 80.163065720639167, 7.036458860538502 ], [ 80.163306983550157, 7.034857814084441 ], [ 80.163253788385916, 7.033998778397173 ], [ 80.162852904905435, 7.03250852481534 ], [ 80.162413845857728, 7.029815611632594 ], [ 80.162526983415489, 7.028957922493227 ], [ 80.16379517012129, 7.025989428697299 ], [ 80.163976201224898, 7.025017373218955 ], [ 80.164156457773927, 7.021698876677426 ], [ 80.1651980383417, 7.018614215607824 ], [ 80.165379129965814, 7.017699244398868 ], [ 80.164932626716848, 7.015178426611071 ], [ 80.165120187773852, 7.011229876527072 ], [ 80.164946325357676, 7.01071390403163 ], [ 80.164893058338706, 7.009797923318438 ], [ 80.165994950476019, 7.006198292474152 ], [ 80.16622897117972, 7.005799136329065 ], [ 80.166809761909249, 7.003112623312613 ], [ 80.167617493255307, 7.001343443267895 ], [ 80.168599087236743, 6.999975496223068 ], [ 80.168999173583742, 6.99889053464486 ], [ 80.16878674121007, 6.996027504383156 ], [ 80.169427644267472, 6.992539884850627 ], [ 80.170469119915253, 6.989226150780648 ], [ 80.170710124419841, 6.987224362934216 ], [ 80.171457101197021, 6.984596124550371 ], [ 80.171811511034605, 6.982824235183243 ], [ 80.171878454760133, 6.979676412887854 ], [ 80.172112202954864, 6.978475649858211 ], [ 80.172119200122864, 6.976644395245661 ] ] } },
{ "type": "Feature", "properties": { "NAME": "Kelani Ganga", "CODE": 1 }, "geometry": { "type": "LineString", "coordinates": [ [ 79.869240079565685, 6.975650982045752 ], [ 79.869968172543082, 6.975862586698983 ], [ 79.871825786364525, 6.977976181716336 ] ] } },
{ "type": "Feature", "properties": { "NAME": "Kelani Ganga", "CODE": 1 }, "geometry": { "type": "LineString", "coordinates": [ [ 80.202277201658248, 6.975650371375077 ], [ 80.205100227682593, 6.976786020531817 ], [ 80.206354521166546, 6.977733258813318 ] ] } },
{ "type": "Feature", "properties": { "NAME": "Kelani Ganga", "CODE": 1 }, "geometry": { "type": "LineString", "coordinates": [ [ 80.133298409570841, 6.973562322836563 ], [ 80.133502520139174, 6.974004161855611 ], [ 80.13360855801875, 6.975435958871459 ], [ 80.13394135344646, 6.976983221901771 ], [ 80.134508282343788, 6.978474704767437 ], [ 80.134561325973266, 6.978990380853005 ], [ 80.134448380506882, 6.980363101138921 ], [ 80.133920182765905, 6.982592104311399 ], [ 80.133965977340225, 6.984595802612962 ], [ 80.134812771900542, 6.987463079826775 ], [ 80.13417165622171, 6.991293849051032 ], [ 80.13421763414992, 6.993526311914995 ], [ 80.134557827584928, 6.994787451949028 ], [ 80.135857973736776, 6.997771914081756 ], [ 80.13670468903797, 7.000352632671 ], [ 80.136757735393459, 7.000868308479257 ], [ 80.136750473036102, 7.001898517987698 ], [ 80.1357087781888, 7.004811425352241 ], [ 80.135988663289879, 7.006644607318003 ], [ 80.136782515880668, 7.009053151272652 ], [ 80.136828184174121, 7.010369988523369 ], [ 80.136647414469493, 7.012315163698723 ], [ 80.137101348878929, 7.014664325743456 ], [ 80.136913113359824, 7.017525114863256 ], [ 80.135811054699914, 7.021009918302204 ], [ 80.134709047648926, 7.025066699446021 ], [ 80.13464899053902, 7.026325741615385 ], [ 80.134808039896839, 7.027986514547607 ], [ 80.135481327052233, 7.031596653242291 ], [ 80.135073627695107, 7.032738650475764 ], [ 80.134726669074638, 7.035026389248162 ], [ 80.133911480693655, 7.037768192431686 ], [ 80.133851360486091, 7.038913063140285 ], [ 80.134131212914752, 7.040460112558138 ], [ 80.134471409942194, 7.041320526853169 ], [ 80.136572392480048, 7.044080851171024 ], [ 80.138280291447344, 7.04598040159615 ], [ 80.140320913640195, 7.048797291831807 ] ] } },
{ "type": "Feature", "properties": { "NAME": "Kelani Ganga", "CODE": 1 }, "geometry": { "type": "LineString", "coordinates": [ [ 80.172119200122864, 6.976644395245661 ], [ 80.172806455654495, 6.976362382554598 ], [ 80.174468321255958, 6.976257946632007 ], [ 80.179778758418422, 6.976289927461983 ], [ 80.180987299338085, 6.975782190798381 ], [ 80.182135034801661, 6.974701680072947 ], [ 80.182361460869501, 6.974130822166398 ], [ 80.182708799589122, 6.973789447203399 ], [ 80.183736165699116, 6.973623708951534 ], [ 80.184423617802068, 6.973857005280637 ], [ 80.186131147803451, 6.974783237739104 ], [ 80.188186022275062, 6.97513875283239 ], [ 80.192302990959234, 6.975278059080495 ], [ 80.193844152034757, 6.975459118279208 ], [ 80.196472783828511, 6.975246136185809 ], [ 80.200763643528248, 6.975443514523276 ], [ 80.202277201658248, 6.975650371375077 ] ] } },
{ "type": "Feature", "properties": { "NAME": "Kelani Ganga", "CODE": 1 }, "geometry": { "type": "LineString", "coordinates": [ [ 80.125986011583265, 6.972342006103762 ], [ 80.128101189111902, 6.973219681472111 ], [ 80.131274059451769, 6.973742707175536 ], [ 80.133298409570841, 6.973562322836563 ] ] } },
{ "type": "Feature", "properties": { "NAME": "Kelani Ganga", "CODE": 1 }, "geometry": { "type": "LineString", "coordinates": [ [ 80.111698776061019, 7.032251031035552 ], [ 80.111419093155078, 7.030989682194265 ], [ 80.11142630627549, 7.029387075929565 ], [ 80.111607243213953, 7.027556657168081 ], [ 80.112014971616986, 7.026128412488581 ], [ 80.113223127503645, 7.023617525679248 ], [ 80.113116969953651, 7.021613327639795 ], [ 80.113191964708335, 7.018923940383659 ], [ 80.113833329892927, 7.015379496063337 ], [ 80.11395377212709, 7.013204783770858 ], [ 80.114361321686175, 7.011433317732434 ], [ 80.115229740717396, 7.009550020588125 ], [ 80.115576990832139, 7.008464618761873 ], [ 80.11621829878969, 7.005034195345716 ], [ 80.116647763777763, 6.999198555604533 ], [ 80.116994851507243, 6.997712849204901 ], [ 80.116729321402559, 6.992788611538604 ], [ 80.116449593692593, 6.991356291908509 ], [ 80.116570111219616, 6.989868574155774 ], [ 80.117038143817638, 6.98815455305676 ], [ 80.11743829771315, 6.987298267340823 ], [ 80.119046901370183, 6.985648561938942 ], [ 80.120088820555793, 6.982964883173961 ], [ 80.121297114811341, 6.981712797469589 ], [ 80.122218308681695, 6.980001512235607 ], [ 80.123766630732291, 6.978809232623744 ], [ 80.12428001076222, 6.977667951066294 ], [ 80.124521113057966, 6.975265475968811 ], [ 80.125102479170337, 6.973837870926573 ], [ 80.125986011583265, 6.972342006103762 ] ] } },
{ "type": "Feature", "properties": { "NAME": "Kelani Ganga", "CODE": 1 }, "geometry": { "type": "LineString", "coordinates": [ [ 80.133298409570841, 6.973562322836563 ], [ 80.135405915228858, 6.973381900413867 ], [ 80.137430355058129, 6.973554183799858 ], [ 80.139545404914003, 6.973020925845529 ], [ 80.144560979289608, 6.972305001106144 ], [ 80.146849810773034, 6.972476888451162 ], [ 80.149048013676122, 6.972472584804247 ], [ 80.152598091947652, 6.971431201716813 ] ] } },
{ "type": "Feature", "properties": { "NAME": "Kelani Ganga", "CODE": 1 }, "geometry": { "type": "LineString", "coordinates": [ [ 80.152598091947652, 6.971431201716813 ], [ 80.152998290780843, 6.971235176652855 ] ] } },
{ "type": "Feature", "properties": { "NAME": "Kelani Ganga", "CODE": 1 }, "geometry": { "type": "LineString", "coordinates": [ [ 80.152998290780843, 6.971235176652855 ], [ 80.153685711668004, 6.971151437216983 ], [ 80.154312688174841, 6.971327328606895 ], [ 80.155166413672617, 6.971790497089791 ], [ 80.156140947199589, 6.971796148249013 ], [ 80.157115287748582, 6.97151594553381 ], [ 80.160778481237159, 6.969821270277296 ], [ 80.1634673505325, 6.969151015614664 ], [ 80.164494703522877, 6.969099914036141 ], [ 80.164955587590484, 6.96921707935169 ], [ 80.166375847757422, 6.969798235171933 ], [ 80.167063592649114, 6.971004131529299 ], [ 80.167343553610195, 6.9721508656331 ], [ 80.167669394214215, 6.975129203206946 ], [ 80.168009615665369, 6.976046682460888 ], [ 80.168409973303881, 6.976278080223381 ], [ 80.171552526737727, 6.97641194125234 ], [ 80.172119200122864, 6.976644395245661 ] ] } },
{ "type": "Feature", "properties": { "NAME": "Kelani Ganga", "CODE": 1 }, "geometry": { "type": "LineString", "coordinates": [ [ 79.993402360287632, 6.962076656367724 ], [ 79.994150210997816, 6.962303818714223 ], [ 79.994603322172026, 6.962593372619613 ], [ 79.995116912997943, 6.96299719274651 ], [ 79.995343623508958, 6.963456636160485 ], [ 79.995494498692921, 6.967464466696135 ], [ 79.997768043738446, 6.970398678030199 ], [ 79.998613964946529, 6.972922906916289 ], [ 79.999354269917248, 6.974358557413117 ], [ 79.999694075452766, 6.974761242150156 ], [ 80.000721405451188, 6.975283456068723 ], [ 80.001567358870361, 6.976719983062615 ], [ 80.002028103508053, 6.977065921351596 ], [ 80.004467979107133, 6.98051667686969 ], [ 80.007708556634512, 6.984658954069857 ], [ 80.009015317490054, 6.986041253434141 ], [ 80.010896359836778, 6.987713145977609 ], [ 80.011568561800829, 6.989320630884678 ], [ 80.011908464733239, 6.990638910610791 ], [ 80.013094400787509, 6.993909435100812 ], [ 80.013147344551243, 6.995455304710679 ], [ 80.013373922932573, 6.995971826014962 ], [ 80.015360709011759, 6.998274483022554 ], [ 80.016153895050337, 6.999023640062709 ] ] } },
{ "type": "Feature", "properties": { "NAME": "Kelani Ganga", "CODE": 1 }, "geometry": { "type": "LineString", "coordinates": [ [ 79.993402360287632, 6.962076656367724 ], [ 79.993341869032591, 6.96269939006705 ], [ 79.993508003261695, 6.96481853976384 ], [ 79.992986722584206, 6.966589958260417 ], [ 79.992465511906872, 6.967673970491202 ], [ 79.992291636539107, 6.968874982712465 ], [ 79.992510681846213, 6.97042154642338 ], [ 79.993469942617907, 6.972718057895135 ], [ 79.993522783536122, 6.973347760145114 ], [ 79.992933355451029, 6.978610065067381 ], [ 79.992359239070026, 6.979522030665019 ], [ 79.992125041725416, 6.980551126202683 ], [ 79.991603763305363, 6.981578051285228 ], [ 79.990682171132093, 6.982659700822732 ], [ 79.990168406005253, 6.983629693833995 ], [ 79.989594328798873, 6.984255389287942 ], [ 79.988559458064287, 6.984820974541422 ], [ 79.988211955790263, 6.985391373619558 ], [ 79.988098656780053, 6.986592764779882 ], [ 79.988204288633639, 6.987108528700847 ], [ 79.988997280817046, 6.98848762155298 ], [ 79.989510973271038, 6.98969302127959 ], [ 79.990183179349856, 6.992444601324245 ], [ 79.991829766876364, 6.99560345624504 ], [ 79.992509577660229, 6.996466910546064 ], [ 79.99267581548014, 6.996983056932089 ], [ 79.992789060318131, 6.998071505211133 ], [ 79.993793503369048, 7.002828903738394 ], [ 79.994186254411105, 7.003976451906069 ], [ 79.994291952777871, 7.005866035261898 ], [ 79.994631813291747, 7.007013213257033 ], [ 79.99536450922659, 7.008620534447957 ], [ 79.996165310802752, 7.009541834361379 ], [ 79.996610915180213, 7.011319224614284 ], [ 79.997237811554683, 7.012982746534143 ], [ 79.997675797187753, 7.017107190512469 ], [ 79.998295181948805, 7.018828772107309 ], [ 79.998514298935476, 7.020432842075582 ], [ 79.998914615585363, 7.02146580975888 ] ] } },
{ "type": "Feature", "properties": { "NAME": "Kelani Ganga", "CODE": 1 }, "geometry": { "type": "LineString", "coordinates": [ [ 79.881600031798428, 6.978138551234498 ], [ 79.883791158161785, 6.976019056935636 ], [ 79.884660905166356, 6.972049391137703 ], [ 79.883943940892507, 6.969493056997242 ], [ 79.882532226601427, 6.966673036574072 ], [ 79.881022383176457, 6.964118034286123 ], [ 79.880139112358719, 6.962179396156458 ], [ 79.879603269607642, 6.960327741783258 ], [ 79.879415190448725, 6.957858872495184 ], [ 79.880110829860001, 6.954948010611379 ] ] } },
{ "type": "Feature", "properties": { "NAME": "Kelani Ganga", "CODE": 1 }, "geometry": { "type": "LineString", "coordinates": [ [ 79.979209766440505, 6.954593812169263 ], [ 79.979950019252996, 6.954827905742772 ], [ 79.980924466048776, 6.955349078450816 ], [ 79.981551301337149, 6.954952942524296 ], [ 79.982812712764854, 6.954731798343636 ], [ 79.983379248963018, 6.954792933840959 ], [ 79.984406443338415, 6.955486144659968 ], [ 79.98509377073141, 6.955490536822087 ], [ 79.98618155378351, 6.955211729032759 ], [ 79.987269268079132, 6.954760678723568 ], [ 79.988016963113338, 6.953792908911181 ], [ 79.988530739932358, 6.95287999757101 ], [ 79.989218065491073, 6.952712708658773 ], [ 79.990358632209265, 6.952834551795111 ], [ 79.991098770334858, 6.953697819529062 ], [ 79.991317736301468, 6.955760255405543 ], [ 79.991597231186489, 6.956964134723321 ], [ 79.992450741459777, 6.958457627300602 ], [ 79.992669691511097, 6.959718631558118 ], [ 79.993183324011795, 6.960866518694542 ], [ 79.993402360287632, 6.962076656367724 ] ] } },
{ "type": "Feature", "properties": { "NAME": "Kelani Ganga", "CODE": 1 }, "geometry": { "type": "LineString", "coordinates": [ [ 80.104158765491661, 6.952276953825923 ], [ 80.105662181531841, 6.953508941491553 ], [ 80.107256428806437, 6.955269936928982 ], [ 80.108495643368045, 6.95764847528513 ], [ 80.109032535095594, 6.960469567818736 ], [ 80.108866810048667, 6.962674740010212 ], [ 80.110981940094305, 6.963023459464891 ], [ 80.11300649883826, 6.963724586402895 ], [ 80.117501056161259, 6.964245156214563 ], [ 80.119442664975722, 6.965476016725153 ], [ 80.120591227535883, 6.967149601538466 ], [ 80.120954233524486, 6.969265502278915 ], [ 80.12306975947763, 6.970848850615496 ], [ 80.125986011583265, 6.972342006103762 ] ] } },
{ "type": "Feature", "properties": { "NAME": "Kelani Ganga", "CODE": 1 }, "geometry": { "type": "LineString", "coordinates": [ [ 79.977548292962055, 6.951072343487165 ], [ 79.977963699811397, 6.951781072157938 ], [ 79.978303489754964, 6.953099929903395 ], [ 79.979043599121354, 6.954134888283514 ], [ 79.979209766440505, 6.954593812169263 ] ] } },
{ "type": "Feature", "properties": { "NAME": "Kelani Ganga", "CODE": 1 }, "geometry": { "type": "LineString", "coordinates": [ [ 79.977548292962055, 6.951072343487165 ], [ 79.976649420748004, 6.951658060528104 ], [ 79.976475656329654, 6.952229168312853 ], [ 79.976762654970017, 6.952689002059344 ], [ 79.977616110755889, 6.953381651855331 ], [ 79.978122236047369, 6.954300356701363 ], [ 79.978696163708406, 6.954590691635968 ], [ 79.979209766440505, 6.954593812169263 ] ] } },
{ "type": "Feature", "properties": { "NAME": "Kelani Ganga", "CODE": 1 }, "geometry": { "type": "LineString", "coordinates": [ [ 80.206354521166546, 6.977733258813318 ], [ 80.207041704913991, 6.977026723289943 ], [ 80.208189471284413, 6.976232281447735 ], [ 80.209730328235182, 6.975612106109963 ], [ 80.211165413314006, 6.975334033699216 ], [ 80.21282663763364, 6.973741548765819 ], [ 80.213627216856054, 6.973403087486992 ], [ 80.215175714423609, 6.973126266560289 ], [ 80.215402181341574, 6.972726930508947 ], [ 80.216103146673817, 6.969067601958635 ], [ 80.216524260031591, 6.964777310088205 ], [ 80.21652378112644, 6.963861670285628 ], [ 80.216084340504182, 6.960653873407578 ], [ 80.216204364278539, 6.958765366836961 ], [ 80.216097921298342, 6.957162449005041 ], [ 80.215757210299799, 6.95538587806999 ], [ 80.216050959695863, 6.953441477954001 ], [ 80.216171635173694, 6.953041451088731 ], [ 80.217085199859028, 6.95207389348305 ], [ 80.217719499382724, 6.951677293164599 ], [ 80.21885999548843, 6.951226174873914 ], [ 80.220347966310683, 6.951005922533207 ], [ 80.221080665586783, 6.951115012337692 ] ] } },
{ "type": "Feature", "properties": { "NAME": "Kelani Ganga", "CODE": 1 }, "geometry": { "type": "MultiLineString", "coordinates": [ [ [ 80.221080665586783, 6.951115012337692 ], [ 80.221519178842613, 6.951312539297518 ] ], [ [ 80.221739482103942, 6.95141224835311 ], [ 80.222114148384392, 6.951587032342309 ] ] ] } },
{ "type": "Feature", "properties": { "NAME": "Kelani Ganga", "CODE": 1 }, "geometry": { "type": "LineString", "coordinates": [ [ 80.098716864046835, 6.949572696451646 ], [ 80.100019159184356, 6.950609562402175 ], [ 80.104158765491661, 6.952276953825923 ] ] } },
{ "type": "Feature", "properties": { "NAME": "Kelani Ganga", "CODE": 1 }, "geometry": { "type": "LineString", "coordinates": [ [ 80.098251361453848, 6.949202113366041 ], [ 80.098716864046835, 6.949572696451646 ] ] } },
{ "type": "Feature", "properties": { "NAME": "Kelani Ganga", "CODE": 1 }, "geometry": { "type": "LineString", "coordinates": [ [ 80.075063254086587, 6.955840295593948 ], [ 80.076490838214411, 6.955505961655197 ], [ 80.078258349055133, 6.955917613462469 ], [ 80.078719075691907, 6.955920831401308 ], [ 80.081347643654482, 6.955479297364695 ], [ 80.082435433602257, 6.955657505724399 ], [ 80.083402405528275, 6.956064440291318 ], [ 80.084603445762937, 6.956357967147333 ], [ 80.086370855806877, 6.95631178073046 ], [ 80.087292326952195, 6.955916911230986 ], [ 80.088719849785051, 6.954838599865978 ], [ 80.08964132888299, 6.95438607528042 ], [ 80.090721401501895, 6.954278546693376 ], [ 80.093750432986454, 6.954583859961908 ], [ 80.09483813163996, 6.95453327645604 ], [ 80.095638755538346, 6.954137510441658 ], [ 80.09603896393881, 6.953739617577654 ], [ 80.096846946615088, 6.952199052662351 ], [ 80.097881565012884, 6.950889267388541 ], [ 80.098115619772628, 6.950432638023986 ], [ 80.098251361453848, 6.949202113366041 ] ] } },
{ "type": "Feature", "properties": { "NAME": "Kelani Ganga", "CODE": 1 }, "geometry": { "type": "LineString", "coordinates": [ [ 79.880110829860001, 6.954948010611379 ], [ 79.878351270728686, 6.95387016776598 ], [ 79.877951071212422, 6.953466447622572 ], [ 79.87738484565098, 6.952546697669224 ], [ 79.876931966946572, 6.951399115975255 ], [ 79.876539231789465, 6.950938327118605 ], [ 79.875059105955373, 6.95012691412265 ], [ 79.874772252433289, 6.949609948966638 ], [ 79.874833039493666, 6.948351152238731 ] ] } },
{ "type": "Feature", "properties": { "NAME": "Kelani Ganga", "CODE": 1 }, "geometry": { "type": "LineString", "coordinates": [ [ 80.02030066938957, 6.971290601310534 ], [ 80.020421574278984, 6.970318812032946 ], [ 80.020247707088771, 6.969515969011528 ], [ 80.020202347240385, 6.96842847570324 ], [ 80.020663144048839, 6.967458498111398 ], [ 80.021237223005031, 6.966660516795107 ], [ 80.021637529582236, 6.966377145144474 ], [ 80.021924531992596, 6.965978436371891 ], [ 80.022037876353281, 6.965578462982034 ], [ 80.02199239115599, 6.964032601561754 ], [ 80.022166209203434, 6.96317520414601 ], [ 80.023374720286526, 6.961408643626491 ], [ 80.026358172034662, 6.958623299295005 ], [ 80.026879418864354, 6.95759632402937 ], [ 80.027113526936475, 6.955937862996201 ], [ 80.027060615409255, 6.954964807093531 ], [ 80.025640491768144, 6.953696407669222 ], [ 80.025527181222898, 6.952779916889003 ], [ 80.025187208322677, 6.951804854529548 ], [ 80.024907776630158, 6.951402141049512 ], [ 80.023653868751055, 6.950421114946567 ], [ 80.023313954624712, 6.949903854560746 ], [ 80.022747407012702, 6.948641034833988 ], [ 80.022407450778573, 6.947437211212777 ], [ 80.022128012874703, 6.946862820532857 ], [ 80.021100720608288, 6.945711319391812 ], [ 80.020813640156859, 6.944652125760494 ] ] } },
{ "type": "Feature", "properties": { "NAME": "Kelani Ganga", "CODE": 1 }, "geometry": { "type": "LineString", "coordinates": [ [ 80.020813640156859, 6.944652125760494 ], [ 80.021674634868745, 6.944685280157525 ], [ 80.022248837068943, 6.944860407349829 ], [ 80.023328955910557, 6.945783088125006 ], [ 80.023729226766974, 6.945957091369914 ], [ 80.024356215763362, 6.94601855527635 ], [ 80.02521726522545, 6.945794966559344 ], [ 80.026592016054323, 6.945059698531492 ], [ 80.027906285304766, 6.944610175658516 ], [ 80.02876722204185, 6.94450117200291 ], [ 80.029681200670623, 6.944564208637611 ], [ 80.03224185060553, 6.945839744118194 ], [ 80.033729825775808, 6.946307496340102 ], [ 80.035210350185281, 6.946431031830113 ], [ 80.037446130952318, 6.946159110731807 ], [ 80.038186304750042, 6.946278381263581 ], [ 80.039493142579602, 6.946973607665449 ], [ 80.040580834133507, 6.948010433285249 ], [ 80.042393866970613, 6.951227325925579 ], [ 80.042839725776375, 6.953118858305278 ], [ 80.042779274095963, 6.9540345158175 ], [ 80.042197842097238, 6.955919238315007 ], [ 80.042590725302674, 6.957638729997583 ], [ 80.042991174755457, 6.958671667664428 ], [ 80.043097007832927, 6.960103458886025 ], [ 80.04245500586552, 6.962331440620417 ], [ 80.042273922920089, 6.964161955086085 ], [ 80.042780154966948, 6.965882186809295 ], [ 80.04300689788964, 6.967772533727907 ], [ 80.043399718665754, 6.968805035936129 ], [ 80.043739667725958, 6.969322285237009 ], [ 80.044933267163557, 6.970589019333181 ], [ 80.045333694135749, 6.971507504944289 ], [ 80.045666173534656, 6.972883266563199 ], [ 80.045552864858763, 6.973454782848793 ], [ 80.044223464601174, 6.975506922215346 ], [ 80.044049908441536, 6.976307247159243 ], [ 80.044102817116325, 6.97716613568925 ], [ 80.044556102926407, 6.977969969918112 ], [ 80.045696831985978, 6.979007720407061 ], [ 80.047290730948731, 6.980105085683303 ], [ 80.049285087180223, 6.981147953520151 ], [ 80.050826113728689, 6.982474129796856 ], [ 80.051392844730188, 6.983966111379991 ], [ 80.051438314884038, 6.985396962405548 ], [ 80.051151404427003, 6.98671172385752 ], [ 80.051604729938532, 6.98768765392051 ], [ 80.052224117661979, 6.988321472653113 ], [ 80.052964387479093, 6.988841023856347 ], [ 80.054618791041563, 6.989709700020837 ], [ 80.05530636877495, 6.99028639345199 ], [ 80.055812555277626, 6.990919470910502 ], [ 80.05643964953326, 6.992583358511999 ], [ 80.0563114194522, 6.994413819383433 ], [ 80.054476073179998, 6.997092719183824 ] ] } },
{ "type": "Feature", "properties": { "NAME": "Kelani Ganga", "CODE": 1 }, "geometry": { "type": "LineString", "coordinates": [ [ 80.013094220694782, 6.943448566019359 ], [ 80.014876796175599, 6.944355290106616 ], [ 80.015851159361318, 6.94459083180214 ], [ 80.018079386628045, 6.944662200666603 ], [ 80.019159466370738, 6.945069720991558 ], [ 80.020813640156859, 6.944652125760494 ] ] } },
{ "type": "Feature", "properties": { "NAME": "Kelani Ganga", "CODE": 1 }, "geometry": { "type": "LineString", "coordinates": [ [ 80.104158765491661, 6.952276953825923 ], [ 80.105699880819444, 6.952998337857347 ], [ 80.107021634482052, 6.952434006949709 ], [ 80.108222434452742, 6.951697258389746 ], [ 80.109249701807542, 6.951474735957096 ], [ 80.110224155677159, 6.951652580840683 ], [ 80.111817948688312, 6.952177471265196 ], [ 80.113540151340828, 6.951787477611039 ], [ 80.114507060406382, 6.951850709251903 ], [ 80.114967804436745, 6.951739297423805 ], [ 80.115768348112866, 6.951285986153224 ], [ 80.116168698688938, 6.951231715908972 ], [ 80.117195929386625, 6.951237798989018 ], [ 80.119537715756707, 6.951939332689604 ], [ 80.120625356601224, 6.951774236046839 ], [ 80.121939550626763, 6.951038312885045 ], [ 80.123374373416951, 6.949730709329386 ], [ 80.125035899473104, 6.948767899713536 ], [ 80.125496606184115, 6.948369779084713 ], [ 80.125896775080449, 6.94751390423731 ], [ 80.125850966965913, 6.945796479625052 ], [ 80.126024449029927, 6.944939023825619 ], [ 80.126771972085876, 6.943684730062063 ], [ 80.127459101169293, 6.943058997406415 ], [ 80.128259745754363, 6.942720822277831 ], [ 80.131636030644074, 6.942054496042006 ], [ 80.133811313657674, 6.941896202232204 ], [ 80.135979193856002, 6.942195701901403 ], [ 80.137293486722612, 6.942089225174193 ] ] } },
{ "type": "Feature", "properties": { "NAME": "Kelani Ganga", "CODE": 1 }, "geometry": { "type": "LineString", "coordinates": [ [ 79.874833039493666, 6.948351152238731 ], [ 79.875075228753289, 6.946692842107248 ], [ 79.875022838977998, 6.944975338368978 ], [ 79.874856860000506, 6.944287214859377 ], [ 79.874117102083289, 6.942793771643104 ], [ 79.873951304727399, 6.941190076101448 ] ] } },
{ "type": "Feature", "properties": { "NAME": "Kelani Ganga", "CODE": 1 }, "geometry": { "type": "LineString", "coordinates": [ [ 79.880110829860001, 6.954948010611379 ], [ 79.88151626926539, 6.953005767311601 ], [ 79.884243121413405, 6.952472560580379 ], [ 79.888027044141808, 6.952820149638626 ], [ 79.894107092222995, 6.954045723220129 ], [ 79.896569521332012, 6.954041802413994 ], [ 79.897446125527452, 6.952276837300829 ], [ 79.897439029399735, 6.95007209078953 ], [ 79.897960745539351, 6.947778880789799 ], [ 79.899803890507627, 6.946717915001804 ], [ 79.901737687218471, 6.946185825819024 ], [ 79.903942909919323, 6.946888137701174 ], [ 79.906586583750837, 6.947236735900269 ], [ 79.908875091899077, 6.947057084363776 ], [ 79.910718176734264, 6.946172406751653 ], [ 79.913716789245143, 6.946520479431133 ], [ 79.915559828775969, 6.945812257154616 ], [ 79.917848297738274, 6.946513809187904 ], [ 79.919441755303723, 6.947922548321 ], [ 79.920770792091375, 6.950037135593213 ], [ 79.922530474121743, 6.950828146291934 ], [ 79.924645539394106, 6.950031078946671 ], [ 79.926307393192161, 6.948793769007657 ], [ 79.929744184025935, 6.948435489790028 ], [ 79.932471018308206, 6.947726084265495 ], [ 79.935280968917368, 6.946310761484809 ], [ 79.938703119647343, 6.942689901782184 ], [ 79.940463068356721, 6.941805094991523 ], [ 79.942041889684035, 6.94030307240758 ], [ 79.944594897635668, 6.939946521775556 ], [ 79.948726357212976, 6.940115911359253 ] ] } },
{ "type": "Feature", "properties": { "NAME": "Kelani Ganga", "CODE": 1 }, "geometry": { "type": "LineString", "coordinates": [ [ 79.971695701733069, 6.936022298292634 ], [ 79.970200071417196, 6.937305706051807 ], [ 79.970539859834219, 6.938567059279907 ], [ 79.970819280280111, 6.939026882508985 ], [ 79.971219461607703, 6.939487474522441 ], [ 79.971680269296101, 6.939719411053304 ], [ 79.974074614586655, 6.939906843276051 ], [ 79.975154597741863, 6.940715031526326 ], [ 79.975554881357283, 6.941118254628492 ], [ 79.976295022182143, 6.942668520348582 ], [ 79.976634902004307, 6.943128724951248 ], [ 79.977654490090188, 6.943994173515585 ], [ 79.978107644791194, 6.945084604485607 ], [ 79.978220871679156, 6.945657889340357 ], [ 79.978099932341593, 6.946859265514113 ], [ 79.977344418296752, 6.949659186555919 ], [ 79.977344447080526, 6.950231575271552 ], [ 79.977548292962055, 6.951072343487165 ] ] } },
{ "type": "Feature", "properties": { "NAME": "Kelani Ganga", "CODE": 1 }, "geometry": { "type": "LineString", "coordinates": [ [ 79.948726357212976, 6.940115911359253 ], [ 79.959466991793079, 6.939569943940214 ], [ 79.962193682352762, 6.938154445008943 ], [ 79.971695701733069, 6.936022298292634 ] ] } },
{ "type": "Feature", "properties": { "NAME": "Kelani Ganga", "CODE": 1 }, "geometry": { "type": "LineString", "coordinates": [ [ 79.984724692802004, 6.936177173763988 ], [ 79.98683195829561, 6.935820922278097 ], [ 79.98886378410073, 6.936875802249204 ], [ 79.992572208433359, 6.939956084780295 ], [ 79.994158275111047, 6.941011908606065 ], [ 79.996273261711281, 6.940831543426581 ], [ 79.999082998211009, 6.940297505131379 ], [ 80.001991075869853, 6.939939805768325 ], [ 80.004725204301025, 6.940464628171759 ], [ 80.010805501718863, 6.942747035023062 ], [ 80.013094220694782, 6.943448566019359 ] ] } },
{ "type": "Feature", "properties": { "NAME": "Kelani Ganga", "CODE": 1 }, "geometry": { "type": "LineString", "coordinates": [ [ 79.971695701733069, 6.936022298292634 ], [ 79.973976701216387, 6.93548963676674 ], [ 79.976537179694148, 6.936014323630821 ], [ 79.979354437279156, 6.935833229551685 ], [ 79.984724692802004, 6.936177173763988 ] ] } },
{ "type": "Feature", "properties": { "NAME": "Kelani Ganga", "CODE": 1 }, "geometry": { "type": "LineString", "coordinates": [ [ 79.873951304727399, 6.941190076101448 ], [ 79.872637139326088, 6.941352899159181 ], [ 79.872070692295651, 6.941120106576848 ], [ 79.867457135912417, 6.937139906494866 ], [ 79.866437559752185, 6.936617585718873 ], [ 79.86420973256196, 6.935858552213142 ], [ 79.862321598059552, 6.935559357543936 ], [ 79.861181134491318, 6.935551944126099 ], [ 79.858205154441094, 6.936047247423214 ], [ 79.857638723018113, 6.935814298015803 ], [ 79.856219235782646, 6.934545451112008 ], [ 79.855192422248692, 6.933279054254835 ], [ 79.854573656744648, 6.931557779223753 ], [ 79.854060334565901, 6.930810063389321 ] ] } },
{ "type": "Feature", "properties": { "NAME": null, "CODE": 9 }, "geometry": { "type": "LineString", "coordinates": [ [ 79.858193873138205, 6.922333050142674 ], [ 79.858823126770645, 6.922904510795635 ], [ 79.858828490293547, 6.924049689051818 ], [ 79.85837654360553, 6.926053747971787 ], [ 79.857811796944233, 6.927485358444977 ], [ 79.857415323232885, 6.928287414142072 ], [ 79.856616242529412, 6.929146906329739 ], [ 79.855361203207678, 6.930121941814711 ], [ 79.854060334565901, 6.930810063389321 ] ] } },
{ "type": "Feature", "properties": { "NAME": null, "CODE": 9 }, "geometry": { "type": "LineString", "coordinates": [ [ 79.854060334565901, 6.930810063389321 ], [ 79.852163079402857, 6.930527203848356 ], [ 79.85147943844153, 6.93058536393714 ], [ 79.850392896467241, 6.930815964941293 ], [ 79.849761642984902, 6.931274784466375 ], [ 79.849138580118151, 6.931447645657299 ], [ 79.848662183372397, 6.931348522994963 ], [ 79.849079336864605, 6.93064612735474 ], [ 79.85169769340898, 6.927666144472798 ], [ 79.853461225777892, 6.926861933282472 ], [ 79.854320887502922, 6.926116868163231 ], [ 79.856650041659464, 6.923422831139194 ], [ 79.858193873138205, 6.922333050142674 ] ] } },
{ "type": "Feature", "properties": { "NAME": "Kelani Ganga", "CODE": 1 }, "geometry": { "type": "LineString", "coordinates": [ [ 80.172119200122864, 6.976644395245661 ], [ 80.172586818323012, 6.974586654052538 ], [ 80.172540917070279, 6.972869079374863 ], [ 80.173521979239979, 6.970184750944052 ], [ 80.173702563844671, 6.968297194353921 ], [ 80.173936437041675, 6.967211024505562 ], [ 80.173943024046849, 6.96457816552007 ], [ 80.174123875681815, 6.963033829283677 ], [ 80.174017500669038, 6.961602594977524 ], [ 80.174137892502401, 6.960114843900967 ], [ 80.174084421609976, 6.958225577281139 ], [ 80.173230435907186, 6.95707600096 ], [ 80.17306407493669, 6.956559616815362 ], [ 80.173063882273809, 6.955930119081675 ], [ 80.173705130880194, 6.953758844775224 ], [ 80.173478191425986, 6.952613027952554 ], [ 80.174874009001698, 6.948328409978417 ], [ 80.174593517139414, 6.945465006974802 ], [ 80.174033796871285, 6.94300042861183 ], [ 80.174040957905575, 6.942256485507931 ], [ 80.174674752826832, 6.940142283135674 ], [ 80.17526295549817, 6.937169615305152 ], [ 80.175149282024705, 6.936253132175449 ], [ 80.174756114558136, 6.935163203394008 ], [ 80.173902227976527, 6.934299342302404 ], [ 80.173101436158618, 6.933722106220789 ], [ 80.171447157013247, 6.933426111421968 ], [ 80.169392221076336, 6.932383531823527 ], [ 80.168598933189699, 6.931806298357507 ], [ 80.167745004505747, 6.930656150933973 ], [ 80.16752539283425, 6.92888042017227 ], [ 80.16793245100034, 6.926593550694543 ], [ 80.169267908202784, 6.922366092842923 ], [ 80.169274763226483, 6.920305643748117 ], [ 80.169161240187734, 6.919503755546427 ] ] } },
{ "type": "Feature", "properties": { "NAME": "Kalu Ganga", "CODE": 1 }, "geometry": { "type": "LineString", "coordinates": [ [ 79.992096868159933, 6.923262989975031 ], [ 79.991530457784378, 6.92263004304329 ], [ 79.989763081629604, 6.921589179097427 ], [ 79.989083344434675, 6.92026835488192 ], [ 79.988116684977257, 6.919175251077531 ], [ 79.986749632072133, 6.918308407252905 ], [ 79.984982327887266, 6.917667820243757 ], [ 79.984521603908405, 6.917264647373347 ], [ 79.983215044529459, 6.915653829742253 ], [ 79.982988480812395, 6.915251891186988 ], [ 79.982980966631644, 6.91479506865493 ] ] } },
{ "type": "Feature", "properties": { "NAME": null, "CODE": 9 }, "geometry": { "type": "LineString", "coordinates": [ [ 79.854507342257151, 6.916072681608711 ], [ 79.852744798100758, 6.916388318888984 ], [ 79.85131571890183, 6.917077320550831 ], [ 79.850462708002354, 6.918337684091985 ], [ 79.848924955337665, 6.920228854924869 ], [ 79.848360898494676, 6.921260033924318 ], [ 79.848306955009704, 6.921660348348363 ], [ 79.84836619783637, 6.922461866721778 ], [ 79.848713185283799, 6.923663514932351 ], [ 79.848537668728369, 6.924121381466159 ], [ 79.84625734877099, 6.925097650786531 ], [ 79.845574721205324, 6.924640516929212 ], [ 79.84534197164885, 6.923267562629756 ], [ 79.845677657880586, 6.922465683200016 ], [ 79.845906189896439, 6.922121943026256 ], [ 79.847328728016109, 6.920918083236753 ], [ 79.847785494762533, 6.920344904545237 ], [ 79.849941910469553, 6.916678481871227 ], [ 79.851372097511671, 6.915417256800286 ], [ 79.852620240173778, 6.91404137039223 ], [ 79.853304078414595, 6.913868618576736 ], [ 79.854047943071464, 6.914096542529748 ], [ 79.8543359789861, 6.914382647398737 ], [ 79.854509057506078, 6.915183537991473 ], [ 79.854507342257151, 6.916072681608711 ] ] } },
{ "type": "Feature", "properties": { "NAME": "Kelani Ganga", "CODE": 1 }, "geometry": { "type": "LineString", "coordinates": [ [ 80.094150745090843, 6.913140059889545 ], [ 80.093993181399938, 6.918872637258815 ], [ 80.093653796355781, 6.921607145489412 ], [ 80.093669423265936, 6.924429058194352 ], [ 80.093851217631951, 6.927339237073293 ], [ 80.094569329350605, 6.929983265746885 ], [ 80.094229954660818, 6.933247362730905 ], [ 80.094411729465591, 6.935627950994072 ], [ 80.094857755189878, 6.937743697122379 ], [ 80.09478267389683, 6.940213078711661 ], [ 80.09522865760438, 6.94206402964166 ], [ 80.096294109027795, 6.944355303936888 ], [ 80.096830840881793, 6.946735408049884 ], [ 80.098251361453848, 6.949202113366041 ] ] } },
{ "type": "Feature", "properties": { "NAME": "Kelani Ganga", "CODE": 1 }, "geometry": { "type": "LineString", "coordinates": [ [ 80.202277201658248, 6.975650371375077 ], [ 80.202251245867004, 6.974307688924502 ], [ 80.203065438358067, 6.970191695293034 ], [ 80.202686250576249, 6.966583516135509 ], [ 80.202512286131395, 6.966010044469599 ], [ 80.201605622629614, 6.965432016068378 ], [ 80.201144730077246, 6.965314886016015 ], [ 80.200631163334222, 6.965368949907381 ], [ 80.198689589945587, 6.964785002287129 ], [ 80.19732190039646, 6.963975237477539 ], [ 80.197034739675757, 6.963573026052816 ], [ 80.196754923139906, 6.962598409455579 ], [ 80.196708340249415, 6.959507373769623 ], [ 80.196828812139628, 6.958592025026285 ], [ 80.197463054776193, 6.957680125765562 ], [ 80.197862965769062, 6.956766669723988 ], [ 80.198157012494178, 6.955337615383172 ], [ 80.198397343323776, 6.951904833414811 ], [ 80.198357932694478, 6.947783571430105 ], [ 80.19847809706458, 6.946181351795615 ], [ 80.198371783506872, 6.944520924372899 ], [ 80.199065865724634, 6.942636228307059 ], [ 80.19935278132715, 6.942180310184775 ], [ 80.19976046084534, 6.941610082748403 ], [ 80.202455916786164, 6.938821617785597 ], [ 80.203316362438201, 6.937453430760831 ], [ 80.2038971292219, 6.935224659397375 ], [ 80.203957121488969, 6.934252006591612 ], [ 80.203850796983431, 6.932820205255879 ], [ 80.203230484720549, 6.930526975957958 ], [ 80.203290635754016, 6.930012001258037 ], [ 80.203524351507355, 6.929097772608093 ], [ 80.204331791764616, 6.927099310007301 ], [ 80.205199064960624, 6.924013877883741 ], [ 80.205206233007885, 6.922983651183293 ], [ 80.204759649031274, 6.920863160396965 ], [ 80.204766583791667, 6.919317603746507 ], [ 80.204940065382033, 6.91874638369566 ], [ 80.206600926946408, 6.916581486332238 ], [ 80.207913739445118, 6.914134726839348 ] ] } },
{ "type": "Feature", "properties": { "NAME": "Kelani Ganga", "CODE": 1 }, "geometry": { "type": "LineString", "coordinates": [ [ 80.106710032697862, 6.90763208700662 ], [ 80.106468389208459, 6.908129266653527 ], [ 80.10572070988033, 6.908696954455507 ], [ 80.105033543391357, 6.908864847094864 ], [ 80.103553076409582, 6.908855567752808 ], [ 80.103205818284408, 6.909139517243475 ], [ 80.103092642189708, 6.909882736478532 ], [ 80.103259003065176, 6.910284685048544 ], [ 80.103258996437077, 6.910742354929145 ], [ 80.102911799547599, 6.911484539165738 ], [ 80.102451073997457, 6.911710536979069 ], [ 80.097647674461626, 6.913168900765236 ], [ 80.096560110107873, 6.913391037714032 ], [ 80.095072246679678, 6.913553399102658 ], [ 80.094150745090843, 6.913140059889545 ] ] } },
{ "type": "Feature", "properties": { "NAME": "Kelani Ganga", "CODE": 1 }, "geometry": { "type": "LineString", "coordinates": [ [ 80.062443186424744, 6.908349238818684 ], [ 80.064475074569302, 6.909756483727225 ], [ 80.066763610725644, 6.909928726381747 ], [ 80.070184671395353, 6.907629332437492 ], [ 80.073175529614559, 6.907182556949474 ], [ 80.075380916938229, 6.907354918076864 ], [ 80.079875033636512, 6.908492842963206 ], [ 80.08180850624052, 6.90813646290276 ], [ 80.085245161415273, 6.909188451805186 ], [ 80.088062491829902, 6.91024122486117 ], [ 80.091151717582122, 6.910676185964568 ], [ 80.093085484829103, 6.911554294012744 ], [ 80.094150745090843, 6.913140059889545 ] ] } },
{ "type": "Feature", "properties": { "NAME": "Kelani Ganga", "CODE": 1 }, "geometry": { "type": "LineString", "coordinates": [ [ 79.873951304727399, 6.941190076101448 ], [ 79.87441218665613, 6.940792645728322 ], [ 79.875447090031884, 6.940398983958258 ], [ 79.877501485735337, 6.940469832504904 ], [ 79.878302187169936, 6.940131956974211 ], [ 79.880712052320547, 6.93825899626315 ], [ 79.881520509400573, 6.937176801108328 ], [ 79.882095103772286, 6.935291907929956 ], [ 79.882155639653206, 6.934605340459513 ], [ 79.881823897569603, 6.93231338074238 ], [ 79.882292649648292, 6.930198970271467 ], [ 79.882814115654284, 6.929229267134887 ], [ 79.885685177080077, 6.925184336577039 ], [ 79.886841415668101, 6.922673600676817 ], [ 79.886788793274377, 6.921470961388224 ], [ 79.887326284408999, 6.916437703794011 ], [ 79.887847651712448, 6.915467849936359 ], [ 79.889517251680758, 6.91353297467961 ], [ 79.889630793223489, 6.912503584572394 ], [ 79.88959389452036, 6.909068547515302 ], [ 79.88925444636358, 6.907292010172709 ], [ 79.888688276893674, 6.906086017084557 ] ] } },
{ "type": "Feature", "properties": { "NAME": "Kelani Ganga", "CODE": 1 }, "geometry": { "type": "LineString", "coordinates": [ [ 80.018614621493143, 6.906285760821812 ], [ 80.018508979719726, 6.906653955852533 ], [ 80.017413802197382, 6.908421406671613 ], [ 80.016552840154034, 6.908587904480734 ], [ 80.01615253276492, 6.908814193324925 ], [ 80.014891248391081, 6.910237738765406 ], [ 80.013690470266312, 6.910688404702896 ], [ 80.012255359964328, 6.911423831284655 ], [ 80.01088081353727, 6.913189687198344 ], [ 80.01064666000191, 6.91376043539963 ], [ 80.010760005990562, 6.915077645329874 ], [ 80.011099901161174, 6.915938121579093 ], [ 80.011666441124916, 6.916857315207505 ], [ 80.011719229171348, 6.917315484224896 ], [ 80.011719274923536, 6.917773286443057 ], [ 80.011371823360221, 6.918629838857799 ], [ 80.011311469805733, 6.919144345888507 ], [ 80.011424701644671, 6.920003612163875 ], [ 80.011651313349589, 6.920348456099594 ], [ 80.011704192488665, 6.920749682572487 ], [ 80.011477566550411, 6.921606569015522 ], [ 80.010843158871069, 6.92297655871725 ], [ 80.010495707620265, 6.923431967877214 ], [ 80.009868828714218, 6.923543012630397 ], [ 80.008381002463111, 6.92313312718716 ], [ 80.007519875060495, 6.924043673977128 ], [ 80.006953451784213, 6.924326204836537 ], [ 80.005631584726174, 6.924604551384065 ], [ 80.003463982224091, 6.925449682375789 ], [ 80.001288711331739, 6.92526502075156 ], [ 80.000087773476452, 6.926001489220286 ], [ 79.997451787765485, 6.927130401574993 ], [ 79.995676795588395, 6.928263954190914 ], [ 79.993848977549021, 6.929054345285739 ], [ 79.990291484155151, 6.931264457620968 ], [ 79.987141718886079, 6.933935131824456 ], [ 79.9862806260805, 6.934960224253028 ], [ 79.984724692802004, 6.936177173763988 ] ] } },
{ "type": "Feature", "properties": { "NAME": "Kelani Ganga", "CODE": 1 }, "geometry": { "type": "LineString", "coordinates": [ [ 80.095441289005223, 6.90794645146467 ], [ 80.095275026952763, 6.907430472244296 ], [ 80.094814168957498, 6.906855435517328 ], [ 80.094574082260564, 6.90625005001827 ] ] } },
{ "type": "Feature", "properties": { "NAME": "Kelani Ganga", "CODE": 1 }, "geometry": { "type": "LineString", "coordinates": [ [ 80.013094220694782, 6.943448566019359 ], [ 80.01378910123897, 6.940624869647039 ], [ 80.013607807154273, 6.938597110932538 ], [ 80.014128888405409, 6.936655958091755 ], [ 80.017187833095448, 6.93127119527196 ], [ 80.019808553770901, 6.925534164025247 ], [ 80.022180226661618, 6.923854492947124 ], [ 80.025344767204899, 6.923143515751653 ], [ 80.034491152167902, 6.920129205526565 ], [ 80.038622469244231, 6.917652137800395 ], [ 80.041160073380922, 6.915266691621762 ], [ 80.044853248852107, 6.913672567025662 ], [ 80.047579709446694, 6.912962034085803 ], [ 80.050215650857339, 6.91207529005703 ], [ 80.053818046814825, 6.909511363610472 ], [ 80.056627528812356, 6.907213271094876 ], [ 80.058908261101351, 6.905974249020242 ], [ 80.061204307952096, 6.906499208786591 ], [ 80.062443186424744, 6.908349238818684 ] ] } },
{ "type": "Feature", "properties": { "NAME": "Kelani Ganga", "CODE": 1 }, "geometry": { "type": "LineString", "coordinates": [ [ 80.102268653046153, 6.906088812184842 ], [ 80.101218834186611, 6.906379827534366 ], [ 80.099791370238606, 6.906142271500516 ], [ 80.098076866017408, 6.906303053457657 ], [ 80.096422701628896, 6.905892357792025 ], [ 80.094574082260564, 6.90625005001827 ] ] } },
{ "type": "Feature", "properties": { "NAME": "Kelani Ganga", "CODE": 1 }, "geometry": { "type": "LineString", "coordinates": [ [ 79.905628564878683, 6.905337149229153 ], [ 79.908407735613153, 6.906045971645683 ], [ 79.909427200058971, 6.906510693986738 ], [ 79.910854400825031, 6.907550367900362 ], [ 79.912334581349171, 6.908304579365802 ], [ 79.913082208868275, 6.908423624303976 ], [ 79.914849526284499, 6.908378482188968 ], [ 79.916050361787143, 6.908557963039 ], [ 79.917190668748688, 6.909138041665545 ], [ 79.919071148434242, 6.909780199095519 ], [ 79.922318459797694, 6.911404379136981 ], [ 79.925173159604086, 6.912338892179902 ] ] } },
{ "type": "Feature", "properties": { "NAME": "Kelani Ganga", "CODE": 1 }, "geometry": { "type": "LineString", "coordinates": [ [ 79.874833039493666, 6.948351152238731 ], [ 79.877582655506089, 6.947282244687123 ], [ 79.878670263360007, 6.947403828066942 ], [ 79.879924062661175, 6.947355040725183 ], [ 79.882107356900022, 6.945709555577794 ], [ 79.883134707788443, 6.945086828600645 ], [ 79.884169616188586, 6.944693148138848 ], [ 79.88576323336072, 6.944932651669676 ], [ 79.886798030404748, 6.94471105918423 ], [ 79.889034360821796, 6.942322013565306 ], [ 79.890583019453757, 6.941187063092912 ], [ 79.892358089052081, 6.940455210443387 ], [ 79.894707179668131, 6.939955566671242 ], [ 79.896195299437665, 6.939163966192099 ], [ 79.897744000397978, 6.937800518209833 ], [ 79.89855275921883, 6.935344922020978 ], [ 79.898673857315146, 6.934200530291119 ], [ 79.898349933355334, 6.930306041513703 ], [ 79.898357830536312, 6.928589063554944 ], [ 79.900488723106577, 6.924596640594364 ], [ 79.90107061323657, 6.922768666726179 ], [ 79.901131225558316, 6.922139175443846 ], [ 79.901078472811577, 6.921566417813311 ], [ 79.899493167470283, 6.917949943270859 ], [ 79.899048085433805, 6.915771800953808 ], [ 79.899796246301221, 6.913945121015004 ], [ 79.900952177928616, 6.911892267686547 ], [ 79.903309247894526, 6.908759435121467 ], [ 79.905628564878683, 6.905337149229153 ] ] } },
{ "type": "Feature", "properties": { "NAME": "Kelani Ganga", "CODE": 1 }, "geometry": { "type": "LineString", "coordinates": [ [ 80.106710032697862, 6.90763208700662 ], [ 80.106702199101179, 6.906356562181014 ], [ 80.106422549815235, 6.905668183025481 ], [ 80.105735180631768, 6.905377700144314 ], [ 80.103280623988084, 6.905763122899411 ], [ 80.102268653046153, 6.906088812184842 ] ] } },
{ "type": "Feature", "properties": { "NAME": "Kelani Ganga", "CODE": 1 }, "geometry": { "type": "LineString", "coordinates": [ [ 79.902139974871076, 6.902334535099858 ], [ 79.902132054888213, 6.904000792360933 ], [ 79.902298169246293, 6.904517239559389 ], [ 79.902698320378079, 6.904863007094907 ], [ 79.905628564878683, 6.905337149229153 ] ] } },
{ "type": "Feature", "properties": { "NAME": "Kelani Ganga", "CODE": 1 }, "geometry": { "type": "LineString", "coordinates": [ [ 79.888688276893674, 6.906086017084557 ], [ 79.889949568046433, 6.90609485073731 ], [ 79.89103715872055, 6.905758605682453 ], [ 79.892872706664022, 6.90439710256901 ], [ 79.893899986297328, 6.903831420580937 ], [ 79.897162872399889, 6.902708482660919 ], [ 79.89905101211103, 6.902377640793453 ], [ 79.900878679594484, 6.902447105794278 ], [ 79.902139974871076, 6.902334535099858 ] ] } },
{ "type": "Feature", "properties": { "NAME": "Kelani Ganga", "CODE": 1 }, "geometry": { "type": "LineString", "coordinates": [ [ 80.094574082260564, 6.90625005001827 ], [ 80.094534422592318, 6.905651166289388 ], [ 80.095455749809403, 6.904684289189948 ], [ 80.09574267328577, 6.904170930707603 ], [ 80.095576373318508, 6.903482848674436 ], [ 80.094836036798739, 6.90256250378621 ], [ 80.094896297765445, 6.90204755238474 ] ] } },
{ "type": "Feature", "properties": { "NAME": "Kalu Ganga", "CODE": 1 }, "geometry": { "type": "LineString", "coordinates": [ [ 79.994242343335486, 6.901870973569707 ], [ 79.992981116919296, 6.90340848263024 ], [ 79.990745429034064, 6.905169053759102 ], [ 79.990058153982389, 6.905908744367856 ], [ 79.989771097411364, 6.906307859686185 ], [ 79.989136680343762, 6.907791842800913 ], [ 79.987641172661696, 6.909385326244749 ], [ 79.987467346510158, 6.910872465477373 ], [ 79.986832938617198, 6.912127826571197 ], [ 79.985397860357594, 6.913206234220327 ], [ 79.983909959604915, 6.91462804014726 ], [ 79.982980966631644, 6.91479506865493 ] ] } },
{ "type": "Feature", "properties": { "NAME": "Kelani Ganga", "CODE": 1 }, "geometry": { "type": "LineString", "coordinates": [ [ 80.102268653046153, 6.906088812184842 ], [ 80.102253310431252, 6.905184048346189 ], [ 80.101800080891039, 6.90460902843099 ], [ 80.101112737743321, 6.904604812563396 ], [ 80.100485812511508, 6.904371775217919 ], [ 80.100372479556725, 6.903970748440342 ], [ 80.099805862034188, 6.903337351856894 ], [ 80.099405500664247, 6.903277583180545 ], [ 80.097857430607348, 6.904241040521596 ], [ 80.097343749310568, 6.903722733981911 ], [ 80.09735105694665, 6.90240625569762 ], [ 80.096610826017312, 6.902058459534552 ], [ 80.094896297765445, 6.90204755238474 ] ] } },
{ "type": "Feature", "properties": { "NAME": "Kelani Ganga", "CODE": 1 }, "geometry": { "type": "LineString", "coordinates": [ [ 79.901989988887181, 6.897474478722866 ], [ 79.901929385950211, 6.898103406115389 ], [ 79.902095535814595, 6.898677077081574 ], [ 79.902261223747175, 6.900395364270904 ], [ 79.902140171420854, 6.900909875184063 ], [ 79.902139974871076, 6.902334535099858 ] ] } },
{ "type": "Feature", "properties": { "NAME": "Kelani Ganga", "CODE": 1 }, "geometry": { "type": "LineString", "coordinates": [ [ 80.094896297765445, 6.90204755238474 ], [ 80.095470020502773, 6.900906806609808 ], [ 80.09547759875241, 6.900449006688918 ], [ 80.095077077276457, 6.899359019193163 ], [ 80.094737128775634, 6.899127936224899 ], [ 80.093309685522129, 6.898546722667425 ], [ 80.091595122538934, 6.898421210940664 ], [ 80.089941015130208, 6.897895902064771 ], [ 80.087539314320836, 6.897880738165632 ], [ 80.086685805418142, 6.89770373777155 ] ] } },
{ "type": "Feature", "properties": { "NAME": "Kelani Ganga", "CODE": 1 }, "geometry": { "type": "LineString", "coordinates": [ [ 80.068909790046149, 6.896470924673691 ], [ 80.068574450556241, 6.896960879197075 ], [ 80.067932983222235, 6.900276640762558 ], [ 80.067177972141579, 6.902389780057925 ], [ 80.066664559025554, 6.903244868027756 ], [ 80.064074474042897, 6.906720229328034 ], [ 80.062443186424744, 6.908349238818684 ] ] } },
{ "type": "Feature", "properties": { "NAME": "Kelani Ganga", "CODE": 1 }, "geometry": { "type": "LineString", "coordinates": [ [ 80.038666101183452, 6.895099652090522 ], [ 80.037110430714378, 6.897093094210633 ], [ 80.035335777360913, 6.898685047460048 ], [ 80.034822244847902, 6.899311334546417 ], [ 80.032692588426315, 6.902504054758038 ], [ 80.030457044611268, 6.90466526612228 ], [ 80.028969236267272, 6.905171481320688 ], [ 80.027254736119275, 6.905332995617365 ], [ 80.024679362655533, 6.905202789542698 ], [ 80.022171874905226, 6.905244917891613 ], [ 80.020910584429558, 6.905523691533838 ], [ 80.018614621493143, 6.906285760821812 ] ] } },
{ "type": "Feature", "properties": { "NAME": "Kelani Ganga", "CODE": 1 }, "geometry": { "type": "LineString", "coordinates": [ [ 80.086685805418142, 6.89770373777155 ], [ 80.084518012628436, 6.896832055452105 ], [ 80.083891084420188, 6.896369951859384 ], [ 80.083324487011652, 6.895450831403605 ], [ 80.082810831798326, 6.894932370215368 ], [ 80.082410492723568, 6.89481550328476 ] ] } },
{ "type": "Feature", "properties": { "NAME": "Kelani Ganga", "CODE": 1 }, "geometry": { "type": "LineString", "coordinates": [ [ 80.077259940011871, 6.896672059297066 ], [ 80.078407904735442, 6.896507418537691 ], [ 80.079729409412849, 6.895142124894177 ], [ 80.080129609298467, 6.894915778130862 ], [ 80.082410492723568, 6.89481550328476 ] ] } },
{ "type": "Feature", "properties": { "NAME": "Kelani Ganga", "CODE": 1 }, "geometry": { "type": "LineString", "coordinates": [ [ 79.888688276893674, 6.906086017084557 ], [ 79.886649874563545, 6.903153098655125 ], [ 79.884996350004357, 6.901482491826832 ], [ 79.884430017720021, 6.900562612922664 ], [ 79.882044077035317, 6.898714867733676 ], [ 79.88078291779297, 6.89842046370855 ], [ 79.876561273347903, 6.898105678323381 ], [ 79.876047856293667, 6.897930784378818 ], [ 79.875587184540763, 6.897527095371907 ], [ 79.874960371952952, 6.897465445231884 ], [ 79.873306555248675, 6.89699649522677 ], [ 79.872679821908974, 6.896706090254518 ], [ 79.871199874235515, 6.895550922231379 ], [ 79.870293943837808, 6.894114391222977 ] ] } },
{ "type": "Feature", "properties": { "NAME": "Kelani Ganga", "CODE": 1 }, "geometry": { "type": "LineString", "coordinates": [ [ 79.948726357212976, 6.940115911359253 ], [ 79.948764348306582, 6.938596211063709 ], [ 79.948485025360895, 6.937564416399421 ], [ 79.948432191228704, 6.936476355284628 ], [ 79.947707606203565, 6.933723666076189 ], [ 79.947889305962519, 6.930347884564397 ], [ 79.948757988133949, 6.928979678111165 ], [ 79.95139409519048, 6.927222570662132 ], [ 79.952021136592606, 6.926368111512406 ], [ 79.952429060526626, 6.92539783578926 ], [ 79.952376245328566, 6.924825076383095 ], [ 79.953237644506203, 6.92254083082612 ], [ 79.953479575025455, 6.919794754735871 ], [ 79.954053594652038, 6.919340630050317 ], [ 79.955828608323884, 6.918550869545266 ], [ 79.956516037478266, 6.917925968704467 ], [ 79.95698427766682, 6.916898565582835 ], [ 79.958585624770663, 6.915249138432198 ], [ 79.958993529656226, 6.914564976802081 ], [ 79.959227802277454, 6.913421450256236 ], [ 79.958669131835478, 6.910155305361642 ], [ 79.958782547265287, 6.909526169803548 ], [ 79.959130026455554, 6.908784255764544 ], [ 79.959817446237324, 6.907987673980739 ], [ 79.960852183315581, 6.90753630109995 ], [ 79.961599975297133, 6.906739536248537 ], [ 79.962755734778881, 6.904171193846049 ], [ 79.963511237331602, 6.901199618338085 ], [ 79.963458485270863, 6.899539165974343 ], [ 79.963632238214885, 6.898968061290539 ], [ 79.964553772301599, 6.897886449189246 ], [ 79.964840752818517, 6.897373183805082 ], [ 79.964674844134436, 6.895483216967426 ], [ 79.964909020520395, 6.894797905396106 ], [ 79.965656675924905, 6.893772231636063 ], [ 79.965770004243709, 6.893143657525235 ] ] } },
{ "type": "Feature", "properties": { "NAME": "Kelani Ganga", "CODE": 1 }, "geometry": { "type": "LineString", "coordinates": [ [ 80.077259940011871, 6.896672059297066 ], [ 80.076059047643938, 6.896721743976118 ], [ 80.075552996775983, 6.896374965055919 ], [ 80.075379227304012, 6.896030507228894 ], [ 80.074639012681658, 6.895739622942139 ], [ 80.074238804239371, 6.895679834281133 ], [ 80.073037990278749, 6.896015783396378 ], [ 80.072697962604053, 6.895269792459414 ], [ 80.072697864701098, 6.894468344609566 ], [ 80.072365372677424, 6.893550262447541 ], [ 80.072017946443978, 6.893319295077126 ], [ 80.07065086302751, 6.893024519337885 ] ] } },
{ "type": "Feature", "properties": { "NAME": "Kelani Ganga", "CODE": 1 }, "geometry": { "type": "LineString", "coordinates": [ [ 80.068909790046149, 6.896470924673691 ], [ 80.069896058880573, 6.896167876299744 ], [ 80.070756907540499, 6.895143169484458 ], [ 80.070870131706641, 6.894685809798191 ], [ 80.07065086302751, 6.893024519337885 ] ] } },
{ "type": "Feature", "properties": { "NAME": "Kelani Ganga", "CODE": 1 }, "geometry": { "type": "LineString", "coordinates": [ [ 80.018425363290703, 6.891879356557316 ], [ 80.017700358515071, 6.893313652134023 ], [ 80.017073546263006, 6.894168217261307 ], [ 80.017066017537374, 6.895083811615637 ], [ 80.018478416075709, 6.899156109873907 ], [ 80.018357610953956, 6.900128468338397 ], [ 80.017670424617435, 6.901154331411322 ], [ 80.017496682105602, 6.901668378751506 ], [ 80.017549599397796, 6.902584351062976 ], [ 80.018342679216332, 6.903848377701329 ], [ 80.018629723338748, 6.905051694520959 ], [ 80.018614621493143, 6.906285760821812 ] ] } },
{ "type": "Feature", "properties": { "NAME": "Kelani Ganga", "CODE": 1 }, "geometry": { "type": "LineString", "coordinates": [ [ 79.905628564878683, 6.905337149229153 ], [ 79.907902227815242, 6.903524097754937 ], [ 79.909216480560275, 6.902902947643049 ], [ 79.909624344749261, 6.902505095786161 ], [ 79.910372374392168, 6.900792838284752 ], [ 79.911014779708466, 6.898335488338782 ], [ 79.911528604366708, 6.897079890063835 ], [ 79.913258543819765, 6.894172211658523 ], [ 79.915381151658039, 6.892182790100733 ], [ 79.915955318735982, 6.891328002046492 ], [ 79.91624252226228, 6.890596614115284 ] ] } },
{ "type": "Feature", "properties": { "NAME": null, "CODE": 9 }, "geometry": { "type": "LineString", "coordinates": [ [ 79.901989988887181, 6.897474478722866 ], [ 79.902273987198711, 6.897002652453436 ], [ 79.902336383311891, 6.896087750478629 ], [ 79.902162531492067, 6.895628371889744 ], [ 79.901821627505527, 6.895168123828073 ], [ 79.900911417731592, 6.894588575402024 ], [ 79.900229510489467, 6.893724877477614 ], [ 79.899154695360835, 6.891770949196469 ], [ 79.898192763280733, 6.890332663418697 ], [ 79.897562526107691, 6.89032811994443 ], [ 79.897106379541086, 6.890610578136949 ], [ 79.896422770613157, 6.890719958995997 ], [ 79.8954512881337, 6.890369184537487 ], [ 79.894711151700648, 6.8902708997455 ] ] } },
{ "type": "Feature", "properties": { "NAME": null, "CODE": 9 }, "geometry": { "type": "LineString", "coordinates": [ [ 79.894711151700648, 6.8902708997455 ], [ 79.894023520067478, 6.890415169167679 ], [ 79.893961670363709, 6.890987151145405 ], [ 79.89436248324111, 6.891963374570612 ], [ 79.894756573783567, 6.892366924659695 ], [ 79.896296417546509, 6.893351453436712 ], [ 79.898335535097118, 6.895370027084463 ], [ 79.898798483122349, 6.89554537066861 ], [ 79.900443868371241, 6.896931495346545 ], [ 79.900898974682846, 6.89722127040634 ], [ 79.901989988887181, 6.897474478722866 ] ] } },
{ "type": "Feature", "properties": { "NAME": "Kelani Ganga", "CODE": 1 }, "geometry": { "type": "LineString", "coordinates": [ [ 80.086685805418142, 6.89770373777155 ], [ 80.086685767577904, 6.897188842873303 ], [ 80.08737290660595, 6.896735268216645 ], [ 80.088120587679995, 6.896510825442617 ], [ 80.090348565290739, 6.896581833761754 ], [ 80.091889268145266, 6.896362896187147 ], [ 80.093316767925359, 6.896600331529154 ], [ 80.093777471174974, 6.896431426410875 ], [ 80.095438811113141, 6.895297168244676 ], [ 80.096866240536528, 6.895134432118581 ], [ 80.097326891340742, 6.894850929199686 ], [ 80.097727013449656, 6.894224264728134 ], [ 80.097734247164226, 6.892507059767523 ], [ 80.098088878400404, 6.890849266503689 ], [ 80.099243930433218, 6.888452612578906 ] ] } },
{ "type": "Feature", "properties": { "NAME": "Kelani Ganga", "CODE": 1 }, "geometry": { "type": "LineString", "coordinates": [ [ 80.077259940011871, 6.896672059297066 ], [ 80.077206972443946, 6.896099297065098 ], [ 80.077327755230371, 6.895642228865905 ], [ 80.077214391749152, 6.894839909067665 ], [ 80.077501222992765, 6.894155025434359 ], [ 80.078301805451815, 6.894160003443788 ], [ 80.078755066238827, 6.89473518356621 ], [ 80.079442274720122, 6.894625260330526 ], [ 80.079328870592832, 6.89399461909573 ], [ 80.079049393027134, 6.893706952709331 ], [ 80.079109785202192, 6.893306598471266 ], [ 80.079562835520647, 6.892565293177982 ], [ 80.079109516747494, 6.891933170230618 ], [ 80.079117027032979, 6.891532315380841 ], [ 80.079577627954365, 6.890848105667572 ], [ 80.080430984123808, 6.890338685570002 ], [ 80.080725431201088, 6.889710753757139 ], [ 80.08055167232871, 6.88930878882128 ], [ 80.080498653726906, 6.88862199792549 ], [ 80.080732665432009, 6.887936611074224 ], [ 80.081132917567459, 6.887767206436115 ], [ 80.081533262104685, 6.887827130266905 ], [ 80.081639011024052, 6.888228572828617 ], [ 80.081465420692965, 6.889372139655049 ], [ 80.082379521927422, 6.890121497245147 ], [ 80.082432448423063, 6.890580231018485 ], [ 80.082258872989001, 6.890979857540644 ], [ 80.08128465490131, 6.892346933960967 ], [ 80.081337732488507, 6.893091374985486 ], [ 80.082191297786707, 6.89395538098763 ], [ 80.082410492723568, 6.89481550328476 ] ] } },
{ "type": "Feature", "properties": { "NAME": "Kelani Ganga", "CODE": 1 }, "geometry": { "type": "LineString", "coordinates": [ [ 79.894711151700648, 6.8902708997455 ], [ 79.893918679263848, 6.888147364257181 ], [ 79.892967976691594, 6.884191814294395 ], [ 79.892681168073665, 6.883617354916229 ], [ 79.892567981577628, 6.883044203601503 ] ] } },
{ "type": "Feature", "properties": { "NAME": "Kelani Ganga", "CODE": 1 }, "geometry": { "type": "LineString", "coordinates": [ [ 79.87220757447939, 6.883542132679461 ], [ 79.873136325496333, 6.884116394743085 ], [ 79.87530325561039, 6.886134159982433 ], [ 79.877183347141326, 6.887348839797705 ], [ 79.87848978652174, 6.887758204874123 ], [ 79.879524454000233, 6.887765223531662 ], [ 79.88117843769156, 6.88726120838151 ], [ 79.882266096158247, 6.886638860958857 ], [ 79.885710669127505, 6.883628090368244 ], [ 79.88674543578631, 6.883119938807642 ], [ 79.888973248842646, 6.882905616176694 ], [ 79.89165420361067, 6.88292383727213 ], [ 79.892567981577628, 6.883044203601503 ] ] } },
{ "type": "Feature", "properties": { "NAME": "Kelani Ganga", "CODE": 1 }, "geometry": { "type": "LineString", "coordinates": [ [ 80.07065086302751, 6.893024519337885 ], [ 80.070597943422598, 6.892280220303741 ], [ 80.070711153193798, 6.891880227889584 ], [ 80.071519017171795, 6.890340264871249 ], [ 80.071813359998828, 6.888682128784527 ], [ 80.072220979622188, 6.887539616658177 ], [ 80.072681598207524, 6.886798329304409 ], [ 80.072568166654889, 6.885710302400041 ], [ 80.072809410484169, 6.883422317354915 ], [ 80.072295768212101, 6.882332009899332 ], [ 80.071940780916421, 6.882007350884281 ] ] } },
{ "type": "Feature", "properties": { "NAME": "Kelani Ganga", "CODE": 1 }, "geometry": { "type": "LineString", "coordinates": [ [ 80.071940780916421, 6.882007350884281 ], [ 80.071034667198347, 6.883354017072095 ], [ 80.070226897237774, 6.885753078444808 ], [ 80.070106229477915, 6.886610868550288 ], [ 80.070098980155151, 6.889186454709169 ], [ 80.069230820832075, 6.891870847425754 ], [ 80.069102689292194, 6.893473129475892 ], [ 80.068815808608804, 6.894615815126146 ], [ 80.068755594444454, 6.895417032246663 ], [ 80.068909790046149, 6.896470924673691 ] ] } },
{ "type": "Feature", "properties": { "NAME": "Kelani Ganga", "CODE": 1 }, "geometry": { "type": "LineString", "coordinates": [ [ 79.85590880148176, 6.879976081107733 ], [ 79.859785429889541, 6.880420364760977 ], [ 79.864467421336201, 6.881310643429377 ], [ 79.866294949281297, 6.881437170446659 ], [ 79.867948708395843, 6.881791690495849 ], [ 79.87220757447939, 6.883542132679461 ] ] } },
{ "type": "Feature", "properties": { "NAME": "Kelani Ganga", "CODE": 1 }, "geometry": { "type": "LineString", "coordinates": [ [ 79.91624252226228, 6.890596614115284 ], [ 79.916929579521295, 6.891047864641779 ], [ 79.91778278576885, 6.892084226823158 ], [ 79.920237307713549, 6.892615492973006 ], [ 79.920750756846232, 6.893019519679264 ], [ 79.921490706061348, 6.893825930683442 ], [ 79.92217006717685, 6.895547394639014 ], [ 79.923023378674628, 6.896297205416186 ], [ 79.925757151437708, 6.897403303538427 ], [ 79.926957832012178, 6.898097912571433 ], [ 79.928437914380183, 6.899309443200093 ], [ 79.92963115090545, 6.899660970797274 ], [ 79.932546367085592, 6.899966214974041 ], [ 79.933225990577512, 6.900199838877531 ], [ 79.934827006570416, 6.901240598464222 ], [ 79.935453781901586, 6.901416761267893 ], [ 79.93654131740648, 6.90153820131667 ], [ 79.937734621629843, 6.901374267518547 ], [ 79.938255813921046, 6.901205907309794 ], [ 79.939743735532161, 6.900300120776914 ], [ 79.941292188810735, 6.898936356786358 ], [ 79.94272724686266, 6.897972677824279 ], [ 79.943814840371161, 6.897407125365286 ], [ 79.945015842672873, 6.896385242828225 ], [ 79.946337660370716, 6.895649263750647 ], [ 79.94805198976492, 6.895031232458109 ], [ 79.948512797621973, 6.89457620938298 ], [ 79.948633794455887, 6.892917049513421 ], [ 79.948920858059793, 6.892403795376164 ], [ 79.950703329273082, 6.890755546348336 ], [ 79.951216856412088, 6.890472566516586 ], [ 79.953157917131605, 6.890370913023945 ], [ 79.953731859884414, 6.890145399591379 ], [ 79.954305883858652, 6.889748353155434 ], [ 79.955393478340866, 6.889412375126341 ], [ 79.957394963877732, 6.887994499761008 ], [ 79.957855715654873, 6.887024161482953 ], [ 79.958263582924545, 6.886511670832629 ], [ 79.959751478222259, 6.885491220984141 ], [ 79.960552138501299, 6.885095680839405 ], [ 79.963648675152683, 6.882539799548318 ], [ 79.965552028504163, 6.879461352562591 ] ] } },
{ "type": "Feature", "properties": { "NAME": "Kelani Ganga", "CODE": 1 }, "geometry": { "type": "LineString", "coordinates": [ [ 80.072053407910644, 6.877848943900505 ], [ 80.071736487018399, 6.879580806684337 ], [ 80.072016194752095, 6.881586107509202 ], [ 80.071940780916421, 6.882007350884281 ] ] } },
{ "type": "Feature", "properties": { "NAME": "Kelani Ganga", "CODE": 1 }, "geometry": { "type": "LineString", "coordinates": [ [ 79.892567981577628, 6.883044203601503 ], [ 79.892349244291466, 6.881897773694807 ], [ 79.891669941020368, 6.880405318112944 ], [ 79.89155672187529, 6.87988910776183 ], [ 79.891232878240444, 6.876510054555874 ] ] } },
{ "type": "Feature", "properties": { "NAME": "Kelani Ganga", "CODE": 1 }, "geometry": { "type": "LineString", "coordinates": [ [ 80.07250634117716, 6.874958768126531 ], [ 80.072498660775153, 6.875521692401108 ], [ 80.072030665767258, 6.877350831544638 ], [ 80.072053407910644, 6.877848943900505 ] ] } },
{ "type": "Feature", "properties": { "NAME": "Kelani Ganga", "CODE": 1 }, "geometry": { "type": "LineString", "coordinates": [ [ 80.072053407910644, 6.877848943900505 ], [ 80.072778332225539, 6.877698671501938 ], [ 80.073518570463989, 6.877760368918514 ], [ 80.074379491523302, 6.877479731968434 ], [ 80.07569340478328, 6.8763430553382 ], [ 80.076501334454775, 6.875260888184135 ], [ 80.07690154306529, 6.874919948809445 ], [ 80.077588760188604, 6.874638064239432 ], [ 80.080277291669091, 6.874311453929813 ], [ 80.081478129231357, 6.873917971645644 ], [ 80.082452199103457, 6.873408859634496 ], [ 80.083252544619015, 6.872326668053048 ], [ 80.083546806508764, 6.870783253422082 ], [ 80.084241325550863, 6.869299475724588 ], [ 80.086936973505146, 6.866397085609583 ], [ 80.087737398564244, 6.865886864849795 ], [ 80.089345753548329, 6.865152843790948 ] ] } },
{ "type": "Feature", "properties": { "NAME": "Kelani Ganga", "CODE": 1 }, "geometry": { "type": "LineString", "coordinates": [ [ 79.91624252226228, 6.890596614115284 ], [ 79.917572044208129, 6.888133130846263 ], [ 79.918606963069564, 6.886937936400826 ], [ 79.920668877686893, 6.885692147796391 ], [ 79.922043423706427, 6.885357888250727 ], [ 79.923991997688645, 6.884512027090792 ], [ 79.925079710529829, 6.883431640031197 ], [ 79.926688718230508, 6.880752154309849 ], [ 79.927383624490858, 6.879841043459368 ], [ 79.92887932724777, 6.877217158432426 ], [ 79.929922071986738, 6.874076180674213 ], [ 79.93027733711294, 6.871445054080544 ], [ 79.930851346536485, 6.870246895276773 ], [ 79.931599217090124, 6.869393233631375 ], [ 79.932460202308164, 6.868655064889677 ], [ 79.934756372040766, 6.865979850134885 ], [ 79.936078212644375, 6.864213851939367 ], [ 79.93652391975219, 6.863081020484423 ] ] } },
{ "type": "Feature", "properties": { "NAME": "Kelani Ganga", "CODE": 1 }, "geometry": { "type": "LineString", "coordinates": [ [ 79.992876048894701, 6.858823030092284 ], [ 79.99361606721088, 6.858770254821686 ], [ 79.995164259567588, 6.859008444779857 ], [ 79.999838877245907, 6.859952500180843 ], [ 80.003494018279582, 6.86180624689205 ], [ 80.004000046224363, 6.862152669315415 ], [ 80.005140384316434, 6.863304509328779 ], [ 80.00570683951139, 6.865253759461804 ], [ 80.005699199340469, 6.866627295994523 ], [ 80.006144873996277, 6.868690379735957 ], [ 80.006144910284689, 6.869949619162251 ], [ 80.007096455121854, 6.874591051356091 ], [ 80.009974026281498, 6.882563946663497 ], [ 80.010593402656681, 6.885086096889015 ], [ 80.01110697872933, 6.88634855596634 ], [ 80.012126577194124, 6.888071458589127 ], [ 80.012979986047668, 6.889164334460147 ], [ 80.014460231658475, 6.889745717897314 ], [ 80.015487438526534, 6.889980626095848 ], [ 80.016627824841009, 6.890845896857848 ], [ 80.018425363290703, 6.891879356557316 ] ] } },
{ "type": "Feature", "properties": { "NAME": "Kelani Ganga", "CODE": 1 }, "geometry": { "type": "LineString", "coordinates": [ [ 80.179450842903719, 6.856784956492735 ], [ 80.179085294103558, 6.856430856495292 ], [ 80.177597614016449, 6.85676503450372 ], [ 80.176797148438013, 6.856703142295009 ], [ 80.175656507697539, 6.856295625884048 ], [ 80.173655239972774, 6.856340615181223 ], [ 80.172854638166569, 6.85604952461892 ] ] } },
{ "type": "Feature", "properties": { "NAME": "Kelani Ganga", "CODE": 1 }, "geometry": { "type": "LineString", "coordinates": [ [ 80.172854638166569, 6.85604952461892 ], [ 80.171880884729831, 6.857302928864365 ], [ 80.169472178026439, 6.858662063329976 ], [ 80.168498613127468, 6.860316191469563 ], [ 80.166837618420502, 6.861622413806256 ], [ 80.165629431374839, 6.862302246140219 ], [ 80.164262614339108, 6.862637239537372 ], [ 80.162601084528362, 6.86256999298177 ], [ 80.162087556244984, 6.862681110338725 ], [ 80.15899928115978, 6.864036073132287 ], [ 80.157224480143938, 6.86431131897872 ], [ 80.156310681253501, 6.864306049737229 ], [ 80.155223133477762, 6.863955921310822 ], [ 80.154022371175245, 6.864235001194208 ], [ 80.152995368933787, 6.864629321420273 ], [ 80.151341337975339, 6.864447449700173 ], [ 80.150654173287819, 6.864671936039857 ], [ 80.148132131068522, 6.865916212379224 ], [ 80.1466373166257, 6.867566783662367 ], [ 80.145482730486904, 6.870421396936651 ], [ 80.143814396199843, 6.873101391156945 ], [ 80.141405991153974, 6.875833957174337 ], [ 80.140258383462211, 6.876628676226139 ], [ 80.136316264192416, 6.877691554462406 ], [ 80.134994824457436, 6.87825599119145 ], [ 80.134707975878442, 6.87859769881744 ], [ 80.134134226754796, 6.879796154691769 ], [ 80.132873431984933, 6.881104896522672 ], [ 80.132012510635249, 6.881557321677458 ], [ 80.130577663959471, 6.882063942373673 ], [ 80.129263908359079, 6.883314810199012 ], [ 80.127602623708384, 6.884335168498398 ], [ 80.127142094913921, 6.885019008009655 ], [ 80.126621264543374, 6.886274750170926 ], [ 80.12569304351824, 6.888959336978145 ], [ 80.125406046674328, 6.889244093385523 ], [ 80.124658789518065, 6.890842038374919 ], [ 80.124424993611342, 6.891985266253884 ], [ 80.124183873891013, 6.894616518715249 ], [ 80.123496859644263, 6.895470878096069 ], [ 80.122175406013795, 6.896206811712871 ], [ 80.121374977637828, 6.897117533264342 ], [ 80.120914578536542, 6.898259601547796 ], [ 80.121020701630044, 6.899862939524789 ], [ 80.120673485204506, 6.900490545796596 ], [ 80.120325967212437, 6.900717423711261 ], [ 80.11952549339523, 6.900826403254026 ], [ 80.118158448523005, 6.900818033078459 ], [ 80.116210095080021, 6.901436092236271 ], [ 80.114842954908042, 6.901598826723433 ], [ 80.113808358838355, 6.901935956286232 ], [ 80.112894759966593, 6.903017901907461 ], [ 80.111105349038013, 6.905811613029802 ], [ 80.110705133992354, 6.906152580475478 ], [ 80.110078306735389, 6.906606555689528 ], [ 80.108870021822952, 6.907171207548351 ], [ 80.107782455996926, 6.907507824877857 ], [ 80.106710032697862, 6.90763208700662 ] ] } },
{ "type": "Feature", "properties": { "NAME": "Kelani Ganga", "CODE": 1 }, "geometry": { "type": "LineString", "coordinates": [ [ 79.93652391975219, 6.863081020484423 ], [ 79.937294267711607, 6.86193208019806 ], [ 79.937747484679178, 6.861477192417926 ], [ 79.938955972889488, 6.859309991418022 ], [ 79.940625261395738, 6.857603781268907 ], [ 79.94188650216681, 6.8560664128386 ], [ 79.94332927547643, 6.852927773890531 ] ] } },
{ "type": "Feature", "properties": { "NAME": "Kelani Ganga", "CODE": 1 }, "geometry": { "type": "LineString", "coordinates": [ [ 80.17751895734213, 6.848465136946747 ], [ 80.176945354218674, 6.849377804206954 ], [ 80.175911114388214, 6.850401669679909 ], [ 80.175156942882282, 6.85302994056731 ], [ 80.174235940410085, 6.854169102998479 ], [ 80.173602020105449, 6.85525308916489 ], [ 80.172854638166569, 6.85604952461892 ] ] } },
{ "type": "Feature", "properties": { "NAME": "Labugama Reservoir", "CODE": 3 }, "geometry": { "type": "LineString", "coordinates": [ [ 80.17751895734213, 6.848465136946747 ], [ 80.178168029161185, 6.84837677709957 ] ] } },
{ "type": "Feature", "properties": { "NAME": "Kelani Ganga", "CODE": 1 }, "geometry": { "type": "LineString", "coordinates": [ [ 80.040965603318369, 6.848124088068015 ], [ 80.037869690064511, 6.851081406076975 ], [ 80.03729579721174, 6.851879287787444 ], [ 80.036721975288643, 6.852906495538403 ], [ 80.036193530641057, 6.855135370745963 ], [ 80.035098703211489, 6.858047541167714 ], [ 80.034177453375023, 6.859186825590524 ], [ 80.033376992211558, 6.859697093698824 ], [ 80.032176270681404, 6.860204906823662 ], [ 80.031315381354631, 6.86111551620033 ], [ 80.030394133814696, 6.862426468556623 ], [ 80.02942010531406, 6.86453793034603 ], [ 80.028498826845563, 6.865906385784941 ], [ 80.027751190515431, 6.866531458190496 ], [ 80.024201778368578, 6.867997976995229 ], [ 80.023401396524491, 6.86862267677125 ], [ 80.023053930178691, 6.86907852547949 ], [ 80.021906181750396, 6.871761667580197 ], [ 80.021317197953522, 6.874620042126324 ], [ 80.021430549934649, 6.87559347696056 ], [ 80.022284050471782, 6.877487352498557 ], [ 80.022616373140096, 6.878805613357864 ], [ 80.022669301664095, 6.879722151940802 ], [ 80.022495589196097, 6.880407314293461 ], [ 80.023062093734595, 6.881612620987081 ], [ 80.023288689088758, 6.882415262849301 ], [ 80.023288640781018, 6.882987659051875 ], [ 80.023054707169464, 6.883845110222812 ], [ 80.022707260947158, 6.884415125592947 ], [ 80.022420303893227, 6.885272069277444 ], [ 80.021385667209572, 6.886124448871503 ], [ 80.021159113131546, 6.886466457012714 ], [ 80.020864690110784, 6.888696374564816 ], [ 80.020577707100855, 6.889610541773328 ], [ 80.020003773409812, 6.890293942636408 ], [ 80.019029515455571, 6.89108946748511 ], [ 80.018425363290703, 6.891879356557316 ] ] } },
{ "type": "Feature", "properties": { "NAME": "Kelani Ganga", "CODE": 1 }, "geometry": { "type": "LineString", "coordinates": [ [ 79.93652391975219, 6.863081020484423 ], [ 79.93922749328452, 6.862975226998155 ], [ 79.942542668205022, 6.863455012797077 ], [ 79.943796288323412, 6.863348522139193 ], [ 79.945457708923072, 6.863130824992747 ], [ 79.946598079384273, 6.862737444014194 ], [ 79.94831996043591, 6.861890229273252 ], [ 79.949520857116852, 6.860867756983132 ], [ 79.950903099242367, 6.859045012213178 ], [ 79.955139734766448, 6.856783033468816 ], [ 79.955600468350823, 6.856385504895875 ], [ 79.955827031935272, 6.855928940383852 ], [ 79.9576622614549, 6.854624223437637 ], [ 79.958349506397681, 6.853713042290277 ], [ 79.959799688700485, 6.850516845315053 ], [ 79.961121343321082, 6.848865634251459 ], [ 79.962435456951965, 6.847614837803881 ] ] } },
{ "type": "Feature", "properties": { "NAME": "Kelani Ganga", "CODE": 1 }, "geometry": { "type": "LineString", "coordinates": [ [ 80.053727730894778, 6.844038448428829 ], [ 80.055321245514278, 6.84507880461257 ], [ 80.055608230668597, 6.845424142184875 ], [ 80.056287943053874, 6.845886211563343 ], [ 80.058228859681989, 6.846299002767908 ], [ 80.060736239097395, 6.847516897549396 ], [ 80.061476373386199, 6.848380055973199 ], [ 80.061862003610997, 6.851816732092273 ], [ 80.061794342946172, 6.853590498275309 ], [ 80.061960557120287, 6.854965016738206 ], [ 80.06378097309198, 6.857781247383693 ], [ 80.064120863062655, 6.858069715631399 ], [ 80.064747755572526, 6.858989223548021 ], [ 80.066220732827176, 6.861860466148405 ], [ 80.06779976807033, 6.865933891806796 ], [ 80.068245706098892, 6.868340585353818 ], [ 80.068351637518404, 6.869714873381908 ], [ 80.068638693621907, 6.870460787985258 ], [ 80.069318541284161, 6.871152030482827 ], [ 80.069771837904227, 6.872356562242425 ], [ 80.070277921841111, 6.873047125228072 ], [ 80.07250634117716, 6.874958768126531 ] ] } },
{ "type": "Feature", "properties": { "NAME": "Kelani Ganga", "CODE": 1 }, "geometry": { "type": "LineString", "coordinates": [ [ 80.086283265719516, 6.843585170371379 ], [ 80.085203661399234, 6.84532331187335 ], [ 80.084108838755768, 6.846575640377802 ], [ 80.083014165305528, 6.848114238828831 ], [ 80.081753421502853, 6.850395972233445 ], [ 80.080530651222531, 6.854280232379099 ], [ 80.080470515907706, 6.855882481237324 ], [ 80.080969404289988, 6.858575800788594 ], [ 80.080916620525045, 6.859147846141687 ], [ 80.080509064380934, 6.860232721385199 ], [ 80.08027510471328, 6.861433005206168 ], [ 80.080494462197905, 6.863494879116755 ], [ 80.080540324015431, 6.866643377576369 ], [ 80.080245941166197, 6.867385481199316 ], [ 80.07858460268821, 6.868520117732604 ], [ 80.077724004769863, 6.870346013295104 ], [ 80.076976371442797, 6.870856574591914 ], [ 80.075375429926893, 6.871475967366227 ], [ 80.074401339714214, 6.872385789006439 ], [ 80.073480112793277, 6.873353052754445 ], [ 80.07250634117716, 6.874958768126531 ] ] } },
{ "type": "Feature", "properties": { "NAME": "Kelani Ganga", "CODE": 1 }, "geometry": { "type": "LineString", "coordinates": [ [ 79.892600190438884, 6.840400147405645 ], [ 79.893053153348035, 6.840517541530198 ], [ 79.894185531282417, 6.842357127443192 ], [ 79.895891787697707, 6.844028204777311 ], [ 79.897266044050255, 6.844838762046481 ], [ 79.898919683460903, 6.845250527625191 ], [ 79.900860374983239, 6.845320736005231 ], [ 79.903314635725053, 6.845108146520439 ], [ 79.906055828748237, 6.845126086966189 ], [ 79.907203660037865, 6.845248109907212 ], [ 79.908396738626621, 6.845484941999908 ], [ 79.912164716567361, 6.846712188230567 ], [ 79.913818444507797, 6.847009456906494 ], [ 79.918394670871876, 6.846867545354889 ], [ 79.9219892433604, 6.846605169014094 ] ] } },
{ "type": "Feature", "properties": { "NAME": "Kelani Ganga", "CODE": 1 }, "geometry": { "type": "LineString", "coordinates": [ [ 79.892600190438884, 6.840400147405645 ], [ 79.890530498513129, 6.842847658410193 ], [ 79.890069803024303, 6.843245543788349 ], [ 79.889208772559201, 6.84369751613547 ], [ 79.888068523315127, 6.843918807434034 ], [ 79.885780454155707, 6.843788989561819 ], [ 79.88263905580105, 6.843882381672478 ], [ 79.880358446967293, 6.844153823589755 ], [ 79.879784433438729, 6.844435769068552 ], [ 79.879323621866689, 6.845005313303145 ], [ 79.879202708862366, 6.845519677195037 ], [ 79.87936838933841, 6.847352551765335 ], [ 79.878544025273442, 6.852670409140392 ], [ 79.878407062648449, 6.856790672927392 ], [ 79.878520013081697, 6.85782161307172 ], [ 79.8783990571429, 6.858507646474695 ], [ 79.877764320101761, 6.860106603917865 ], [ 79.876623883311566, 6.860670920310315 ], [ 79.872900700850508, 6.861276040395559 ], [ 79.870098878495099, 6.861886677445105 ], [ 79.868958430275811, 6.862451115141691 ], [ 79.868497769337623, 6.862848974895362 ], [ 79.867923490284426, 6.863818429729124 ], [ 79.867515359933691, 6.864960149417284 ], [ 79.867280874209214, 6.866160690963588 ], [ 79.867393941323371, 6.867191630771764 ], [ 79.867733695054312, 6.867708977066349 ], [ 79.869553137102386, 6.869324407786428 ], [ 79.871546464931257, 6.870654042778535 ], [ 79.873479427812427, 6.872212733927055 ], [ 79.874158746522554, 6.873132972914154 ], [ 79.874724885275455, 6.874281751745723 ], [ 79.874837790559084, 6.875369773603145 ], [ 79.874603195779301, 6.877085613152897 ], [ 79.874081924084692, 6.878169479080678 ], [ 79.873447336040954, 6.879023955240249 ], [ 79.872986399336611, 6.879936686221974 ], [ 79.87220757447939, 6.883542132679461 ] ] } },
{ "type": "Feature", "properties": { "NAME": "Kalatuwawa Reservoir", "CODE": 3 }, "geometry": { "type": "LineString", "coordinates": [ [ 80.194834115694519, 6.851430939964391 ], [ 80.193952046363307, 6.851610212019627 ], [ 80.193154829482665, 6.851554427515503 ], [ 80.192296743571873, 6.851441764740024 ], [ 80.191947651071288, 6.851213422902179 ], [ 80.191660047890323, 6.850412032448993 ], [ 80.192392843510476, 6.847376609313966 ], [ 80.192386106359336, 6.846632361157534 ], [ 80.192219539988997, 6.846174905718565 ], [ 80.19193138560253, 6.845831758669065 ], [ 80.191187132427615, 6.845947576702064 ], [ 80.18936903544099, 6.8485273971077 ], [ 80.188228212379641, 6.849903429105238 ], [ 80.188007654669889, 6.850247515099254 ], [ 80.187496851121651, 6.851851240960745 ], [ 80.18692657365618, 6.852482309846519 ], [ 80.185505424614107, 6.85334365227206 ], [ 80.183963097270535, 6.853861901321855 ], [ 80.182193554289213, 6.85403664337279 ], [ 80.181737648131204, 6.854209744017372 ], [ 80.181395560809889, 6.854496308406596 ], [ 80.181113635286309, 6.855298416672109 ], [ 80.180771475601574, 6.855642772985607 ], [ 80.179684974805355, 6.856045276265021 ], [ 80.179458324961615, 6.856783554180498 ] ] } },
{ "type": "Feature", "properties": { "NAME": "Kelani Ganga", "CODE": 1 }, "geometry": { "type": "LineString", "coordinates": [ [ 80.084308357652674, 6.836769309112324 ], [ 80.084311110103002, 6.837563840867612 ], [ 80.083963916172706, 6.838477553604942 ], [ 80.083790517328794, 6.83990725786971 ], [ 80.084863176623529, 6.84168803457601 ], [ 80.086283265719516, 6.843585170371379 ] ] } },
{ "type": "Feature", "properties": { "NAME": "Kelani Ganga", "CODE": 1 }, "geometry": { "type": "LineString", "coordinates": [ [ 79.929807538669024, 6.829108839591607 ], [ 79.93081180387918, 6.829662913520158 ], [ 79.933945450523524, 6.830656727268394 ], [ 79.934519261030658, 6.831118204271291 ], [ 79.936051914797616, 6.833589851414759 ], [ 79.93741092451198, 6.835315863764783 ], [ 79.937637430799995, 6.835832406482904 ], [ 79.938890818282459, 6.837042788887351 ], [ 79.940431216916835, 6.838082979977249 ], [ 79.941563826912002, 6.839407173378005 ] ] } },
{ "type": "Feature", "properties": { "NAME": "Kelani Ganga", "CODE": 1 }, "geometry": { "type": "LineString", "coordinates": [ [ 79.929807538669024, 6.829108839591607 ], [ 79.930472073968687, 6.828859484126798 ], [ 79.933213111442114, 6.828762668352474 ], [ 79.934353368470269, 6.828999199669198 ], [ 79.93538032874919, 6.829635537734303 ], [ 79.936407251392467, 6.829928527174642 ], [ 79.936920714154041, 6.829931818700877 ], [ 79.938634976297976, 6.829542408248392 ], [ 79.939895998948316, 6.829722617659868 ], [ 79.942576534699739, 6.831228496705679 ], [ 79.944970221234954, 6.832045339048412 ], [ 79.946910909539966, 6.832516069515703 ], [ 79.949425501349154, 6.8327043338881 ], [ 79.9514189552945, 6.833575850913481 ], [ 79.955118941806788, 6.835832409513568 ], [ 79.958026049278459, 6.837339867685312 ], [ 79.960019546339197, 6.838669009863944 ], [ 79.96156013127316, 6.839423580860367 ] ] } },
{ "type": "Feature", "properties": { "NAME": "Kelani Ganga", "CODE": 1 }, "geometry": { "type": "LineString", "coordinates": [ [ 80.222677872109216, 6.939852741298499 ], [ 80.222383507900233, 6.942375263777152 ], [ 80.221916154314357, 6.944547673733562 ], [ 80.221682888338563, 6.946434923136779 ], [ 80.222016132021963, 6.948325514214915 ], [ 80.221669355345384, 6.949926352537608 ], [ 80.221080665586783, 6.951115012337692 ] ] } },
{ "type": "Feature", "properties": { "NAME": "Kelani Ganga", "CODE": 1 }, "geometry": { "type": "LineString", "coordinates": [ [ 79.900992108750884, 6.820879435284773 ], [ 79.905418091981403, 6.822855481943999 ], [ 79.905931581992931, 6.822915747012822 ], [ 79.906958439844331, 6.823380467316436 ], [ 79.908506453128666, 6.82321919708047 ], [ 79.909533371332728, 6.823454733513448 ], [ 79.913354036828324, 6.824853999719699 ], [ 79.91648770543506, 6.825790412246769 ], [ 79.919115240670237, 6.827066854527705 ], [ 79.92099550711113, 6.827136583661344 ], [ 79.922475393931734, 6.828176999914893 ], [ 79.923562718592692, 6.828642218490844 ], [ 79.924702857135372, 6.828821123660687 ], [ 79.9264171492824, 6.828374674407184 ], [ 79.926990956097541, 6.828550037636117 ], [ 79.928010310338564, 6.829243883719355 ], [ 79.928584219160797, 6.829362021083015 ], [ 79.929807538669024, 6.829108839591607 ] ] } },
{ "type": "Feature", "properties": { "NAME": "Bolgoda Lake", "CODE": 9 }, "geometry": { "type": "LineString", "coordinates": [ [ 79.900992108750884, 6.820879435284773 ], [ 79.900198793870004, 6.822884373649244 ], [ 79.899801357483696, 6.824315808081051 ], [ 79.899806090767854, 6.825918793014752 ], [ 79.900674301315334, 6.828665697657919 ], [ 79.901022526647481, 6.829237435677338 ], [ 79.902167369199049, 6.830209342058136 ], [ 79.902341208508801, 6.83066688206961 ], [ 79.902058782131817, 6.831468779425715 ], [ 79.901716566829336, 6.831755129205509 ], [ 79.899657462347008, 6.832502382843649 ], [ 79.898061284866287, 6.83336293617544 ], [ 79.897210436816408, 6.833593113862205 ], [ 79.896237627656205, 6.834109611459957 ], [ 79.895842004836027, 6.834453507024948 ], [ 79.894989034533552, 6.835885659564332 ], [ 79.894353468442446, 6.836284503715065 ] ] } },
{ "type": "Feature", "properties": { "NAME": "Labugama Reservoir", "CODE": 3 }, "geometry": { "type": "LineString", "coordinates": [ [ 80.178168029161185, 6.84837677709957 ], [ 80.179871731311053, 6.846198020099775 ], [ 80.180382622613479, 6.84453693503257 ], [ 80.181342121599471, 6.842416884878201 ], [ 80.182079860295545, 6.841499466255997 ], [ 80.18276394471097, 6.840982855079445 ], [ 80.182992205784913, 6.840581694627589 ], [ 80.183107142332403, 6.839780368738267 ], [ 80.18304704854674, 6.839207597150879 ], [ 80.182758974501766, 6.838807641994503 ], [ 80.181552751165668, 6.83783683148851 ], [ 80.181553664358347, 6.837092593684191 ], [ 80.181774711223369, 6.836347636446368 ], [ 80.182345535985803, 6.835373208354016 ], [ 80.182567561371116, 6.833827209052859 ], [ 80.182963352400776, 6.833082464546062 ], [ 80.183071702281296, 6.83142187085037 ], [ 80.183239375401399, 6.830963408278039 ], [ 80.184372737027331, 6.829415693015887 ], [ 80.184547901418895, 6.828957097611499 ], [ 80.184708844124685, 6.827754810383957 ], [ 80.185729424470452, 6.82523380368109 ], [ 80.185729981220419, 6.824775984517406 ], [ 80.185088136762459, 6.821857168282424 ], [ 80.185256778264545, 6.820597662083387 ], [ 80.185196681651789, 6.82002545551044 ], [ 80.184680577213342, 6.819854558747587 ], [ 80.184284870887367, 6.82054222013511 ], [ 80.184116365893715, 6.821687694915366 ], [ 80.183887836885305, 6.822317766588558 ], [ 80.182351635180723, 6.82415254077206 ], [ 80.181278443242761, 6.826215372668251 ], [ 80.180089530189477, 6.829709875014762 ], [ 80.179813565038089, 6.831771701139569 ], [ 80.179028058011312, 6.834520900570402 ], [ 80.178919833673234, 6.836067037289497 ], [ 80.179038389278404, 6.838414071163367 ], [ 80.178312386836794, 6.842193715866551 ], [ 80.178379120675885, 6.843453082783722 ], [ 80.178264457508718, 6.844140093601095 ], [ 80.177814567670396, 6.845629427832463 ], [ 80.176734162568849, 6.847291783114846 ], [ 80.176793965943645, 6.847978867762695 ], [ 80.17751895734213, 6.848465136946747 ] ] } },
{ "type": "Feature", "properties": { "NAME": null, "CODE": 6 }, "geometry": { "type": "LineString", "coordinates": [ [ 79.873329692273984, 6.80787318522426 ], [ 79.873699986588264, 6.806319793851095 ] ] } },
{ "type": "Feature", "properties": { "NAME": "Kelani Ganga", "CODE": 1 }, "geometry": { "type": "LineString", "coordinates": [ [ 80.105070344272733, 6.802886703487691 ], [ 80.103394984866554, 6.807569912498454 ], [ 80.102534499155681, 6.808709722611641 ], [ 80.101266064023832, 6.809961440172815 ], [ 80.10051894867415, 6.811559922222086 ], [ 80.099545155601191, 6.813042221095087 ], [ 80.099311216952756, 6.813727625471715 ], [ 80.09925107541342, 6.814986526457088 ], [ 80.099757579010813, 6.817908471431964 ], [ 80.099562363984631, 6.822658004755658 ], [ 80.099102105525745, 6.824486634938073 ], [ 80.098060446924649, 6.82665540957499 ], [ 80.097433908990084, 6.827681785454527 ], [ 80.095478502792417, 6.829902826521431 ], [ 80.093983901774038, 6.832526786927647 ], [ 80.093357194373226, 6.833209937952295 ], [ 80.092209535557302, 6.834119139775203 ], [ 80.089287334098188, 6.835532952521874 ], [ 80.088199926349688, 6.835869682202632 ], [ 80.085572090048672, 6.836369255098461 ], [ 80.084308357652674, 6.836769309112324 ] ] } },
{ "type": "Feature", "properties": { "NAME": null, "CODE": 6 }, "geometry": { "type": "LineString", "coordinates": [ [ 79.874765741739523, 6.80220110743466 ], [ 79.875060096084098, 6.803019879787906 ], [ 79.874946438784477, 6.804277740598746 ], [ 79.874598859983905, 6.805363355396851 ], [ 79.873699986588264, 6.806319793851095 ] ] } },
{ "type": "Feature", "properties": { "NAME": null, "CODE": 6 }, "geometry": { "type": "LineString", "coordinates": [ [ 79.873699986588264, 6.806319793851095 ], [ 79.874259528624052, 6.803529310480904 ], [ 79.874765741739523, 6.80220110743466 ] ] } },
{ "type": "Feature", "properties": { "NAME": null, "CODE": 6 }, "geometry": { "type": "LineString", "coordinates": [ [ 79.874765741739523, 6.80220110743466 ], [ 79.875641872504502, 6.801077332708129 ] ] } },
{ "type": "Feature", "properties": { "NAME": "Kalu Ganga", "CODE": 1 }, "geometry": { "type": "LineString", "coordinates": [ [ 79.995300203622023, 6.797311638675808 ], [ 79.995632363379343, 6.798973118726576 ], [ 79.996145909715636, 6.800407259677362 ], [ 79.997678825442421, 6.802877326935573 ], [ 80.000465148140449, 6.80506919841184 ], [ 80.00263232950681, 6.806399006477055 ], [ 80.003825429766934, 6.807321595622416 ], [ 80.005245126829976, 6.808704181891082 ], [ 80.007465147239287, 6.811235648507064 ], [ 80.010818004932489, 6.815376717080234 ], [ 80.012464309721238, 6.817962085666508 ], [ 80.014858173642892, 6.820437704436551 ], [ 80.015704039860452, 6.821816258088142 ], [ 80.01678389932691, 6.823997888870789 ], [ 80.017810956083864, 6.824919766752937 ], [ 80.018777532142806, 6.825554996672064 ], [ 80.02088444331838, 6.826598232628437 ], [ 80.025105706697047, 6.827825317461785 ], [ 80.025853347735676, 6.827887091343794 ] ] } },
{ "type": "Feature", "properties": { "NAME": "Kalu Ganga", "CODE": 1 }, "geometry": { "type": "LineString", "coordinates": [ [ 79.995300203622023, 6.797311638675808 ], [ 79.994839595463844, 6.79742337251388 ], [ 79.993412492855128, 6.797300130849404 ], [ 79.992385649112521, 6.797408408634595 ], [ 79.990784768485241, 6.798142552201072 ], [ 79.989871134367078, 6.798308656091304 ], [ 79.987817291234052, 6.797266238415166 ], [ 79.98621648937177, 6.796817005449221 ] ] } },
{ "type": "Feature", "properties": { "NAME": "Kalu Ganga", "CODE": 1 }, "geometry": { "type": "LineString", "coordinates": [ [ 79.982980966631644, 6.91479506865493 ], [ 79.982316455767759, 6.911813751873917 ], [ 79.981470633023818, 6.910435137475702 ], [ 79.980677688946841, 6.908083504280192 ], [ 79.980179389568107, 6.904646499847938 ], [ 79.980013478588731, 6.90195566592242 ], [ 79.9797944300783, 6.900695083271472 ], [ 79.979394207331296, 6.899548084430154 ], [ 79.97889587348665, 6.896053571974275 ], [ 79.979069604261952, 6.895654133968436 ], [ 79.979016777649633, 6.895195823293894 ], [ 79.979371872801636, 6.892737296350687 ], [ 79.979084959208222, 6.891476459728279 ], [ 79.978813204994822, 6.888155269243915 ], [ 79.978201617051582, 6.885175310007122 ], [ 79.978262136866775, 6.883172397521166 ], [ 79.978050856802909, 6.879622548571989 ], [ 79.978745773165542, 6.878138960963309 ], [ 79.978806127991689, 6.877681120239449 ], [ 79.978466389683973, 6.876305746340247 ], [ 79.978761044618977, 6.873789185193812 ], [ 79.979229361091583, 6.871502940647825 ], [ 79.979002845152195, 6.870700286389929 ], [ 79.978262896846815, 6.869207539792859 ], [ 79.978043865540414, 6.867260116351157 ], [ 79.978338437101456, 6.865087327606855 ], [ 79.978293314421379, 6.86228252388845 ], [ 79.97848227499064, 6.859078662433409 ], [ 79.978316138184553, 6.857761083336799 ], [ 79.979071440705766, 6.854617924297024 ], [ 79.979479359936008, 6.851644451990764 ], [ 79.979668253563631, 6.848554613329815 ], [ 79.979668302332882, 6.847753604631463 ], [ 79.979336234267706, 6.845290545430755 ], [ 79.979343804185717, 6.842714867241448 ], [ 79.97958551389209, 6.840942420025165 ], [ 79.980499301364318, 6.839402520941221 ], [ 79.980907145273221, 6.837916894241819 ], [ 79.981601862213623, 6.836891092296146 ], [ 79.981896452945946, 6.834374520513561 ], [ 79.982583710735582, 6.832547270249195 ], [ 79.983104784481682, 6.831577840166852 ], [ 79.984660392232925, 6.829297313184307 ], [ 79.985121099914963, 6.82724022139594 ], [ 79.985128669619968, 6.825980998322722 ], [ 79.985302363601221, 6.825581412122041 ], [ 79.98571023366523, 6.823237259127444 ], [ 79.985710202675989, 6.822779457919983 ], [ 79.984690816013341, 6.820884421530205 ], [ 79.98475121644239, 6.820083791979867 ], [ 79.985680054794912, 6.8164264278552 ], [ 79.985914231899159, 6.814996745008489 ], [ 79.986435333777834, 6.813340323083776 ], [ 79.986790160921913, 6.810652446335419 ], [ 79.987077119755611, 6.809795523425434 ], [ 79.987258370775905, 6.808480344522082 ], [ 79.987092280172945, 6.806075627581728 ], [ 79.986699640929785, 6.805329226066552 ], [ 79.98630698419835, 6.803724305082802 ], [ 79.986201294072529, 6.801777770302471 ], [ 79.986261760124862, 6.800061112352259 ], [ 79.986095573646836, 6.798457265296148 ], [ 79.98621648937177, 6.796817005449221 ] ] } },
{ "type": "Feature", "properties": { "NAME": "Kelani Ganga", "CODE": 1 }, "geometry": { "type": "LineString", "coordinates": [ [ 80.074207020887528, 6.792174378591987 ], [ 80.074199540495968, 6.79280385750473 ], [ 80.074486643246757, 6.793893125323473 ], [ 80.074759117014779, 6.797042661294432 ], [ 80.075605263376531, 6.799852066403167 ], [ 80.075711173119089, 6.800768405223175 ], [ 80.075417093766404, 6.803342177906861 ], [ 80.0754172470279, 6.804315308213212 ], [ 80.075636475873551, 6.805518648148507 ], [ 80.07608969670305, 6.806608578489116 ], [ 80.077570191151111, 6.809078644420969 ], [ 80.078695837130851, 6.812004030952091 ], [ 80.079549352742774, 6.81315373754915 ], [ 80.080622107153332, 6.815907648984036 ], [ 80.081128519085524, 6.818715008289286 ], [ 80.081007950642743, 6.820030618041104 ], [ 80.081400974902166, 6.821807175412562 ], [ 80.081793794150443, 6.822839648436946 ], [ 80.082481169949588, 6.823873955152719 ], [ 80.083840820342559, 6.825484592581705 ], [ 80.084067357938665, 6.82594357438714 ], [ 80.085419998744271, 6.830645129476238 ], [ 80.085246501117311, 6.831902873562012 ], [ 80.084733146083892, 6.832701332954019 ], [ 80.0846124028688, 6.833101321440979 ], [ 80.084499298593428, 6.833844537633496 ], [ 80.084665594954231, 6.83476124439906 ], [ 80.084308357652674, 6.836769309112324 ] ] } },
{ "type": "Feature", "properties": { "NAME": null, "CODE": 1 }, "geometry": { "type": "LineString", "coordinates": [ [ 79.875883989453925, 6.79907523669205 ], [ 79.876692635016951, 6.795989764094887 ], [ 79.877161026691411, 6.795077029017231 ], [ 79.877961645160326, 6.794109378032671 ], [ 79.880144174837625, 6.792235190018522 ], [ 79.880944844836804, 6.790580424195513 ] ] } },
{ "type": "Feature", "properties": { "NAME": null, "CODE": 6 }, "geometry": { "type": "LineString", "coordinates": [ [ 79.882969573155123, 6.785671092399394 ], [ 79.883482846368196, 6.786018059672668 ], [ 79.883482857458148, 6.786590438676503 ], [ 79.883308964503556, 6.787219016445269 ], [ 79.882787796184786, 6.788131380893891 ], [ 79.88191179843875, 6.788590107515819 ] ] } },
{ "type": "Feature", "properties": { "NAME": null, "CODE": 6 }, "geometry": { "type": "LineString", "coordinates": [ [ 79.88191179843875, 6.788590107515819 ], [ 79.882274582724392, 6.787212034026954 ], [ 79.882969573155123, 6.785671092399394 ] ] } },
{ "type": "Feature", "properties": { "NAME": "Kalu Ganga", "CODE": 1 }, "geometry": { "type": "LineString", "coordinates": [ [ 80.009570934110528, 6.785435917663563 ], [ 80.008710213775359, 6.786174822907929 ], [ 80.008076035361398, 6.787086889988355 ], [ 80.006867970113518, 6.789712131604845 ], [ 80.005999690943014, 6.792854630365913 ], [ 80.005652435820863, 6.793653683962989 ], [ 80.005131421845533, 6.794509687733243 ], [ 80.004044122807798, 6.795704755232562 ], [ 80.003017242161548, 6.796327802484834 ], [ 80.000042170914966, 6.797054143970846 ], [ 79.997414436372452, 6.796980996994652 ], [ 79.995300203622023, 6.797311638675808 ] ] } },
{ "type": "Feature", "properties": { "NAME": "Kalu Ganga", "CODE": 1 }, "geometry": { "type": "LineString", "coordinates": [ [ 79.98621648937177, 6.796817005449221 ], [ 79.984223064563338, 6.796271330141819 ], [ 79.982969642321919, 6.795061627657104 ], [ 79.981550182833402, 6.792992568012388 ], [ 79.980304341346098, 6.790180851079428 ], [ 79.979798447648889, 6.787601926282854 ], [ 79.978665866208459, 6.785649051773034 ], [ 79.978839493677683, 6.784677073406623 ], [ 79.978733911150101, 6.78376073343261 ], [ 79.977880723180562, 6.782725471063729 ], [ 79.977767442100756, 6.782152186670719 ], [ 79.977888364877757, 6.781122897231853 ], [ 79.977895902982624, 6.778719312458467 ], [ 79.977329635916121, 6.777800099658046 ], [ 79.977616556256123, 6.776485379717718 ], [ 79.977684624434005, 6.77471165278355 ], [ 79.977118335322075, 6.773506173130367 ], [ 79.97655213568072, 6.771556907728479 ], [ 79.9756460771452, 6.770063332527753 ], [ 79.974279537822056, 6.769139415623925 ], [ 79.973599968869166, 6.768448067056106 ], [ 79.97262603002244, 6.768270553556031 ], [ 79.971085634746387, 6.768204012820563 ], [ 79.96885837543168, 6.767675142411859 ], [ 79.966230817839644, 6.768117153093391 ], [ 79.962455488014044, 6.769295795518824 ], [ 79.96102848295817, 6.76934414385146 ], [ 79.958000831130832, 6.768124082220219 ], [ 79.956981563582502, 6.767545322942134 ], [ 79.956294500401938, 6.767083546690357 ], [ 79.956181312212806, 6.766681935066332 ], [ 79.955788708693845, 6.766295962610392 ] ] } },
{ "type": "Feature", "properties": { "NAME": "Kalu Ganga", "CODE": 1 }, "geometry": { "type": "LineString", "coordinates": [ [ 79.955788708693845, 6.766295962610392 ], [ 79.954761914153067, 6.76570008997039 ], [ 79.953674677425113, 6.765407476122573 ] ] } },
{ "type": "Feature", "properties": { "NAME": "Kalu Ganga", "CODE": 1 }, "geometry": { "type": "LineString", "coordinates": [ [ 79.952365311682129, 6.805290799350868 ], [ 79.953973789619297, 6.803240070860515 ], [ 79.956843343978647, 6.801083227364372 ], [ 79.957477791815691, 6.798397130873844 ], [ 79.957885706995285, 6.797426831490459 ], [ 79.960407902069548, 6.794580558779105 ], [ 79.962242778753208, 6.792187671101542 ], [ 79.962824224517064, 6.791161136919884 ], [ 79.962997920136203, 6.790761558859713 ], [ 79.963058429410793, 6.789445628121739 ], [ 79.963405918347704, 6.787273214823998 ], [ 79.962786812166286, 6.78600998464684 ], [ 79.962620873314094, 6.784177521467353 ], [ 79.963089053562072, 6.782062957720091 ], [ 79.962749291404023, 6.781259405722349 ], [ 79.961556492965698, 6.778848318185275 ], [ 79.960590038365211, 6.777526010497698 ], [ 79.95923114351011, 6.774999485631252 ], [ 79.958830997332441, 6.774596405251139 ], [ 79.958151490470158, 6.773161537429443 ], [ 79.956452871517598, 6.770632601815355 ], [ 79.954573020413847, 6.768331974417388 ], [ 79.953787858297119, 6.76661009449427 ], [ 79.953674677425113, 6.765407476122573 ] ] } },
{ "type": "Feature", "properties": { "NAME": "Bolgoda Lake", "CODE": 9 }, "geometry": { "type": "LineString", "coordinates": [ [ 79.916216116729672, 6.765102004536745 ], [ 79.915477947547544, 6.766076203634385 ], [ 79.915135991842703, 6.766248122281775 ], [ 79.914110727740422, 6.766421379803918 ], [ 79.91302515615368, 6.766365631602596 ], [ 79.912166901917004, 6.76653861450168 ], [ 79.911483057517529, 6.766883011785564 ], [ 79.910684195788363, 6.767799870452397 ], [ 79.910516474702703, 6.768200990764469 ], [ 79.910803559871482, 6.769002072907531 ], [ 79.911152371998909, 6.769230598144635 ], [ 79.911889004565552, 6.769172275004031 ], [ 79.913431110505869, 6.768654894444056 ], [ 79.914577570652725, 6.768653525427449 ], [ 79.915374339323392, 6.768881424250567 ], [ 79.915715490649163, 6.769167157267612 ], [ 79.915889530351492, 6.769510244166929 ], [ 79.91504252864631, 6.771915987113154 ], [ 79.914987430112618, 6.773060657979919 ], [ 79.915341487013691, 6.774606054737951 ], [ 79.915346727341628, 6.775922363440443 ], [ 79.915861116565893, 6.777009400781377 ], [ 79.916094457877023, 6.778154156068824 ], [ 79.916158564631033, 6.780558112271949 ], [ 79.91582264434382, 6.78158939369549 ], [ 79.915480575324935, 6.781818959079243 ], [ 79.913140959300591, 6.782451922543908 ], [ 79.912457021645224, 6.782795894230714 ], [ 79.911262267387414, 6.784343210644692 ], [ 79.90988712429872, 6.784860450234593 ], [ 79.909605631774028, 6.785204284150725 ], [ 79.910065876564829, 6.786806530698652 ], [ 79.910414598303618, 6.787092281863572 ], [ 79.910588638850342, 6.787435370753015 ], [ 79.910245240591735, 6.78840884334932 ], [ 79.909788310702382, 6.789153782234616 ], [ 79.90917473432819, 6.792646472255885 ], [ 79.908953236399853, 6.793391263366442 ], [ 79.907295881095095, 6.794595526365413 ], [ 79.906953216930276, 6.795111203408688 ], [ 79.906563978033574, 6.796256685824622 ], [ 79.906512245989788, 6.799691310276207 ], [ 79.906806528109058, 6.800778952451807 ], [ 79.906805504819673, 6.801351050170223 ], [ 79.905903519850469, 6.80467267217837 ], [ 79.906478594445872, 6.80581648690732 ], [ 79.906880479251626, 6.806102336941751 ], [ 79.907168084656846, 6.806617302625379 ], [ 79.907227264550144, 6.807476052147823 ], [ 79.90677770592329, 6.80839252889007 ], [ 79.905637587613327, 6.80902376753633 ], [ 79.90540915928554, 6.809367550317616 ], [ 79.905126485341725, 6.810398348054868 ], [ 79.903306950917283, 6.813034027797022 ], [ 79.902681720132719, 6.814466046856176 ], [ 79.901780981674378, 6.817100543523207 ], [ 79.900992108750884, 6.820879435284773 ] ] } },
{ "type": "Feature", "properties": { "NAME": "Bolgoda Lake", "CODE": 9 }, "geometry": { "type": "LineString", "coordinates": [ [ 79.922710158443252, 6.759254165624379 ], [ 79.922770070324972, 6.759712065372072 ], [ 79.922030651932744, 6.761373250442365 ], [ 79.922384770176521, 6.762975445126642 ], [ 79.922496701423668, 6.76412041101111 ], [ 79.922161610768313, 6.764693341697614 ], [ 79.921758975664346, 6.764808076383159 ], [ 79.921356910796462, 6.764637113693765 ], [ 79.920098702527142, 6.763436733971764 ], [ 79.918899606134644, 6.763151903560461 ], [ 79.91684745156067, 6.764471386021511 ], [ 79.916216116729672, 6.765102004536745 ] ] } },
{ "type": "Feature", "properties": { "NAME": "Kalu Ganga", "CODE": 1 }, "geometry": { "type": "LineString", "coordinates": [ [ 80.150214854036903, 6.813164167168439 ], [ 80.148348192238927, 6.808631776308358 ], [ 80.147607753917541, 6.807368291838676 ], [ 80.14692779976356, 6.806563125535082 ], [ 80.146467088398452, 6.806217189252128 ], [ 80.143219598595294, 6.80459592669734 ], [ 80.142766273344932, 6.803792321498662 ], [ 80.141112111439995, 6.802466033049452 ], [ 80.140772146796422, 6.802006360401395 ], [ 80.140319008334927, 6.801660004958669 ], [ 80.138498357199666, 6.798959759811845 ], [ 80.136737918199671, 6.79574440368025 ], [ 80.135385232307584, 6.792188194453698 ], [ 80.134471234072606, 6.791152244240088 ], [ 80.132477306077419, 6.789652532229828 ], [ 80.131344351556891, 6.788501410447278 ], [ 80.130951275792754, 6.786954208081862 ], [ 80.130958180311751, 6.784779167393721 ], [ 80.131304746876481, 6.782205257461794 ], [ 80.130964738490945, 6.78168863525469 ], [ 80.130624837321577, 6.780770576163785 ], [ 80.129491725170965, 6.779275807183956 ], [ 80.127837839855189, 6.778522459832613 ], [ 80.127444885515914, 6.777375420905823 ], [ 80.127331401194198, 6.776287392562732 ], [ 80.12648509472092, 6.774450767054724 ], [ 80.124664673121075, 6.771864937796712 ], [ 80.124505441208782, 6.769574234342773 ], [ 80.124331563739815, 6.768886572817998 ], [ 80.12205807396019, 6.766011454982745 ], [ 80.121038119091693, 6.763716351518799 ], [ 80.120592151668319, 6.762168225664556 ], [ 80.119051393545817, 6.760385486527816 ], [ 80.118031607429515, 6.758719309819938 ], [ 80.117691809756451, 6.758488250355771 ], [ 80.1140974495206, 6.757265678990489 ], [ 80.11318373983687, 6.757088807600392 ], [ 80.111635713982494, 6.756371871382156 ] ] } },
{ "type": "Feature", "properties": { "NAME": "Kalu Ganga", "CODE": 1 }, "geometry": { "type": "LineString", "coordinates": [ [ 80.111635713982494, 6.756371871382156 ], [ 80.111409610123644, 6.757936754564785 ], [ 80.111689515332358, 6.760113167072326 ], [ 80.110648288633968, 6.762854403293408 ], [ 80.110867815681019, 6.765145611301799 ], [ 80.111207875401163, 6.766120624678028 ], [ 80.111147536662571, 6.766520424007788 ], [ 80.109992849704611, 6.768689093039277 ], [ 80.109072361780491, 6.771602308265502 ], [ 80.106890732758444, 6.773764761816427 ], [ 80.105456496546054, 6.77570228946463 ], [ 80.104596257999106, 6.7775861996701 ], [ 80.103849058616689, 6.778783825134409 ], [ 80.102293899852825, 6.780434334128929 ], [ 80.10166744811832, 6.78140363881308 ], [ 80.1014864216055, 6.78243318648695 ], [ 80.101766347642609, 6.784666685048496 ], [ 80.101766557634463, 6.78563982137694 ], [ 80.100898732343921, 6.787923873403932 ] ] } },
{ "type": "Feature", "properties": { "NAME": "Bolgoda Lake", "CODE": 9 }, "geometry": { "type": "LineString", "coordinates": [ [ 79.894353468442446, 6.836284503715065 ], [ 79.894359381499726, 6.835600371936728 ], [ 79.89526086579292, 6.832564911105801 ], [ 79.895598576607867, 6.830561136371032 ], [ 79.896727826532768, 6.827582883793943 ], [ 79.898037555892685, 6.82552039446239 ], [ 79.89825919400765, 6.824718813487425 ], [ 79.898933156543848, 6.821569044302823 ], [ 79.899380669179763, 6.817618717551912 ], [ 79.899602404047201, 6.816759487322954 ], [ 79.902107543598731, 6.812864013679388 ], [ 79.902329167456017, 6.812062004946207 ], [ 79.90220453188951, 6.809600583807121 ], [ 79.902879187937785, 6.805993151764411 ], [ 79.904866465765977, 6.802899554121674 ], [ 79.905030748746398, 6.800208339602838 ], [ 79.905651696382094, 6.796887770103337 ], [ 79.90603655008411, 6.793967203898817 ], [ 79.906037368501998, 6.793509553939227 ], [ 79.905289537133129, 6.791392339266714 ], [ 79.905050532018919, 6.789160031455828 ], [ 79.905099294826613, 6.787385606707195 ], [ 79.90622882581502, 6.784063962616666 ], [ 79.906170329677082, 6.782861445390424 ], [ 79.905025270142303, 6.782061796761602 ], [ 79.904564054175879, 6.780974280325845 ], [ 79.903645910111493, 6.78063226201888 ], [ 79.903760734823265, 6.780174250755695 ], [ 79.904787941211708, 6.778970847568405 ], [ 79.905405709443173, 6.777367131578816 ], [ 79.905346253974372, 6.776623253293707 ], [ 79.904597491466845, 6.775077996635198 ], [ 79.90425657979219, 6.774620725579568 ], [ 79.903627128931419, 6.774221010829652 ], [ 79.902427201065521, 6.774394352836528 ], [ 79.901857234308736, 6.774681289992572 ], [ 79.900944549499641, 6.775598348545119 ], [ 79.900487621008537, 6.776343278775644 ], [ 79.899522570815947, 6.776859813018139 ], [ 79.897813067858166, 6.777491714855766 ], [ 79.895357944324914, 6.779040250592198 ], [ 79.894271867017636, 6.779213634709073 ], [ 79.893072412217506, 6.779157632836356 ], [ 79.892274948576173, 6.779273462851331 ], [ 79.891074351273716, 6.779847199458271 ], [ 79.890389885195944, 6.780477680926501 ], [ 79.889591794812077, 6.780936848274177 ], [ 79.889136061167065, 6.781051880581877 ], [ 79.887709014206905, 6.78088199247324 ], [ 79.887132932167702, 6.780367341464823 ], [ 79.886907013377936, 6.779337607196491 ], [ 79.886210866136679, 6.778079109434888 ], [ 79.886098290676699, 6.777335135680831 ], [ 79.886038309443649, 6.776934459506267 ], [ 79.886267497395536, 6.776132472053708 ], [ 79.88631496394224, 6.775102246932869 ], [ 79.88590861686825, 6.773099095950362 ], [ 79.885850202169664, 6.771839782488839 ], [ 79.88636175604411, 6.770293551238493 ], [ 79.888066591119596, 6.767944256897241 ], [ 79.889826152730407, 6.764793636084847 ], [ 79.890727131306946, 6.761987056823282 ], [ 79.891858608417763, 6.757635137415419 ], [ 79.892422890733812, 6.75626023782198 ], [ 79.893179545723783, 6.753475713160876 ] ] } },
{ "type": "Feature", "properties": { "NAME": null, "CODE": 8 }, "geometry": { "type": "LineString", "coordinates": [ [ 79.896535505964138, 6.753297786331162 ], [ 79.896747457972737, 6.75365281465144 ], [ 79.896912853581128, 6.754627191955617 ], [ 79.896393146347464, 6.756454177987459 ], [ 79.896950788984356, 6.758805321361394 ], [ 79.896942403964829, 6.759262957273508 ], [ 79.896485187440334, 6.760175176837246 ], [ 79.896029584578784, 6.760229179675219 ], [ 79.895574394649813, 6.760053862893475 ], [ 79.895233577789668, 6.759593196760521 ], [ 79.894954397912102, 6.758618614459178 ], [ 79.894789869829523, 6.757243246616153 ], [ 79.894389170376314, 6.756324821670901 ], [ 79.894855527261257, 6.754496612359494 ], [ 79.895205519331469, 6.754098652001704 ], [ 79.895676721421012, 6.753816770198183 ] ] } },
{ "type": "Feature", "properties": { "NAME": null, "CODE": 8 }, "geometry": { "type": "LineString", "coordinates": [ [ 79.895676721421012, 6.753816770198183 ], [ 79.896535505964138, 6.753297786331162 ] ] } },
{ "type": "Feature", "properties": { "NAME": "Kalu Ganga", "CODE": 1 }, "geometry": { "type": "LineString", "coordinates": [ [ 80.050376375519164, 6.793406947667044 ], [ 80.049583505016628, 6.792944143407898 ], [ 80.048782919193755, 6.792252987580166 ], [ 80.046849703319666, 6.790009384025064 ], [ 80.045376940559152, 6.786909911208397 ], [ 80.044697307791182, 6.78621864863404 ], [ 80.04395733939559, 6.785699114030194 ], [ 80.042303465050438, 6.783857769141387 ], [ 80.041170725663022, 6.782305736306673 ], [ 80.039698027519179, 6.779950188936589 ], [ 80.039524278534216, 6.779491695521627 ], [ 80.038217904158316, 6.778167169060786 ], [ 80.035023765572745, 6.776259326142021 ], [ 80.03434410691365, 6.77551153248176 ], [ 80.032637553179498, 6.774242198903792 ], [ 80.032063734316253, 6.773895427262451 ], [ 80.030863219257313, 6.773487224332914 ], [ 80.028696041417206, 6.773016642159133 ], [ 80.02681583971173, 6.772032164975108 ], [ 80.025675673546303, 6.771224027338071 ], [ 80.024135309512118, 6.770471226301683 ], [ 80.022942392411807, 6.770234553022008 ], [ 80.020767730082682, 6.77005005493138 ], [ 80.018547892046399, 6.769464473533795 ], [ 80.018147693852939, 6.769290056946248 ], [ 80.016493920744011, 6.767620740533416 ], [ 80.015353974572434, 6.76709885149261 ], [ 80.012333626529724, 6.766393449650179 ], [ 80.008339429796038, 6.765224883309131 ], [ 80.007712703818413, 6.764877720242929 ], [ 80.00645931406082, 6.763382234299527 ], [ 80.002185640948753, 6.760151227101458 ], [ 80.00047927518078, 6.759568783697906 ], [ 79.998365210793651, 6.759097877658734 ], [ 79.997164665519477, 6.758976290781176 ], [ 79.995798113882827, 6.758624404464631 ], [ 79.994031260329479, 6.758442138753367 ], [ 79.991577368910328, 6.757854798043963 ], [ 79.988497020305829, 6.756290782149443 ], [ 79.987530477423306, 6.755655509871657 ], [ 79.984397239461686, 6.753118414707468 ], [ 79.983430692062669, 6.752711754043758 ], [ 79.982570005044749, 6.752706546359149 ], [ 79.982230250081074, 6.752933342955842 ], [ 79.981943337742422, 6.75321787404901 ], [ 79.981195882257452, 6.754644043541305 ], [ 79.980735295771765, 6.754984528089413 ], [ 79.979187546224466, 6.75520413181609 ], [ 79.977934070139725, 6.755654523704521 ], [ 79.977065841483153, 6.75736590753335 ], [ 79.974491126091621, 6.759239250245659 ], [ 79.973917330365452, 6.759521892863594 ], [ 79.973517114827786, 6.759633567809557 ], [ 79.972150537948551, 6.75922495690201 ], [ 79.971637191836507, 6.75893558622277 ], [ 79.971410696868517, 6.75853379059664 ], [ 79.970270572686019, 6.757610945129656 ], [ 79.96992327038646, 6.757952169782133 ], [ 79.969523077226242, 6.758693882524874 ], [ 79.968896391511308, 6.758861416532483 ], [ 79.966495357084753, 6.758732687815269 ], [ 79.964607925324898, 6.75894984442557 ], [ 79.963241231384899, 6.759342217903396 ], [ 79.962380433062407, 6.759909364042152 ], [ 79.961693447445256, 6.760591954012662 ], [ 79.960885430290119, 6.761674350648781 ], [ 79.959277009141104, 6.765155606909252 ], [ 79.958642790892867, 6.765552437219691 ], [ 79.957042088718921, 6.765886044034986 ], [ 79.955788708693845, 6.766295962610392 ] ] } },
{ "type": "Feature", "properties": { "NAME": "Kalu Ganga", "CODE": 1 }, "geometry": { "type": "LineString", "coordinates": [ [ 79.953674677425113, 6.765407476122573 ], [ 79.953047966626954, 6.765289005122741 ], [ 79.951454973587431, 6.76373390488777 ], [ 79.949975280600881, 6.761721899958641 ], [ 79.949469514055153, 6.760803188578756 ], [ 79.948616359376899, 6.759767320770558 ], [ 79.948503290530411, 6.75896541753157 ], [ 79.947597416993105, 6.756384673136351 ], [ 79.947325764182764, 6.753864627975553 ], [ 79.946986140195847, 6.753003986233909 ], [ 79.946820084783099, 6.751858079430173 ], [ 79.946419992889091, 6.751397908572762 ], [ 79.945234792180017, 6.749215849606114 ], [ 79.943807877535349, 6.748291475198274 ], [ 79.942841497894719, 6.747941681491483 ], [ 79.942204042870429, 6.747548926444082 ] ] } },
{ "type": "Feature", "properties": { "NAME": "Bolgoda Lake", "CODE": 9 }, "geometry": { "type": "LineString", "coordinates": [ [ 79.942204042870429, 6.747548926444082 ], [ 79.941922330494805, 6.748007092784365 ], [ 79.941238751242338, 6.748180005526536 ], [ 79.940722665454615, 6.748066090102549 ], [ 79.939523168867993, 6.748067860042855 ], [ 79.939067402262211, 6.748182944524977 ], [ 79.938725269610515, 6.748469896635346 ], [ 79.938724389548227, 6.748984775827546 ], [ 79.939239595231172, 6.749613996556126 ], [ 79.939815806558514, 6.750070799163302 ], [ 79.940962203418295, 6.750126728512591 ], [ 79.942328224392725, 6.750410797296918 ], [ 79.943528311200055, 6.750065673770266 ], [ 79.944219038770896, 6.750179459067174 ], [ 79.94484840376802, 6.75063634656522 ], [ 79.944680134415151, 6.751380689336053 ], [ 79.944163459844461, 6.751610689667038 ], [ 79.942964272247082, 6.751383568670614 ], [ 79.942280884132671, 6.751441468047602 ], [ 79.94164986288331, 6.751957677100227 ], [ 79.940738268616784, 6.752302298063817 ], [ 79.939766869659863, 6.752074709665462 ], [ 79.939023775846081, 6.751503172413901 ], [ 79.937080325195708, 6.751391616811216 ], [ 79.936679021633722, 6.750819813674135 ], [ 79.936210778246121, 6.749389102315805 ], [ 79.935528642059168, 6.748760440480777 ], [ 79.934838045614185, 6.748532335651886 ], [ 79.933699062318638, 6.748648644139839 ], [ 79.93073067150435, 6.748595353064677 ], [ 79.929637768463721, 6.748425184816449 ], [ 79.927809227894514, 6.747797924000497 ], [ 79.927292906907596, 6.747741218889065 ], [ 79.926154095818603, 6.747800285571901 ], [ 79.925409436199203, 6.748144601723026 ], [ 79.924618137614843, 6.74917595304492 ], [ 79.924503342204474, 6.749634397084884 ], [ 79.924850429071142, 6.750893231686113 ], [ 79.924856867485303, 6.75158036028824 ], [ 79.92439927453897, 6.752782974226958 ], [ 79.924405371774995, 6.753584409719097 ], [ 79.92509308164496, 6.755472740272777 ], [ 79.925452410440585, 6.758391670514535 ], [ 79.925163312502178, 6.758735503850244 ], [ 79.92465435589196, 6.758908129031579 ], [ 79.923910275514771, 6.758909236245206 ], [ 79.923220313734234, 6.758394569060699 ], [ 79.922650675672983, 6.758509861971301 ], [ 79.922710158443252, 6.759254165624379 ] ] } },
{ "type": "Feature", "properties": { "NAME": "Bolgoda Lake", "CODE": 9 }, "geometry": { "type": "LineString", "coordinates": [ [ 79.948678217306139, 6.740972539442299 ], [ 79.948182729490725, 6.740842559579276 ], [ 79.94698269414188, 6.741130473095037 ], [ 79.94629951300891, 6.74107449586464 ], [ 79.945380503340957, 6.741304666410611 ], [ 79.944301566257849, 6.741821535688966 ] ] } },
{ "type": "Feature", "properties": { "NAME": "Bolgoda Lake", "CODE": 9 }, "geometry": { "type": "LineString", "coordinates": [ [ 79.948678217306139, 6.740972539442299 ], [ 79.949268740313642, 6.740612240916419 ], [ 79.950346900271867, 6.740553015868571 ], [ 79.950695644351839, 6.740781936597835 ], [ 79.951786061586105, 6.7425550550835 ], [ 79.952702887057413, 6.743584098601779 ], [ 79.953332157540558, 6.744098199926535 ], [ 79.954477636831314, 6.74461217625105 ] ] } },
{ "type": "Feature", "properties": { "NAME": "Kalu Ganga", "CODE": 1 }, "geometry": { "type": "LineString", "coordinates": [ [ 80.197705483085656, 6.724871075972973 ], [ 80.198347409985828, 6.72506640304913 ], [ 80.201051687156578, 6.726628132673574 ] ] } },
{ "type": "Feature", "properties": { "NAME": "Kalu Ganga", "CODE": 1 }, "geometry": { "type": "MultiLineString", "coordinates": [ [ [ 80.177254823081952, 6.808740102275725 ], [ 80.178174791214815, 6.805597114220993 ], [ 80.179102740475017, 6.803313251248914 ], [ 80.179509729676298, 6.801254973604808 ], [ 80.179969950466514, 6.800055737636016 ], [ 80.180316497142258, 6.79805418821314 ], [ 80.18135750837267, 6.795312777407775 ], [ 80.182044046295758, 6.793885893056743 ], [ 80.182738287926171, 6.792630557941396 ], [ 80.183425115959125, 6.792005280549583 ], [ 80.185486179006432, 6.791043952731945 ], [ 80.186749653928558, 6.7906867080504 ] ], [ [ 80.189619823880776, 6.78541556801617 ], [ 80.189508319155493, 6.784427213140809 ], [ 80.189567993776308, 6.782882139162628 ], [ 80.189975144693506, 6.781339177220316 ], [ 80.190382600732363, 6.7804828052473 ], [ 80.190495368280949, 6.77933881153466 ], [ 80.190389391874405, 6.778708615499466 ], [ 80.188968422134693, 6.775495241664887 ], [ 80.188741573999152, 6.774635566014592 ], [ 80.188061351509518, 6.77308592977136 ], [ 80.187955371069805, 6.772227105532274 ], [ 80.188241504990387, 6.770568836963087 ], [ 80.189342449627688, 6.76702670589438 ], [ 80.189636354036054, 6.765482476204316 ], [ 80.189869443555878, 6.763252006629747 ], [ 80.189710055847826, 6.761304945037405 ], [ 80.189596667585079, 6.760846422930303 ], [ 80.188456215566617, 6.759981697600455 ], [ 80.187829189361196, 6.759233877997335 ], [ 80.186688680024602, 6.758540266707279 ], [ 80.185948501449857, 6.757849819354038 ], [ 80.185268610456774, 6.75698705420592 ], [ 80.18509479774994, 6.756585686302848 ], [ 80.185441815698113, 6.756015099397468 ], [ 80.186015117557162, 6.754530413627144 ], [ 80.186195877080962, 6.753386784381736 ], [ 80.186082199973654, 6.752584471589228 ], [ 80.185575661810944, 6.750864772495397 ], [ 80.184955835177945, 6.749315913203835 ], [ 80.184615245538069, 6.74725318850991 ], [ 80.18445565052194, 6.744791359664585 ], [ 80.183782502598774, 6.741868265179365 ], [ 80.183615726289631, 6.740207473266302 ], [ 80.18408297840891, 6.738149535565225 ], [ 80.184543263417723, 6.737179479518644 ], [ 80.185229775892864, 6.736038717907691 ], [ 80.186263805955889, 6.735071467542186 ], [ 80.187290503410949, 6.73467662418367 ], [ 80.188551361175229, 6.734569044368206 ], [ 80.189064601272364, 6.734343289061624 ], [ 80.189351463692134, 6.734058481441852 ], [ 80.18963809587315, 6.733373503147742 ], [ 80.189985241222374, 6.733031963019103 ], [ 80.191064655891807, 6.732637597715912 ], [ 80.192151855033956, 6.732471726224436 ], [ 80.19404638184912, 6.730937296644271 ], [ 80.195306841580461, 6.730200192251821 ], [ 80.196907260086107, 6.729694090797343 ], [ 80.198160464533402, 6.729472302877248 ], [ 80.198507594306861, 6.729016300235494 ], [ 80.198507424410309, 6.728558477409973 ], [ 80.198393965907911, 6.728156901829366 ], [ 80.197260715149199, 6.726261967422182 ], [ 80.197705483085656, 6.724871075972973 ] ] ] } },
{ "type": "Feature", "properties": { "NAME": null, "CODE": 3 }, "geometry": { "type": "LineString", "coordinates": [ [ 80.008042317055768, 6.723465398576699 ], [ 80.009415264023062, 6.724149866490872 ] ] } },
{ "type": "Feature", "properties": { "NAME": null, "CODE": 3 }, "geometry": { "type": "LineString", "coordinates": [ [ 80.009415264023062, 6.724149866490872 ], [ 80.010674876106066, 6.724549015332816 ], [ 80.009989988777249, 6.725637357475116 ], [ 80.009768700759736, 6.726325134167022 ], [ 80.009881466270016, 6.727069102343735 ], [ 80.010169419636838, 6.72741177436906 ], [ 80.010571227252242, 6.727754764716867 ], [ 80.011656126960588, 6.728211289834374 ], [ 80.013204241337718, 6.728609468679696 ], [ 80.014236070417766, 6.729065906237141 ], [ 80.014349038152687, 6.72963833853181 ], [ 80.012982297895391, 6.729812136242113 ], [ 80.012639613001951, 6.73044235899898 ], [ 80.012008774281966, 6.730901445772391 ], [ 80.01121171602658, 6.730902608856762 ], [ 80.010126848171197, 6.730331630877413 ], [ 80.009443288776112, 6.730561870604418 ], [ 80.008812358004661, 6.731078178417454 ], [ 80.008356616468433, 6.731193331441766 ], [ 80.007954290158892, 6.731136466615268 ], [ 80.007552929547572, 6.73050734653298 ], [ 80.007661370379552, 6.729133393933798 ], [ 80.007031533661007, 6.728905485253359 ], [ 80.006689611115831, 6.729134842222027 ], [ 80.006240786412789, 6.729708091885693 ], [ 80.005557136993815, 6.729995551557497 ], [ 80.004806063676227, 6.729652998841678 ], [ 80.005034921583075, 6.728965802488755 ], [ 80.005947067212688, 6.728220048359942 ], [ 80.006114695976251, 6.727818883528878 ], [ 80.005425390311558, 6.726847088145173 ], [ 80.005707321412785, 6.726159550373643 ], [ 80.006512253345264, 6.726043956432024 ], [ 80.007196414323801, 6.725470508540075 ], [ 80.007645520692662, 6.724668213848919 ], [ 80.008042317055768, 6.723465398576699 ] ] } },
{ "type": "Feature", "properties": { "NAME": "Kalu Ganga", "CODE": 1 }, "geometry": { "type": "LineString", "coordinates": [ [ 80.171422959791087, 6.723020981027949 ], [ 80.17624768351115, 6.723567497605517 ], [ 80.180989015220533, 6.723537351170761 ], [ 80.183843216415184, 6.723953815621012 ], [ 80.186757560584965, 6.724199500366244 ], [ 80.195379956164246, 6.724534160921483 ], [ 80.197705483085656, 6.724871075972973 ] ] } },
{ "type": "Feature", "properties": { "NAME": "Kalu Ganga", "CODE": 1 }, "geometry": { "type": "LineString", "coordinates": [ [ 80.166885177837898, 6.722484098350296 ], [ 80.16917282780895, 6.722554461699206 ], [ 80.171422959791087, 6.723020981027949 ] ] } },
{ "type": "Feature", "properties": { "NAME": "Kalu Ganga", "CODE": 1 }, "geometry": { "type": "LineString", "coordinates": [ [ 80.159978091495518, 6.767718087385367 ], [ 80.160211779967881, 6.766918187418502 ], [ 80.160785300963127, 6.766005813712616 ], [ 80.161872382304736, 6.765096061273176 ], [ 80.162106203528353, 6.76452478700303 ], [ 80.1621729864044, 6.761205823726275 ], [ 80.162406606026053, 6.75989045137784 ], [ 80.162813945983714, 6.759034104266665 ], [ 80.163500683094639, 6.757893522916061 ], [ 80.16602162228331, 6.755218137563946 ], [ 80.167055382178773, 6.753621009231411 ], [ 80.167696028643789, 6.750534063921328 ], [ 80.167370148941671, 6.747269574843356 ], [ 80.1673165146494, 6.745037636869545 ], [ 80.167663473421584, 6.744180784654042 ], [ 80.168870924921976, 6.742585277154015 ], [ 80.169904644814423, 6.740759511302604 ], [ 80.170598400823238, 6.738474090937998 ], [ 80.1706582590176, 6.737158072743818 ], [ 80.170552098410099, 6.735783774879717 ], [ 80.169758828702427, 6.734748605091928 ], [ 80.168105013892117, 6.733937891139551 ], [ 80.167417834744313, 6.733418885846307 ], [ 80.167251536087562, 6.732902926183808 ], [ 80.167251184833461, 6.73204437186094 ], [ 80.167945077779152, 6.730102602356245 ], [ 80.168005081554625, 6.72912980858993 ], [ 80.167891648461833, 6.728728369414826 ], [ 80.167151611466025, 6.728094844028135 ], [ 80.166811666688986, 6.727634766772807 ], [ 80.166471581966789, 6.726717292980822 ], [ 80.166478232054644, 6.724427635454573 ], [ 80.166885177837898, 6.722484098350296 ] ] } },
{ "type": "Feature", "properties": { "NAME": "Kalu Ganga", "CODE": 1 }, "geometry": { "type": "LineString", "coordinates": [ [ 80.111635713982494, 6.756371871382156 ], [ 80.111190249547747, 6.755989755319505 ], [ 80.110850188167063, 6.755071827759014 ], [ 80.10914324929314, 6.752772523778306 ], [ 80.106983102045788, 6.750241853369125 ], [ 80.106582749426835, 6.749438012604533 ], [ 80.106876790853633, 6.747608285875821 ], [ 80.106710320274374, 6.746176116832709 ], [ 80.106830885720939, 6.745146763567908 ], [ 80.106799159027574, 6.739022601838061 ], [ 80.108580121354251, 6.735541532316935 ], [ 80.10950093795492, 6.734459568116172 ], [ 80.110134804469979, 6.733432603432965 ], [ 80.110534818095601, 6.732290585029656 ], [ 80.111175721904274, 6.729661133301615 ], [ 80.111409455110888, 6.727716864328037 ], [ 80.111356069832297, 6.72611387344308 ], [ 80.111076608422323, 6.725654126605359 ], [ 80.109082967035931, 6.723925722384892 ], [ 80.107769104495645, 6.723116689740606 ], [ 80.107376379468917, 6.72248496567022 ], [ 80.107361166157744, 6.722030097301832 ] ] } },
{ "type": "Feature", "properties": { "NAME": "Kalu Ganga", "CODE": 1 }, "geometry": { "type": "LineString", "coordinates": [ [ 80.075057439110822, 6.734085848101627 ], [ 80.076045593683034, 6.729684630528527 ], [ 80.07650594319378, 6.728657610091993 ], [ 80.077026735081745, 6.727916242195058 ], [ 80.077653220381009, 6.727347692184233 ], [ 80.0780534050716, 6.727178417047997 ], [ 80.080227646226646, 6.726561469803693 ], [ 80.081888511629515, 6.725941528094708 ], [ 80.083602318531959, 6.725665720845042 ], [ 80.084455477587682, 6.725727678866205 ], [ 80.086169381022316, 6.726138299477186 ], [ 80.088510130303575, 6.727182250510776 ], [ 80.089816333270747, 6.727991322010159 ], [ 80.091243499926108, 6.728572075895515 ], [ 80.092270426505095, 6.72880693176209 ], [ 80.09369720864089, 6.728701099256269 ], [ 80.098626786008609, 6.725753593036262 ], [ 80.100453753500759, 6.725363427789239 ], [ 80.102794017743122, 6.724461459262345 ], [ 80.10325444492463, 6.724006251871909 ], [ 80.104915133693993, 6.722871327589901 ], [ 80.107361166157744, 6.722030097301832 ] ] } },
{ "type": "Feature", "properties": { "NAME": "Kalu Ganga", "CODE": 1 }, "geometry": { "type": "LineString", "coordinates": [ [ 80.145397893822974, 6.722367638316411 ], [ 80.145979446274481, 6.723051294409515 ], [ 80.14644001778808, 6.723283052944494 ], [ 80.146953530041429, 6.723400141421795 ], [ 80.14860701741803, 6.723409879182798 ], [ 80.14958078010649, 6.722957679307499 ], [ 80.151754874135477, 6.722282893535865 ], [ 80.154722045437438, 6.722300065353932 ], [ 80.156436090507384, 6.722710444566422 ], [ 80.157009821673427, 6.722713850003659 ], [ 80.159750357341167, 6.722099933302705 ], [ 80.161577281762433, 6.721881216339668 ], [ 80.166885177837898, 6.722484098350296 ] ] } },
{ "type": "Feature", "properties": { "NAME": "Bolgoda Lake", "CODE": 9 }, "geometry": { "type": "LineString", "coordinates": [ [ 79.893179545723783, 6.753475713160876 ], [ 79.893546255505484, 6.752194273935624 ], [ 79.89445371112997, 6.749960780262679 ], [ 79.896096015659396, 6.744348710716359 ], [ 79.898588304427847, 6.738906996227191 ], [ 79.899381687193895, 6.736844954612248 ], [ 79.89960431821352, 6.735413477304093 ], [ 79.899653888414278, 6.733180835644081 ], [ 79.900614212572165, 6.731061439483144 ], [ 79.900668071552772, 6.730660966361096 ], [ 79.900441623714627, 6.729916790273049 ], [ 79.900495891109074, 6.729287138678908 ], [ 79.901403668898595, 6.726824159302575 ], [ 79.901391296254815, 6.725278519408353 ], [ 79.902701793790087, 6.722586506926754 ], [ 79.902870212527318, 6.721784395328449 ], [ 79.902463678382958, 6.719896122865032 ] ] } },
{ "type": "Feature", "properties": { "NAME": "Bolgoda Lake", "CODE": 9 }, "geometry": { "type": "LineString", "coordinates": [ [ 79.902463678382958, 6.719896122865032 ], [ 79.901579635902124, 6.717567435827605 ], [ 79.900282504478483, 6.716965336200924 ] ] } },
{ "type": "Feature", "properties": { "NAME": "Bolgoda Lake", "CODE": 9 }, "geometry": { "type": "LineString", "coordinates": [ [ 79.90165250235944, 6.714978629376129 ], [ 79.904221449741613, 6.71754682895903 ], [ 79.904455432204983, 6.718347676062765 ], [ 79.904634506559859, 6.720065002784195 ], [ 79.905040916569604, 6.722068146649894 ], [ 79.9050458423782, 6.723556126796613 ], [ 79.904085046599278, 6.72596222200932 ], [ 79.903855719042923, 6.726878109170356 ], [ 79.904153703735602, 6.730083617279908 ], [ 79.903703650934659, 6.731286222365687 ], [ 79.902622056580796, 6.733291527441836 ], [ 79.901600140470961, 6.735869035371962 ], [ 79.90144415248426, 6.738215936795492 ], [ 79.900884112194106, 6.741479964165807 ], [ 79.899801558591804, 6.74400013184985 ], [ 79.899236802423729, 6.745661306049183 ], [ 79.897537751537698, 6.749040984559633 ], [ 79.897596406915355, 6.750185853574777 ], [ 79.898801067693697, 6.751557715910486 ], [ 79.899209513339656, 6.752416243155515 ], [ 79.898986110799726, 6.75419077867021 ], [ 79.898307580163547, 6.755794945276458 ], [ 79.898029346164819, 6.758543037824095 ], [ 79.897632495273186, 6.759688078246048 ], [ 79.897061205781242, 6.760719769577185 ], [ 79.895873898231827, 6.762381087687238 ], [ 79.894162346989233, 6.764214965415269 ], [ 79.893201394285867, 6.766621018054243 ], [ 79.891945848897706, 6.768168316705173 ], [ 79.890865977153325, 6.76914270103775 ], [ 79.889959601185026, 6.77074685999083 ], [ 79.889562613742896, 6.771949537113355 ], [ 79.889621870495546, 6.77275063786816 ], [ 79.890082838128379, 6.77395246967937 ], [ 79.890886608775304, 6.774523764406612 ], [ 79.891342128595895, 6.774523035739006 ], [ 79.89168416746368, 6.774351135831945 ], [ 79.892657267027701, 6.773605312475564 ], [ 79.894426987951505, 6.773202291071802 ], [ 79.895278210523145, 6.772743209251883 ], [ 79.897558965124858, 6.771022825255241 ], [ 79.898068969945811, 6.770278134228224 ], [ 79.898009595990473, 6.769534256506906 ], [ 79.897261342554671, 6.76764579052544 ], [ 79.897201352094584, 6.767245114537071 ], [ 79.897316448097271, 6.766558350615716 ], [ 79.898048528923979, 6.764782753733562 ], [ 79.899075158603168, 6.763808113457932 ], [ 79.900899494715276, 6.762603741307352 ], [ 79.90198597489001, 6.762144076186134 ], [ 79.903124955894071, 6.762085636060791 ], [ 79.905183232882806, 6.761624870493636 ], [ 79.905866430634873, 6.761680908305784 ], [ 79.906154218197898, 6.762081424069541 ], [ 79.906326822444044, 6.763226072957676 ], [ 79.906902839324502, 6.763740560149953 ], [ 79.908330022911997, 6.76385316252618 ], [ 79.909816904307334, 6.76453810865792 ], [ 79.911077721492617, 6.764249980311217 ], [ 79.913525667272168, 6.762414931964452 ], [ 79.914035437482028, 6.761784526585791 ], [ 79.914378399485869, 6.761039943369545 ], [ 79.915969184221623, 6.758747976598145 ], [ 79.91652724872668, 6.756572030507986 ], [ 79.917152344800812, 6.755139834371818 ], [ 79.917092899345946, 6.754338730639215 ], [ 79.91623009287639, 6.752851220978172 ], [ 79.916284547683873, 6.752106976326193 ], [ 79.916110713388917, 6.751649441763599 ], [ 79.915655916998546, 6.75124906212762 ], [ 79.915253693986742, 6.751135461297392 ], [ 79.914571284311791, 6.750678445661503 ], [ 79.913310938438499, 6.75068004332891 ], [ 79.912734756216636, 6.750222647237711 ], [ 79.912561773984621, 6.749364260783858 ], [ 79.912159988522362, 6.748963971863039 ], [ 79.91124990148127, 6.748450315767809 ], [ 79.910043590205561, 6.747993783131768 ], [ 79.909361119694637, 6.747536761197669 ], [ 79.908838396291898, 6.746907500570971 ], [ 79.908498175488631, 6.746106748477425 ], [ 79.908438916359245, 6.74524799752697 ], [ 79.908606730042891, 6.744789652714791 ], [ 79.909002121680118, 6.744446158645655 ], [ 79.909799698491, 6.744273069286215 ], [ 79.911749844935542, 6.744728510785935 ], [ 79.914033308144568, 6.745698419408154 ], [ 79.915179583991332, 6.745811490585902 ], [ 79.916318860528364, 6.745523693827259 ], [ 79.91688958785673, 6.744778516635368 ], [ 79.91722499800396, 6.743976691287538 ], [ 79.917280923147658, 6.742431024751133 ], [ 79.917509907478149, 6.741743885220261 ], [ 79.918877884653, 6.740883389426521 ], [ 79.919327813750243, 6.739737991434254 ], [ 79.919604036048156, 6.738020045555025 ], [ 79.920289043864258, 6.737102964608122 ], [ 79.921487609949708, 6.737616680915989 ], [ 79.922747854012371, 6.73761505775202 ], [ 79.922921720320289, 6.738015365948163 ], [ 79.922530089396787, 6.740592187747109 ], [ 79.922203433610491, 6.745057669325653 ], [ 79.922263444874375, 6.745458203560889 ], [ 79.922604186773697, 6.745973251421067 ], [ 79.923347749245863, 6.746258265121821 ], [ 79.924494060078445, 6.746314090430245 ], [ 79.927516004117521, 6.746080963918363 ], [ 79.932609015419018, 6.746818267998004 ], [ 79.934089340781696, 6.746873232488231 ], [ 79.93643573871347, 6.746583643738497 ], [ 79.937628158099542, 6.746295745575819 ], [ 79.939404903792678, 6.746179102550477 ], [ 79.940088507183233, 6.745949108750222 ], [ 79.940825984541874, 6.745375292257824 ], [ 79.942529991159631, 6.743312307490229 ], [ 79.944301566257849, 6.741821535688966 ] ] } },
{ "type": "Feature", "properties": { "NAME": "Bolgoda Lake", "CODE": 9 }, "geometry": { "type": "MultiLineString", "coordinates": [ [ [ 79.900282504478483, 6.716965336200924 ], [ 79.900419671304661, 6.716766424293837 ] ], [ [ 79.900681308616342, 6.716387011404785 ], [ 79.90165250235944, 6.714978629376129 ] ] ] } },
{ "type": "Feature", "properties": { "NAME": "Bolgoda Lake", "CODE": 9 }, "geometry": { "type": "LineString", "coordinates": [ [ 79.972474774328717, 6.714302040771398 ], [ 79.971628191744287, 6.716650707857394 ], [ 79.971346783977907, 6.716994447225409 ], [ 79.969864843558739, 6.717969938858771 ], [ 79.969575707360406, 6.718371030769363 ], [ 79.968728445064912, 6.721120123637834 ], [ 79.967875820634674, 6.722609686758632 ], [ 79.967252331167685, 6.723183174624427 ], [ 79.966742645898563, 6.723870875012933 ], [ 79.965836251528344, 6.725646752777873 ], [ 79.965606681660688, 6.726734923099119 ], [ 79.965611955172648, 6.728165700333611 ], [ 79.964200313379337, 6.732461610244169 ], [ 79.963409402465999, 6.733321504825699 ], [ 79.963005662291764, 6.73412325925456 ], [ 79.963424673580789, 6.737843721312804 ], [ 79.963141302631556, 6.739275573669731 ], [ 79.962637541166245, 6.740936384417246 ], [ 79.962348383944288, 6.741337328065343 ], [ 79.961669764880867, 6.743170369921846 ], [ 79.961273929826547, 6.743800600747106 ], [ 79.960817598626818, 6.744259338234223 ], [ 79.960308500673634, 6.744488804947871 ], [ 79.957505849369554, 6.745236962904163 ], [ 79.955226483966058, 6.746270691242908 ], [ 79.95408721715296, 6.746558722770039 ], [ 79.952599730951988, 6.74621768246848 ], [ 79.951909653262049, 6.745760702704223 ], [ 79.949158682439162, 6.742844812929072 ], [ 79.948013168756489, 6.742274024263503 ], [ 79.947610987673968, 6.74221710975724 ], [ 79.946874271029358, 6.742389941948145 ], [ 79.945445574604022, 6.743193759311829 ], [ 79.943057377217372, 6.745715652999633 ], [ 79.942486366132258, 6.746689763958283 ], [ 79.942204042870429, 6.747548926444082 ] ] } },
{ "type": "Feature", "properties": { "NAME": "Kalu Ganga", "CODE": 1 }, "geometry": { "type": "LineString", "coordinates": [ [ 80.009415264023062, 6.724149866490872 ], [ 80.00970395058124, 6.723567037880085 ], [ 80.010058704610685, 6.720993281439276 ], [ 80.009726308293295, 6.717786288331011 ], [ 80.010367811296859, 6.714184326394658 ], [ 80.010662233916449, 6.713270161108612 ], [ 80.010722508038697, 6.712183389760403 ] ] } },
{ "type": "Feature", "properties": { "NAME": "Kalu Ganga", "CODE": 1 }, "geometry": { "type": "LineString", "coordinates": [ [ 80.010683848777944, 6.711502272944678 ], [ 80.010722508038697, 6.712183389760403 ] ] } },
{ "type": "Feature", "properties": { "NAME": "Kalu Ganga", "CODE": 1 }, "geometry": { "type": "LineString", "coordinates": [ [ 80.107361166157744, 6.722030097301832 ], [ 80.107436401198598, 6.721168970115633 ], [ 80.10807030697373, 6.719684332519201 ], [ 80.10915705792425, 6.718374389138093 ], [ 80.109677659498118, 6.71694639823665 ], [ 80.109511333368033, 6.716029694986736 ], [ 80.108491545375443, 6.714134741053242 ], [ 80.108325221368887, 6.713218461511393 ], [ 80.10867212763624, 6.711617707508818 ], [ 80.109766324086834, 6.709907040682297 ], [ 80.109939952686005, 6.709392797728983 ], [ 80.110113190745153, 6.707963064350452 ], [ 80.109946800874397, 6.706989275407246 ], [ 80.109954127345134, 6.705959058960244 ], [ 80.10984077268607, 6.705328844485477 ], [ 80.108489272659909, 6.70515830666608 ] ] } },
{ "type": "Feature", "properties": { "NAME": "Kalu Ganga", "CODE": 1 }, "geometry": { "type": "LineString", "coordinates": [ [ 80.010683848777944, 6.711502272944678 ], [ 80.011130163838885, 6.710754791887554 ], [ 80.011303774585514, 6.709496660011514 ], [ 80.01182451724388, 6.707554052251609 ], [ 80.011378976727713, 6.705662510245788 ], [ 80.011560011600238, 6.703030971061354 ] ] } },
{ "type": "Feature", "properties": { "NAME": "Kalu Ganga", "CODE": 1 }, "geometry": { "type": "LineString", "coordinates": [ [ 80.011560011600238, 6.703030971061354 ], [ 80.010925789868423, 6.703599420275303 ], [ 80.010578709501715, 6.70457016567533 ], [ 80.010231461110976, 6.706285410136188 ], [ 80.010163669814418, 6.708345289984621 ], [ 80.010276992797046, 6.7097765330052 ], [ 80.010683848777944, 6.711502272944678 ] ] } },
{ "type": "Feature", "properties": { "NAME": "Kalu Ganga", "CODE": 1 }, "geometry": { "type": "LineString", "coordinates": [ [ 80.01155999632384, 6.702630249419559 ], [ 80.011560011600238, 6.703030971061354 ] ] } },
{ "type": "Feature", "properties": { "NAME": "Kalu Ganga", "CODE": 1 }, "geometry": { "type": "LineString", "coordinates": [ [ 80.01155999632384, 6.702630249419559 ], [ 80.011567356926363, 6.700569850754767 ] ] } },
{ "type": "Feature", "properties": { "NAME": "Kalu Ganga", "CODE": 1 }, "geometry": { "type": "LineString", "coordinates": [ [ 80.108489272659909, 6.70515830666608 ], [ 80.11059520599494, 6.703743190865564 ], [ 80.1116441276682, 6.701888894017777 ], [ 80.113750249283299, 6.700738137133918 ], [ 80.115690260853199, 6.700293513593269 ], [ 80.118151350291981, 6.699935628139245 ], [ 80.123783546866363, 6.70045375320716 ], [ 80.126599531064741, 6.700535882193724 ], [ 80.12880419969936, 6.70106074120374 ], [ 80.130125892232201, 6.702733927146506 ], [ 80.130315262384045, 6.705026511622862 ], [ 80.131199235473147, 6.70696491205293 ], [ 80.131917195654168, 6.709344521386209 ], [ 80.1330654878942, 6.711723560328898 ], [ 80.134394810709281, 6.713484355126022 ], [ 80.136591823862815, 6.713479999950644 ], [ 80.138706043410735, 6.714269644389334 ], [ 80.140035310933655, 6.715766050365676 ], [ 80.141100503835204, 6.717792419574743 ], [ 80.14277703717174, 6.719376308395597 ], [ 80.145397893822974, 6.722367638316411 ] ] } },
{ "type": "Feature", "properties": { "NAME": "Bolgoda Lake", "CODE": 9 }, "geometry": { "type": "LineString", "coordinates": [ [ 79.971548058356703, 6.69672193002948 ], [ 79.972016261681247, 6.697529356176583 ], [ 79.972247928898611, 6.699819166885596 ], [ 79.972085166075985, 6.701822915694909 ], [ 79.971917055841345, 6.70251019250874 ], [ 79.971574437892286, 6.703083158260759 ], [ 79.97021374335857, 6.704229964500847 ], [ 79.969301810114999, 6.704803976457754 ], [ 79.969126695467537, 6.705147465185958 ], [ 79.969018253569459, 6.706464597499599 ], [ 79.969592764688201, 6.707952261473788 ], [ 79.970864494563187, 6.710182872084343 ], [ 79.972014356611254, 6.712699690452182 ], [ 79.972474774328717, 6.714302040771398 ] ] } },
{ "type": "Feature", "properties": { "NAME": "Bolgoda Lake", "CODE": 9 }, "geometry": { "type": "LineString", "coordinates": [ [ 79.942366612574659, 6.696421195195464 ], [ 79.941274219131188, 6.69597116007443 ], [ 79.938709907740048, 6.695266417471553 ] ] } },
{ "type": "Feature", "properties": { "NAME": "Kalu Ganga", "CODE": 1 }, "geometry": { "type": "LineString", "coordinates": [ [ 79.948678217306139, 6.740972539442299 ], [ 79.948980493796768, 6.737826107018967 ], [ 79.949622503975036, 6.734167199626768 ], [ 79.949011073774187, 6.731588085474726 ], [ 79.948331784711328, 6.729523315265548 ], [ 79.947833721794254, 6.726944391452778 ], [ 79.947614921006078, 6.724596250126584 ], [ 79.947796315325917, 6.721964353643761 ], [ 79.947690733643739, 6.720704663979418 ], [ 79.947403831659244, 6.720187885796899 ], [ 79.947351041222262, 6.719558040965167 ], [ 79.94781932621683, 6.71761459653768 ], [ 79.946679358484772, 6.716806302338159 ], [ 79.946279221470363, 6.71634571022972 ], [ 79.945139349419151, 6.715651580300714 ], [ 79.943259479446169, 6.71546740609382 ], [ 79.941258914962916, 6.714653406490288 ], [ 79.940692730462303, 6.714306131032972 ], [ 79.940292715843597, 6.713903042483833 ], [ 79.939839789385033, 6.713155667552963 ], [ 79.938933957006284, 6.711318416164528 ], [ 79.938201878860113, 6.70908173362202 ], [ 79.938051214142988, 6.70513141557017 ], [ 79.938172172605178, 6.703815875455367 ], [ 79.938059000005893, 6.702670340327518 ], [ 79.938414113595599, 6.700211267167293 ], [ 79.93836893867244, 6.698265124369236 ], [ 79.938489794014288, 6.696091070332381 ], [ 79.938709907740048, 6.695266417471553 ] ] } },
{ "type": "Feature", "properties": { "NAME": "Kalu Ganga", "CODE": 1 }, "geometry": { "type": "LineString", "coordinates": [ [ 80.063301107740259, 6.776771206598804 ], [ 80.06154136298025, 6.773727310559093 ], [ 80.060967470834072, 6.772979846002612 ], [ 80.0604008819396, 6.77183166680727 ], [ 80.059555137464983, 6.770567778126791 ], [ 80.058701653825011, 6.769475131721933 ], [ 80.058301463926895, 6.769186576876343 ], [ 80.056821278564684, 6.767174421769663 ], [ 80.055008710378303, 6.764244742119893 ], [ 80.05347574357549, 6.762575717312234 ], [ 80.05284892288968, 6.76159926280393 ], [ 80.05182196980499, 6.760734407738078 ], [ 80.051421748248828, 6.760618091849622 ], [ 80.050455144810371, 6.759524560423175 ], [ 80.048642781501968, 6.756880993974803 ], [ 80.048030484812628, 6.751611609337989 ], [ 80.046965441744774, 6.747198530526326 ], [ 80.046512219096257, 6.745993565427343 ], [ 80.046111998711908, 6.745648059515529 ], [ 80.044639345106859, 6.74254859376305 ], [ 80.045046721682098, 6.740032665046237 ], [ 80.044940821624536, 6.738200707019488 ], [ 80.044548021711009, 6.737053622253109 ], [ 80.044034539003022, 6.736077329402426 ], [ 80.043875802484166, 6.734702818870528 ], [ 80.043301937544555, 6.733841170429999 ], [ 80.042969572789147, 6.732408327160452 ], [ 80.042916493324228, 6.731320669679805 ], [ 80.043090024827251, 6.729833473657712 ], [ 80.042191217762607, 6.727023675022192 ], [ 80.041971976339269, 6.724332308624724 ], [ 80.04140549160023, 6.722039311399716 ], [ 80.041246747915238, 6.720722167902625 ], [ 80.040060991727799, 6.716994767598774 ], [ 80.039434264033758, 6.715960653264644 ], [ 80.037901449148862, 6.714177146066156 ], [ 80.035387318482435, 6.713418557412465 ], [ 80.034307727708821, 6.713240311166689 ], [ 80.032933661350114, 6.713289251320024 ], [ 80.030932981898815, 6.712991483165562 ], [ 80.029853356231783, 6.712698634086411 ], [ 80.028486774684822, 6.711774873265474 ], [ 80.028147017826782, 6.711429306880897 ], [ 80.028260203513241, 6.711029320700675 ], [ 80.027859953782738, 6.710683238579241 ], [ 80.027633568989486, 6.710281324430256 ], [ 80.027580575522336, 6.709250753035784 ], [ 80.027701326454022, 6.708336027430943 ], [ 80.028508939387834, 6.706337733846405 ], [ 80.028569223984206, 6.705822791401968 ], [ 80.028395576021722, 6.705363872883108 ], [ 80.027482051880796, 6.704785989990991 ], [ 80.026228735560878, 6.704263402684173 ], [ 80.025602099985761, 6.703802099783792 ], [ 80.025035796061417, 6.703169210165465 ], [ 80.024356272592698, 6.702077633824906 ], [ 80.022423425883204, 6.700062597281885 ], [ 80.021223068242577, 6.699025470644631 ], [ 80.020203715200523, 6.697931533882707 ], [ 80.017636762892394, 6.696027702800071 ], [ 80.015817342553859, 6.695329861363135 ], [ 80.014730259597812, 6.695323101683602 ], [ 80.014330226913941, 6.695492467316698 ], [ 80.013243071510971, 6.69663106793031 ], [ 80.012782615749373, 6.697486341832721 ], [ 80.011567356926363, 6.700569850754767 ] ] } },
{ "type": "Feature", "properties": { "NAME": "Bolgoda Lake", "CODE": 9 }, "geometry": { "type": "LineString", "coordinates": [ [ 79.954477636831314, 6.74461217625105 ], [ 79.955282219664696, 6.744725005571545 ], [ 79.956588555764242, 6.744437391015408 ], [ 79.958132078039526, 6.743003832380817 ], [ 79.958923658165702, 6.741800318358922 ], [ 79.95943411251335, 6.740712197871467 ], [ 79.959770190557109, 6.739509336686284 ], [ 79.95981929874614, 6.737391104808389 ], [ 79.960553603219481, 6.734069600844407 ], [ 79.961285211291695, 6.732408745668402 ], [ 79.963050933508313, 6.729658226418419 ], [ 79.963381582922352, 6.727196117420094 ], [ 79.964738955552846, 6.723530442322575 ], [ 79.965477998564566, 6.721926248812262 ], [ 79.966497978713733, 6.720264442605611 ], [ 79.969342882049332, 6.716882936527778 ], [ 79.970706096841184, 6.71413327129407 ], [ 79.970586627955299, 6.71298828966798 ], [ 79.970238779392574, 6.712129908514576 ], [ 79.96938259882026, 6.711100998420088 ], [ 79.968345337228399, 6.709442596392754 ], [ 79.967423269317337, 6.706925015251993 ], [ 79.967243712519888, 6.705322275116582 ], [ 79.967411361662187, 6.704920984639513 ], [ 79.969637829489102, 6.703601100927707 ], [ 79.970489357776927, 6.702798653777671 ], [ 79.970778483281222, 6.702397136009217 ], [ 79.97088607659694, 6.701595875825246 ], [ 79.97013794983819, 6.69953596055841 ], [ 79.969273408262282, 6.698964699069696 ], [ 79.96864489715955, 6.698049764468959 ], [ 79.968123094004056, 6.696791087469237 ], [ 79.967782327535375, 6.696276492494389 ], [ 79.967206237800241, 6.695762077415303 ], [ 79.966859036966085, 6.694560486682565 ], [ 79.96560114423599, 6.693188130135304 ], [ 79.963195645090551, 6.692619276559054 ], [ 79.962057051472925, 6.692621218132039 ], [ 79.960971861379818, 6.692336130518034 ], [ 79.960401714382868, 6.692852476808095 ], [ 79.960059824789184, 6.693024576929666 ], [ 79.959490362773892, 6.693082698519688 ], [ 79.958625916722085, 6.692511562412936 ], [ 79.95799093932672, 6.690909481900476 ], [ 79.957649808623771, 6.690623781174055 ], [ 79.957247430314141, 6.690624528025076 ], [ 79.956677472589703, 6.69102599612816 ], [ 79.956684370001867, 6.691426441600062 ], [ 79.956455375733, 6.692170835408903 ], [ 79.955998760704091, 6.692915840523109 ], [ 79.954973015772808, 6.693432836683802 ], [ 79.95234692915146, 6.693149972406259 ], [ 79.951549656313304, 6.693323144000447 ], [ 79.951033718419737, 6.693152162459556 ], [ 79.949547543432445, 6.692123586908632 ], [ 79.948173467324537, 6.692182751517707 ], [ 79.947154100868516, 6.693444088982798 ], [ 79.946241783796523, 6.694246391292099 ], [ 79.945611353679723, 6.694419409011187 ], [ 79.944411987174774, 6.694421207069999 ], [ 79.943272552245602, 6.694880760725217 ], [ 79.942930199785891, 6.695281746631715 ], [ 79.942366612574659, 6.696421195195464 ] ] } },
{ "type": "Feature", "properties": { "NAME": "Bolgoda Lake", "CODE": 9 }, "geometry": { "type": "LineString", "coordinates": [ [ 79.938709907740048, 6.695266417471553 ], [ 79.93807263747388, 6.694887794841394 ], [ 79.937269752017102, 6.693744056648119 ], [ 79.937552862146291, 6.692484320367721 ], [ 79.937601064978708, 6.690938767928579 ], [ 79.938567332128997, 6.6896205616591 ], [ 79.938681854709273, 6.689219758117699 ] ] } },
{ "type": "Feature", "properties": { "NAME": "Kalu Ganga", "CODE": 1 }, "geometry": { "type": "LineString", "coordinates": [ [ 80.187292839476726, 6.686484071243978 ], [ 80.186379839973384, 6.687509130286155 ], [ 80.185919681660877, 6.688422107950207 ], [ 80.18573895849849, 6.689565883406577 ], [ 80.185852878950627, 6.691226190229068 ], [ 80.185559018366078, 6.692541231333904 ], [ 80.184351914860741, 6.694594621163672 ], [ 80.183198038258084, 6.697278282491369 ], [ 80.18216439490574, 6.698932550066711 ], [ 80.181877704741638, 6.699560015355825 ], [ 80.181817507684386, 6.700018047511029 ], [ 80.180957636569516, 6.701729889188076 ], [ 80.180437643114104, 6.70430281459322 ], [ 80.179796926370628, 6.706531096527018 ], [ 80.177849968399812, 6.708809655581395 ], [ 80.177155853243306, 6.710064855994592 ], [ 80.176695875976606, 6.711493293873867 ], [ 80.176342071210982, 6.714181291982515 ], [ 80.175595221418888, 6.715436142249752 ], [ 80.174848005572017, 6.716176224559374 ], [ 80.173247905801873, 6.717254673711047 ], [ 80.17170081339421, 6.719248681920516 ], [ 80.171180597904112, 6.721020403586516 ], [ 80.171422959791087, 6.723020981027949 ] ] } },
{ "type": "Feature", "properties": { "NAME": "Kalu Ganga", "CODE": 1 }, "geometry": { "type": "LineString", "coordinates": [ [ 80.011567356926363, 6.700569850754767 ], [ 80.011114407846136, 6.700452578545279 ], [ 80.010653929812236, 6.700679072691172 ], [ 80.010193435929352, 6.700733323898295 ], [ 80.009740363777055, 6.700558965807684 ], [ 80.009053381578312, 6.700154352170112 ], [ 80.00718111491112, 6.698540502484605 ], [ 80.004901169409479, 6.697382120878591 ], [ 80.00444051878452, 6.69749345111035 ], [ 80.003074120631595, 6.69737107109165 ], [ 80.000560179984717, 6.696726346563276 ], [ 79.999420206522956, 6.696604735864691 ], [ 79.998793608966295, 6.696143402560963 ], [ 79.997880136793626, 6.695164891059943 ], [ 79.996347571709521, 6.693095007613802 ], [ 79.992482211299475, 6.689466026128644 ], [ 79.991515803557462, 6.68757138917884 ], [ 79.991009993560411, 6.685908644661412 ], [ 79.990383408360259, 6.684874623811654 ], [ 79.988790599600961, 6.684864745762554 ], [ 79.987582663605465, 6.685373048459417 ], [ 79.986842824459885, 6.685082068280653 ], [ 79.986503095639847, 6.68479384488661 ], [ 79.98587661288046, 6.683702735502314 ], [ 79.985257569794555, 6.68295470762904 ], [ 79.983943928702985, 6.682088433056958 ], [ 79.982834166137579, 6.681749803786837 ] ] } },
{ "type": "Feature", "properties": { "NAME": "Kalu Ganga", "CODE": 1 }, "geometry": { "type": "LineString", "coordinates": [ [ 79.982834166137579, 6.681749803786837 ], [ 79.982117059831182, 6.682535115569546 ], [ 79.980901679958095, 6.685389489790397 ], [ 79.980214671112478, 6.68612948965812 ], [ 79.977866918249845, 6.687660337099146 ], [ 79.976945914579161, 6.688799542103142 ], [ 79.975972018662816, 6.690567855156806 ], [ 79.975564390005673, 6.692282117907403 ], [ 79.975103858812233, 6.693366957193103 ], [ 79.974582945969729, 6.694164864933875 ], [ 79.973669549520295, 6.695132539011006 ], [ 79.971548058356703, 6.69672193002948 ] ] } },
{ "type": "Feature", "properties": { "NAME": "Kalu Ganga", "CODE": 1 }, "geometry": { "type": "LineString", "coordinates": [ [ 79.91799551980634, 6.682106260044158 ], [ 79.919822271294962, 6.682519320607289 ], [ 79.921528249030743, 6.683388691141092 ], [ 79.923581397456843, 6.685004552522337 ], [ 79.924147592007415, 6.685237393286572 ], [ 79.924834523738355, 6.685241825353257 ], [ 79.926034887035584, 6.684849251002665 ], [ 79.927529686037985, 6.683771330399455 ], [ 79.930443790067315, 6.682073141646825 ], [ 79.931591241775649, 6.681623095792979 ], [ 79.93216503626843, 6.681626758832365 ], [ 79.932678224484732, 6.682030749779861 ], [ 79.933183971727985, 6.68323573262182 ], [ 79.934316161951202, 6.684902970204962 ], [ 79.937554447918799, 6.688301120923272 ], [ 79.938681854709273, 6.689219758117699 ] ] } },
{ "type": "Feature", "properties": { "NAME": "Bolgoda Lake", "CODE": 9 }, "geometry": { "type": "LineString", "coordinates": [ [ 79.938681854709273, 6.689219758117699 ], [ 79.939192450666198, 6.688074006819067 ], [ 79.939983774126446, 6.686985388807562 ], [ 79.941070894980612, 6.686067953768259 ], [ 79.941754700813277, 6.685665848714967 ], [ 79.944033718697483, 6.684632149534457 ], [ 79.945120346052988, 6.684001251485111 ], [ 79.945972064130274, 6.683083973512826 ], [ 79.946596477577174, 6.681938402230967 ], [ 79.947166527463324, 6.681479155417917 ], [ 79.948244746638622, 6.681306034613401 ], [ 79.949906745916792, 6.681590131256965 ], [ 79.950992361165788, 6.681473676495453 ], [ 79.951788992513727, 6.681758726272067 ], [ 79.952252064523194, 6.68175808400446 ], [ 79.952707885552215, 6.681528529185481 ] ] } },
{ "type": "Feature", "properties": { "NAME": "Kalu Ganga", "CODE": 1 }, "geometry": { "type": "LineString", "coordinates": [ [ 79.952707885552215, 6.681528529185481 ], [ 79.952653094866889, 6.68052410373389 ] ] } },
{ "type": "Feature", "properties": { "NAME": "Bolgoda Lake", "CODE": 9 }, "geometry": { "type": "LineString", "coordinates": [ [ 79.952707885552215, 6.681528529185481 ], [ 79.953102909593952, 6.681356097871183 ], [ 79.953787150858659, 6.680725498532266 ], [ 79.954531617076043, 6.680380981840742 ], [ 79.955609857360756, 6.680150619276311 ], [ 79.956695207267899, 6.680320700208372 ], [ 79.957043323962466, 6.680949762807374 ], [ 79.957042565938494, 6.681407844754604 ], [ 79.957337423923761, 6.682151693207057 ], [ 79.959218733327731, 6.682892933746605 ], [ 79.959453484007781, 6.683236106466907 ], [ 79.95968615636518, 6.684838934494354 ], [ 79.960027379219099, 6.685067408579521 ], [ 79.960771070977557, 6.685237907569717 ], [ 79.960945027353944, 6.685638204769124 ], [ 79.960381246266337, 6.686841687792617 ], [ 79.96044069800287, 6.687642796035419 ], [ 79.961070384635107, 6.687870756072283 ], [ 79.961867599094063, 6.68781244159586 ], [ 79.962611248672545, 6.687925713148202 ], [ 79.963415177472527, 6.688382857420624 ], [ 79.964726665298571, 6.689468190672588 ], [ 79.965189557364724, 6.689582552325798 ], [ 79.965872766507985, 6.689581269894254 ], [ 79.96626779402051, 6.689408828292747 ], [ 79.966671038421325, 6.688835823445867 ], [ 79.96655209236981, 6.687290407324562 ], [ 79.966659687143164, 6.686488582825588 ], [ 79.967505871338986, 6.684312017072319 ], [ 79.96750746156799, 6.683338908426992 ], [ 79.967175518248425, 6.682316790158811 ] ] } },
{ "type": "Feature", "properties": { "NAME": "Bolgoda Lake", "CODE": 9 }, "geometry": { "type": "LineString", "coordinates": [ [ 79.967175518248425, 6.682316790158811 ], [ 79.967155439770309, 6.680419988736925 ], [ 79.967263124216544, 6.67956093852104 ], [ 79.967545492990638, 6.678701749442241 ], [ 79.970173129063227, 6.677953624628043 ], [ 79.970688896767101, 6.678181951389329 ], [ 79.97074129264972, 6.678639697430911 ], [ 79.970459256833465, 6.679384439017261 ], [ 79.970177895042852, 6.679671096741724 ], [ 79.969835085381078, 6.680415738880602 ], [ 79.970644243867923, 6.682303652200479 ], [ 79.970476607387013, 6.68270480408078 ], [ 79.969563691337413, 6.683908297820707 ], [ 79.97019895905062, 6.685395917208845 ], [ 79.97019783983427, 6.686082900947014 ], [ 79.970030131376703, 6.686483628413322 ], [ 79.9694597201552, 6.6871716625241 ], [ 79.969693897702768, 6.687915407106646 ], [ 79.970383102841083, 6.688830438293767 ], [ 79.970783616233106, 6.689974465016054 ], [ 79.970843572586588, 6.690432788490257 ], [ 79.970674534150959, 6.691692175042658 ], [ 79.970278478949936, 6.69249437862569 ], [ 79.969085853005652, 6.692954050181617 ], [ 79.968347976718832, 6.693928358281819 ], [ 79.968574380408171, 6.694672514566273 ], [ 79.969150706137853, 6.695129279364875 ], [ 79.970637800886337, 6.695585126781637 ], [ 79.971320086161796, 6.696156512542888 ], [ 79.971548058356703, 6.69672193002948 ] ] } },
{ "type": "Feature", "properties": { "NAME": "Kalu Ganga", "CODE": 1 }, "geometry": { "type": "LineString", "coordinates": [ [ 79.967175518248425, 6.682316790158811 ], [ 79.966641498210336, 6.681754121352932 ], [ 79.966135665927681, 6.68054916296629 ], [ 79.965395889858371, 6.679457141503439 ], [ 79.964482496436574, 6.678707620806916 ], [ 79.964203180281189, 6.67830531519374 ], [ 79.963063334810201, 6.677497206949024 ], [ 79.96260288440925, 6.676979022698913 ], [ 79.96186295742649, 6.676631489283342 ] ] } },
{ "type": "Feature", "properties": { "NAME": "Kalu Ganga", "CODE": 1 }, "geometry": { "type": "LineString", "coordinates": [ [ 79.952653094866889, 6.68052410373389 ], [ 79.953460834216301, 6.679270027891693 ], [ 79.953861056067311, 6.679157796596891 ], [ 79.954948086959178, 6.679164545176749 ], [ 79.955974720534527, 6.679457175398099 ], [ 79.957001381420497, 6.679520620758911 ], [ 79.958714927730057, 6.679187730781861 ], [ 79.960262576994552, 6.678281179740575 ], [ 79.961636597220831, 6.67703070427225 ], [ 79.96186295742649, 6.676631489283342 ] ] } },
{ "type": "Feature", "properties": { "NAME": "Kalu Ganga", "CODE": 1 }, "geometry": { "type": "LineString", "coordinates": [ [ 79.96186295742649, 6.676631489283342 ], [ 79.961888766633606, 6.676019575781867 ] ] } },
{ "type": "Feature", "properties": { "NAME": null, "CODE": 6 }, "geometry": { "type": "LineString", "coordinates": [ [ 79.957939868095195, 6.67585340728622 ], [ 79.958227282390922, 6.676482792637114 ], [ 79.957875667759595, 6.677971618967963 ], [ 79.956865505741987, 6.678316549950718 ], [ 79.956397717735371, 6.67659987169505 ], [ 79.956793399016746, 6.676027003555803 ], [ 79.957939868095195, 6.67585340728622 ] ] } },
{ "type": "Feature", "properties": { "NAME": "Kalu Ganga", "CODE": 1 }, "geometry": { "type": "LineString", "coordinates": [ [ 79.950166950400757, 6.675693142018225 ], [ 79.950403645068647, 6.676136076396102 ], [ 79.951770122003325, 6.677346717535904 ], [ 79.951943614690023, 6.677977329070382 ], [ 79.951988817902944, 6.679179553392707 ], [ 79.952653094866889, 6.68052410373389 ] ] } },
{ "type": "Feature", "properties": { "NAME": null, "CODE": 6 }, "geometry": { "type": "LineString", "coordinates": [ [ 79.952832025747227, 6.675377257525276 ], [ 79.951769280244861, 6.675347373078877 ], [ 79.950166950400757, 6.675693142018225 ] ] } },
{ "type": "Feature", "properties": { "NAME": "Kalu Ganga", "CODE": 1 }, "geometry": { "type": "MultiLineString", "coordinates": [ [ [ 80.197705483085656, 6.724871075972973 ], [ 80.198180769205194, 6.724092062875944 ], [ 80.198754395794253, 6.723465913158592 ], [ 80.199614751730948, 6.722898314750826 ], [ 80.201562346773372, 6.722107733461833 ], [ 80.202128491224727, 6.721710764601066 ], [ 80.202755570437958, 6.720872130334152 ] ], [ [ 80.203910189445097, 6.719476721814742 ], [ 80.205056259117598, 6.718487343650041 ] ], [ [ 80.206162600213489, 6.716040982627614 ], [ 80.206879825676282, 6.713689466100878 ] ], [ [ 80.206993881199082, 6.713108294704403 ], [ 80.20799747457302, 6.711154690136038 ], [ 80.207891027367225, 6.709322707774078 ], [ 80.207497404998279, 6.707087962488781 ], [ 80.20767036029811, 6.70565816862868 ], [ 80.208304069333693, 6.704746216226877 ], [ 80.209677626008926, 6.703666111116814 ], [ 80.210651108534961, 6.70264135961547 ], [ 80.211171516524729, 6.701671056028863 ], [ 80.211457988624346, 6.700585181038366 ], [ 80.21140486601989, 6.700069926974016 ], [ 80.211064634115871, 6.699094966836229 ], [ 80.2110112201661, 6.697721150819071 ], [ 80.211704634746084, 6.69537855973459 ], [ 80.211937913439414, 6.69383395107533 ], [ 80.212978567511101, 6.691264535538997 ], [ 80.21361248748002, 6.690638290065768 ], [ 80.215718816524713, 6.690707370853497 ], [ 80.216639677261341, 6.690311629446307 ], [ 80.217379172378813, 6.689686204241582 ], [ 80.21795264306779, 6.688888341385572 ], [ 80.218012548399514, 6.688030128487841 ], [ 80.219333072152523, 6.686663931119305 ], [ 80.220540570161106, 6.68575472159135 ], [ 80.222260937976671, 6.683875322259839 ], [ 80.22328703121741, 6.682507653186562 ], [ 80.224267474252031, 6.680624311834299 ], [ 80.225640757242857, 6.679315522259696 ], [ 80.227021479537825, 6.677663367125192 ], [ 80.229081550760938, 6.675671553507349 ], [ 80.231375815714387, 6.67431020391423 ] ] ] } },
{ "type": "Feature", "properties": { "NAME": null, "CODE": 6 }, "geometry": { "type": "LineString", "coordinates": [ [ 79.950166950400757, 6.675693142018225 ], [ 79.949142337051711, 6.675637034292113 ], [ 79.94845857635552, 6.675981644702601 ], [ 79.947661356527192, 6.676097588437731 ], [ 79.947198481893224, 6.675983777462211 ], [ 79.946803628089427, 6.676098555800783 ], [ 79.946688757394853, 6.676671460745336 ], [ 79.947036833531484, 6.677357612236717 ], [ 79.947035683134587, 6.678044733525419 ], [ 79.946754310426229, 6.67833123503285 ], [ 79.945614724164813, 6.67890524877989 ], [ 79.945038197941486, 6.678677360322387 ], [ 79.944068259191795, 6.677705452088131 ], [ 79.944116389240008, 6.67610267041122 ], [ 79.944398531477731, 6.675357807233524 ], [ 79.946336765175516, 6.673809624452052 ], [ 79.947019757784275, 6.673922815106386 ], [ 79.947763138557974, 6.67426542950427 ], [ 79.948453979966274, 6.674207097783955 ], [ 79.950330352821027, 6.673345776466483 ], [ 79.951021287873843, 6.673230498692145 ], [ 79.95141597049053, 6.673344192452483 ], [ 79.951589869725524, 6.673687266616993 ], [ 79.951931081041849, 6.673915745015722 ], [ 79.953023619499319, 6.674258084519193 ], [ 79.952832025747227, 6.675377257525276 ] ] } },
{ "type": "Feature", "properties": { "NAME": "Kalu Ganga", "CODE": 1 }, "geometry": { "type": "LineString", "coordinates": [ [ 79.987929270963463, 6.656128533296525 ], [ 79.986895205904347, 6.657724686356285 ], [ 79.986668712895934, 6.658581720567464 ], [ 79.985687411213846, 6.66040742096096 ], [ 79.985053355989223, 6.662578437579769 ], [ 79.985332672316787, 6.663209352001443 ], [ 79.985385464121819, 6.663782114984324 ], [ 79.985385500306222, 6.664469103658454 ], [ 79.985038302225178, 6.66612681828552 ], [ 79.985204414128305, 6.667158130941496 ], [ 79.985944182080715, 6.668364153275522 ], [ 79.987363423228089, 6.669860915498042 ], [ 79.987476674329031, 6.670720184753914 ], [ 79.987129457143325, 6.672034688974197 ], [ 79.986027345316913, 6.674488967815522 ], [ 79.985514004407165, 6.675172311912466 ], [ 79.984140162679935, 6.676480370121071 ], [ 79.983619171133427, 6.67739330770271 ], [ 79.983272000699515, 6.678535706987232 ], [ 79.983158883576664, 6.679450991693222 ], [ 79.983204108046095, 6.680996433446927 ], [ 79.982834166137579, 6.681749803786837 ] ] } },
{ "type": "Feature", "properties": { "NAME": "Kalu Ganga", "CODE": 1 }, "geometry": { "type": "LineString", "coordinates": [ [ 79.987929270963463, 6.656128533296525 ], [ 79.987015968070622, 6.6561229868726 ], [ 79.986502559907947, 6.656463122848442 ], [ 79.985815646276038, 6.6566878248541 ], [ 79.984562580625735, 6.656737404740825 ], [ 79.983128264200005, 6.657186564235829 ], [ 79.982214889151962, 6.658154265547815 ], [ 79.981754429059137, 6.659582329529455 ], [ 79.981520483111524, 6.659924036544356 ], [ 79.980607013633133, 6.660548381001896 ], [ 79.977572491833513, 6.661674597461028 ], [ 79.976311825836973, 6.662926016965804 ], [ 79.975451244646706, 6.663435702243395 ], [ 79.973284750271787, 6.664109582739836 ], [ 79.971790160929061, 6.664844451994705 ], [ 79.969276279181443, 6.665516054990054 ], [ 79.968589260582362, 6.666141448578867 ], [ 79.968189276312117, 6.666940114493961 ], [ 79.967442001647882, 6.667507758806803 ], [ 79.966468099475634, 6.669161887605938 ], [ 79.964452481009573, 6.672011376423242 ], [ 79.962444307976384, 6.675432835187335 ], [ 79.961888766633606, 6.676019575781867 ] ] } },
{ "type": "Feature", "properties": { "NAME": "Kalu Ganga", "CODE": 1 }, "geometry": { "type": "LineString", "coordinates": [ [ 79.988133052214124, 6.655733222848251 ], [ 79.987929270963463, 6.656128533296525 ] ] } },
{ "type": "Feature", "properties": { "NAME": "Kalu Ganga", "CODE": 1 }, "geometry": { "type": "LineString", "coordinates": [ [ 79.988133052214124, 6.655733222848251 ], [ 79.988616193011239, 6.655674643309693 ], [ 79.989250271652594, 6.655792641725627 ], [ 79.990216577186061, 6.657000852783852 ], [ 79.99060906437353, 6.657117761186187 ], [ 79.992730323347018, 6.655928413767223 ], [ 79.993756858912818, 6.656049285542295 ], [ 79.99409659476207, 6.656279852957749 ], [ 79.995357280041546, 6.656688065834519 ], [ 79.997410523512499, 6.656643527477148 ], [ 79.998437077667717, 6.656077540244582 ], [ 80.000505365778793, 6.654315392760164 ], [ 80.002105512908273, 6.653409197321404 ], [ 80.002679269366126, 6.65324109720627 ], [ 80.004158871211061, 6.653192528265202 ], [ 80.007925753030634, 6.653959675125572 ] ] } },
{ "type": "Feature", "properties": { "NAME": "Kalu Ganga", "CODE": 1 }, "geometry": { "type": "LineString", "coordinates": [ [ 80.094117360146114, 6.652360281110978 ], [ 80.094125412381842, 6.654476697785316 ], [ 80.094405381179953, 6.657210406818392 ], [ 80.093265969158068, 6.658976235922209 ], [ 80.091159988089956, 6.659774233290984 ], [ 80.089491937748235, 6.661012271299364 ], [ 80.088707373385105, 6.663394648238056 ], [ 80.08757544054663, 6.665601752728421 ], [ 80.087591831959429, 6.671157718179784 ], [ 80.088136115010187, 6.674155318667645 ], [ 80.089638715174488, 6.675827856421569 ], [ 80.091752723246231, 6.676793600287639 ], [ 80.092553482871139, 6.678820533470682 ], [ 80.092305389098655, 6.683671469878377 ], [ 80.093898796787272, 6.685785123335729 ], [ 80.096541275234344, 6.686573681144591 ], [ 80.099183734340542, 6.687538569080387 ], [ 80.100430573137174, 6.692121954028886 ], [ 80.100884109197565, 6.69441419123265 ], [ 80.103006307218124, 6.697849141632175 ], [ 80.103807119071305, 6.699788032350426 ], [ 80.104872105133879, 6.701726009316133 ], [ 80.106284491329617, 6.703839951493825 ], [ 80.108489272659909, 6.70515830666608 ] ] } },
{ "type": "Feature", "properties": { "NAME": "Kalu Ganga", "CODE": 1 }, "geometry": { "type": "LineString", "coordinates": [ [ 79.991581973621891, 6.646844121080139 ], [ 79.991393834099057, 6.648079050161549 ], [ 79.98960502040309, 6.651445189197345 ], [ 79.988133052214124, 6.655733222848251 ] ] } },
{ "type": "Feature", "properties": { "NAME": "Kalu Ganga", "CODE": 1 }, "geometry": { "type": "LineString", "coordinates": [ [ 79.99205026079801, 6.640013248086333 ], [ 79.991121944932033, 6.643499017594864 ], [ 79.990948396739739, 6.644757142526639 ], [ 79.991061614784869, 6.645730580454002 ], [ 79.991280568187975, 6.646418622155496 ], [ 79.991581973621891, 6.646844121080139 ] ] } },
{ "type": "Feature", "properties": { "NAME": "Kalu Ganga", "CODE": 1 }, "geometry": { "type": "LineString", "coordinates": [ [ 80.052995792190927, 6.679983554417899 ], [ 80.052603075439109, 6.678836476513188 ], [ 80.051523301253908, 6.677571116227686 ], [ 80.050216940456068, 6.674930719341366 ], [ 80.05023896866102, 6.670695297613964 ], [ 80.049951925786402, 6.669777702329958 ], [ 80.048932541178146, 6.667825711327049 ], [ 80.048653088820672, 6.66679409801075 ], [ 80.047226207290279, 6.665697923796842 ], [ 80.045527227383587, 6.662711889661712 ], [ 80.043767982682454, 6.660354403876314 ], [ 80.042522088513223, 6.657542828297453 ], [ 80.041268750209696, 6.656047443433984 ], [ 80.040989333648852, 6.655244450154252 ], [ 80.041162849354009, 6.654214916738851 ], [ 80.040090442422752, 6.650889122803578 ], [ 80.039237369222434, 6.649911058290879 ], [ 80.036217675944854, 6.648634038160205 ], [ 80.034171788265368, 6.646790289007106 ], [ 80.03297135597532, 6.64529496697097 ], [ 80.032744864138678, 6.644835971931259 ], [ 80.032419872481171, 6.641914691850269 ], [ 80.031566746357129, 6.639620698002412 ], [ 80.030660728589325, 6.638585034412103 ], [ 80.028894290520725, 6.637543983350373 ], [ 80.023647945737679, 6.635967535062099 ], [ 80.021994618656521, 6.635327921385945 ], [ 80.019307328727052, 6.634968767500158 ], [ 80.017027795839653, 6.635183892948515 ], [ 80.015880456109102, 6.635577640604382 ], [ 80.014514225120124, 6.635684073644258 ], [ 80.013027146750233, 6.635618074982982 ], [ 80.011487289831877, 6.635780188143491 ], [ 80.009600302778225, 6.636341355104527 ], [ 80.006573365443543, 6.636666625006938 ], [ 80.004172911764655, 6.636480639912654 ], [ 80.003259657918335, 6.636646805073134 ], [ 80.00211230500733, 6.637269563639763 ], [ 79.999477939948349, 6.639142189040378 ], [ 79.996277426159708, 6.64038188625543 ], [ 79.995416954407091, 6.640949263418076 ], [ 79.994843264422741, 6.641804206089172 ], [ 79.993575234857389, 6.644429509641065 ], [ 79.992427851446379, 6.645681724101235 ], [ 79.991581973621891, 6.646844121080139 ] ] } },
{ "type": "Feature", "properties": { "NAME": "Kalu Ganga", "CODE": 1 }, "geometry": { "type": "LineString", "coordinates": [ [ 80.127037897928091, 6.627931067146611 ], [ 80.126124480104693, 6.627868837716064 ], [ 80.125550855024542, 6.627980002606933 ], [ 80.125150699665753, 6.628092381880342 ], [ 80.124403646881888, 6.628603062670241 ], [ 80.123890594215609, 6.629458683010656 ], [ 80.122849665212854, 6.631856346635992 ], [ 80.121009337179871, 6.63699689848079 ], [ 80.120601744982892, 6.637223859232457 ], [ 80.119568063063753, 6.638705745057687 ], [ 80.118134274041168, 6.640357227752172 ], [ 80.116360587161481, 6.641262748295532 ], [ 80.114020697436445, 6.641993144327714 ], [ 80.1131603466972, 6.642446144604778 ], [ 80.112873827910775, 6.643760998335847 ], [ 80.111432773839113, 6.646328505554089 ], [ 80.110285955715014, 6.648782793825835 ], [ 80.11005219169671, 6.649582812629675 ], [ 80.109992198854712, 6.650955899578929 ], [ 80.109638009442307, 6.653243095351664 ], [ 80.109117342030672, 6.654098684425087 ], [ 80.10809098554779, 6.655123297232142 ], [ 80.107630587849656, 6.655349326431929 ], [ 80.106369988099473, 6.655628397377257 ], [ 80.105917047387948, 6.655511214097825 ], [ 80.105003432856151, 6.654933473891005 ], [ 80.103636692288518, 6.653437510127805 ], [ 80.101937493200737, 6.650737489810923 ], [ 80.101537414035391, 6.650620657198522 ], [ 80.101137377675641, 6.650733014829866 ], [ 80.09993727586631, 6.651584280486573 ], [ 80.09913002618967, 6.653239373846148 ], [ 80.098609356404424, 6.653980354888549 ], [ 80.09798286057493, 6.654491859420158 ], [ 80.09712248229927, 6.654887742354433 ], [ 80.096609097780629, 6.654999376006084 ], [ 80.095408722670669, 6.654591354039407 ], [ 80.094117360146114, 6.652360281110978 ] ] } },
{ "type": "Feature", "properties": { "NAME": "Kuda Ganga", "CODE": 1 }, "geometry": { "type": "MultiLineString", "coordinates": [ [ [ 80.272998770594057, 6.617254231490027 ], [ 80.274099877951599, 6.617336880512532 ] ], [ [ 80.274991811631637, 6.618051104012839 ], [ 80.275575238585262, 6.618453070590831 ] ], [ [ 80.280009647859742, 6.618477549155935 ], [ 80.28209489572329, 6.617435522994247 ] ] ] } },
{ "type": "Feature", "properties": { "NAME": "Kalu Ganga", "CODE": 1 }, "geometry": { "type": "LineString", "coordinates": [ [ 80.060548820422724, 6.61547340332343 ], [ 80.061432296844416, 6.617323296302849 ], [ 80.067335525060841, 6.620046073876692 ], [ 80.07077784855376, 6.621362208554947 ], [ 80.072627377299042, 6.622240877038814 ], [ 80.076425137348537, 6.626290087815941 ], [ 80.07952889669356, 6.632898392983675 ], [ 80.080238984753493, 6.635366634038778 ], [ 80.080601901311269, 6.637746925571551 ], [ 80.081402517242523, 6.640214868090021 ], [ 80.082467375846406, 6.642153017485977 ], [ 80.084060368571159, 6.643737092774571 ], [ 80.085472390886011, 6.645586275910963 ], [ 80.087593981166478, 6.647257974183423 ], [ 80.090500543641781, 6.648751576280451 ], [ 80.092622297258174, 6.650687630121101 ], [ 80.094117360146114, 6.652360281110978 ] ] } },
{ "type": "Feature", "properties": { "NAME": "Kalu Ganga", "CODE": 1 }, "geometry": { "type": "LineString", "coordinates": [ [ 79.980138350832377, 6.615178837965629 ], [ 79.980930999938266, 6.617117854832443 ], [ 79.982259445242192, 6.618790952197303 ], [ 79.983761573316002, 6.620375869969292 ], [ 79.98552032966569, 6.621430899791487 ], [ 79.987815013929861, 6.621691404480407 ], [ 79.989400265809138, 6.623364185261368 ], [ 79.990464588247036, 6.625831508928609 ], [ 79.991528973801948, 6.627770235813587 ], [ 79.993823718305251, 6.628736076198455 ], [ 79.995929640626215, 6.628908788351429 ], [ 79.998926409374036, 6.628550750574578 ], [ 80.005523570362087, 6.628891615380434 ], [ 80.007199379763648, 6.629858702454094 ], [ 80.008346855973272, 6.631620482475417 ], [ 80.010196279359974, 6.632410922354931 ], [ 80.012219111948781, 6.631260602823608 ], [ 80.015721198644073, 6.627550359855711 ], [ 80.018363079598501, 6.626839827610198 ], [ 80.020469053579262, 6.6266597537801 ], [ 80.022756139055744, 6.625861761120722 ], [ 80.024688458567013, 6.62453575434718 ], [ 80.026612914977036, 6.622415767431552 ], [ 80.027133544240428, 6.619856914338883 ], [ 80.028438842576378, 6.61553327616878 ], [ 80.028423283166632, 6.611476835373251 ], [ 80.028671940662051, 6.608389677196441 ], [ 80.028399906194693, 6.605744573291266 ] ] } },
{ "type": "Feature", "properties": { "NAME": "Kuda Ganga", "CODE": 1 }, "geometry": { "type": "LineString", "coordinates": [ [ 80.2199944551096, 6.604834247798333 ], [ 80.220712142501696, 6.605910793269937 ], [ 80.222471833632056, 6.607694869553895 ], [ 80.222811776185836, 6.60826894079691 ], [ 80.223544983385082, 6.610276273053953 ], [ 80.224058810530806, 6.611309492270253 ], [ 80.224345888380455, 6.611769189175489 ], [ 80.224798843238332, 6.612000861430955 ], [ 80.225425385247533, 6.612061038850209 ], [ 80.225938636342008, 6.611949830099056 ], [ 80.228625544494292, 6.6111630179972 ], [ 80.229886100013857, 6.611170326722679 ], [ 80.231539464168236, 6.611751755885801 ], [ 80.232792646398593, 6.612044767551417 ], [ 80.23747288139252, 6.61241438061334 ], [ 80.239812814432597, 6.612312745620117 ], [ 80.242152846837797, 6.612383209079016 ], [ 80.243240050471243, 6.612617942029699 ], [ 80.244319764329404, 6.61325354700784 ], [ 80.246086919082089, 6.614636673687994 ], [ 80.249114369848868, 6.615626879506533 ], [ 80.251100760574047, 6.617526266586482 ], [ 80.253388406086074, 6.618397400719378 ], [ 80.255034463162659, 6.619265456276432 ], [ 80.25976833476615, 6.620893669265866 ], [ 80.261542472553685, 6.621189973961305 ], [ 80.262629353106448, 6.621081011687308 ], [ 80.266855623728361, 6.619387396845851 ], [ 80.272998770594057, 6.617254231490027 ] ] } },
{ "type": "Feature", "properties": { "NAME": "Kuda Ganga", "CODE": 1 }, "geometry": { "type": "LineString", "coordinates": [ [ 80.216869304284842, 6.60451891803182 ], [ 80.217397948291307, 6.604919115429881 ], [ 80.2183718757625, 6.605325459347981 ], [ 80.219398302892799, 6.605159576610643 ], [ 80.2199944551096, 6.604834247798333 ] ] } },
{ "type": "Feature", "properties": { "NAME": "Kuda Ganga", "CODE": 1 }, "geometry": { "type": "LineString", "coordinates": [ [ 80.216869304284842, 6.60451891803182 ], [ 80.214478024902277, 6.607478694734212 ], [ 80.213098108282765, 6.61033262596854 ], [ 80.212004436327831, 6.612101091947674 ], [ 80.210918031979247, 6.61318211789986 ], [ 80.210171121499812, 6.614093818032866 ], [ 80.210058038363726, 6.614493863864434 ], [ 80.208624503673306, 6.615859784889797 ], [ 80.207364665628972, 6.617455093496613 ], [ 80.206677952869725, 6.617737769636635 ], [ 80.205477816308559, 6.617902436616208 ], [ 80.202503602018027, 6.617771584307122 ], [ 80.201024293409347, 6.617992301005191 ], [ 80.199937446902254, 6.618443790108386 ], [ 80.198730080826351, 6.619238364938711 ], [ 80.195930223937182, 6.620596168249326 ], [ 80.193296486481628, 6.62212667968689 ], [ 80.192843704581037, 6.622238771483552 ], [ 80.192209534238728, 6.622292575495857 ], [ 80.191643398491593, 6.62217463280628 ], [ 80.190329642484286, 6.621480850625774 ], [ 80.188676063324152, 6.620384092628556 ], [ 80.188162797798583, 6.620495685346073 ], [ 80.187476086359055, 6.62100653897492 ], [ 80.186103053181299, 6.622773054584064 ], [ 80.185303064661085, 6.62322654322877 ], [ 80.184842649404132, 6.623338477171367 ], [ 80.183928899609285, 6.622474738931511 ], [ 80.182682402196491, 6.619892071798255 ], [ 80.182229242389155, 6.619489243526455 ], [ 80.181829168675506, 6.619486508062436 ], [ 80.181429319723321, 6.619770477291042 ], [ 80.179935290472244, 6.62130763646573 ], [ 80.179369320720866, 6.621647503388375 ], [ 80.17839564211836, 6.621985752507205 ], [ 80.17788243727469, 6.621925792031448 ], [ 80.177542554890593, 6.621694778639445 ], [ 80.177029123604044, 6.621234080736338 ], [ 80.175775346239291, 6.619452439470228 ], [ 80.175435607872515, 6.619221425023025 ], [ 80.175035534220896, 6.619219249325823 ], [ 80.174522271720917, 6.619445424778898 ], [ 80.173715325499188, 6.621215267316759 ], [ 80.172681525617051, 6.621953320799405 ], [ 80.171761229664398, 6.623722457134717 ], [ 80.171308523954067, 6.624235264694781 ], [ 80.170501103936772, 6.624745664270815 ], [ 80.169587828091281, 6.625026740349842 ], [ 80.169187678680331, 6.624967049062486 ], [ 80.168787596532965, 6.624735674244334 ], [ 80.168561052813317, 6.624391467395283 ], [ 80.168568172496336, 6.623532776946846 ], [ 80.16885445785033, 6.622160788361087 ], [ 80.168575062394979, 6.621815669641582 ], [ 80.168114498344337, 6.621583938485328 ], [ 80.16708780972013, 6.621349257608109 ], [ 80.166287662499471, 6.621459065041953 ], [ 80.165374535579119, 6.621969186172906 ], [ 80.164801140780597, 6.622595306431854 ], [ 80.1645146269083, 6.623566979887359 ], [ 80.164387254176305, 6.625912878134836 ], [ 80.163467207434792, 6.628025220750522 ], [ 80.161693491951127, 6.62881674296026 ], [ 80.157927000410524, 6.629481875360796 ], [ 80.157353376514507, 6.629707674070521 ], [ 80.156093068534233, 6.630501647033227 ], [ 80.154946162307297, 6.631811794949502 ], [ 80.154312809273421, 6.633696833212754 ], [ 80.151725268989225, 6.638032020285766 ], [ 80.150751811364714, 6.639171254980655 ], [ 80.150004692662819, 6.639682116241706 ], [ 80.149144236208087, 6.639962934627549 ], [ 80.146584752249623, 6.638689120806013 ], [ 80.144697328703501, 6.637934301382551 ], [ 80.143104416810672, 6.63752476792387 ], [ 80.140190617727569, 6.637507923551631 ], [ 80.138650820711888, 6.637785172937371 ], [ 80.13676390835225, 6.638575889035959 ], [ 80.136250551847652, 6.638572829028647 ], [ 80.135790128860108, 6.638398719454297 ], [ 80.134597066655033, 6.637247129136078 ], [ 80.132490027599019, 6.634430385281434 ], [ 80.131357147111302, 6.63270687526007 ], [ 80.130903988424791, 6.631674078346956 ], [ 80.129597322133606, 6.629491674303654 ], [ 80.128857346635968, 6.628686001245054 ], [ 80.128064572622733, 6.628166254161365 ], [ 80.127037897928091, 6.627931067146611 ] ] } },
{ "type": "Feature", "properties": { "NAME": "Kuda Ganga", "CODE": 1 }, "geometry": { "type": "LineString", "coordinates": [ [ 80.2199944551096, 6.604834247798333 ], [ 80.220598099834774, 6.604250339256039 ], [ 80.221058105460102, 6.603337314211769 ], [ 80.221065379991828, 6.602764897643196 ], [ 80.220611630022134, 6.601216828990546 ] ] } },
{ "type": "Feature", "properties": { "NAME": "Kuda Ganga", "CODE": 1 }, "geometry": { "type": "LineString", "coordinates": [ [ 80.217237233524855, 6.600508542640836 ], [ 80.216604627579898, 6.603369253110004 ], [ 80.216657766823047, 6.60399952998998 ], [ 80.216869304284842, 6.60451891803182 ] ] } },
{ "type": "Feature", "properties": { "NAME": "Kuda Ganga", "CODE": 1 }, "geometry": { "type": "LineString", "coordinates": [ [ 80.220611630022134, 6.601216828990546 ], [ 80.220158501564157, 6.600641783634962 ], [ 80.219698005701204, 6.600467610657213 ], [ 80.217931636678045, 6.600400368820694 ], [ 80.217237233524855, 6.600508542640836 ] ] } },
{ "type": "Feature", "properties": { "NAME": "Kalu Ganga", "CODE": 1 }, "geometry": { "type": "LineString", "coordinates": [ [ 79.980138350832377, 6.615178837965629 ], [ 79.982100957743754, 6.615857501837137 ], [ 79.982500920471949, 6.61551662013843 ], [ 79.98381431057372, 6.615009606706878 ], [ 79.986267413849703, 6.615424945805739 ], [ 79.987527954733963, 6.615318135515758 ], [ 79.987875098249617, 6.614461569720492 ], [ 79.988448813810152, 6.61366357502505 ], [ 79.988901582180588, 6.613437645785526 ], [ 79.991135850022388, 6.613050184713138 ], [ 79.992501954751233, 6.612486568678861 ], [ 79.992909591158437, 6.612202773855475 ], [ 79.993943606032659, 6.610148644923719 ], [ 79.995256903217054, 6.609641174129541 ], [ 79.995664423354867, 6.60752601064908 ], [ 79.996064423081819, 6.607242200607526 ], [ 79.997264591720011, 6.606734405814791 ], [ 79.997725012869736, 6.606851692665082 ], [ 79.998804401955397, 6.607544741621983 ], [ 79.999778011503921, 6.607379095985032 ], [ 80.000291268980646, 6.607096023007349 ], [ 80.001098878826056, 6.605898780649127 ], [ 80.001966633818242, 6.602126889698662 ], [ 80.00439663906991, 6.596593430897216 ] ] } },
{ "type": "Feature", "properties": { "NAME": "Kalu Ganga", "CODE": 1 }, "geometry": { "type": "LineString", "coordinates": [ [ 79.963163104628109, 6.592367512889901 ], [ 79.965276468382385, 6.593333731793654 ], [ 79.970665601013721, 6.59888056444818 ], [ 79.973405431976076, 6.603637640952696 ], [ 79.97490748891785, 6.605399058161389 ], [ 79.975881197659788, 6.607690058815491 ], [ 79.97668124135771, 6.609981911452413 ], [ 79.978983525518785, 6.613593335265373 ], [ 79.980138350832377, 6.615178837965629 ] ] } },
{ "type": "Feature", "properties": { "NAME": "Kalu Ganga", "CODE": 1 }, "geometry": { "type": "LineString", "coordinates": [ [ 79.961888766633606, 6.676019575781867 ], [ 79.96147050948322, 6.675198237416789 ], [ 79.960172271938845, 6.671584418734485 ], [ 79.959266438748529, 6.670205568115273 ], [ 79.95881353694007, 6.669229592879502 ], [ 79.957628414093634, 6.66555915587052 ], [ 79.956662273525112, 6.664637579867412 ], [ 79.954956432297848, 6.662223818689382 ], [ 79.954397872583499, 6.659644516116386 ], [ 79.953658127228692, 6.658438456783858 ], [ 79.953378909738916, 6.657177488552987 ], [ 79.952699567318021, 6.655513586515881 ], [ 79.952473056075874, 6.655111646675962 ], [ 79.951454093130039, 6.65401759455822 ], [ 79.949061389976634, 6.652000005566478 ], [ 79.948382027477209, 6.651251700216932 ], [ 79.948042382885234, 6.650219530269617 ], [ 79.947763204952992, 6.64775683540704 ], [ 79.947884034100028, 6.646441284852362 ], [ 79.948465452961074, 6.643239345459352 ], [ 79.948827913392051, 6.639979674174614 ], [ 79.949280887016826, 6.639696278995808 ], [ 79.95059431785694, 6.639475067209591 ], [ 79.952254966400417, 6.638913194849488 ], [ 79.954202488042043, 6.638009004064281 ], [ 79.954889432088976, 6.637154867871324 ], [ 79.955297014655272, 6.636069956920727 ], [ 79.955478324756484, 6.632980238136512 ], [ 79.956188184529751, 6.626517503701877 ], [ 79.956535315550283, 6.624802306985273 ], [ 79.957176962016518, 6.623032204240879 ], [ 79.958279139533403, 6.618459948132481 ], [ 79.958452772759472, 6.616973223805398 ], [ 79.958920774549057, 6.615087251391389 ], [ 79.959154859509297, 6.613486315793676 ], [ 79.959215225251725, 6.611826740555522 ], [ 79.959049218377402, 6.610681257785672 ], [ 79.957743456773727, 6.609242417124211 ], [ 79.95751702835382, 6.608840481057528 ], [ 79.957064194065026, 6.607807566507619 ], [ 79.957071747763422, 6.607120593374677 ], [ 79.957985170191904, 6.605523594643114 ], [ 79.959313601494713, 6.603585755503609 ], [ 79.960687275403899, 6.601018789288001 ], [ 79.961608121436669, 6.59970806076493 ], [ 79.962876123286179, 6.597197432609305 ], [ 79.963397022393536, 6.59525431068512 ], [ 79.963163104628109, 6.592367512889901 ] ] } },
{ "type": "Feature", "properties": { "NAME": "Kalu Ganga", "CODE": 1 }, "geometry": { "type": "LineString", "coordinates": [ [ 80.028399906194693, 6.605744573291266 ], [ 80.028127912101198, 6.603452010975138 ], [ 80.028293739652199, 6.601511230484165 ], [ 80.029251983318773, 6.599128657070803 ], [ 80.03127465568727, 6.597537101612218 ], [ 80.033818219058034, 6.596827168134116 ], [ 80.037765435378788, 6.594173875386506 ], [ 80.03890481102394, 6.592055348981853 ], [ 80.040482080003898, 6.590376902383226 ] ] } },
{ "type": "Feature", "properties": { "NAME": "Kalu Ganga", "CODE": 1 }, "geometry": { "type": "LineString", "coordinates": [ [ 80.040482080003898, 6.590376902383226 ], [ 80.042504870208617, 6.590108282982926 ], [ 80.044437118761863, 6.590104601743419 ], [ 80.046550348800025, 6.589395241650361 ], [ 80.048656138891175, 6.589038545883059 ], [ 80.05059595936271, 6.589123305128849 ], [ 80.05183410203243, 6.590884418722645 ], [ 80.054137028946755, 6.595730654357421 ], [ 80.054673266596311, 6.597669921604021 ], [ 80.056002272268884, 6.600930353086977 ], [ 80.057610954016084, 6.606307153114197 ], [ 80.058585137402432, 6.609039315903576 ], [ 80.058947827295867, 6.61115481609953 ], [ 80.060548820422724, 6.61547340332343 ] ] } },
{ "type": "Feature", "properties": { "NAME": "Kalu Ganga", "CODE": 1 }, "geometry": { "type": "LineString", "coordinates": [ [ 80.043326732721439, 6.584187042428834 ], [ 80.042805942154331, 6.584627562314681 ], [ 80.042345646748174, 6.58554039377156 ], [ 80.04210469444736, 6.589087655343015 ], [ 80.040482080003898, 6.590376902383226 ] ] } },
{ "type": "Feature", "properties": { "NAME": "Kalu Ganga", "CODE": 1 }, "geometry": { "type": "LineString", "coordinates": [ [ 80.066293553159483, 6.579786406307598 ], [ 80.065259666835743, 6.580753420354569 ], [ 80.064399559138735, 6.582236565777604 ], [ 80.064052549430514, 6.583207373992529 ], [ 80.063411871129375, 6.587439262078397 ], [ 80.06328402941871, 6.589899686070105 ], [ 80.062763664546011, 6.592185611468646 ], [ 80.062182691638796, 6.593613191128022 ], [ 80.061669613150599, 6.594297061396191 ], [ 80.060469594807643, 6.59480502233281 ], [ 80.060069539594238, 6.594859841548706 ], [ 80.059495800499676, 6.594627714281729 ], [ 80.05842364975075, 6.592675391535932 ], [ 80.057397016917832, 6.591753634849822 ], [ 80.05694397969215, 6.591064006493584 ], [ 80.056604127668081, 6.590031887001272 ], [ 80.056445133679034, 6.586940152076599 ], [ 80.056158183609924, 6.586366203541368 ], [ 80.0554786984153, 6.585732487490838 ], [ 80.055025918433202, 6.585558180217722 ], [ 80.051999116300934, 6.585025366566166 ], [ 80.048406281301695, 6.584031078246222 ], [ 80.047545758195099, 6.583911563840195 ], [ 80.044239896660017, 6.583720387578242 ], [ 80.043839837796114, 6.583832138405003 ], [ 80.043326732721439, 6.584187042428834 ] ] } },
{ "type": "Feature", "properties": { "NAME": "Kalu Ganga", "CODE": 1 }, "geometry": { "type": "LineString", "coordinates": [ [ 80.00439663906991, 6.596593430897216 ], [ 80.006396630881895, 6.594026140888636 ], [ 80.00800416760579, 6.592490285447495 ], [ 80.008517361744225, 6.591634941756526 ], [ 80.009671926805211, 6.58889466253997 ], [ 80.010426373623304, 6.58517894898086 ], [ 80.011520664071398, 6.583353903967508 ], [ 80.011867804170251, 6.583012488696369 ], [ 80.013014887036391, 6.580844586944835 ], [ 80.013414849725706, 6.58033157223297 ], [ 80.014343015968578, 6.578505842441427 ], [ 80.014742877366089, 6.577077208782442 ] ] } },
{ "type": "Feature", "properties": { "NAME": "Maguru Ganga", "CODE": 1 }, "geometry": { "type": "LineString", "coordinates": [ [ 80.218937712522077, 6.57482140439897 ], [ 80.21727059498869, 6.576700747900466 ], [ 80.214637444307087, 6.578861335942029 ], [ 80.213664402848181, 6.580114752229899 ], [ 80.213257362209134, 6.581314961768894 ], [ 80.213024184256454, 6.582973191525094 ], [ 80.211931121558834, 6.585771915309957 ], [ 80.211697999940668, 6.58737305670751 ], [ 80.21197077077781, 6.589606960922851 ], [ 80.21276432938285, 6.591671741905121 ], [ 80.213391295264955, 6.592591063510936 ], [ 80.215951302114988, 6.594894781268652 ], [ 80.216631325891868, 6.596272267662762 ], [ 80.216911124676628, 6.597418558101197 ], [ 80.217237233524855, 6.600508542640836 ] ] } },
{ "type": "Feature", "properties": { "NAME": "Kalu Ganga", "CODE": 1 }, "geometry": { "type": "LineString", "coordinates": [ [ 79.989133804900419, 6.571601070073521 ], [ 79.989473498809573, 6.572003735593873 ], [ 79.989639498195828, 6.572519874627854 ], [ 79.989579244164545, 6.573778747229023 ], [ 79.989911462574682, 6.576298895405267 ], [ 79.990122997720789, 6.58036366766763 ], [ 79.990289056248074, 6.581566657144877 ], [ 79.990628766609674, 6.582370044234132 ], [ 79.991142106525572, 6.583059674792069 ], [ 79.991768404642883, 6.583578510474944 ], [ 79.992674219647384, 6.58404225117358 ], [ 79.995187625011809, 6.584801120159909 ], [ 79.995980207473593, 6.585435650423928 ], [ 79.997912553433039, 6.588308699703513 ], [ 79.998931631893001, 6.590375353792723 ], [ 79.999497732706956, 6.591179935106531 ], [ 79.999784563454469, 6.591468203621877 ], [ 80.002577418313237, 6.593029907040694 ], [ 80.003203864665551, 6.593606239714211 ], [ 80.003596398334778, 6.59435261771223 ], [ 80.00439663906991, 6.596593430897216 ] ] } },
{ "type": "Feature", "properties": { "NAME": "Kalu Ganga", "CODE": 1 }, "geometry": { "type": "LineString", "coordinates": [ [ 80.038350926361232, 6.571608753231923 ], [ 80.038343446571275, 6.572181147529494 ], [ 80.038517114993923, 6.572754796292029 ], [ 80.038456833350523, 6.573440859518897 ], [ 80.037702446900937, 6.576069341245636 ], [ 80.037695118879157, 6.577500272505818 ], [ 80.03826139429961, 6.578705117982465 ], [ 80.038774646569394, 6.579452780768007 ], [ 80.040080557843339, 6.580146920710319 ], [ 80.041393981131819, 6.58044119019161 ], [ 80.041680763500722, 6.580728871512639 ], [ 80.042133616348536, 6.581475595566082 ], [ 80.042752862827086, 6.583139173957185 ], [ 80.043326732721439, 6.584187042428834 ] ] } },
{ "type": "Feature", "properties": { "NAME": "Kuda Ganga", "CODE": 1 }, "geometry": { "type": "MultiLineString", "coordinates": [ [ [ 80.311586706550429, 6.570723638281849 ], [ 80.310989844789077, 6.572177233963563 ], [ 80.310583377205148, 6.573777863453043 ], [ 80.310236606035232, 6.574233964094338 ], [ 80.307591935076175, 6.581145080800717 ], [ 80.306545435343608, 6.585031731543936 ], [ 80.305912714759245, 6.58691701773738 ], [ 80.304819902621375, 6.589372326605423 ], [ 80.304133621044997, 6.590341470079626 ], [ 80.303387305878772, 6.591883270714001 ], [ 80.302400502364847, 6.594739699000096 ], [ 80.300907556028307, 6.597078183085626 ], [ 80.300478219300373, 6.597509225194232 ] ], [ [ 80.298091266740897, 6.59963171238805 ], [ 80.294615348179462, 6.601909536515459 ], [ 80.293355508863684, 6.602933080670077 ], [ 80.291635579970432, 6.604640805913069 ], [ 80.289569119252377, 6.60737689652982 ], [ 80.288822323004467, 6.60817412773336 ], [ 80.285616095601057, 6.611190008381912 ], [ 80.284296243210619, 6.612843126476901 ], [ 80.282569556203271, 6.616038899792133 ], [ 80.28209489572329, 6.617435522994247 ] ] ] } },
{ "type": "Feature", "properties": { "NAME": "Kalu Ganga", "CODE": 1 }, "geometry": { "type": "LineString", "coordinates": [ [ 79.960521666331829, 6.568119883604365 ], [ 79.962891414153447, 6.5667929778163 ], [ 79.963525448703507, 6.570672330054476 ], [ 79.961593345140002, 6.572968396350316 ], [ 79.960280058706346, 6.574911083456391 ], [ 79.956883492918664, 6.584088317139192 ], [ 79.956898603925808, 6.586822297576382 ], [ 79.95778161317358, 6.589466274191427 ], [ 79.959902573513403, 6.590785627017696 ], [ 79.963163104628109, 6.592367512889901 ] ] } },
{ "type": "Feature", "properties": { "NAME": "Kalu Ganga", "CODE": 1 }, "geometry": { "type": "LineString", "coordinates": [ [ 80.101408892711831, 6.564595335523849 ], [ 80.099862260903478, 6.566761254934044 ], [ 80.099454989009715, 6.567789101497059 ], [ 80.099334500940472, 6.56870400875394 ], [ 80.098874457576841, 6.570303913609268 ], [ 80.098814367763552, 6.571276693979732 ], [ 80.098927804343333, 6.572193186918972 ], [ 80.099207285383685, 6.572996155230112 ], [ 80.099313435047179, 6.574656590933095 ], [ 80.09897389563308, 6.575169624309326 ], [ 80.098053273670146, 6.576022835816759 ], [ 80.096627074065012, 6.576758648248708 ], [ 80.094219489285848, 6.577660287393043 ], [ 80.092219709191923, 6.579079489776179 ], [ 80.091985870148207, 6.57947863075831 ], [ 80.091759666719781, 6.580393249074291 ], [ 80.090371545718199, 6.58318968908916 ], [ 80.089918804239105, 6.583702418973921 ], [ 80.088258625795703, 6.585066392134596 ], [ 80.086651381476671, 6.586774075670561 ], [ 80.085678025148326, 6.588027210692133 ], [ 80.084757487770943, 6.58945294449261 ], [ 80.08395021708472, 6.591279561691325 ], [ 80.083256165199074, 6.592363089933015 ], [ 80.082222814818024, 6.595447675888023 ], [ 80.08095534859622, 6.597730051262465 ], [ 80.080261379605332, 6.600015337320928 ], [ 80.078767527372705, 6.603097152906441 ], [ 80.077439542393336, 6.605378583026476 ], [ 80.075952943403593, 6.607086953586847 ], [ 80.073258580699601, 6.608502405090986 ], [ 80.07245858282198, 6.609069734360481 ], [ 80.071485102457942, 6.610151717291497 ], [ 80.070738012573813, 6.611177355249021 ], [ 80.070444011786307, 6.612778440851329 ], [ 80.070104485384178, 6.613692176282905 ], [ 80.069870590205326, 6.614205897461598 ], [ 80.069236723478539, 6.615003632864207 ], [ 80.065410009709311, 6.616068281044447 ], [ 80.063696585719484, 6.616344630094451 ], [ 80.061756640476759, 6.616218509292675 ], [ 80.060548820422724, 6.61547340332343 ] ] } },
{ "type": "Feature", "properties": { "NAME": "Kuda Ganga", "CODE": 1 }, "geometry": { "type": "LineString", "coordinates": [ [ 80.272998770594057, 6.617254231490027 ], [ 80.273722395403354, 6.615361178935145 ], [ 80.274468782105401, 6.613876944746189 ], [ 80.277228869067685, 6.609656350747298 ], [ 80.278314992739951, 6.608288458353818 ], [ 80.27952128768186, 6.606005585589489 ], [ 80.280501860684879, 6.604752040602446 ], [ 80.281881388153863, 6.601897466357756 ], [ 80.283314436899502, 6.60007390711964 ], [ 80.284861014168328, 6.598765513876836 ], [ 80.285833496406198, 6.596939517653068 ], [ 80.286353515959917, 6.595511279175464 ], [ 80.28681360274831, 6.595112961072779 ], [ 80.287560264878778, 6.594144044347778 ], [ 80.287846583084161, 6.593401476296798 ], [ 80.288139626359694, 6.591113591609838 ], [ 80.289006464228819, 6.589343865508514 ], [ 80.290032230114647, 6.588204798478772 ], [ 80.29152613582346, 6.587240127083778 ], [ 80.292325831571432, 6.586500309687954 ], [ 80.293245764646272, 6.585188739863908 ], [ 80.294278431737993, 6.583019405614171 ], [ 80.295251225396953, 6.581536618409604 ], [ 80.296344844660553, 6.580340230215102 ], [ 80.298003915057478, 6.578174448593338 ], [ 80.299210971133803, 6.577150412833363 ], [ 80.299783637018251, 6.575722628692325 ], [ 80.300077159941978, 6.574350537914478 ], [ 80.300822795037732, 6.572008097292192 ], [ 80.301516059238509, 6.570351789733421 ], [ 80.30266208746616, 6.568526337240628 ], [ 80.303034504886767, 6.567390253556639 ] ] } },
{ "type": "Feature", "properties": { "NAME": "Kalu Ganga", "CODE": 1 }, "geometry": { "type": "LineString", "coordinates": [ [ 79.980438837260692, 6.561017188383713 ], [ 79.980612411393892, 6.56021743329419 ], [ 79.980272721880638, 6.558612459168475 ], [ 79.980393412052464, 6.556896162025865 ], [ 79.980514144711591, 6.556496196594799 ], [ 79.981834956420997, 6.554672707250748 ], [ 79.982008479548355, 6.554216163791141 ], [ 79.982068736138061, 6.553815819971297 ], [ 79.981902667264976, 6.552498237154581 ], [ 79.981163037062757, 6.551120123912957 ], [ 79.9803629732682, 6.550256804674732 ], [ 79.978551589633511, 6.547698715240517 ] ] } },
{ "type": "Feature", "properties": { "NAME": "Kalu Ganga", "CODE": 1 }, "geometry": { "type": "LineString", "coordinates": [ [ 80.000981596699972, 6.548721161329617 ], [ 79.998649490748292, 6.547734422075164 ], [ 79.996702295761622, 6.547836830870963 ], [ 79.995849503648898, 6.547660163165954 ], [ 79.995049468569277, 6.54731175666468 ], [ 79.991396713388724, 6.547232904515979 ], [ 79.989691018768966, 6.546592855906744 ], [ 79.988204230873549, 6.545611201502031 ], [ 79.987509907758863, 6.544845836286395 ] ] } },
{ "type": "Feature", "properties": { "NAME": "Kalu Ganga", "CODE": 1 }, "geometry": { "type": "LineString", "coordinates": [ [ 79.978551589633511, 6.547698715240517 ], [ 79.979864793814158, 6.547506925832483 ], [ 79.980951559323827, 6.547055212061376 ], [ 79.983011869186669, 6.545636991357036 ], [ 79.984385464275917, 6.545358950869049 ], [ 79.986664612153717, 6.545258520570009 ], [ 79.987509907758863, 6.544845836286395 ] ] } },
{ "type": "Feature", "properties": { "NAME": "Kalu Ganga", "CODE": 1 }, "geometry": { "type": "LineString", "coordinates": [ [ 79.978551589633511, 6.547698715240517 ], [ 79.977132693746697, 6.545658674819366 ], [ 79.975992989571438, 6.544564356426057 ], [ 79.975193137579737, 6.544158977723312 ], [ 79.973027093206099, 6.54368770390572 ] ] } },
{ "type": "Feature", "properties": { "NAME": "Kalu Ganga", "CODE": 1 }, "geometry": { "type": "LineString", "coordinates": [ [ 79.963163104628109, 6.592367512889901 ], [ 79.964899064075766, 6.591658042913448 ], [ 79.965646271485923, 6.590575076194946 ], [ 79.966567050066487, 6.588978065619994 ], [ 79.967714238551835, 6.586123446584156 ], [ 79.969669159313199, 6.583101693439091 ], [ 79.971050352167993, 6.580706372015085 ], [ 79.971857852420442, 6.578879980809429 ], [ 79.973352291638918, 6.576828184248811 ], [ 79.973933396101216, 6.574656801430323 ], [ 79.973329497458963, 6.568529313779076 ], [ 79.972544565792887, 6.564861670698019 ], [ 79.972665168258928, 6.562687574577621 ], [ 79.972499127226911, 6.560969271537099 ], [ 79.972280247560093, 6.559823422416089 ], [ 79.971600982477128, 6.55821649132847 ], [ 79.971321742675812, 6.556956094692225 ], [ 79.971102812252866, 6.553806927118949 ], [ 79.971223545288566, 6.552834567800044 ], [ 79.971683958682519, 6.551635119121694 ], [ 79.971917832396116, 6.549175639854641 ], [ 79.973027093206099, 6.54368770390572 ] ] } },
{ "type": "Feature", "properties": { "NAME": "Kuda Ganga", "CODE": 1 }, "geometry": { "type": "LineString", "coordinates": [ [ 80.220611630022134, 6.601216828990546 ], [ 80.221878204975127, 6.598304951758024 ], [ 80.222171552739184, 6.596016847496547 ], [ 80.222578539351289, 6.594988739546704 ], [ 80.223378357369683, 6.594363639805477 ], [ 80.223944535313194, 6.594424457487894 ], [ 80.224684624028271, 6.595172347143019 ], [ 80.225197984165519, 6.59546145389682 ], [ 80.226398237460685, 6.595525365343849 ], [ 80.227311339226134, 6.595072633239533 ], [ 80.227657894950866, 6.593987084527144 ], [ 80.227324649328537, 6.591810345755806 ], [ 80.227497957624635, 6.591238533194017 ], [ 80.229384272642861, 6.589875581977005 ], [ 80.229731346074118, 6.589476490208997 ], [ 80.230538057056961, 6.587821131456754 ], [ 80.2312849858357, 6.587081502896829 ], [ 80.232998171192008, 6.58663301492294 ], [ 80.234251016845732, 6.586525701036141 ], [ 80.238138104140987, 6.586375139245178 ], [ 80.238825097723563, 6.586436209823043 ], [ 80.240244283116454, 6.586844962911656 ], [ 80.240765137169447, 6.586733179307589 ], [ 80.24121777855548, 6.586449495737125 ], [ 80.24191155877142, 6.585308769527435 ], [ 80.241797665278696, 6.584106142391606 ], [ 80.24191786238336, 6.582962122422562 ], [ 80.243064332369755, 6.581480056397065 ], [ 80.243637382558262, 6.580510178266885 ], [ 80.243870742290383, 6.579252243484186 ], [ 80.244504268320156, 6.578282710383475 ], [ 80.24519062262101, 6.57759965751954 ], [ 80.245363985367646, 6.577085488999773 ], [ 80.245430935268345, 6.575368559691965 ], [ 80.245883418991625, 6.574684552841224 ], [ 80.247150777521639, 6.573374993971096 ], [ 80.250176410036261, 6.571674578618905 ], [ 80.251949904672259, 6.57105482060138 ], [ 80.252809823229484, 6.570315413487636 ], [ 80.253270237764482, 6.570146182577083 ], [ 80.254069814934439, 6.569406427919353 ], [ 80.254416666744746, 6.568778683548731 ], [ 80.25385656474235, 6.566142616683913 ], [ 80.253289585207483, 6.564422625579819 ], [ 80.25317600283465, 6.563849514438011 ], [ 80.253236024900005, 6.563334942031418 ], [ 80.253808986903621, 6.562135850814411 ], [ 80.254608608508576, 6.561339006634221 ], [ 80.254781872438627, 6.56076774580356 ], [ 80.25461550000243, 6.560137210381844 ], [ 80.254622438146953, 6.559164046448356 ], [ 80.254855591518847, 6.557791927479712 ], [ 80.256514890722173, 6.555625865453381 ], [ 80.257208317726622, 6.554198825097935 ], [ 80.257728149235589, 6.552427385213125 ], [ 80.258014672029248, 6.551913325952532 ], [ 80.258648098836915, 6.551115879288759 ], [ 80.259327262450896, 6.550776167369013 ], [ 80.260707838232406, 6.549753390330375 ], [ 80.263279843301007, 6.547077267040276 ], [ 80.266492530913055, 6.542802048890618 ], [ 80.267465700175109, 6.542063430778859 ] ] } },
{ "type": "Feature", "properties": { "NAME": "Kalu Ganga", "CODE": 1 }, "geometry": { "type": "LineString", "coordinates": [ [ 79.987509907758863, 6.544845836286395 ], [ 79.991139762605457, 6.541049853224387 ], [ 79.992913272649758, 6.539629868501385 ] ] } },
{ "type": "Feature", "properties": { "NAME": "Kalu Ganga", "CODE": 1 }, "geometry": { "type": "LineString", "coordinates": [ [ 79.992913272649758, 6.539629868501385 ], [ 79.993886662425354, 6.538834168440051 ], [ 79.996120498494633, 6.537359492773414 ], [ 79.997946776207172, 6.53679852275344 ], [ 80.000120213234766, 6.535724033215473 ], [ 80.002354066955377, 6.535050348914416 ], [ 80.003893646684929, 6.535002679876913 ], [ 80.008746282141473, 6.53440190746925 ], [ 80.01171226886828, 6.534820117656445 ], [ 80.013546063008221, 6.53460231491883 ], [ 80.015425271960012, 6.534155668796151 ], [ 80.017085570290632, 6.534165366485844 ], [ 80.019704466193218, 6.535211509338136 ] ] } },
{ "type": "Feature", "properties": { "NAME": "Kalu Ganga", "CODE": 1 }, "geometry": { "type": "LineString", "coordinates": [ [ 79.992913272649758, 6.539629868501385 ], [ 79.99269416356934, 6.536823906813609 ], [ 79.993388344525982, 6.534939493687978 ], [ 79.994882497779386, 6.533288467235343 ], [ 79.996776550606029, 6.530037560847485 ], [ 79.997463205339784, 6.529125827256407 ] ] } },
{ "type": "Feature", "properties": { "NAME": "Kuda Ganga", "CODE": 1 }, "geometry": { "type": "LineString", "coordinates": [ [ 80.28209489572329, 6.617435522994247 ], [ 80.282680981305148, 6.617255652913416 ] ] } },
{ "type": "Feature", "properties": { "NAME": "Kalu Ganga", "CODE": 1 }, "geometry": { "type": "LineString", "coordinates": [ [ 79.973027093206099, 6.54368770390572 ], [ 79.973781636448919, 6.540144163705571 ], [ 79.97488349868496, 6.537289008764772 ], [ 79.975977742221772, 6.535177771170332 ], [ 79.9764380066824, 6.533291888325776 ], [ 79.977479367823932, 6.53083706637208 ], [ 79.978566030006974, 6.529126528970608 ], [ 79.980626214234292, 6.527651224487945 ], [ 79.980913052126112, 6.527366535052596 ], [ 79.981086583429487, 6.526852340780064 ], [ 79.981146962568062, 6.526280460582389 ], [ 79.980867641850608, 6.524790881229666 ], [ 79.980641204624334, 6.524446041096398 ], [ 79.980648722532692, 6.523301255294152 ], [ 79.981161880404514, 6.52221731399185 ], [ 79.981509010946894, 6.521818408019834 ], [ 79.982256016426433, 6.520449267696101 ], [ 79.982542740131379, 6.519421065172722 ], [ 79.98255025701539, 6.518905762257945 ], [ 79.982037107630759, 6.518273215098528 ], [ 79.980671098129605, 6.517635516469938 ], [ 79.980444734311973, 6.517290676667535 ], [ 79.980271113807788, 6.516602564936913 ], [ 79.98096523161567, 6.51471816955666 ], [ 79.980878993148721, 6.513161638221714 ] ] } },
{ "type": "Feature", "properties": { "NAME": "Kalu Ganga", "CODE": 1 }, "geometry": { "type": "LineString", "coordinates": [ [ 80.201264312318969, 6.503291366230798 ], [ 80.199764489793182, 6.507461548126056 ], [ 80.199358031702545, 6.509806036665316 ], [ 80.198031081125421, 6.512259555938575 ], [ 80.197745062573972, 6.513917721489437 ], [ 80.197791073522268, 6.515577818513338 ], [ 80.197218557760749, 6.517692494680944 ], [ 80.195718120125534, 6.520717665645521 ], [ 80.194684741286565, 6.52179958249097 ], [ 80.190851976511595, 6.524181811818945 ], [ 80.189539001310607, 6.524861101163894 ], [ 80.186279166965988, 6.525758846596993 ], [ 80.183200080603029, 6.526256607951885 ], [ 80.179939979693572, 6.526524518526446 ], [ 80.178739980474234, 6.526517597348657 ], [ 80.177426577974288, 6.526224116637099 ], [ 80.175660482050361, 6.526042575406211 ], [ 80.1749210306821, 6.526095537230724 ], [ 80.172687458312765, 6.527170470347772 ], [ 80.171601171451485, 6.528137391220533 ], [ 80.171314434746805, 6.528536232678926 ], [ 80.170741076767101, 6.528762059007313 ], [ 80.169081067961812, 6.529897146886391 ], [ 80.168394697936463, 6.530809288167259 ], [ 80.16770099890806, 6.532293133877676 ], [ 80.167467712597272, 6.534066355492715 ], [ 80.167181262707459, 6.534808985867246 ], [ 80.165634768613415, 6.536345215343985 ], [ 80.164254437373742, 6.538226278958541 ], [ 80.163854883116315, 6.539368941527964 ], [ 80.163561322865746, 6.541427378132112 ], [ 80.163267381382724, 6.542513787370565 ], [ 80.161381315660975, 6.544162631648374 ], [ 80.160113983866268, 6.546044099734776 ], [ 80.159480715213419, 6.547757479218157 ], [ 80.159473666509768, 6.548787713069895 ], [ 80.158560971522874, 6.550442674327162 ], [ 80.158493515932591, 6.551529638029695 ], [ 80.158713339425788, 6.553992398462117 ], [ 80.157966801120523, 6.555647560141265 ], [ 80.157620063103806, 6.556905017210978 ], [ 80.15749313792827, 6.560281160578973 ], [ 80.157206658555978, 6.561367007184028 ], [ 80.156339573370744, 6.56336510074939 ], [ 80.155639443508889, 6.568283426070122 ], [ 80.155059185700253, 6.570512615937895 ], [ 80.152064854086589, 6.576047430952022 ], [ 80.151144727914669, 6.578045585719917 ], [ 80.150624566139328, 6.579759368282949 ], [ 80.148618037375826, 6.583125107829153 ], [ 80.148497903683563, 6.584841504792095 ], [ 80.147751002663384, 6.585924788999177 ], [ 80.144997255806729, 6.589171445706877 ], [ 80.143337323186813, 6.590878839067193 ], [ 80.142529992665018, 6.591904668369726 ], [ 80.141556885571234, 6.593501714397527 ], [ 80.140629321879729, 6.595843056021216 ], [ 80.139482658322805, 6.597782252798149 ], [ 80.138042006638202, 6.601036739566556 ], [ 80.13619486917527, 6.607150096602528 ], [ 80.135101013134587, 6.609032542224996 ], [ 80.133607030366548, 6.610569411506925 ], [ 80.132920399564966, 6.611595939511821 ], [ 80.131826697026767, 6.614164963186795 ], [ 80.131479664758103, 6.614735518895403 ], [ 80.129932794037146, 6.616386619463208 ], [ 80.128839016470835, 6.618555183335381 ], [ 80.128439316422387, 6.619468608278275 ], [ 80.12837199275117, 6.621585650332152 ], [ 80.127504756061953, 6.624442784677965 ], [ 80.126864111043645, 6.627358003104624 ], [ 80.127037897928091, 6.627931067146611 ] ] } },
{ "type": "Feature", "properties": { "NAME": "Kuda Ganga", "CODE": 1 }, "geometry": { "type": "LineString", "coordinates": [ [ 80.267465700175109, 6.542063430778859 ], [ 80.267585901462652, 6.541262629487382 ], [ 80.267472199018769, 6.540232112897354 ], [ 80.267652375705779, 6.538802136394523 ], [ 80.268691697155134, 6.535201853332736 ], [ 80.269151434480221, 6.534116517488166 ], [ 80.270817770177572, 6.531549941327086 ], [ 80.271390649243685, 6.530351246428739 ], [ 80.272203510956359, 6.526806966566013 ], [ 80.272610274915039, 6.525549745362567 ], [ 80.273529963565807, 6.523837883672048 ], [ 80.274502745144176, 6.522583762673412 ], [ 80.277708113413865, 6.519167160685387 ], [ 80.278741148041874, 6.517684737892555 ], [ 80.279660626131445, 6.515571693109626 ], [ 80.280640804093849, 6.514088931130189 ], [ 80.281440248891016, 6.5133491213978 ], [ 80.282926422683943, 6.512556137498837 ], [ 80.283446989850887, 6.51221524475256 ], [ 80.28378633443954, 6.511816664698689 ], [ 80.284359392009108, 6.510961183641676 ], [ 80.284992192475826, 6.509247605337519 ], [ 80.285685813281276, 6.508049146338209 ], [ 80.286771706068336, 6.506795811698209 ], [ 80.289811263636338, 6.504007913784029 ], [ 80.29009775600673, 6.503608430395174 ], [ 80.290956805773604, 6.501667129826584 ], [ 80.293249934231355, 6.500019689807599 ], [ 80.29542273126475, 6.499058451674772 ], [ 80.295882825282419, 6.498545517136024 ], [ 80.296794928236906, 6.496947770600452 ], [ 80.298354631482724, 6.493293200793685 ], [ 80.299100337963125, 6.49117938186408 ], [ 80.299499827343396, 6.490494981389777 ], [ 80.300193578760826, 6.489697243637996 ] ] } },
{ "type": "Feature", "properties": { "NAME": "Kuda Ganga", "CODE": 1 }, "geometry": { "type": "LineString", "coordinates": [ [ 80.267465700175109, 6.542063430778859 ], [ 80.26901245736552, 6.541270416209779 ], [ 80.269525571436446, 6.541216243440338 ], [ 80.2713522008507, 6.541454751587567 ], [ 80.27203916834749, 6.541630371424077 ], [ 80.273232014700767, 6.542209638117734 ], [ 80.274772292029127, 6.543247925074692 ], [ 80.276199224052448, 6.543885069424716 ], [ 80.27916582546041, 6.544759984819482 ], [ 80.281558494229998, 6.544887662243628 ], [ 80.284592406943275, 6.544560661539522 ], [ 80.285618666070889, 6.544280031632094 ], [ 80.287457795940313, 6.540512178371337 ], [ 80.289176762590415, 6.53765972458873 ], [ 80.291817000187706, 6.535670818058892 ], [ 80.296282050996027, 6.531173453072936 ], [ 80.298001917254226, 6.529980608978226 ], [ 80.298688207002428, 6.529068413189433 ], [ 80.300640565944335, 6.525530369351189 ], [ 80.302073872048879, 6.524622398096697 ], [ 80.303786953505877, 6.524459792476968 ], [ 80.305379775104413, 6.524926026145356 ], [ 80.306293162340395, 6.525331714093417 ], [ 80.308226359458388, 6.52688787005802 ], [ 80.309879939098721, 6.527984233330994 ], [ 80.311246280202965, 6.528449394098327 ], [ 80.312280503285677, 6.528683635781843 ], [ 80.314446453170191, 6.528523527003524 ], [ 80.315985166995645, 6.528625961272396 ] ] } },
{ "type": "Feature", "properties": { "NAME": "Bentota Ganga", "CODE": 1 }, "geometry": { "type": "LineString", "coordinates": [ [ 80.089942945355318, 6.472379601514135 ], [ 80.089822376468376, 6.472951146910445 ], [ 80.090388784165327, 6.474614322749476 ], [ 80.090834478377374, 6.476906412155588 ], [ 80.091574562898373, 6.478856380240597 ], [ 80.090707476358517, 6.481484279241049 ], [ 80.090353358650901, 6.483485767566392 ], [ 80.091199465171727, 6.486867548644731 ], [ 80.090852832018555, 6.488868481558011 ], [ 80.08975194521966, 6.49172412251345 ], [ 80.089805299560695, 6.494071074438718 ], [ 80.088990843037337, 6.49629858728672 ], [ 80.088237017499765, 6.499499182808722 ], [ 80.08829764538315, 6.499957364569579 ], [ 80.088463670009432, 6.500416395158482 ], [ 80.088977077123928, 6.501163443414808 ], [ 80.089090435793665, 6.501965200589427 ], [ 80.09021560105559, 6.50460496097345 ], [ 80.092035097027434, 6.507476964736069 ], [ 80.092314696461301, 6.508795261573814 ], [ 80.09230753924983, 6.510283300072176 ], [ 80.09252706424391, 6.512516444490716 ], [ 80.092927215255813, 6.513549332562092 ], [ 80.094059563180494, 6.514815079744062 ], [ 80.09462580894612, 6.515791103913409 ], [ 80.095365569146594, 6.516654318767418 ], [ 80.096165769134331, 6.517173685184204 ], [ 80.096732050228979, 6.517863995450015 ], [ 80.097245491960578, 6.519240537355654 ], [ 80.097577998125772, 6.520787953653918 ], [ 80.098423823376621, 6.52291030587706 ], [ 80.098990341520633, 6.524859472499085 ], [ 80.100349420878104, 6.526928247376762 ], [ 80.101368955784693, 6.529337953162582 ], [ 80.102502050176881, 6.533007373310186 ], [ 80.103401225506914, 6.536904683965827 ], [ 80.104073385588933, 6.538911780132083 ], [ 80.105025818531445, 6.543896901772978 ], [ 80.105705637418495, 6.545732325181873 ], [ 80.106725006145084, 6.547455579947361 ], [ 80.108711315130918, 6.552045854905591 ], [ 80.108930324129119, 6.552905542377962 ], [ 80.108923439976081, 6.554908911911218 ], [ 80.109036900080113, 6.555767753474167 ], [ 80.10931627927684, 6.556227494871689 ], [ 80.110629842013566, 6.557379848962642 ], [ 80.111882853713809, 6.557787600384419 ], [ 80.112735729093956, 6.55790713250846 ], [ 80.113996197635231, 6.557857070132878 ], [ 80.114796050275103, 6.55751842800687 ], [ 80.116342998367685, 6.556554227402075 ], [ 80.116742904351241, 6.556155712380263 ] ] } },
{ "type": "Feature", "properties": { "NAME": "Maguru Ganga", "CODE": 1 }, "geometry": { "type": "LineString", "coordinates": [ [ 80.326866094789864, 6.503634616168691 ], [ 80.326292205, 6.50311650252053 ], [ 80.32533239498477, 6.501222421603077 ], [ 80.325278332209535, 6.499562437295804 ], [ 80.32557132422005, 6.497846518579706 ], [ 80.326256901477961, 6.496190717963001 ], [ 80.328089321965678, 6.494196925456941 ], [ 80.329129565852327, 6.492485189921263 ], [ 80.329875402858534, 6.490886806228254 ], [ 80.330275126980183, 6.490373502091116 ], [ 80.331187634927915, 6.4896342689956 ], [ 80.331881295871838, 6.488722449109748 ], [ 80.333199663826818, 6.485753307637776 ], [ 80.333432967955432, 6.48472394276083 ], [ 80.333266421507759, 6.484036337760501 ], [ 80.332926505445627, 6.483690970910732 ], [ 80.331331875113122, 6.480534475469731 ], [ 80.331225702873923, 6.479961240113879 ], [ 80.330938638347973, 6.479444653321704 ], [ 80.330032213786794, 6.478409494680141 ], [ 80.329578561601153, 6.47726267221639 ], [ 80.329464995266079, 6.476746659693092 ], [ 80.329524881786455, 6.476117469586899 ], [ 80.330563660415493, 6.472459921191358 ], [ 80.330623453211018, 6.471773359785152 ], [ 80.330456513332891, 6.470570263814739 ], [ 80.330169404341731, 6.470111188936621 ] ] } },
{ "type": "Feature", "properties": { "NAME": "Maguru Ganga", "CODE": 1 }, "geometry": { "type": "LineString", "coordinates": [ [ 80.359759640579995, 6.460824663149747 ], [ 80.359147793380046, 6.460877450961005 ], [ 80.357660641570547, 6.4602402158709 ], [ 80.356754570006203, 6.459433739549922 ], [ 80.35630115663146, 6.458801864076634 ], [ 80.355274391508033, 6.458052375370864 ], [ 80.353621157953484, 6.457356915823518 ], [ 80.351295564458525, 6.455661990475487 ] ] } },
{ "type": "Feature", "properties": { "NAME": "Maguru Ganga", "CODE": 1 }, "geometry": { "type": "LineString", "coordinates": [ [ 80.351295564458525, 6.455661990475487 ], [ 80.350881130796253, 6.456426831088671 ], [ 80.349508476966818, 6.457277782294807 ], [ 80.349335267683855, 6.457791999647765 ], [ 80.34950927105298, 6.458365430295466 ], [ 80.349275875883734, 6.459051004217614 ], [ 80.348989407971786, 6.459507615055237 ], [ 80.348016607651005, 6.460303500545533 ], [ 80.347843908168628, 6.461390155931369 ], [ 80.347437295933375, 6.462590086460854 ], [ 80.346291411125108, 6.464072297301175 ], [ 80.345831355872804, 6.464298570248432 ], [ 80.34486533597331, 6.464236433152429 ], [ 80.344117974816939, 6.463888894922444 ], [ 80.343611970507851, 6.4633137705573 ], [ 80.342244615224885, 6.461532281442067 ], [ 80.341904665394267, 6.460901055175388 ], [ 80.341450724220053, 6.459410157047942 ], [ 80.341171098381949, 6.458950952955705 ], [ 80.340084027694289, 6.458372649089379 ], [ 80.339571088809976, 6.458656101406285 ], [ 80.33916482631453, 6.460256632116477 ], [ 80.338078841281089, 6.461223948900147 ], [ 80.337845293237038, 6.461737827403303 ], [ 80.336993036868492, 6.462305863762139 ], [ 80.335446399838816, 6.46269836487388 ], [ 80.335046710676224, 6.463039562725277 ], [ 80.335100403697723, 6.464184624792959 ], [ 80.334987688048528, 6.464813488440071 ], [ 80.334640693985989, 6.465155013662197 ], [ 80.33372805958598, 6.465607967571555 ], [ 80.333155045958918, 6.466406427149469 ], [ 80.332635590541059, 6.468006287557512 ], [ 80.332288776250024, 6.468462411489656 ], [ 80.330169404341731, 6.470111188936621 ] ] } },
{ "type": "Feature", "properties": { "NAME": "Bentota Ganga", "CODE": 1 }, "geometry": { "type": "LineString", "coordinates": [ [ 80.080450248247473, 6.444376903152552 ], [ 80.080971173942814, 6.445369263928499 ], [ 80.082337148929554, 6.446064196314715 ], [ 80.082963540788711, 6.446582771961548 ], [ 80.083016717312333, 6.447899634868596 ], [ 80.082376084794205, 6.450757727415111 ], [ 80.082489392898324, 6.451273349299131 ], [ 80.083108486008456, 6.452650606144139 ], [ 80.083274794909755, 6.453567455175207 ], [ 80.083101491245145, 6.454482432323765 ], [ 80.08224173793738, 6.456137184294255 ], [ 80.082234410671305, 6.457167404986149 ], [ 80.082513863491101, 6.458199002933468 ], [ 80.083200799836604, 6.459348008470733 ], [ 80.086046094145786, 6.461081381747319 ], [ 80.086332971963074, 6.461484054258836 ], [ 80.086212499756215, 6.462455906939037 ], [ 80.085639145475412, 6.463082372831965 ], [ 80.085405357786584, 6.463539168731192 ], [ 80.085745149483401, 6.464513761175748 ], [ 80.086371803107454, 6.465433208454069 ], [ 80.087171704524209, 6.46595300432066 ], [ 80.087624549764953, 6.466012677691992 ], [ 80.088764139021336, 6.466591850894943 ], [ 80.089451020260697, 6.467168012548857 ], [ 80.089730275070551, 6.467570673460375 ], [ 80.089903987112379, 6.468086799443317 ], [ 80.089896574249025, 6.468716147928272 ], [ 80.089202914513521, 6.470715344532097 ], [ 80.08915016968443, 6.471172808971428 ], [ 80.089203162248026, 6.471688490439569 ], [ 80.089942945355318, 6.472379601514135 ] ] } },
{ "type": "Feature", "properties": { "NAME": "Bentota Ganga", "CODE": 1 }, "geometry": { "type": "LineString", "coordinates": [ [ 80.051637215807233, 6.502662028765564 ], [ 80.053590990186606, 6.498952980849127 ], [ 80.054918418497024, 6.494954499608438 ], [ 80.056313376004397, 6.489239020770755 ], [ 80.056886501546927, 6.487468341675036 ], [ 80.058040563591163, 6.484842478887696 ], [ 80.059881182814792, 6.481590906091377 ], [ 80.060628011374078, 6.480507751216653 ], [ 80.061427645595359, 6.479596631999911 ], [ 80.062001231482654, 6.479141879962095 ], [ 80.063374145229616, 6.477433207427361 ], [ 80.064181556195365, 6.476865313803429 ], [ 80.065214989349172, 6.475497969036919 ], [ 80.066881853488709, 6.471615775056625 ], [ 80.068442681653181, 6.466187166345962 ], [ 80.069310010062878, 6.46436091558963 ], [ 80.070856371263943, 6.462423687481316 ], [ 80.07154280016249, 6.460996923490731 ], [ 80.072070422637196, 6.458653459162226 ], [ 80.07225100922625, 6.456307962852723 ], [ 80.072597741807087, 6.454878892449082 ], [ 80.073305862798108, 6.449617514960098 ], [ 80.073765606062466, 6.447616750212746 ], [ 80.074399234505336, 6.446762036169491 ], [ 80.075945684608669, 6.445168570395862 ], [ 80.076632237779606, 6.444657429105024 ], [ 80.077771584711826, 6.444435157924191 ], [ 80.079544824630275, 6.444559933317681 ], [ 80.080450248247473, 6.444376903152552 ] ] } },
{ "type": "Feature", "properties": { "NAME": "Maguru Ganga", "CODE": 1 }, "geometry": { "type": "LineString", "coordinates": [ [ 80.272443834452957, 6.440666168359744 ], [ 80.271930652083526, 6.440606317598815 ], [ 80.271357347011374, 6.440774758771983 ], [ 80.270497461616685, 6.441457132424203 ], [ 80.267918725860554, 6.444419062304978 ], [ 80.26631285102016, 6.446871401342666 ], [ 80.265740098342789, 6.447898978765447 ], [ 80.264301288004958, 6.451954595446949 ], [ 80.263081704793038, 6.456584551946284 ], [ 80.262908855297908, 6.457785341210534 ], [ 80.260609476168128, 6.46155068597453 ], [ 80.259289867075651, 6.463031660772204 ], [ 80.257690810307636, 6.464224508680489 ], [ 80.255684593622235, 6.466102272435983 ], [ 80.252599468636362, 6.46820317931654 ], [ 80.252252503481515, 6.468602155648394 ], [ 80.251679934615936, 6.47008697849818 ], [ 80.251672709083948, 6.47065940147547 ], [ 80.250920153468456, 6.4742041376778 ], [ 80.250227168798133, 6.47654684357477 ], [ 80.249081040805848, 6.477971865307313 ], [ 80.247647859193549, 6.47922292276854 ], [ 80.246554662641614, 6.480819396148486 ], [ 80.246094854156922, 6.481847202163008 ], [ 80.245568677104657, 6.485564975953 ], [ 80.24292956632388, 6.48915634053729 ], [ 80.242530130365211, 6.490126834697819 ], [ 80.242123991314472, 6.492643063473453 ], [ 80.241250358606806, 6.495672165036677 ], [ 80.241070547753907, 6.498189335216865 ], [ 80.241177666344868, 6.500594185349105 ], [ 80.242251618800466, 6.504892836081581 ], [ 80.242011843573721, 6.507867490306803 ], [ 80.241998717891363, 6.511358994458245 ], [ 80.242732121216036, 6.513824131072989 ], [ 80.244432116747234, 6.51709628422801 ], [ 80.244485932526828, 6.518870855188226 ], [ 80.244932074843916, 6.52041847529324 ], [ 80.247092126759597, 6.523178162801369 ], [ 80.247832409379626, 6.52449844374468 ], [ 80.24794629310091, 6.525586473569653 ], [ 80.247652980474101, 6.527474010817484 ], [ 80.247306131131367, 6.527987154316805 ], [ 80.24735972509292, 6.529303894988581 ], [ 80.247066052035677, 6.530446892176775 ], [ 80.245746276052529, 6.532271041340453 ], [ 80.244886850686655, 6.533812068060026 ], [ 80.243687272897063, 6.534720818305948 ], [ 80.242707027874005, 6.536261007027752 ], [ 80.241333947410055, 6.537283743100392 ], [ 80.240994734958363, 6.537911487685089 ], [ 80.240414834366263, 6.54019776092396 ], [ 80.239894675990186, 6.54116811991087 ], [ 80.239208328564445, 6.542022714489267 ], [ 80.238408536864696, 6.542590337943758 ], [ 80.237774609650927, 6.54264420900288 ], [ 80.23628812162363, 6.543323012845264 ], [ 80.234348450135286, 6.543369693700194 ], [ 80.233835351604796, 6.543538428583634 ], [ 80.232062455662671, 6.544730556756183 ], [ 80.230915852636954, 6.545868949814648 ], [ 80.229882523137718, 6.54717957146979 ], [ 80.228789470169147, 6.549749153468953 ], [ 80.228036172336473, 6.552378165409393 ], [ 80.225096283422175, 6.559344412342853 ], [ 80.224583277554188, 6.55979927848997 ], [ 80.223376333239557, 6.561280954299583 ], [ 80.222690180490531, 6.562422228736308 ], [ 80.222629986398388, 6.56293665351308 ], [ 80.222743533004788, 6.563509910056814 ], [ 80.223249972289324, 6.565057893160036 ], [ 80.223310734549869, 6.565573580802337 ], [ 80.223190219059475, 6.566202255139935 ], [ 80.223016901209277, 6.566659468900174 ], [ 80.221983489568174, 6.567855469805266 ], [ 80.219697689315325, 6.570189570173827 ], [ 80.219117428241347, 6.57190352080204 ], [ 80.219110728019714, 6.573620647413128 ], [ 80.218937712522077, 6.57482140439897 ] ] } },
{ "type": "Feature", "properties": { "NAME": null, "CODE": 1 }, "geometry": { "type": "LineString", "coordinates": [ [ 80.034322900401463, 6.535240766836914 ], [ 80.034496369197683, 6.534784198594906 ], [ 80.034330254499309, 6.533981937499644 ], [ 80.0330773796382, 6.53328773196418 ], [ 80.032277224963082, 6.532195440710574 ], [ 80.032111057421872, 6.531335670206301 ], [ 80.032058054827104, 6.529904790874179 ], [ 80.029612468774445, 6.5269712034442 ], [ 80.028819845981388, 6.525764749320462 ], [ 80.026547970602238, 6.523576338470837 ], [ 80.024615556044907, 6.520245026010033 ], [ 80.023943726847833, 6.51829494426423 ], [ 80.022803851632361, 6.516514151257859 ], [ 80.02149811540562, 6.515017969895126 ], [ 80.020531992045619, 6.513409675516247 ], [ 80.019407123769867, 6.510484232336045 ], [ 80.018048299237137, 6.506469867980933 ], [ 80.017768980983945, 6.505380597885638 ], [ 80.01754988465909, 6.503604843462036 ], [ 80.016983564376574, 6.501655620576966 ], [ 80.016877910157532, 6.500739135991413 ], [ 80.016938053835659, 6.49925162497292 ], [ 80.018145237268058, 6.497255590109873 ], [ 80.018665763364183, 6.495656147410557 ], [ 80.018673106807043, 6.493709898380751 ], [ 80.018393677993487, 6.492506599845432 ], [ 80.018514224799617, 6.490961809721922 ], [ 80.018461129527623, 6.488614886306209 ], [ 80.018694905942098, 6.487357102145403 ], [ 80.018642027062967, 6.486956439279498 ], [ 80.017449589269788, 6.485518074275502 ], [ 80.01659684921097, 6.484940727124037 ], [ 80.015404268105428, 6.483273735594555 ], [ 80.015230604204973, 6.482586054600587 ], [ 80.015298370961688, 6.481384544622404 ], [ 80.014898237149836, 6.479894368688139 ], [ 80.014558645196558, 6.47949158257075 ], [ 80.012626649997102, 6.47810608212382 ], [ 80.008128923628249, 6.475389640916191 ], [ 80.005110324248207, 6.473368047619493 ], [ 80.003970727419372, 6.472159631800367 ], [ 80.003404761107333, 6.471755367281709 ], [ 80.001012651715584, 6.470310070490414 ], [ 80.000612657006926, 6.470250683448237 ], [ 79.99947309004753, 6.469499644584505 ], [ 79.997993949865318, 6.468117328074435 ], [ 79.997141135821607, 6.466509742684349 ], [ 79.997209004482002, 6.465079193558797 ], [ 79.998182225722999, 6.463310903693081 ], [ 79.999789215291756, 6.461145674272381 ], [ 80.000196593885931, 6.460289453928834 ], [ 80.000543642479769, 6.459204095770224 ], [ 80.000543629186112, 6.458746286485098 ], [ 80.000317201643782, 6.458401456197016 ], [ 79.999343754652571, 6.458281006835505 ], [ 79.998830777233565, 6.458392561342665 ], [ 79.995631449639916, 6.459689765875945 ], [ 79.99437872381182, 6.45905257472147 ], [ 79.993978832564338, 6.458191736121885 ], [ 79.992786541636107, 6.457669368691379 ], [ 79.991186707663744, 6.456629927043752 ], [ 79.99027367759561, 6.456452327533857 ], [ 79.989360595832494, 6.456446969623032 ], [ 79.987881669234881, 6.456667100295809 ], [ 79.986621528909822, 6.456545197013747 ], [ 79.9857689459173, 6.456196428787058 ], [ 79.985142462105472, 6.455391331121936 ], [ 79.984863177771771, 6.454474295442776 ], [ 79.98526303360525, 6.453560568994304 ], [ 79.987730325369725, 6.450771035184049 ], [ 79.988077391688165, 6.449914874177066 ], [ 79.988024425814842, 6.448483435956225 ], [ 79.988145116458952, 6.448083463177364 ], [ 79.989752193793237, 6.445803811576872 ], [ 79.990559406412871, 6.443805527270153 ], [ 79.990672553256545, 6.443348033248449 ], [ 79.990619643958794, 6.442889861197502 ], [ 79.990332884092183, 6.441915166325409 ], [ 79.99000922359464, 6.44133519316273 ] ] } },
{ "type": "Feature", "properties": { "NAME": "Maguru Ganga", "CODE": 1 }, "geometry": { "type": "LineString", "coordinates": [ [ 80.366483918948006, 6.434471972748539 ], [ 80.366250412207563, 6.434986432669841 ], [ 80.366130553868061, 6.43613008750355 ], [ 80.365844306282668, 6.436701169922019 ], [ 80.365045153604044, 6.437555732582702 ], [ 80.362126658302131, 6.439772506381627 ], [ 80.359493915285157, 6.440788655256456 ], [ 80.359041327838042, 6.441072460519724 ], [ 80.358694697175906, 6.44152860577255 ], [ 80.358348642474326, 6.442843339812282 ], [ 80.358289230753471, 6.444159436178168 ], [ 80.358116273476426, 6.444903001002589 ], [ 80.357363113752086, 6.446673122594819 ], [ 80.357077470643702, 6.448045275252101 ], [ 80.355758305768788, 6.449869760741074 ], [ 80.354385724759979, 6.450835751785339 ], [ 80.352899693833464, 6.451629391060509 ], [ 80.352439794127065, 6.452027360395396 ], [ 80.351573769358723, 6.454426622745951 ], [ 80.351295564458525, 6.455661990475487 ] ] } },
{ "type": "Feature", "properties": { "NAME": "Bentota Ganga", "CODE": 1 }, "geometry": { "type": "LineString", "coordinates": [ [ 80.145413629813774, 6.430343831945032 ], [ 80.143633776232363, 6.432680081420795 ], [ 80.142147878827245, 6.434388732477355 ], [ 80.141054551039119, 6.436214155535695 ], [ 80.140141686008633, 6.436666753303792 ], [ 80.137795172935128, 6.437168865575105 ], [ 80.136995528847379, 6.437679249495377 ], [ 80.136248715284623, 6.438361805141071 ], [ 80.135162639408989, 6.439671888481959 ], [ 80.131716247475808, 6.445203980133299 ], [ 80.131316309662282, 6.445487921564497 ], [ 80.129830075768311, 6.446109342004327 ], [ 80.12948310974312, 6.446507803948175 ], [ 80.129196665710978, 6.447364446349828 ], [ 80.128736671811765, 6.448163359376269 ], [ 80.125070291690605, 6.450660916662911 ], [ 80.123410987871651, 6.452997796007979 ], [ 80.122777364226906, 6.453623950397994 ], [ 80.121230826740856, 6.454702662593593 ], [ 80.11882456878314, 6.457436194997638 ], [ 80.117278003666939, 6.458686151857282 ], [ 80.116531388658473, 6.459883862159405 ], [ 80.115898104470446, 6.461769012919024 ], [ 80.115385246031465, 6.462452962961704 ], [ 80.114751600597955, 6.463079104960127 ], [ 80.112918356937456, 6.46444214127053 ], [ 80.112171468193438, 6.465182022607816 ], [ 80.110112162751989, 6.46774582467848 ], [ 80.109139069484527, 6.468712761740295 ], [ 80.108445013619132, 6.469338532839207 ], [ 80.107132296413482, 6.470189719420159 ], [ 80.106098797028153, 6.471156853144408 ], [ 80.105012554454362, 6.472695482763487 ], [ 80.10477877365426, 6.47320937485429 ], [ 80.103805592772474, 6.47411977841948 ], [ 80.10294553773042, 6.47457279221299 ], [ 80.101232668426263, 6.475020299075786 ], [ 80.099466691282217, 6.474495429917799 ], [ 80.09855360958764, 6.474661663752038 ], [ 80.097693489903236, 6.475000072036658 ], [ 80.096607072112747, 6.47579514868679 ], [ 80.096033609854729, 6.476020893194551 ], [ 80.095633586544039, 6.476018241327135 ], [ 80.094780941796984, 6.475727154010971 ], [ 80.091369187692337, 6.473074316041139 ], [ 80.089942945355318, 6.472379601514135 ] ] } },
{ "type": "Feature", "properties": { "NAME": "Maguru Ganga", "CODE": 1 }, "geometry": { "type": "LineString", "coordinates": [ [ 80.330169404341731, 6.470111188936621 ], [ 80.328629438140766, 6.469301287463594 ], [ 80.328123356027874, 6.468668919004609 ], [ 80.327443202813029, 6.467406166617859 ], [ 80.326589694261685, 6.466313961266052 ], [ 80.325389198094356, 6.465392008503156 ], [ 80.324996247263726, 6.46464598409226 ], [ 80.324602507534465, 6.46286912075468 ], [ 80.322788663512526, 6.459139268263679 ], [ 80.321761246336109, 6.457588501408196 ], [ 80.321368135782095, 6.456555761799666 ], [ 80.320694376689801, 6.453690298672692 ], [ 80.31803358746194, 6.447322885769267 ], [ 80.31729307122481, 6.446002132723557 ], [ 80.316552907253396, 6.445082692178631 ], [ 80.314219530351025, 6.442665945126032 ], [ 80.312852898292988, 6.441513911387209 ], [ 80.312286269300472, 6.440709645602741 ], [ 80.311893226803448, 6.439791924499084 ], [ 80.311779684495164, 6.439275767803409 ], [ 80.312299053040988, 6.437332693665582 ], [ 80.313331795309907, 6.436021864703162 ], [ 80.31471083251688, 6.433396194627858 ], [ 80.316030000287242, 6.431514308816738 ], [ 80.316549850919188, 6.430429671574173 ], [ 80.316504099898907, 6.429771420539141 ] ] } },
{ "type": "Feature", "properties": { "NAME": "Bentota Ganga", "CODE": 9 }, "geometry": { "type": "LineString", "coordinates": [ [ 79.996898818341322, 6.428618890010376 ], [ 79.996178619485846, 6.42886082844604 ] ] } },
{ "type": "Feature", "properties": { "NAME": "Bentota Ganga", "CODE": 9 }, "geometry": { "type": "LineString", "coordinates": [ [ 80.022511585916547, 6.431593217686801 ], [ 80.022394297677934, 6.43231922542926 ], [ 80.022166208519593, 6.432718487471352 ], [ 80.021368497298411, 6.433343276143537 ], [ 80.020396984587435, 6.433566374794773 ], [ 80.017937223721191, 6.434582231982195 ], [ 80.015187881946389, 6.43639712153631 ], [ 80.013760223619769, 6.437189816555098 ], [ 80.012666251307436, 6.438156660264971 ], [ 80.011010413386202, 6.439348461338146 ], [ 80.009977872451273, 6.439800352670469 ], [ 80.009181060798781, 6.439853139958979 ], [ 80.007641379557882, 6.439500415913948 ], [ 80.006731381431905, 6.439151456983121 ], [ 80.004904791274612, 6.437766950946968 ], [ 80.004397558947389, 6.437077213451079 ], [ 80.003664677360831, 6.435012010864261 ], [ 80.00196347017885, 6.431053069806421 ], [ 80.000154146504116, 6.428409317861569 ], [ 79.999805524411201, 6.428121247882246 ], [ 79.998842266432689, 6.427886225910592 ], [ 79.99837941283711, 6.427940774502633 ], [ 79.996898818341322, 6.428618890010376 ] ] } },
{ "type": "Feature", "properties": { "NAME": "Bentota Ganga", "CODE": 9 }, "geometry": { "type": "MultiLineString", "coordinates": [ [ [ 79.997807510210038, 6.426486667392343 ], [ 79.997900954633678, 6.4264301321641 ] ], [ [ 79.998827883934098, 6.426280140364608 ], [ 79.998844685789919, 6.426283613223491 ] ] ] } },
{ "type": "Feature", "properties": { "NAME": "Maguru Ganga", "CODE": 1 }, "geometry": { "type": "LineString", "coordinates": [ [ 80.316504099898907, 6.429771420539141 ], [ 80.316262177763377, 6.429054352257552 ], [ 80.315696085704147, 6.428765015427087 ], [ 80.315122494785598, 6.428647783826838 ], [ 80.312730390697737, 6.428634903888132 ], [ 80.310556921834149, 6.428051045431037 ], [ 80.310043693351602, 6.428048180347299 ], [ 80.309530530449891, 6.427816255557308 ], [ 80.305538419351436, 6.427337276051526 ], [ 80.304172475818888, 6.427043665021122 ], [ 80.303885502493372, 6.426641524865974 ], [ 80.304465316433522, 6.425041608297792 ], [ 80.30406513618054, 6.424696311765262 ], [ 80.302978397382901, 6.424346995393027 ], [ 80.302352680208003, 6.425316637639404 ], [ 80.300966867209482, 6.428972536816061 ], [ 80.297928250313873, 6.432390070607517 ], [ 80.295409613626362, 6.434895083002672 ], [ 80.294437187131521, 6.436320952933949 ], [ 80.292831237828665, 6.438258464899707 ], [ 80.292318418669268, 6.438713416267122 ], [ 80.290245681819826, 6.442308293070422 ], [ 80.289446522360677, 6.443333850701371 ], [ 80.288353175398328, 6.444415651004794 ], [ 80.2873202779639, 6.445955622715933 ], [ 80.286121432839721, 6.447436932824428 ], [ 80.284629169013968, 6.450233807872491 ], [ 80.283709013675448, 6.450858351644799 ], [ 80.283195818965225, 6.450798511355248 ], [ 80.282795635975575, 6.450452632848645 ], [ 80.281496394715546, 6.448328111006984 ], [ 80.280303046927017, 6.446718751353896 ], [ 80.278136191186846, 6.444818204832635 ], [ 80.27728285890997, 6.443840526030021 ], [ 80.274496970876683, 6.441650252462104 ], [ 80.272443834452957, 6.440666168359744 ] ] } },
{ "type": "Feature", "properties": { "NAME": "Bentota Ganga", "CODE": 9 }, "geometry": { "type": "LineString", "coordinates": [ [ 79.998844685789919, 6.426283613223491 ], [ 80.000095404325165, 6.427035517378473 ], [ 80.000497398558295, 6.427151988873566 ], [ 80.002315038418232, 6.427230451393423 ] ] } },
{ "type": "Feature", "properties": { "NAME": null, "CODE": 5 }, "geometry": { "type": "LineString", "coordinates": [ [ 80.034315687905661, 6.420713610845817 ], [ 80.034011143624099, 6.421440728192362 ], [ 80.034298715100192, 6.421955617222845 ], [ 80.035442942926522, 6.422926584840005 ], [ 80.036413468030673, 6.423325599117314 ], [ 80.038302029749261, 6.423838120347988 ], [ 80.038756765177069, 6.424123350932353 ], [ 80.039044729780471, 6.424466558328382 ], [ 80.038762743031114, 6.425325827208287 ], [ 80.037912243513759, 6.425842474966665 ], [ 80.035795032151853, 6.42607498274799 ], [ 80.033572086233875, 6.42596396911159 ], [ 80.030263185054238, 6.426542332156192 ], [ 80.029579993083487, 6.426772085129019 ], [ 80.029063190559057, 6.427402664813972 ], [ 80.028332859258811, 6.42872092431821 ], [ 80.027535043833566, 6.429523621053401 ], [ 80.025713011414197, 6.430270987932483 ], [ 80.023373830030138, 6.430696504097209 ] ] } },
{ "type": "Feature", "properties": { "NAME": "Bentota Ganga", "CODE": 9 }, "geometry": { "type": "LineString", "coordinates": [ [ 80.034315687905661, 6.420713610845817 ], [ 80.029687136745807, 6.420972429376909 ], [ 80.028548681390717, 6.421194880908043 ], [ 80.027362770790091, 6.421712305029261 ] ] } },
{ "type": "Feature", "properties": { "NAME": null, "CODE": 5 }, "geometry": { "type": "LineString", "coordinates": [ [ 79.998844685789919, 6.426283613223491 ], [ 79.998845952428297, 6.426279811845619 ] ] } },
{ "type": "Feature", "properties": { "NAME": "Maguru Ganga", "CODE": 1 }, "geometry": { "type": "MultiLineString", "coordinates": [ [ [ 80.379651084936981, 6.427769710004091 ], [ 80.376849750147485, 6.427422730853396 ] ], [ [ 80.372255288123426, 6.427596228006163 ], [ 80.369813874651271, 6.428136211211906 ], [ 80.36815400645736, 6.42824187511935 ], [ 80.36622174848091, 6.427659711049244 ], [ 80.364055257435027, 6.42656072995005 ], [ 80.362855167445389, 6.426210882201093 ], [ 80.362402205052362, 6.425922251080027 ], [ 80.36176828123935, 6.425804740392701 ], [ 80.360401964039383, 6.425225127896414 ], [ 80.358582449576559, 6.423956127109604 ], [ 80.357102841966807, 6.423204160085416 ], [ 80.356362824959476, 6.422570499263225 ], [ 80.354882508982087, 6.420788247213437 ], [ 80.354541997256661, 6.419641818767946 ], [ 80.354254891426805, 6.419182615692578 ], [ 80.353690232135932, 6.418786607267617 ] ], [ [ 80.350864429586011, 6.418635432373963 ], [ 80.348717037400604, 6.42006916252596 ], [ 80.346605087513609, 6.421088082676652 ], [ 80.344319372294578, 6.421934594012366 ], [ 80.343119725850059, 6.422100193581921 ], [ 80.341573261632135, 6.422606757920158 ], [ 80.338141401864007, 6.424477748122122 ], [ 80.336602506046674, 6.425041815324447 ], [ 80.336029049316735, 6.425096296303859 ], [ 80.335515919482873, 6.424978856354506 ], [ 80.334375776087057, 6.423942379466828 ], [ 80.333356144200962, 6.42273487968282 ], [ 80.331816352492126, 6.422040161652795 ], [ 80.330277189159034, 6.422260973045256 ], [ 80.328896971819887, 6.423111867237462 ], [ 80.328557724197879, 6.423510909460089 ], [ 80.328271754018289, 6.424539806213849 ], [ 80.328378126883052, 6.425684915035179 ], [ 80.328318650591541, 6.426829314908105 ], [ 80.328145524517836, 6.427400754650222 ], [ 80.327512227850789, 6.428198735172644 ], [ 80.32585270872913, 6.42887669896959 ], [ 80.324713373401181, 6.428870900233645 ], [ 80.321921028724532, 6.428397615732666 ], [ 80.32032129988842, 6.42838942400487 ], [ 80.319295203288746, 6.428612914038541 ], [ 80.317401952799159, 6.429518571817217 ], [ 80.316504099898907, 6.429771420539141 ] ] ] } },
{ "type": "Feature", "properties": { "NAME": "Bentota Ganga", "CODE": 1 }, "geometry": { "type": "LineString", "coordinates": [ [ 80.057473784727634, 6.409517365142843 ], [ 80.05826631163356, 6.410838786490283 ], [ 80.058779427746686, 6.411299576732309 ], [ 80.060484997226283, 6.412511342244501 ], [ 80.06288453833821, 6.413498545805487 ], [ 80.063737237966052, 6.414018299911881 ], [ 80.064869319389146, 6.415226999779392 ], [ 80.065782688335332, 6.416777911107563 ], [ 80.06686179433305, 6.417585379839266 ], [ 80.06891441734237, 6.418741784604959 ], [ 80.069767234113812, 6.419548231127097 ], [ 80.070159765617376, 6.420294558325717 ], [ 80.07049968926512, 6.422013533053527 ], [ 80.072205389499231, 6.423797678761951 ], [ 80.072537696820646, 6.42494479501618 ], [ 80.072590691119132, 6.42586078420427 ], [ 80.072764390865885, 6.426262176631265 ], [ 80.073443614700025, 6.427067533829683 ], [ 80.074983169544964, 6.428106786437347 ], [ 80.075322784267556, 6.428509393292484 ], [ 80.075715540154604, 6.429828130841141 ], [ 80.076115574259816, 6.430574323858397 ], [ 80.07759480468745, 6.431784887046418 ], [ 80.07850803295409, 6.432705858781565 ], [ 80.078787560484997, 6.433566341255821 ], [ 80.07849375647578, 6.43568235973899 ], [ 80.078486426352541, 6.436712580411285 ], [ 80.078599742956641, 6.437113607035538 ], [ 80.080305532220294, 6.438783561389845 ], [ 80.080592253799324, 6.439185811566625 ], [ 80.080705686291182, 6.439816029489807 ], [ 80.080231137655943, 6.44307564156672 ], [ 80.080450248247473, 6.444376903152552 ] ] } },
{ "type": "Feature", "properties": { "NAME": "Bentota Ganga", "CODE": 9 }, "geometry": { "type": "MultiLineString", "coordinates": [ [ [ 80.057473784727634, 6.409517365142843 ], [ 80.055878758033771, 6.409679475463686 ], [ 80.054110221996666, 6.410158934872504 ] ], [ [ 80.047320932627585, 6.415019461264854 ], [ 80.041582184503497, 6.416749798258534 ], [ 80.039971254286215, 6.417719301248962 ] ], [ [ 80.037170735598608, 6.419415123548346 ], [ 80.036311957664239, 6.420038379912668 ], [ 80.034315687905661, 6.420713610845817 ] ] ] } },
{ "type": "Feature", "properties": { "NAME": "Bentota Ganga", "CODE": 1 }, "geometry": { "type": "LineString", "coordinates": [ [ 80.075551368363747, 6.399034306143427 ], [ 80.075254339639443, 6.398333046768756 ] ] } },
{ "type": "Feature", "properties": { "NAME": "Bentota Ganga", "CODE": 1 }, "geometry": { "type": "LineString", "coordinates": [ [ 80.075254339639443, 6.398333046768756 ], [ 80.074439877338705, 6.398217346691098 ] ] } },
{ "type": "Feature", "properties": { "NAME": "Bentota Ganga", "CODE": 1 }, "geometry": { "type": "LineString", "coordinates": [ [ 80.075551368363747, 6.399034306143427 ], [ 80.075035817671989, 6.398802296447564 ], [ 80.074439877338705, 6.398217346691098 ] ] } },
{ "type": "Feature", "properties": { "NAME": "Bentota Ganga", "CODE": 9 }, "geometry": { "type": "MultiLineString", "coordinates": [ [ [ 80.074439877338705, 6.398217346691098 ], [ 80.071500488640183, 6.397591322369684 ] ], [ [ 80.058770535587428, 6.408445094107059 ], [ 80.058160328030652, 6.409292379759879 ], [ 80.057473784727634, 6.409517365142843 ] ] ] } },
{ "type": "Feature", "properties": { "NAME": "Bentota Ganga", "CODE": 1 }, "geometry": { "type": "LineString", "coordinates": [ [ 80.075254339639443, 6.398333046768756 ], [ 80.075156792492805, 6.398102783036901 ] ] } },
{ "type": "Feature", "properties": { "NAME": "Maguru Ganga", "CODE": 1 }, "geometry": { "type": "LineString", "coordinates": [ [ 80.278300311074105, 6.383906930225446 ], [ 80.27919915525284, 6.385354350146087 ], [ 80.279353427279119, 6.390506691475895 ], [ 80.27905321514632, 6.392908622353873 ], [ 80.278247818397134, 6.395938035991731 ], [ 80.276461940642832, 6.399534274309628 ], [ 80.275376536848881, 6.401245441936987 ], [ 80.275083199760118, 6.402789218017131 ], [ 80.274510961183154, 6.40467482746113 ], [ 80.272845107689861, 6.407241885693674 ], [ 80.271812246117292, 6.408495119148643 ], [ 80.271292389115018, 6.409808764738862 ], [ 80.268714088258193, 6.413229113933531 ], [ 80.267794442412949, 6.414826812537559 ], [ 80.267214958202601, 6.417284835668115 ], [ 80.266242664115552, 6.41882510801702 ], [ 80.265775388117419, 6.419795422622284 ], [ 80.26542900488154, 6.420938391387367 ], [ 80.265316133140047, 6.421510147225627 ], [ 80.265535969879906, 6.423056681617552 ], [ 80.263977245099539, 6.428313999188999 ], [ 80.264090737320544, 6.428829597697694 ], [ 80.265623743210185, 6.430727025434957 ], [ 80.267337669075644, 6.432396276550157 ], [ 80.268817294420003, 6.43343464125426 ], [ 80.271203522393648, 6.436137775343487 ], [ 80.271823260550619, 6.437743483178872 ], [ 80.272217088464302, 6.440092807256976 ], [ 80.272443834452957, 6.440666168359744 ] ] } },
{ "type": "Feature", "properties": { "NAME": "Bentota Ganga", "CODE": 1 }, "geometry": { "type": "MultiLineString", "coordinates": [ [ [ 80.205400804266674, 6.370021460004905 ], [ 80.206412421834997, 6.371332399638606 ], [ 80.206930034459802, 6.371541738143144 ] ], [ [ 80.20834873251151, 6.372000419718813 ], [ 80.211151204458091, 6.372560567977133 ], [ 80.212004277205565, 6.373423952523747 ], [ 80.21251065674187, 6.375258082675367 ], [ 80.212670429780289, 6.377720505263885 ], [ 80.213290275509749, 6.379784096890544 ], [ 80.213457327857114, 6.381788555857275 ], [ 80.213570603430753, 6.382189703728256 ], [ 80.213963296254391, 6.382707166014779 ], [ 80.214590364508211, 6.384370445810817 ], [ 80.214756999306687, 6.385458961483546 ], [ 80.214697299893757, 6.386717929423952 ], [ 80.214803672130685, 6.388149187121532 ], [ 80.214050438310593, 6.39054901120896 ], [ 80.21387044357688, 6.392665855223261 ], [ 80.214263695394735, 6.394499861780468 ], [ 80.214943958031881, 6.396621311842241 ], [ 80.214944168799491, 6.397079141905322 ], [ 80.21477104599488, 6.397936678734831 ], [ 80.214017505166311, 6.399821159272386 ], [ 80.213844554742906, 6.400907751822144 ], [ 80.213897594995572, 6.401365921705244 ], [ 80.214864040792051, 6.40245869630725 ], [ 80.215264428877333, 6.403319397988776 ], [ 80.215370643090807, 6.404636621405168 ], [ 80.215311290524525, 6.406353418511459 ], [ 80.215190915863786, 6.407154207351059 ], [ 80.214964905462708, 6.407668172766702 ], [ 80.212952287624148, 6.411491687606701 ], [ 80.211912239017025, 6.413890059658159 ], [ 80.211146720073543, 6.421784233107935 ], [ 80.21074010111478, 6.423384776522088 ], [ 80.210506449664607, 6.42389858897942 ], [ 80.209307452869155, 6.425380271503505 ], [ 80.207640685703538, 6.427145034590962 ], [ 80.207068032355465, 6.428515769482586 ], [ 80.206601782878153, 6.431775446553107 ], [ 80.205901570855971, 6.434919699667011 ], [ 80.205435907084663, 6.43903808518476 ], [ 80.205082130107613, 6.440982191451229 ], [ 80.204955450028862, 6.444129196273397 ], [ 80.204722254889688, 6.445616172407777 ], [ 80.203336077157019, 6.45007280146543 ], [ 80.202989804541659, 6.451731193916114 ], [ 80.201843837095538, 6.453842139642237 ], [ 80.201316533999645, 6.455671023826215 ], [ 80.201204109889161, 6.457158272850137 ], [ 80.200790153988848, 6.459445816910836 ], [ 80.200896934821216, 6.461735640015374 ], [ 80.201403577564605, 6.463856062927453 ], [ 80.201457045470207, 6.465058768154535 ], [ 80.20116397621257, 6.467632730414112 ], [ 80.200810141153198, 6.469462230209331 ], [ 80.200810602735558, 6.470435396693021 ], [ 80.200977130032157, 6.47135222774257 ], [ 80.202517217345743, 6.472734361433669 ], [ 80.20433616705995, 6.473259364867332 ], [ 80.20610960125201, 6.473555397529686 ], [ 80.208449035526698, 6.473568452984024 ], [ 80.208849010151908, 6.473685190209608 ], [ 80.210162348577967, 6.474322233248358 ], [ 80.211521429283309, 6.475760805553771 ], [ 80.212661472736954, 6.476740175007714 ], [ 80.213461570852203, 6.47697364324922 ], [ 80.215287659772699, 6.47681201611579 ], [ 80.216087602341702, 6.476930881726085 ], [ 80.216487660704658, 6.477104700648931 ], [ 80.217907285088643, 6.478886836834291 ], [ 80.218360200956127, 6.479175593187573 ], [ 80.219447026884225, 6.479353408143966 ], [ 80.219899944137623, 6.479642163227959 ] ] ] } },
{ "type": "Feature", "properties": { "NAME": "Bentota Ganga", "CODE": 1 }, "geometry": { "type": "LineString", "coordinates": [ [ 80.152886494247838, 6.399879195751669 ], [ 80.153566193837008, 6.401199227672876 ], [ 80.154645582602313, 6.402464913360102 ], [ 80.155332542700378, 6.403155443009959 ], [ 80.156698686077391, 6.404193404541789 ], [ 80.157891382914215, 6.405573959197771 ], [ 80.158804493045153, 6.405922234239537 ], [ 80.159257314400492, 6.406325632606057 ], [ 80.159483839912028, 6.406727489031597 ], [ 80.159423609642445, 6.407127872947992 ], [ 80.15965059755959, 6.408445804229872 ], [ 80.160103656030941, 6.409363973146312 ], [ 80.160669928111332, 6.410111298689756 ], [ 80.161069845485656, 6.410342241853121 ], [ 80.161522583210029, 6.410345324031849 ], [ 80.162329868886985, 6.410005881951072 ], [ 80.163121981172566, 6.40995326793949 ], [ 80.164095635557402, 6.410359541105203 ], [ 80.164895456286175, 6.410478476819859 ], [ 80.166434534548884, 6.410086480151952 ], [ 80.167520704970769, 6.409234141377614 ], [ 80.168380345344787, 6.40809412070556 ], [ 80.170273724473162, 6.407074571414472 ], [ 80.171239425673264, 6.406793799867113 ], [ 80.172159617439021, 6.406169462231969 ], [ 80.17319260167929, 6.404515710075561 ], [ 80.174105127116277, 6.403432967662495 ], [ 80.175145419816346, 6.401435424955388 ], [ 80.175944795872169, 6.400467144854773 ], [ 80.177038063574201, 6.398699136916862 ], [ 80.178410625190054, 6.397390405656537 ], [ 80.180816951627946, 6.395915837048499 ], [ 80.182129018892624, 6.394377545784018 ], [ 80.182822463801244, 6.393007542998916 ], [ 80.183575476926976, 6.389692122774735 ], [ 80.184668704264311, 6.388038691581418 ], [ 80.185241936679617, 6.387526691034605 ], [ 80.186614710025282, 6.386732706632329 ], [ 80.188840241195635, 6.386058521585684 ], [ 80.189353034319808, 6.385775361454754 ], [ 80.190099772047006, 6.385092713274369 ], [ 80.190446501772115, 6.384636689648455 ], [ 80.191305756467017, 6.382752508573687 ], [ 80.192858940392028, 6.380529266620297 ], [ 80.193944374398285, 6.378474495505409 ], [ 80.194864461677469, 6.377621477681938 ], [ 80.195550633957765, 6.376766359645588 ], [ 80.197443650729127, 6.375288793895989 ], [ 80.198649823256673, 6.373235274677923 ], [ 80.199909105631718, 6.371811113548945 ], [ 80.200482226844798, 6.371242005308052 ], [ 80.201621101940134, 6.370504520324878 ], [ 80.203507200555975, 6.370400479703068 ], [ 80.205400804266674, 6.370021460004905 ] ] } },
{ "type": "Feature", "properties": { "NAME": "Maguru Ganga", "CODE": 1 }, "geometry": { "type": "LineString", "coordinates": [ [ 80.287025974574533, 6.366794574741776 ], [ 80.285479637177005, 6.367301050031557 ], [ 80.283707319071041, 6.368378894472605 ], [ 80.282041248796006, 6.370316051040362 ], [ 80.281589101264544, 6.371057625602106 ], [ 80.280956289341788, 6.372542656481606 ], [ 80.280369714131254, 6.375458535027362 ], [ 80.28025055368542, 6.377919071979802 ], [ 80.280531132372587, 6.380095467974356 ], [ 80.280237795279476, 6.381524791634809 ], [ 80.279378673488239, 6.383008260352114 ], [ 80.278692503426285, 6.383691812596616 ], [ 80.278300311074105, 6.383906930225446 ] ] } },
{ "type": "Feature", "properties": { "NAME": "Maguru Ganga", "CODE": 1 }, "geometry": { "type": "LineString", "coordinates": [ [ 80.274923647036019, 6.365927673291691 ], [ 80.274690588969136, 6.367242663970806 ], [ 80.274171054368182, 6.369014082554203 ], [ 80.274277881924732, 6.370732054344228 ], [ 80.274165269670064, 6.371646979035095 ], [ 80.273645696451979, 6.373304361576555 ], [ 80.273579709002405, 6.376108533912492 ], [ 80.273806581448866, 6.376968111066637 ], [ 80.27465948452749, 6.377545607532936 ], [ 80.275625855900529, 6.378523534518373 ], [ 80.276132109736963, 6.379556692702945 ], [ 80.277152762058734, 6.382710090226534 ], [ 80.277379375306452, 6.383111902111109 ], [ 80.278300311074105, 6.383906930225446 ] ] } },
{ "type": "Feature", "properties": { "NAME": "Bentota Ganga", "CODE": 1 }, "geometry": { "type": "LineString", "coordinates": [ [ 80.075254339639443, 6.398333046768756 ], [ 80.077604268516012, 6.399620821526805 ] ] } },
{ "type": "Feature", "properties": { "NAME": "Bentota Ganga", "CODE": 1 }, "geometry": { "type": "LineString", "coordinates": [ [ 80.204861454650313, 6.359432586757997 ], [ 80.205026215055369, 6.360735868572506 ], [ 80.205645936103863, 6.362742520044718 ], [ 80.204886400001499, 6.367546001688991 ], [ 80.204939980247275, 6.368920326369014 ], [ 80.205400804266674, 6.370021460004905 ] ] } },
{ "type": "Feature", "properties": { "NAME": "Bentota Ganga", "CODE": 1 }, "geometry": { "type": "MultiLineString", "coordinates": [ [ [ 80.200815308341987, 6.357928665544562 ], [ 80.200274164867849, 6.357930401111383 ] ], [ [ 80.192173794444898, 6.355970771884733 ], [ 80.191119240536125, 6.355907583265961 ], [ 80.188854183857501, 6.355041929222808 ] ] ] } },
{ "type": "Feature", "properties": { "NAME": null, "CODE": 5 }, "geometry": { "type": "LineString", "coordinates": [ [ 79.87570052118258, 6.978852498297394 ], [ 79.874106089077117, 6.980916143588237 ], [ 79.8740431329541, 6.982747306665562 ], [ 79.874150464619532, 6.984121432212826 ], [ 79.873676083318529, 6.988011138691989 ], [ 79.873666370781322, 6.989098642665803 ], [ 79.873953035758944, 6.990130901140469 ], [ 79.873994709620362, 6.992191579155761 ], [ 79.873536585452172, 6.993447919438974 ], [ 79.872667218520391, 6.995216645217894 ], [ 79.871630938838209, 6.996926695884386 ], [ 79.869960796305506, 7.000407183602544 ], [ 79.868218873781743, 7.005604073512211 ], [ 79.868040249325148, 7.007663759079208 ], [ 79.866458854427506, 7.014693068142377 ], [ 79.866336470166729, 7.016695777647765 ], [ 79.865339667985651, 7.021497332457515 ], [ 79.865503851434539, 7.02464618329262 ], [ 79.865436488902731, 7.026420670676738 ], [ 79.864905922548857, 7.029737020144894 ], [ 79.865010564673099, 7.031568921259689 ], [ 79.864830547236508, 7.033342624416634 ], [ 79.864768803599802, 7.033857369753887 ], [ 79.864539889633519, 7.034370943489658 ] ] } },
{ "type": "Feature", "properties": { "NAME": "Kelani Ganga", "CODE": 1 }, "geometry": { "type": "LineString", "coordinates": [ [ 79.894353468442446, 6.836284503715065 ], [ 79.893869479706211, 6.836630638218496 ], [ 79.893408451343973, 6.838802606495304 ], [ 79.892600190438884, 6.840400147405645 ] ] } }
]
}
