{
"type": "FeatureCollection",
"name": "schools",
"crs": { "type": "name", "properties": { "name": "urn:ogc:def:crs:OGC:1.3:CRS84" } },
"features": [
{ "type": "Feature", "properties": { "school_nam": "DE LA SALLE COLLEGE", "school_lev": "Provincial", "school_typ": "1AB", "district": "11.Colombo", "zone": "Colombo" }, "geometry": { "type": "Point", "coordinates": [ 79.862566940000079, 6.962627222000037 ] } },
{ "type": "Feature", "properties": { "school_nam": "MODARA ANANDA M.M.V.", "school_lev": "Provincial", "school_typ": "1C", "district": "11.Colombo", "zone": "Colombo" }, "geometry": { "type": "Point", "coordinates": [ 79.871968890000062, 6.96700194400006 ] } },
{ "type": "Feature", "properties": { "school_nam": "ST. ANTHONY'S B.M.V.", "school_lev": "Provincial", "school_typ": "1C", "district": "11.Colombo", "zone": "Colombo" }, "geometry": { "type": "Point", "coordinates": [ 79.866933060000065, 6.964597222000066 ] } },
{ "type": "Feature", "properties": { "school_nam": "KUMARA V.", "school_lev": "Provincial", "school_typ": "1C", "district": "11.Colombo", "zone": "Colombo" }, "geometry": { "type": "Point", "coordinates": [ 79.862138060000063, 6.951816111000028 ] } },
{ "type": "Feature", "properties": { "school_nam": "ST. JOHN'S M.V.", "school_lev": "Provincial", "school_typ": "Type 2", "district": "11.Colombo", "zone": "Colombo" }, "geometry": { "type": "Point", "coordinates": [ 79.874838890000035, 6.971556111000041 ] } },
{ "type": "Feature", "properties": { "school_nam": "ST. LUCIA'S COLLEGE", "school_lev": "Provincial", "school_typ": "Type 2", "district": "11.Colombo", "zone": "Colombo" }, "geometry": { "type": "Point", "coordinates": [ 79.867939440000043, 6.949346944000069 ] } },
{ "type": "Feature", "properties": { "school_nam": "CATHEDRAL BOYS COLLEGE", "school_lev": "Provincial", "school_typ": "Type 3", "district": "11.Colombo", "zone": "Colombo" }, "geometry": { "type": "Point", "coordinates": [ 79.862850280000032, 6.94960111100005 ] } },
{ "type": "Feature", "properties": { "school_nam": "KOTAHENA PRESIDENT COLLEGE", "school_lev": "Provincial", "school_typ": "Type 2", "district": "11.Colombo", "zone": "Colombo" }, "geometry": { "type": "Point", "coordinates": [ 79.863200560000053, 6.954867222000075 ] } },
{ "type": "Feature", "properties": { "school_nam": "ST. ANDREW'S V.", "school_lev": "Provincial", "school_typ": "Type 2", "district": "11.Colombo", "zone": "Colombo" }, "geometry": { "type": "Point", "coordinates": [ 79.860926670000083, 6.958388611000032 ] } },
{ "type": "Feature", "properties": { "school_nam": "MODARA SRI MEDHANANDA V.", "school_lev": "Provincial", "school_typ": "Type 2", "district": "11.Colombo", "zone": "Colombo" }, "geometry": { "type": "Point", "coordinates": [ 79.867965280000078, 6.964617500000031 ] } },
{ "type": "Feature", "properties": { "school_nam": "MODARA ST.JOHN'S V.", "school_lev": "Provincial", "school_typ": "Type 2", "district": "11.Colombo", "zone": "Colombo" }, "geometry": { "type": "Point", "coordinates": [ 79.870596110000065, 6.968063889000064 ] } },
{ "type": "Feature", "properties": { "school_nam": "AVE MARIA V.", "school_lev": "Provincial", "school_typ": "Type 2", "district": "11.Colombo", "zone": "Colombo" }, "geometry": { "type": "Point", "coordinates": [ 79.87780194000004, 6.970285 ] } },
{ "type": "Feature", "properties": { "school_nam": "SRI SANGHABODHI M.V.", "school_lev": "Provincial", "school_typ": "Type 2", "district": "11.Colombo", "zone": "Colombo" }, "geometry": { "type": "Point", "coordinates": [ 79.874605, 6.958943333000036 ] } },
{ "type": "Feature", "properties": { "school_nam": "BLOEMENDHAL SIN.V.", "school_lev": "Provincial", "school_typ": "Type 2", "district": "11.Colombo", "zone": "Colombo" }, "geometry": { "type": "Point", "coordinates": [ 79.870773060000033, 6.947196667000071 ] } },
{ "type": "Feature", "properties": { "school_nam": "SRI GUNANANDA V.", "school_lev": "Provincial", "school_typ": "Type 3", "district": "11.Colombo", "zone": "Colombo" }, "geometry": { "type": "Point", "coordinates": [ 79.861848060000057, 6.951358889000062 ] } },
{ "type": "Feature", "properties": { "school_nam": "THOTAWATTA METHODIST V.", "school_lev": "Provincial", "school_typ": "Type 3", "district": "11.Colombo", "zone": "Colombo" }, "geometry": { "type": "Point", "coordinates": [ 79.878826940000067, 6.972994444000051 ] } },
{ "type": "Feature", "properties": { "school_nam": "ROMAN CATHOLIC B.V.", "school_lev": "Provincial", "school_typ": "Type 2", "district": "11.Colombo", "zone": "Colombo" }, "geometry": { "type": "Point", "coordinates": [ 79.86372, 6.949553889000072 ] } },
{ "type": "Feature", "properties": { "school_nam": "ST. JAME'S P.V.", "school_lev": "Provincial", "school_typ": "Type 3", "district": "11.Colombo", "zone": "Colombo" }, "geometry": { "type": "Point", "coordinates": [ 79.866250280000031, 6.965407500000026 ] } },
{ "type": "Feature", "properties": { "school_nam": "MAHAWATTA ST.ANTHONY'S SIN.V.", "school_lev": "Provincial", "school_typ": "Type 2", "district": "11.Colombo", "zone": "Colombo" }, "geometry": { "type": "Point", "coordinates": [ 79.872142780000047, 6.960884167000074 ] } },
{ "type": "Feature", "properties": { "school_nam": "ST. ANTHONY'S B.P.V.", "school_lev": "Provincial", "school_typ": "Type 3", "district": "11.Colombo", "zone": "Colombo" }, "geometry": { "type": "Point", "coordinates": [ 79.867266390000054, 6.965410833000021 ] } },
{ "type": "Feature", "properties": { "school_nam": "AGAMETHI V.", "school_lev": "Provincial", "school_typ": "Type 2", "district": "11.Colombo", "zone": "Colombo" }, "geometry": { "type": "Point", "coordinates": [ 79.868674440000063, 6.957765556000027 ] } },
{ "type": "Feature", "properties": { "school_nam": "KOTAHENA M.M.V.", "school_lev": "National", "school_typ": "1AB", "district": "11.Colombo", "zone": "Colombo" }, "geometry": { "type": "Point", "coordinates": [ 79.862545830000045, 6.943125833000067 ] } },
{ "type": "Feature", "properties": { "school_nam": "SRI SANGARAJA M.M.V.", "school_lev": "Provincial", "school_typ": "Type 2", "district": "11.Colombo", "zone": "Colombo" }, "geometry": { "type": "Point", "coordinates": [ 79.864071390000049, 6.927886667000053 ] } },
{ "type": "Feature", "properties": { "school_nam": "MAHABODHI M.V.", "school_lev": "Provincial", "school_typ": "1C", "district": "11.Colombo", "zone": "Colombo" }, "geometry": { "type": "Point", "coordinates": [ 79.863671390000036, 6.919146389000048 ] } },
{ "type": "Feature", "properties": { "school_nam": "RAJASINGHE M.V.", "school_lev": "Provincial", "school_typ": "1C", "district": "11.Colombo", "zone": "Colombo" }, "geometry": { "type": "Point", "coordinates": [ 79.878064170000073, 6.941426389000071 ] } },
{ "type": "Feature", "properties": { "school_nam": "MIHINDU MAWATHA SIN.M.V.", "school_lev": "Provincial", "school_typ": "Type 2", "district": "11.Colombo", "zone": "Colombo" }, "geometry": { "type": "Point", "coordinates": [ 79.857972220000079, 6.933835 ] } },
{ "type": "Feature", "properties": { "school_nam": "SIRI SARIPUTHTHA M.V.", "school_lev": "Provincial", "school_typ": "Type 2", "district": "11.Colombo", "zone": "Colombo" }, "geometry": { "type": "Point", "coordinates": [ 79.852060560000041, 6.921063056000037 ] } },
{ "type": "Feature", "properties": { "school_nam": "VIJAYABA M.V.", "school_lev": "Provincial", "school_typ": "Type 2", "district": "11.Colombo", "zone": "Colombo" }, "geometry": { "type": "Point", "coordinates": [ 79.872186390000081, 6.946345833000066 ] } },
{ "type": "Feature", "properties": { "school_nam": "ST. JOSEPH'S B.M.V.", "school_lev": "Provincial", "school_typ": "1C", "district": "11.Colombo", "zone": "Colombo" }, "geometry": { "type": "Point", "coordinates": [ 79.873986390000084, 6.945963056000039 ] } },
{ "type": "Feature", "properties": { "school_nam": "ST. JOSEPH'S BOYS V.", "school_lev": "Provincial", "school_typ": "1C", "district": "11.Colombo", "zone": "Colombo" }, "geometry": { "type": "Point", "coordinates": [ 79.874501390000034, 6.945652500000051 ] } },
{ "type": "Feature", "properties": { "school_nam": "WOLFENDHAL B.M.V.", "school_lev": "Provincial", "school_typ": "1C", "district": "11.Colombo", "zone": "Colombo" }, "geometry": { "type": "Point", "coordinates": [ 79.859776670000031, 6.942132500000071 ] } },
{ "type": "Feature", "properties": { "school_nam": "ST. ANTHONY'S B.M.V.", "school_lev": "Provincial", "school_typ": "1C", "district": "11.Colombo", "zone": "Colombo" }, "geometry": { "type": "Point", "coordinates": [ 79.873141940000039, 6.931008889000054 ] } },
{ "type": "Feature", "properties": { "school_nam": "CLIFTON B.M.V.", "school_lev": "Provincial", "school_typ": "1C", "district": "11.Colombo", "zone": "Colombo" }, "geometry": { "type": "Point", "coordinates": [ 79.868536670000083, 6.927141944000027 ] } },
{ "type": "Feature", "properties": { "school_nam": "HOLY ROSARY R.C.SIN.V.", "school_lev": "Provincial", "school_typ": "Type 2", "district": "11.Colombo", "zone": "Colombo" }, "geometry": { "type": "Point", "coordinates": [ 79.851256110000065, 6.923024444000021 ] } },
{ "type": "Feature", "properties": { "school_nam": "VIHARAMAHA DEVI B.V.", "school_lev": "Provincial", "school_typ": "Type 2", "district": "11.Colombo", "zone": "Colombo" }, "geometry": { "type": "Point", "coordinates": [ 79.863942500000064, 6.92243638900004 ] } },
{ "type": "Feature", "properties": { "school_nam": "HEMAMALI B.V.", "school_lev": "Provincial", "school_typ": "1C", "district": "11.Colombo", "zone": "Colombo" }, "geometry": { "type": "Point", "coordinates": [ 79.872563060000061, 6.935131389000048 ] } },
{ "type": "Feature", "properties": { "school_nam": "ST. MARY'S V.", "school_lev": "Provincial", "school_typ": "Type 2", "district": "11.Colombo", "zone": "Colombo" }, "geometry": { "type": "Point", "coordinates": [ 79.858132220000073, 6.943952500000023 ] } },
{ "type": "Feature", "properties": { "school_nam": "HARWARD V.", "school_lev": "Provincial", "school_typ": "Type 3", "district": "11.Colombo", "zone": "Colombo" }, "geometry": { "type": "Point", "coordinates": [ 79.856531940000082, 6.939368889000036 ] } },
{ "type": "Feature", "properties": { "school_nam": "JAYANTHI V.", "school_lev": "Provincial", "school_typ": "Type 2", "district": "11.Colombo", "zone": "Colombo" }, "geometry": { "type": "Point", "coordinates": [ 79.872445, 6.944162500000061 ] } },
{ "type": "Feature", "properties": { "school_nam": "KOTAHENA SIN. K.V.", "school_lev": "Provincial", "school_typ": "Type 3", "district": "11.Colombo", "zone": "Colombo" }, "geometry": { "type": "Point", "coordinates": [ 79.863143330000071, 6.942538889000048 ] } },
{ "type": "Feature", "properties": { "school_nam": "A.E.GUNASINGHA V.", "school_lev": "Provincial", "school_typ": "Type 2", "district": "11.Colombo", "zone": "Colombo" }, "geometry": { "type": "Point", "coordinates": [ 79.857584720000034, 6.93733194400005 ] } },
{ "type": "Feature", "properties": { "school_nam": "ST. SEBASTIAN SIN.V.", "school_lev": "Provincial", "school_typ": "Type 3", "district": "11.Colombo", "zone": "Colombo" }, "geometry": { "type": "Point", "coordinates": [ 79.861261670000033, 6.938058333000072 ] } },
{ "type": "Feature", "properties": { "school_nam": "SIR BARON JAYATHILAKA V.", "school_lev": "Provincial", "school_typ": "Type 2", "district": "11.Colombo", "zone": "Colombo" }, "geometry": { "type": "Point", "coordinates": [ 79.868029170000057, 6.935317778000069 ] } },
{ "type": "Feature", "properties": { "school_nam": "COLOMBO ROYAL COLLEGE", "school_lev": "National", "school_typ": "1AB", "district": "11.Colombo", "zone": "Colombo" }, "geometry": { "type": "Point", "coordinates": [ 79.861436110000056, 6.904821111000047 ] } },
{ "type": "Feature", "properties": { "school_nam": "COLOMBO ANANDA COLLEGE", "school_lev": "National", "school_typ": "1AB", "district": "11.Colombo", "zone": "Colombo" }, "geometry": { "type": "Point", "coordinates": [ 79.869232780000061, 6.924685278000027 ] } },
{ "type": "Feature", "properties": { "school_nam": "COLOMBO NALANDA COLLEGE", "school_lev": "National", "school_typ": "1AB", "district": "11.Colombo", "zone": "Colombo" }, "geometry": { "type": "Point", "coordinates": [ 79.874963330000071, 6.924028889000056 ] } },
{ "type": "Feature", "properties": { "school_nam": "COLOMBO THURSTAN COLLEGE", "school_lev": "National", "school_typ": "1AB", "district": "11.Colombo", "zone": "Colombo" }, "geometry": { "type": "Point", "coordinates": [ 79.859325, 6.902346667000074 ] } },
{ "type": "Feature", "properties": { "school_nam": "ST. MATHEWS COLLEGE", "school_lev": "Provincial", "school_typ": "1C", "district": "11.Colombo", "zone": "Colombo" }, "geometry": { "type": "Point", "coordinates": [ 79.877753060000032, 6.93021 ] } },
{ "type": "Feature", "properties": { "school_nam": "COLOMBO ANANDA B.V.", "school_lev": "National", "school_typ": "1AB", "district": "11.Colombo", "zone": "Colombo" }, "geometry": { "type": "Point", "coordinates": [ 79.869863610000039, 6.92654055600002 ] } },
{ "type": "Feature", "properties": { "school_nam": "COLOMBO GOTHAMI B.V.", "school_lev": "National", "school_typ": "1AB", "district": "11.Colombo", "zone": "Colombo" }, "geometry": { "type": "Point", "coordinates": [ 79.871908330000053, 6.923181667000051 ] } },
{ "type": "Feature", "properties": { "school_nam": "ST. JOHN'S COLLEGE", "school_lev": "Provincial", "school_typ": "1C", "district": "11.Colombo", "zone": "Colombo" }, "geometry": { "type": "Point", "coordinates": [ 79.873598060000063, 6.930505 ] } },
{ "type": "Feature", "properties": { "school_nam": "SEEVALI M.M.V.", "school_lev": "Provincial", "school_typ": "1C", "district": "11.Colombo", "zone": "Colombo" }, "geometry": { "type": "Point", "coordinates": [ 79.880986940000071, 6.923786944000028 ] } },
{ "type": "Feature", "properties": { "school_nam": "SUSAMAYAWARDHANA V.", "school_lev": "Provincial", "school_typ": "1C", "district": "11.Colombo", "zone": "Colombo" }, "geometry": { "type": "Point", "coordinates": [ 79.876585280000029, 6.913406389000045 ] } },
{ "type": "Feature", "properties": { "school_nam": "ANURUDDHA B.V.", "school_lev": "Provincial", "school_typ": "1C", "district": "11.Colombo", "zone": "Colombo" }, "geometry": { "type": "Point", "coordinates": [ 79.878367780000076, 6.929636944000038 ] } },
{ "type": "Feature", "properties": { "school_nam": "MAHINDA V.", "school_lev": "Provincial", "school_typ": "Type 3", "district": "11.Colombo", "zone": "Colombo" }, "geometry": { "type": "Point", "coordinates": [ 79.872479720000058, 6.926567500000033 ] } },
{ "type": "Feature", "properties": { "school_nam": "COLOMBO YASODARA B.V.", "school_lev": "Provincial", "school_typ": "1AB", "district": "11.Colombo", "zone": "Colombo" }, "geometry": { "type": "Point", "coordinates": [ 79.870001390000084, 6.915858889000049 ] } },
{ "type": "Feature", "properties": { "school_nam": "PRESBYTERIAN GIRL'S SCHOOL", "school_lev": "Provincial", "school_typ": "1C", "district": "11.Colombo", "zone": "Colombo" }, "geometry": { "type": "Point", "coordinates": [ 79.86707806000004, 6.919269722000024 ] } },
{ "type": "Feature", "properties": { "school_nam": "COLOMBO RATHNAWALI B.M.V.", "school_lev": "Provincial", "school_typ": "1C", "district": "11.Colombo", "zone": "Colombo" }, "geometry": { "type": "Point", "coordinates": [ 79.874694720000036, 6.918425278000029 ] } },
{ "type": "Feature", "properties": { "school_nam": "COLOMBO D.S.SENANAYAKE COLLEGE", "school_lev": "National", "school_typ": "1AB", "district": "11.Colombo", "zone": "Colombo" }, "geometry": { "type": "Point", "coordinates": [ 79.875488610000048, 6.908823889000075 ] } },
{ "type": "Feature", "properties": { "school_nam": "ALL SAINTS' B.M.V.", "school_lev": "Provincial", "school_typ": "1C", "district": "11.Colombo", "zone": "Colombo" }, "geometry": { "type": "Point", "coordinates": [ 79.875235560000078, 6.920559444000048 ] } },
{ "type": "Feature", "properties": { "school_nam": "COLOMBO VELUWANA COLLEGE", "school_lev": "Provincial", "school_typ": "1AB", "district": "11.Colombo", "zone": "Colombo" }, "geometry": { "type": "Point", "coordinates": [ 79.880185280000035, 6.92651805600002 ] } },
{ "type": "Feature", "properties": { "school_nam": "COLOMBO SRI SANGHAMITHTHA B.V.", "school_lev": "Provincial", "school_typ": "Type 3", "district": "11.Colombo", "zone": "Colombo" }, "geometry": { "type": "Point", "coordinates": [ 79.872886390000076, 6.921058889000051 ] } },
{ "type": "Feature", "properties": { "school_nam": "COLOMBO ASOKA V.", "school_lev": "Provincial", "school_typ": "1AB", "district": "11.Colombo", "zone": "Colombo" }, "geometry": { "type": "Point", "coordinates": [ 79.867120280000051, 6.922765833000028 ] } },
{ "type": "Feature", "properties": { "school_nam": "C.W.W.KANNANGARA V.", "school_lev": "Provincial", "school_typ": "1AB", "district": "11.Colombo", "zone": "Colombo" }, "geometry": { "type": "Point", "coordinates": [ 79.876231110000049, 6.91898388900006 ] } },
{ "type": "Feature", "properties": { "school_nam": "COLOMBO DEVI B.V.", "school_lev": "National", "school_typ": "1AB", "district": "11.Colombo", "zone": "Colombo" }, "geometry": { "type": "Point", "coordinates": [ 79.882176670000035, 6.910553889000028 ] } },
{ "type": "Feature", "properties": { "school_nam": "SUJATHA B.V.", "school_lev": "Provincial", "school_typ": "1C", "district": "11.Colombo", "zone": "Colombo" }, "geometry": { "type": "Point", "coordinates": [ 79.879506670000069, 6.894232500000044 ] } },
{ "type": "Feature", "properties": { "school_nam": "ARETHUSA V.", "school_lev": "Provincial", "school_typ": "Type 2", "district": "11.Colombo", "zone": "Colombo" }, "geometry": { "type": "Point", "coordinates": [ 79.868025, 6.874258611000073 ] } },
{ "type": "Feature", "properties": { "school_nam": "SRI PARAKRAMABAHU M.V.", "school_lev": "Provincial", "school_typ": "1C", "district": "11.Colombo", "zone": "Colombo" }, "geometry": { "type": "Point", "coordinates": [ 79.878916390000029, 6.896605556000054 ] } },
{ "type": "Feature", "properties": { "school_nam": "MAHAMATHYA V.", "school_lev": "Provincial", "school_typ": "Type 2", "district": "11.Colombo", "zone": "Colombo" }, "geometry": { "type": "Point", "coordinates": [ 79.876493330000073, 6.885923611000067 ] } },
{ "type": "Feature", "properties": { "school_nam": "SRI SADDHARMODAYA M.V.", "school_lev": "Provincial", "school_typ": "Type 2", "district": "11.Colombo", "zone": "Colombo" }, "geometry": { "type": "Point", "coordinates": [ 79.883293330000072, 6.877185833000055 ] } },
{ "type": "Feature", "properties": { "school_nam": "S.W.R.D. BANDARANAYAKE V.", "school_lev": "Provincial", "school_typ": "Type 2", "district": "11.Colombo", "zone": "Colombo" }, "geometry": { "type": "Point", "coordinates": [ 79.887010830000065, 6.912046944000053 ] } },
{ "type": "Feature", "properties": { "school_nam": "THIMBIRIGASYAYA VIDYATHILAKA V.", "school_lev": "Provincial", "school_typ": "Type 3", "district": "11.Colombo", "zone": "Colombo" }, "geometry": { "type": "Point", "coordinates": [ 79.866124440000078, 6.891301944000077 ] } },
{ "type": "Feature", "properties": { "school_nam": "COLOMBO SIRIMAVO BANDARANAYAKE V.", "school_lev": "National", "school_typ": "1AB", "district": "11.Colombo", "zone": "Colombo" }, "geometry": { "type": "Point", "coordinates": [ 79.862823060000039, 6.897562500000049 ] } },
{ "type": "Feature", "properties": { "school_nam": "DUDLEY SENANAYAKA V.", "school_lev": "Provincial", "school_typ": "1C", "district": "11.Colombo", "zone": "Colombo" }, "geometry": { "type": "Point", "coordinates": [ 79.872644170000058, 6.89135055600002 ] } },
{ "type": "Feature", "properties": { "school_nam": "COLOMBO ISIPATHANA COLLEGE", "school_lev": "National", "school_typ": "1AB", "district": "11.Colombo", "zone": "Colombo" }, "geometry": { "type": "Point", "coordinates": [ 79.867833330000053, 6.887902778000068 ] } },
{ "type": "Feature", "properties": { "school_nam": "COLOMBO LUMBINI V.", "school_lev": "National", "school_typ": "1AB", "district": "11.Colombo", "zone": "Colombo" }, "geometry": { "type": "Point", "coordinates": [ 79.866963330000033, 6.884214722000024 ] } },
{ "type": "Feature", "properties": { "school_nam": "COLOMBO MAHANAMA COLLEGE", "school_lev": "National", "school_typ": "1AB", "district": "11.Colombo", "zone": "Colombo" }, "geometry": { "type": "Point", "coordinates": [ 79.854927500000031, 6.90638388900004 ] } },
{ "type": "Feature", "properties": { "school_nam": "UDUPILA P. V", "school_lev": "Provincial", "school_typ": "Type 3", "district": "12.Gampaha", "zone": "Kelaniya" }, "geometry": { "type": "Point", "coordinates": [ 80.015459440000029, 6.994008889000042 ] } },
{ "type": "Feature", "properties": { "school_nam": "MILAGIRIYA ST. PAUL'S GIRL'S SCHOOL", "school_lev": "National", "school_typ": "1AB", "district": "11.Colombo", "zone": "Colombo" }, "geometry": { "type": "Point", "coordinates": [ 79.858670280000069, 6.88592 ] } },
{ "type": "Feature", "properties": { "school_nam": "COLOMBO VISAKHA V.", "school_lev": "National", "school_typ": "1AB", "district": "11.Colombo", "zone": "Colombo" }, "geometry": { "type": "Point", "coordinates": [ 79.859297500000082, 6.891822778000062 ] } },
{ "type": "Feature", "properties": { "school_nam": "ST. ANTHONY'S B.M.V.", "school_lev": "Provincial", "school_typ": "1C", "district": "11.Colombo", "zone": "Colombo" }, "geometry": { "type": "Point", "coordinates": [ 79.855018890000053, 6.907885 ] } },
{ "type": "Feature", "properties": { "school_nam": "ST. CLARE'S B.M.V.", "school_lev": "Provincial", "school_typ": "1C", "district": "11.Colombo", "zone": "Colombo" }, "geometry": { "type": "Point", "coordinates": [ 79.861673330000031, 6.876401667000039 ] } },
{ "type": "Feature", "properties": { "school_nam": "LINDSAY B.V.", "school_lev": "Provincial", "school_typ": "1AB", "district": "11.Colombo", "zone": "Colombo" }, "geometry": { "type": "Point", "coordinates": [ 79.852925280000079, 6.895672778000062 ] } },
{ "type": "Feature", "properties": { "school_nam": "ST. MARY'S B.M.V.", "school_lev": "Provincial", "school_typ": "1C", "district": "11.Colombo", "zone": "Colombo" }, "geometry": { "type": "Point", "coordinates": [ 79.853193890000057, 6.91373 ] } },
{ "type": "Feature", "properties": { "school_nam": "ST. MICHAEL'S COLLEGE", "school_lev": "Provincial", "school_typ": "Type 2", "district": "11.Colombo", "zone": "Colombo" }, "geometry": { "type": "Point", "coordinates": [ 79.853082500000085, 6.913900278000028 ] } },
{ "type": "Feature", "properties": { "school_nam": "ST. MARY'S SIN.MIX.V.", "school_lev": "Provincial", "school_typ": "Type 2", "district": "11.Colombo", "zone": "Colombo" }, "geometry": { "type": "Point", "coordinates": [ 79.857474720000084, 6.894823056000064 ] } },
{ "type": "Feature", "properties": { "school_nam": "DEHIWALA S.DE.S. JAYASINGHE CENTRAL COLLEGE", "school_lev": "Provincial", "school_typ": "1AB", "district": "11.Colombo", "zone": "Piliyandala" }, "geometry": { "type": "Point", "coordinates": [ 79.874420560000033, 6.853027222000037 ] } },
{ "type": "Feature", "properties": { "school_nam": "NUGEGODA ST. JOHN'S COLLEGE", "school_lev": "Provincial", "school_typ": "1AB", "district": "11.Colombo", "zone": "Piliyandala" }, "geometry": { "type": "Point", "coordinates": [ 79.890172220000068, 6.869635556000048 ] } },
{ "type": "Feature", "properties": { "school_nam": "DEHIWALA HOLY FAMILY CONVENT", "school_lev": "Provincial", "school_typ": "1AB", "district": "11.Colombo", "zone": "Piliyandala" }, "geometry": { "type": "Point", "coordinates": [ 79.864510560000042, 6.85699111100007 ] } },
{ "type": "Feature", "properties": { "school_nam": "KALUBOWILA BUDDHAGHOSHA M.V.", "school_lev": "Provincial", "school_typ": "1C", "district": "11.Colombo", "zone": "Piliyandala" }, "geometry": { "type": "Point", "coordinates": [ 79.871213610000041, 6.865590833000056 ] } },
{ "type": "Feature", "properties": { "school_nam": "DEHIWALA PRESBYTERIAN B.V", "school_lev": "National", "school_typ": "1AB", "district": "11.Colombo", "zone": "Piliyandala" }, "geometry": { "type": "Point", "coordinates": [ 79.86387250000007, 6.850200278000045 ] } },
{ "type": "Feature", "properties": { "school_nam": "NUGEGODA ST. JOSEPH'S GIRL'S SCHOOL", "school_lev": "Provincial", "school_typ": "1AB", "district": "11.Colombo", "zone": "Piliyandala" }, "geometry": { "type": "Point", "coordinates": [ 79.886132780000082, 6.871138889000065 ] } },
{ "type": "Feature", "properties": { "school_nam": "DEHIWALA ST. MARY'S COLLEGE", "school_lev": "Provincial", "school_typ": "Type 2", "district": "11.Colombo", "zone": "Piliyandala" }, "geometry": { "type": "Point", "coordinates": [ 79.86562, 6.859765278000054 ] } },
{ "type": "Feature", "properties": { "school_nam": "DEHIWALA METHODIST V.", "school_lev": "Provincial", "school_typ": "Type 3", "district": "11.Colombo", "zone": "Piliyandala" }, "geometry": { "type": "Point", "coordinates": [ 79.865301940000052, 6.861276944000053 ] } },
{ "type": "Feature", "properties": { "school_nam": "KARAGAMPITIYA VIJAYA V.", "school_lev": "Provincial", "school_typ": "Type 3", "district": "11.Colombo", "zone": "Piliyandala" }, "geometry": { "type": "Point", "coordinates": [ 79.873128060000056, 6.850978056000031 ] } },
{ "type": "Feature", "properties": { "school_nam": "DEHIWALA SUBODHA B.V.", "school_lev": "Provincial", "school_typ": "Type 2", "district": "11.Colombo", "zone": "Piliyandala" }, "geometry": { "type": "Point", "coordinates": [ 79.868, 6.849376667000058 ] } },
{ "type": "Feature", "properties": { "school_nam": "SUMAGA V.", "school_lev": "Provincial", "school_typ": "Type 3", "district": "11.Colombo", "zone": "Piliyandala" }, "geometry": { "type": "Point", "coordinates": [ 79.870026110000083, 6.84852 ] } },
{ "type": "Feature", "properties": { "school_nam": "MOUNT LAVINIA BUDDHIST GIRLS' COLLEGE", "school_lev": "Provincial", "school_typ": "1AB", "district": "11.Colombo", "zone": "Piliyandala" }, "geometry": { "type": "Point", "coordinates": [ 79.863472500000057, 6.832814444000064 ] } },
{ "type": "Feature", "properties": { "school_nam": "MOUNT LAVINIA GIRLS' HIGH SCHOOL", "school_lev": "Provincial", "school_typ": "1AB", "district": "11.Colombo", "zone": "Piliyandala" }, "geometry": { "type": "Point", "coordinates": [ 79.864403060000029, 6.834445833000075 ] } },
{ "type": "Feature", "properties": { "school_nam": "RATMALANA SRI DHARMARAMA V.", "school_lev": "Provincial", "school_typ": "Type 3", "district": "11.Colombo", "zone": "Piliyandala" }, "geometry": { "type": "Point", "coordinates": [ 79.869703890000039, 6.821955 ] } },
{ "type": "Feature", "properties": { "school_nam": "RATMALANA KOTHALAWALAPURA M.V.", "school_lev": "Provincial", "school_typ": "1C", "district": "11.Colombo", "zone": "Piliyandala" }, "geometry": { "type": "Point", "coordinates": [ 79.873876110000083, 6.814427500000022 ] } },
{ "type": "Feature", "properties": { "school_nam": "MOUNT LAVINIA SCIENGE COLLEGE", "school_lev": "Provincial", "school_typ": "1AB", "district": "11.Colombo", "zone": "Piliyandala" }, "geometry": { "type": "Point", "coordinates": [ 79.876029720000076, 6.830752222000058 ] } },
{ "type": "Feature", "properties": { "school_nam": "SHASTRANANDA M.V.", "school_lev": "Provincial", "school_typ": "1C", "district": "11.Colombo", "zone": "Piliyandala" }, "geometry": { "type": "Point", "coordinates": [ 79.874502220000068, 6.843975278000073 ] } },
{ "type": "Feature", "properties": { "school_nam": "DEHIWALA CHRIST CHURCH COLLEGE", "school_lev": "Provincial", "school_typ": "Type 3", "district": "11.Colombo", "zone": "Piliyandala" }, "geometry": { "type": "Point", "coordinates": [ 79.865446940000083, 6.84656833300005 ] } },
{ "type": "Feature", "properties": { "school_nam": "MT. LAVINIA ST. ANTHONY'S JUNIOR SCHOOL", "school_lev": "Provincial", "school_typ": "Type 2", "district": "11.Colombo", "zone": "Piliyandala" }, "geometry": { "type": "Point", "coordinates": [ 79.867673890000049, 6.844056111000043 ] } },
{ "type": "Feature", "properties": { "school_nam": "MOUNT LAVINIA LALITH ATHULATHMUDALI COLLEGE", "school_lev": "Provincial", "school_typ": "1AB", "district": "11.Colombo", "zone": "Piliyandala" }, "geometry": { "type": "Point", "coordinates": [ 79.871836110000061, 6.829547500000047 ] } },
{ "type": "Feature", "properties": { "school_nam": "RATHMALANA SRI ATHTHADASSE V.", "school_lev": "Provincial", "school_typ": "Type 3", "district": "11.Colombo", "zone": "Piliyandala" }, "geometry": { "type": "Point", "coordinates": [ 79.871748610000054, 6.81156777800004 ] } },
{ "type": "Feature", "properties": { "school_nam": "RATHMALANA SRI GNANENDRA V.", "school_lev": "Provincial", "school_typ": "Type 3", "district": "11.Colombo", "zone": "Piliyandala" }, "geometry": { "type": "Point", "coordinates": [ 79.870066670000085, 6.806923889000075 ] } },
{ "type": "Feature", "properties": { "school_nam": "RATHMALANA ROMAN CATHOLIC SCHOOL", "school_lev": "Provincial", "school_typ": "Type 3", "district": "11.Colombo", "zone": "Piliyandala" }, "geometry": { "type": "Point", "coordinates": [ 79.864720830000067, 6.82685 ] } },
{ "type": "Feature", "properties": { "school_nam": "KANDAWALA NAVODYA V.", "school_lev": "Provincial", "school_typ": "1C", "district": "11.Colombo", "zone": "Piliyandala" }, "geometry": { "type": "Point", "coordinates": [ 79.888541940000039, 6.815819167000029 ] } },
{ "type": "Feature", "properties": { "school_nam": "ATTIDIYA MODEL PRIMARY SCHOOL", "school_lev": "Provincial", "school_typ": "Type 3", "district": "11.Colombo", "zone": "Piliyandala" }, "geometry": { "type": "Point", "coordinates": [ 79.885622500000068, 6.833580278000056 ] } },
{ "type": "Feature", "properties": { "school_nam": "KAVIDHAJA V.", "school_lev": "Provincial", "school_typ": "Type 3", "district": "11.Colombo", "zone": "Piliyandala" }, "geometry": { "type": "Point", "coordinates": [ 79.866368890000047, 6.820946111000069 ] } },
{ "type": "Feature", "properties": { "school_nam": "SRI PUNYAKAMI V.", "school_lev": "Provincial", "school_typ": "Type 2", "district": "11.Colombo", "zone": "Piliyandala" }, "geometry": { "type": "Point", "coordinates": [ 79.870775, 6.84093305600004 ] } },
{ "type": "Feature", "properties": { "school_nam": "DHARMODAYA V.", "school_lev": "Provincial", "school_typ": "Type 3", "district": "11.Colombo", "zone": "Piliyandala" }, "geometry": { "type": "Point", "coordinates": [ 79.865661940000052, 6.832400556000039 ] } },
{ "type": "Feature", "properties": { "school_nam": "KOLONNAWA BALIKA VIDYALAYA", "school_lev": "National", "school_typ": "1AB", "district": "11.Colombo", "zone": "Sri Jayawardenapura" }, "geometry": { "type": "Point", "coordinates": [ 79.892249170000071, 6.93350722200006 ] } },
{ "type": "Feature", "properties": { "school_nam": "SEDAWATHTHA SIDDARTHA CENTRAL COLLEGE", "school_lev": "Provincial", "school_typ": "1AB", "district": "11.Colombo", "zone": "Sri Jayawardenapura" }, "geometry": { "type": "Point", "coordinates": [ 79.897313060000045, 6.944885833000058 ] } },
{ "type": "Feature", "properties": { "school_nam": "KUDA BUTHGAMUWA SRI RAJASINGHE CENTRAL COLLEGE", "school_lev": "National", "school_typ": "1AB", "district": "11.Colombo", "zone": "Sri Jayawardenapura" }, "geometry": { "type": "Point", "coordinates": [ 79.920983890000059, 6.937424167000074 ] } },
{ "type": "Feature", "properties": { "school_nam": "MULLERIYAWA SRI RAHULA MAHA VIDYALAYA", "school_lev": "Provincial", "school_typ": "1C", "district": "11.Colombo", "zone": "Sri Jayawardenapura" }, "geometry": { "type": "Point", "coordinates": [ 79.926994720000039, 6.928551944000048 ] } },
{ "type": "Feature", "properties": { "school_nam": "KOLONNAWA TERRENCE N DE SILVA MAHA VIDYALAYA", "school_lev": "Provincial", "school_typ": "Type 2", "district": "11.Colombo", "zone": "Sri Jayawardenapura" }, "geometry": { "type": "Point", "coordinates": [ 79.88914611000007, 6.933299444000056 ] } },
{ "type": "Feature", "properties": { "school_nam": "GOTHATUWA MAHA VIDYALAYA", "school_lev": "Provincial", "school_typ": "Type 2", "district": "11.Colombo", "zone": "Sri Jayawardenapura" }, "geometry": { "type": "Point", "coordinates": [ 79.907607780000035, 6.927975556000035 ] } },
{ "type": "Feature", "properties": { "school_nam": "AMBATHALE TIKIRI KUMARA VIDYALAYA", "school_lev": "Provincial", "school_typ": "Type 3", "district": "11.Colombo", "zone": "Sri Jayawardenapura" }, "geometry": { "type": "Point", "coordinates": [ 79.939715, 6.93653 ] } },
{ "type": "Feature", "properties": { "school_nam": "AMBATHALE SAMUDRADEVI BALIKA VIDYALAYA", "school_lev": "Provincial", "school_typ": "1C", "district": "11.Colombo", "zone": "Sri Jayawardenapura" }, "geometry": { "type": "Point", "coordinates": [ 79.937614720000056, 6.93734888900002 ] } },
{ "type": "Feature", "properties": { "school_nam": "KUDA BUTHGAMUWA DHARMAPALA MAHA VIDYALAYA", "school_lev": "Provincial", "school_typ": "Type 3", "district": "11.Colombo", "zone": "Sri Jayawardenapura" }, "geometry": { "type": "Point", "coordinates": [ 79.916717220000066, 6.937925833000065 ] } },
{ "type": "Feature", "properties": { "school_nam": "SOMADEVI BALIKA VIDYALAYA", "school_lev": "Provincial", "school_typ": "Type 2", "district": "11.Colombo", "zone": "Sri Jayawardenapura" }, "geometry": { "type": "Point", "coordinates": [ 79.915168060000042, 6.936235833000069 ] } },
{ "type": "Feature", "properties": { "school_nam": "GAMINI VIDYALAYA", "school_lev": "Provincial", "school_typ": "Type 2", "district": "11.Colombo", "zone": "Sri Jayawardenapura" }, "geometry": { "type": "Point", "coordinates": [ 79.892922500000054, 6.952179167000054 ] } },
{ "type": "Feature", "properties": { "school_nam": "ST. JOSEPH COLLEGE", "school_lev": "Provincial", "school_typ": "Type 2", "district": "11.Colombo", "zone": "Sri Jayawardenapura" }, "geometry": { "type": "Point", "coordinates": [ 79.891985, 6.93199 ] } },
{ "type": "Feature", "properties": { "school_nam": "VIDYAWARDANA VIDYALAYA", "school_lev": "Provincial", "school_typ": "Type 3", "district": "11.Colombo", "zone": "Sri Jayawardenapura" }, "geometry": { "type": "Point", "coordinates": [ 79.895023060000085, 6.936285278000071 ] } },
{ "type": "Feature", "properties": { "school_nam": "KOTIKAWATTA ROMAN CATHOLIC V.", "school_lev": "Provincial", "school_typ": "Type 3", "district": "11.Colombo", "zone": "Sri Jayawardenapura" }, "geometry": { "type": "Point", "coordinates": [ 79.915891670000065, 6.936436667000066 ] } },
{ "type": "Feature", "properties": { "school_nam": "WERAGODA VIDYALAYA", "school_lev": "Provincial", "school_typ": "Type 2", "district": "11.Colombo", "zone": "Sri Jayawardenapura" }, "geometry": { "type": "Point", "coordinates": [ 79.887602780000066, 6.948854722000021 ] } },
{ "type": "Feature", "properties": { "school_nam": "TIBET S MAHINDA VIDYALAYA", "school_lev": "Provincial", "school_typ": "Type 3", "district": "11.Colombo", "zone": "Sri Jayawardenapura" }, "geometry": { "type": "Point", "coordinates": [ 79.906433330000084, 6.946941944000059 ] } },
{ "type": "Feature", "properties": { "school_nam": "HENRY OLCOTT MAHA VIDYALAYA", "school_lev": "Provincial", "school_typ": "1C", "district": "11.Colombo", "zone": "Sri Jayawardenapura" }, "geometry": { "type": "Point", "coordinates": [ 79.895615830000054, 6.925744167000062 ] } },
{ "type": "Feature", "properties": { "school_nam": "KOTTE ANANDA SHASTHRALAYA", "school_lev": "National", "school_typ": "1AB", "district": "11.Colombo", "zone": "Sri Jayawardenapura" }, "geometry": { "type": "Point", "coordinates": [ 79.902772220000031, 6.883468611000069 ] } },
{ "type": "Feature", "properties": { "school_nam": "KOTTE ANANDA BALIKA MAHA VIDYALAYA", "school_lev": "Provincial", "school_typ": "1AB", "district": "11.Colombo", "zone": "Sri Jayawardenapura" }, "geometry": { "type": "Point", "coordinates": [ 79.897251390000065, 6.885581389000038 ] } },
{ "type": "Feature", "properties": { "school_nam": "NUGEGODA ANULA VIDYALAYA", "school_lev": "National", "school_typ": "1AB", "district": "11.Colombo", "zone": "Sri Jayawardenapura" }, "geometry": { "type": "Point", "coordinates": [ 79.885820280000075, 6.872936111000058 ] } },
{ "type": "Feature", "properties": { "school_nam": "NUGEGODA SAMUDRADEVI BALIKA VIDYALAYA", "school_lev": "Provincial", "school_typ": "1AB", "district": "11.Colombo", "zone": "Sri Jayawardenapura" }, "geometry": { "type": "Point", "coordinates": [ 79.890253060000077, 6.870647222000059 ] } },
{ "type": "Feature", "properties": { "school_nam": "KOTTE SRI JAYAWARDHANAPURA M.V.", "school_lev": "Provincial", "school_typ": "1AB", "district": "11.Colombo", "zone": "Sri Jayawardenapura" }, "geometry": { "type": "Point", "coordinates": [ 79.900149720000059, 6.892876667000053 ] } },
{ "type": "Feature", "properties": { "school_nam": "KOTTE ST.THOMAS COLLEGE", "school_lev": "Provincial", "school_typ": "1C", "district": "11.Colombo", "zone": "Sri Jayawardenapura" }, "geometry": { "type": "Point", "coordinates": [ 79.90210194000008, 6.882572500000038 ] } },
{ "type": "Feature", "properties": { "school_nam": "SRI WIJAYARAMA M.V.", "school_lev": "Provincial", "school_typ": "Type 3", "district": "11.Colombo", "zone": "Sri Jayawardenapura" }, "geometry": { "type": "Point", "coordinates": [ 79.911675830000036, 6.861697222000032 ] } },
{ "type": "Feature", "properties": { "school_nam": "SIRI PERAKUMBA VIDYALAYA", "school_lev": "Provincial", "school_typ": "Type 2", "district": "11.Colombo", "zone": "Sri Jayawardenapura" }, "geometry": { "type": "Point", "coordinates": [ 79.890220280000051, 6.913983056000063 ] } },
{ "type": "Feature", "properties": { "school_nam": "NAWALA JANADHIPATHI BALIKA VIDYALAYA", "school_lev": "Provincial", "school_typ": "1AB", "district": "11.Colombo", "zone": "Sri Jayawardenapura" }, "geometry": { "type": "Point", "coordinates": [ 79.893609440000034, 6.895924722000075 ] } },
{ "type": "Feature", "properties": { "school_nam": "HEWAVITHARANA M.V.", "school_lev": "Provincial", "school_typ": "1C", "district": "11.Colombo", "zone": "Sri Jayawardenapura" }, "geometry": { "type": "Point", "coordinates": [ 79.89372, 6.911911389000068 ] } },
{ "type": "Feature", "properties": { "school_nam": "SRI REVATHA ROYAL COLLEGE", "school_lev": "Provincial", "school_typ": "Type 3", "district": "11.Colombo", "zone": "Sri Jayawardenapura" }, "geometry": { "type": "Point", "coordinates": [ 79.897930280000082, 6.867671667000025 ] } },
{ "type": "Feature", "properties": { "school_nam": "PRESIDENT PRIMARY SCHOOL", "school_lev": "Provincial", "school_typ": "Type 3", "district": "11.Colombo", "zone": "Sri Jayawardenapura" }, "geometry": { "type": "Point", "coordinates": [ 79.906703330000084, 6.919012500000065 ] } },
{ "type": "Feature", "properties": { "school_nam": "SRI SOBHITHA VIDYALAYA", "school_lev": "Provincial", "school_typ": "Type 3", "district": "11.Colombo", "zone": "Sri Jayawardenapura" }, "geometry": { "type": "Point", "coordinates": [ 79.894414720000043, 6.920041667000021 ] } },
{ "type": "Feature", "properties": { "school_nam": "RAJAGIRIYA PRESIDENT'S COLLEGE", "school_lev": "National", "school_typ": "1AB", "district": "11.Colombo", "zone": "Sri Jayawardenapura" }, "geometry": { "type": "Point", "coordinates": [ 79.89288, 6.907683889000054 ] } },
{ "type": "Feature", "properties": { "school_nam": "MORATUWA PRINCE OF WALES COLLEGE", "school_lev": "National", "school_typ": "1AB", "district": "11.Colombo", "zone": "Piliyandala" }, "geometry": { "type": "Point", "coordinates": [ 79.883399440000062, 6.782868889000042 ] } },
{ "type": "Feature", "properties": { "school_nam": "MORATUWA PRINCESS OF WALES' COLLEGE", "school_lev": "National", "school_typ": "1AB", "district": "11.Colombo", "zone": "Piliyandala" }, "geometry": { "type": "Point", "coordinates": [ 79.883028330000059, 6.784953611000049 ] } },
{ "type": "Feature", "properties": { "school_nam": "MORATU MAHA V.", "school_lev": "Provincial", "school_typ": "1AB", "district": "11.Colombo", "zone": "Piliyandala" }, "geometry": { "type": "Point", "coordinates": [ 79.88501167000004, 6.778341111000032 ] } },
{ "type": "Feature", "properties": { "school_nam": "DE SOYZA M.V.", "school_lev": "Provincial", "school_typ": "1C", "district": "11.Colombo", "zone": "Piliyandala" }, "geometry": { "type": "Point", "coordinates": [ 79.885805280000056, 6.804751389000046 ] } },
{ "type": "Feature", "properties": { "school_nam": "SRI SUNANDOPANANDA NAVODYA M.V.", "school_lev": "Provincial", "school_typ": "1C", "district": "11.Colombo", "zone": "Piliyandala" }, "geometry": { "type": "Point", "coordinates": [ 79.894751110000072, 6.741673889000026 ] } },
{ "type": "Feature", "properties": { "school_nam": "INDIBEDDA DHAMMARATHANA V.", "school_lev": "Provincial", "school_typ": "Type 3", "district": "11.Colombo", "zone": "Piliyandala" }, "geometry": { "type": "Point", "coordinates": [ 79.902955280000072, 6.778047222000055 ] } },
{ "type": "Feature", "properties": { "school_nam": "VIDYARAJA P.V.", "school_lev": "Provincial", "school_typ": "Type 3", "district": "12.Gampaha", "zone": "Kelaniya" }, "geometry": { "type": "Point", "coordinates": [ 80.024815560000036, 7.069053889000031 ] } },
{ "type": "Feature", "properties": { "school_nam": "LAKSHAPATHIYA SHIKSHADANA V.", "school_lev": "Provincial", "school_typ": "Type 3", "district": "11.Colombo", "zone": "Piliyandala" }, "geometry": { "type": "Point", "coordinates": [ 79.876813610000056, 6.795734444000061 ] } },
{ "type": "Feature", "properties": { "school_nam": "SRI RAHULA M.V.", "school_lev": "Provincial", "school_typ": "Type 2", "district": "11.Colombo", "zone": "Piliyandala" }, "geometry": { "type": "Point", "coordinates": [ 79.898409720000075, 6.806097778000037 ] } },
{ "type": "Feature", "properties": { "school_nam": "METHODIST HIGH SCHOOL", "school_lev": "Provincial", "school_typ": "1C", "district": "11.Colombo", "zone": "Piliyandala" }, "geometry": { "type": "Point", "coordinates": [ 79.897403330000031, 6.780759167000042 ] } },
{ "type": "Feature", "properties": { "school_nam": "KORALAWELLA ROMAN CATHOLIC V.", "school_lev": "Provincial", "school_typ": "Type 2", "district": "11.Colombo", "zone": "Piliyandala" }, "geometry": { "type": "Point", "coordinates": [ 79.89088361000006, 6.759639444000072 ] } },
{ "type": "Feature", "properties": { "school_nam": "MORATUWA JANAJAYA V.", "school_lev": "Provincial", "school_typ": "Type 2", "district": "11.Colombo", "zone": "Piliyandala" }, "geometry": { "type": "Point", "coordinates": [ 79.885792220000042, 6.767208611000058 ] } },
{ "type": "Feature", "properties": { "school_nam": "MORATUWA ST. SEBASTIAN'S GIRL'S SCHOOL", "school_lev": "Provincial", "school_typ": "Type 2", "district": "11.Colombo", "zone": "Piliyandala" }, "geometry": { "type": "Point", "coordinates": [ 79.880648060000055, 6.782126944000026 ] } },
{ "type": "Feature", "properties": { "school_nam": "ST. ANTHONY'S COLLEGE", "school_lev": "Provincial", "school_typ": "Type 2", "district": "11.Colombo", "zone": "Piliyandala" }, "geometry": { "type": "Point", "coordinates": [ 79.891527780000047, 6.782923889000074 ] } },
{ "type": "Feature", "properties": { "school_nam": "MORATUMULLA LANKA SABHA V.", "school_lev": "Provincial", "school_typ": "Type 3", "district": "11.Colombo", "zone": "Piliyandala" }, "geometry": { "type": "Point", "coordinates": [ 79.895171940000068, 6.786156944000027 ] } },
{ "type": "Feature", "properties": { "school_nam": "PODUJAYA V.", "school_lev": "Provincial", "school_typ": "Type 3", "district": "11.Colombo", "zone": "Piliyandala" }, "geometry": { "type": "Point", "coordinates": [ 79.872496670000032, 6.800325278000059 ] } },
{ "type": "Feature", "properties": { "school_nam": "BODHIRAJA V.", "school_lev": "Provincial", "school_typ": "Type 3", "district": "11.Colombo", "zone": "Piliyandala" }, "geometry": { "type": "Point", "coordinates": [ 79.897856670000067, 6.795916667000029 ] } },
{ "type": "Feature", "properties": { "school_nam": "MORATUWA WEERAPURAN APPU MODEL S.", "school_lev": "Provincial", "school_typ": "Type 2", "district": "11.Colombo", "zone": "Piliyandala" }, "geometry": { "type": "Point", "coordinates": [ 79.882856110000034, 6.778499444000033 ] } },
{ "type": "Feature", "properties": { "school_nam": "RAWATAWATTA ROMAN CATHOLIC SCHOOL", "school_lev": "Provincial", "school_typ": "Type 2", "district": "11.Colombo", "zone": "Piliyandala" }, "geometry": { "type": "Point", "coordinates": [ 79.88976056000007, 6.789524444000051 ] } },
{ "type": "Feature", "properties": { "school_nam": "RAWATHAWATTA METHODIST C.", "school_lev": "Provincial", "school_typ": "Type 2", "district": "11.Colombo", "zone": "Piliyandala" }, "geometry": { "type": "Point", "coordinates": [ 79.883226110000066, 6.788901944000031 ] } },
{ "type": "Feature", "properties": { "school_nam": "UYANA JUNIOR S.", "school_lev": "Provincial", "school_typ": "Type 2", "district": "11.Colombo", "zone": "Piliyandala" }, "geometry": { "type": "Point", "coordinates": [ 79.875103330000059, 6.790028611000025 ] } },
{ "type": "Feature", "properties": { "school_nam": "SALEENA V.", "school_lev": "Provincial", "school_typ": "Type 3", "district": "11.Colombo", "zone": "Piliyandala" }, "geometry": { "type": "Point", "coordinates": [ 79.875991670000076, 6.80595111100007 ] } },
{ "type": "Feature", "properties": { "school_nam": "WILLORAWATTA GNANISSARA BUDDHIST V.", "school_lev": "Provincial", "school_typ": "Type 2", "district": "11.Colombo", "zone": "Piliyandala" }, "geometry": { "type": "Point", "coordinates": [ 79.903549720000058, 6.783053056000028 ] } },
{ "type": "Feature", "properties": { "school_nam": "SRI NAGASENA VIDYALAYA", "school_lev": "Provincial", "school_typ": "Type 3", "district": "11.Colombo", "zone": "Piliyandala" }, "geometry": { "type": "Point", "coordinates": [ 79.887211940000043, 6.762411111000063 ] } },
{ "type": "Feature", "properties": { "school_nam": "KATUKURUNDA ST. MARY'S COLLEGE", "school_lev": "Provincial", "school_typ": "Type 3", "district": "11.Colombo", "zone": "Piliyandala" }, "geometry": { "type": "Point", "coordinates": [ 79.894271940000067, 6.744668889000025 ] } },
{ "type": "Feature", "properties": { "school_nam": "SRI SUNANDOPANANDA PRIMARY SCHOOL", "school_lev": "Provincial", "school_typ": "Type 3", "district": "11.Colombo", "zone": "Piliyandala" }, "geometry": { "type": "Point", "coordinates": [ 79.894586670000081, 6.742170833000046 ] } },
{ "type": "Feature", "properties": { "school_nam": "EGODAUYANA SUGATHA DHARMADHARA V.", "school_lev": "Provincial", "school_typ": "Type 3", "district": "11.Colombo", "zone": "Piliyandala" }, "geometry": { "type": "Point", "coordinates": [ 79.898650830000065, 6.733668333000026 ] } },
{ "type": "Feature", "properties": { "school_nam": "EGODA UYANA JUNIOR S.", "school_lev": "Provincial", "school_typ": "Type 2", "district": "11.Colombo", "zone": "Piliyandala" }, "geometry": { "type": "Point", "coordinates": [ 79.899603330000048, 6.729964167000048 ] } },
{ "type": "Feature", "properties": { "school_nam": "AL-HIDHAYA V.", "school_lev": "Provincial", "school_typ": "1C", "district": "11.Colombo", "zone": "Colombo" }, "geometry": { "type": "Point", "coordinates": [ 79.863429440000061, 6.933737222000047 ] } },
{ "type": "Feature", "properties": { "school_nam": "AL-IQBAL B.V.", "school_lev": "Provincial", "school_typ": "Type 2", "district": "11.Colombo", "zone": "Colombo" }, "geometry": { "type": "Point", "coordinates": [ 79.852394720000063, 6.921605 ] } },
{ "type": "Feature", "properties": { "school_nam": "AL-NASSER V.", "school_lev": "Provincial", "school_typ": "1C", "district": "11.Colombo", "zone": "Colombo" }, "geometry": { "type": "Point", "coordinates": [ 79.871991670000057, 6.947968889000038 ] } },
{ "type": "Feature", "properties": { "school_nam": "HAMEED AL-HUSSEINIE COLLEGE", "school_lev": "National", "school_typ": "1AB", "district": "11.Colombo", "zone": "Colombo" }, "geometry": { "type": "Point", "coordinates": [ 79.859703890000048, 6.940916111000035 ] } },
{ "type": "Feature", "properties": { "school_nam": "ST. XAVIER M.V.", "school_lev": "Provincial", "school_typ": "1AB", "district": "12.Gampaha", "zone": "Negombo" }, "geometry": { "type": "Point", "coordinates": [ 79.887258330000066, 7.062963056000058 ] } },
{ "type": "Feature", "properties": { "school_nam": "DHARUSSALAAM M.V.", "school_lev": "Provincial", "school_typ": "1C", "district": "11.Colombo", "zone": "Colombo" }, "geometry": { "type": "Point", "coordinates": [ 79.872210830000085, 6.937481111000068 ] } },
{ "type": "Feature", "properties": { "school_nam": "T.B.JAYAH ZAHIRA V.", "school_lev": "Provincial", "school_typ": "1C", "district": "11.Colombo", "zone": "Colombo" }, "geometry": { "type": "Point", "coordinates": [ 79.852165280000065, 6.922220278000054 ] } },
{ "type": "Feature", "properties": { "school_nam": "FATHIMA MUS.B.V.", "school_lev": "Provincial", "school_typ": "1AB", "district": "11.Colombo", "zone": "Colombo" }, "geometry": { "type": "Point", "coordinates": [ 79.864211670000032, 6.940072778000058 ] } },
{ "type": "Feature", "properties": { "school_nam": "KHAIRIYA B.V.", "school_lev": "Provincial", "school_typ": "1AB", "district": "11.Colombo", "zone": "Colombo" }, "geometry": { "type": "Point", "coordinates": [ 79.868547500000034, 6.928632778000065 ] } },
{ "type": "Feature", "properties": { "school_nam": "ST. SEBASTIAN T.M.V.", "school_lev": "Provincial", "school_typ": "Type 2", "district": "11.Colombo", "zone": "Colombo" }, "geometry": { "type": "Point", "coordinates": [ 79.862672500000031, 6.935915833000024 ] } },
{ "type": "Feature", "properties": { "school_nam": "VIVEKANANDA NATIONAL SCHOOL", "school_lev": "National", "school_typ": "1AB", "district": "11.Colombo", "zone": "Colombo" }, "geometry": { "type": "Point", "coordinates": [ 79.860012220000044, 6.943342778000044 ] } },
{ "type": "Feature", "properties": { "school_nam": "AL-HIKMA V.", "school_lev": "Provincial", "school_typ": "1C", "district": "11.Colombo", "zone": "Colombo" }, "geometry": { "type": "Point", "coordinates": [ 79.857670280000036, 6.936032500000067 ] } },
{ "type": "Feature", "properties": { "school_nam": "MARADANA HINDU V. (THONDAR GOV. T.V.)", "school_lev": "Provincial", "school_typ": "Type 2", "district": "11.Colombo", "zone": "Colombo" }, "geometry": { "type": "Point", "coordinates": [ 79.85743111000005, 6.930818333000047 ] } },
{ "type": "Feature", "properties": { "school_nam": "ST. ANNE'S B.M.V.", "school_lev": "Provincial", "school_typ": "1C", "district": "11.Colombo", "zone": "Colombo" }, "geometry": { "type": "Point", "coordinates": [ 79.857821110000032, 6.944302778000065 ] } },
{ "type": "Feature", "properties": { "school_nam": "ST. ANTHONY'S BOYS M.V.", "school_lev": "Provincial", "school_typ": "1C", "district": "11.Colombo", "zone": "Colombo" }, "geometry": { "type": "Point", "coordinates": [ 79.857524440000077, 6.944474444000036 ] } },
{ "type": "Feature", "properties": { "school_nam": "KANAPATHY HINDU LADIES M.V.", "school_lev": "Provincial", "school_typ": "1C", "district": "11.Colombo", "zone": "Colombo" }, "geometry": { "type": "Point", "coordinates": [ 79.864326110000036, 6.939712778000057 ] } },
{ "type": "Feature", "properties": { "school_nam": "HOLY ROSARY T.V.", "school_lev": "Provincial", "school_typ": "Type 2", "district": "11.Colombo", "zone": "Colombo" }, "geometry": { "type": "Point", "coordinates": [ 79.85073194000006, 6.922851111000057 ] } },
{ "type": "Feature", "properties": { "school_nam": "COLOMBO CENTRAL HINDU M.V.", "school_lev": "Provincial", "school_typ": "1C", "district": "11.Colombo", "zone": "Colombo" }, "geometry": { "type": "Point", "coordinates": [ 79.863491390000036, 6.942619167000032 ] } },
{ "type": "Feature", "properties": { "school_nam": "DR. BADIUDDIN MAHMUD COLLEGE", "school_lev": "Provincial", "school_typ": "Type 2", "district": "11.Colombo", "zone": "Colombo" }, "geometry": { "type": "Point", "coordinates": [ 79.862135280000075, 6.944178889000057 ] } },
{ "type": "Feature", "properties": { "school_nam": "SIR RAZIK FAREED MUS.V.", "school_lev": "Provincial", "school_typ": "1C", "district": "11.Colombo", "zone": "Colombo" }, "geometry": { "type": "Point", "coordinates": [ 79.875947780000047, 6.971787500000062 ] } },
{ "type": "Feature", "properties": { "school_nam": "HAMZA MUS.V.", "school_lev": "Provincial", "school_typ": "1C", "district": "11.Colombo", "zone": "Colombo" }, "geometry": { "type": "Point", "coordinates": [ 79.864305830000035, 6.962758889000042 ] } },
{ "type": "Feature", "properties": { "school_nam": "KALAIMAGAL T.V.", "school_lev": "Provincial", "school_typ": "Type 2", "district": "11.Colombo", "zone": "Colombo" }, "geometry": { "type": "Point", "coordinates": [ 79.87386, 6.948709167000061 ] } },
{ "type": "Feature", "properties": { "school_nam": "MAHAWATTA ST.ANTHONY'S T.M.V.", "school_lev": "Provincial", "school_typ": "1C", "district": "11.Colombo", "zone": "Colombo" }, "geometry": { "type": "Point", "coordinates": [ 79.872074440000063, 6.960706667000068 ] } },
{ "type": "Feature", "properties": { "school_nam": "GOOD SHEPHERD G.T.V.", "school_lev": "Provincial", "school_typ": "1C", "district": "11.Colombo", "zone": "Colombo" }, "geometry": { "type": "Point", "coordinates": [ 79.863991940000062, 6.949336944000038 ] } },
{ "type": "Feature", "properties": { "school_nam": "HINDU COLLEGE -COLOMBO 15", "school_lev": "Provincial", "school_typ": "1C", "district": "11.Colombo", "zone": "Colombo" }, "geometry": { "type": "Point", "coordinates": [ 79.865179170000033, 6.963959722000027 ] } },
{ "type": "Feature", "properties": { "school_nam": "KOTAHENA METHODIST T.V.", "school_lev": "Provincial", "school_typ": "Type 2", "district": "11.Colombo", "zone": "Colombo" }, "geometry": { "type": "Point", "coordinates": [ 79.861183890000063, 6.949276111000074 ] } },
{ "type": "Feature", "properties": { "school_nam": "AL-HAKEEM V.", "school_lev": "Provincial", "school_typ": "Type 3", "district": "11.Colombo", "zone": "Colombo" }, "geometry": { "type": "Point", "coordinates": [ 79.86176222000006, 6.936686111000029 ] } },
{ "type": "Feature", "properties": { "school_nam": "VIPULANANTHA T.M.V.", "school_lev": "Provincial", "school_typ": "1C", "district": "11.Colombo", "zone": "Colombo" }, "geometry": { "type": "Point", "coordinates": [ 79.880956110000056, 6.928960833000076 ] } },
{ "type": "Feature", "properties": { "school_nam": "AL-HIJRA MUS.V.", "school_lev": "Provincial", "school_typ": "Type 2", "district": "11.Colombo", "zone": "Colombo" }, "geometry": { "type": "Point", "coordinates": [ 79.874823330000083, 6.928987500000062 ] } },
{ "type": "Feature", "properties": { "school_nam": "DR. THANINAYAGAM T.V.", "school_lev": "Provincial", "school_typ": "Type 3", "district": "11.Colombo", "zone": "Colombo" }, "geometry": { "type": "Point", "coordinates": [ 79.885303890000046, 6.919033056000046 ] } },
{ "type": "Feature", "properties": { "school_nam": "SIDDHARTHA P.V.", "school_lev": "Provincial", "school_typ": "Type 3", "district": "12.Gampaha", "zone": "Negombo" }, "geometry": { "type": "Point", "coordinates": [ 79.916935830000057, 7.070043889000033 ] } },
{ "type": "Feature", "properties": { "school_nam": "KUMARAUTHAYAM T.V.", "school_lev": "Provincial", "school_typ": "Type 2", "district": "11.Colombo", "zone": "Colombo" }, "geometry": { "type": "Point", "coordinates": [ 79.876936110000031, 6.878538056000025 ] } },
{ "type": "Feature", "properties": { "school_nam": "RAMAKRISHNA V.- COLOMBO 06.", "school_lev": "Provincial", "school_typ": "1C", "district": "11.Colombo", "zone": "Colombo" }, "geometry": { "type": "Point", "coordinates": [ 79.87003806000007, 6.875707778000049 ] } },
{ "type": "Feature", "properties": { "school_nam": "BAMBALAPITIYA MUSLIM LADIES COLLEGE", "school_lev": "National", "school_typ": "1AB", "district": "11.Colombo", "zone": "Colombo" }, "geometry": { "type": "Point", "coordinates": [ 79.86141028000003, 6.881455278000033 ] } },
{ "type": "Feature", "properties": { "school_nam": "BAMBALAPITIYA HINDU COLLEGE", "school_lev": "National", "school_typ": "1AB", "district": "11.Colombo", "zone": "Colombo" }, "geometry": { "type": "Point", "coordinates": [ 79.862046940000084, 6.883664444000033 ] } },
{ "type": "Feature", "properties": { "school_nam": "AL-AMEEN V. -COLOMBO 03.", "school_lev": "Provincial", "school_typ": "Type 2", "district": "11.Colombo", "zone": "Colombo" }, "geometry": { "type": "Point", "coordinates": [ 79.848335, 6.922534167000038 ] } },
{ "type": "Feature", "properties": { "school_nam": "ST. MARY'S T.V. -COLOMBO 04.", "school_lev": "Provincial", "school_typ": "1C", "district": "11.Colombo", "zone": "Colombo" }, "geometry": { "type": "Point", "coordinates": [ 79.857773610000038, 6.894581667000068 ] } },
{ "type": "Feature", "properties": { "school_nam": "KOLLUPITIYA METHODIST G.T.V.", "school_lev": "Provincial", "school_typ": "Type 2", "district": "11.Colombo", "zone": "Colombo" }, "geometry": { "type": "Point", "coordinates": [ 79.84858889000003, 6.911690556000053 ] } },
{ "type": "Feature", "properties": { "school_nam": "BAMBALAPITIYA RAMANATHAN HINDU LADIES COLLEGE", "school_lev": "National", "school_typ": "1AB", "district": "11.Colombo", "zone": "Colombo" }, "geometry": { "type": "Point", "coordinates": [ 79.860389170000076, 6.883933889000048 ] } },
{ "type": "Feature", "properties": { "school_nam": "NUGEGODA TAMIL M.V.", "school_lev": "Provincial", "school_typ": "1C", "district": "11.Colombo", "zone": "Piliyandala" }, "geometry": { "type": "Point", "coordinates": [ 79.88828833000008, 6.870391389000076 ] } },
{ "type": "Feature", "properties": { "school_nam": "MEELAD MUSLIM V.", "school_lev": "Provincial", "school_typ": "Type 2", "district": "11.Colombo", "zone": "Piliyandala" }, "geometry": { "type": "Point", "coordinates": [ 79.86448611000003, 6.863611111000068 ] } },
{ "type": "Feature", "properties": { "school_nam": "DEHIWALA TAMIL M.V.", "school_lev": "Provincial", "school_typ": "1C", "district": "11.Colombo", "zone": "Piliyandala" }, "geometry": { "type": "Point", "coordinates": [ 79.864511390000075, 6.850176944000054 ] } },
{ "type": "Feature", "properties": { "school_nam": "SRI JAYAWARDHANAPURA HINDU VIDYALAYA", "school_lev": "Provincial", "school_typ": "1C", "district": "11.Colombo", "zone": "Sri Jayawardenapura" }, "geometry": { "type": "Point", "coordinates": [ 79.890553890000035, 6.914997222000068 ] } },
{ "type": "Feature", "properties": { "school_nam": "RAJAGIRIYA ROMAN CATHOLIC TAMIL VIDYALAYA", "school_lev": "Provincial", "school_typ": "Type 2", "district": "11.Colombo", "zone": "Sri Jayawardenapura" }, "geometry": { "type": "Point", "coordinates": [ 79.894508060000078, 6.910348056000032 ] } },
{ "type": "Feature", "properties": { "school_nam": "ARAFATH MUSLIM M.V.", "school_lev": "Provincial", "school_typ": "1C", "district": "11.Colombo", "zone": "Piliyandala" }, "geometry": { "type": "Point", "coordinates": [ 79.901952220000055, 6.72148 ] } },
{ "type": "Feature", "properties": { "school_nam": "BATTARAMULLA SUBHUTHI NATIONAL SCHOOL", "school_lev": "National", "school_typ": "1AB", "district": "11.Colombo", "zone": "Sri Jayawardenapura" }, "geometry": { "type": "Point", "coordinates": [ 79.923811940000064, 6.903318889000047 ] } },
{ "type": "Feature", "properties": { "school_nam": "MALABE SRI RAHULA BALIKA MAHA VIDYALAYA", "school_lev": "Provincial", "school_typ": "1AB", "district": "11.Colombo", "zone": "Sri Jayawardenapura" }, "geometry": { "type": "Point", "coordinates": [ 79.956280830000082, 6.903624722000075 ] } },
{ "type": "Feature", "properties": { "school_nam": "BOMIRIYA CENTRAL COLLEGE", "school_lev": "National", "school_typ": "1AB", "district": "11.Colombo", "zone": "Sri Jayawardenapura" }, "geometry": { "type": "Point", "coordinates": [ 80.00232778000003, 6.934266667000031 ] } },
{ "type": "Feature", "properties": { "school_nam": "SRI SIDDHARTHA MAHA VIDYALAYA", "school_lev": "Provincial", "school_typ": "Type 3", "district": "11.Colombo", "zone": "Sri Jayawardenapura" }, "geometry": { "type": "Point", "coordinates": [ 79.917271940000035, 6.915403889000061 ] } },
{ "type": "Feature", "properties": { "school_nam": "THALAHENA M.V.", "school_lev": "Provincial", "school_typ": "Type 2", "district": "11.Colombo", "zone": "Sri Jayawardenapura" }, "geometry": { "type": "Point", "coordinates": [ 79.946746110000049, 6.913857500000063 ] } },
{ "type": "Feature", "properties": { "school_nam": "DEDIGAMUWA SRI DEVAMITHTHA MAHA VIDYALAYA", "school_lev": "Provincial", "school_typ": "Type 2", "district": "11.Colombo", "zone": "Sri Jayawardenapura" }, "geometry": { "type": "Point", "coordinates": [ 80.033892500000036, 6.891297500000064 ] } },
{ "type": "Feature", "properties": { "school_nam": "ATHURUGIRIYA MAHAMATHYA VIDYALAYA", "school_lev": "Provincial", "school_typ": "1AB", "district": "11.Colombo", "zone": "Sri Jayawardenapura" }, "geometry": { "type": "Point", "coordinates": [ 79.99356, 6.87402 ] } },
{ "type": "Feature", "properties": { "school_nam": "KOTHALAWALA MAHA VIDYALAYA", "school_lev": "Provincial", "school_typ": "1C", "district": "11.Colombo", "zone": "Sri Jayawardenapura" }, "geometry": { "type": "Point", "coordinates": [ 79.983659440000054, 6.929996111000037 ] } },
{ "type": "Feature", "properties": { "school_nam": "KORATHOTA SRI SOMANANDA M.V.", "school_lev": "Provincial", "school_typ": "1C", "district": "11.Colombo", "zone": "Sri Jayawardenapura" }, "geometry": { "type": "Point", "coordinates": [ 80.004037220000043, 6.907739167000045 ] } },
{ "type": "Feature", "properties": { "school_nam": "VIDYAWARDHANA MAHA VIDYALAYA", "school_lev": "Provincial", "school_typ": "1C", "district": "11.Colombo", "zone": "Sri Jayawardenapura" }, "geometry": { "type": "Point", "coordinates": [ 79.932366670000079, 6.890181667000036 ] } },
{ "type": "Feature", "properties": { "school_nam": "HOKANDAR VIDYARAJA M.V.", "school_lev": "Provincial", "school_typ": "1C", "district": "11.Colombo", "zone": "Sri Jayawardenapura" }, "geometry": { "type": "Point", "coordinates": [ 79.958855560000075, 6.881785556000068 ] } },
{ "type": "Feature", "properties": { "school_nam": "WELIVITA ST.MARY'S MAHA VIDYALAYA", "school_lev": "Provincial", "school_typ": "Type 2", "district": "11.Colombo", "zone": "Sri Jayawardenapura" }, "geometry": { "type": "Point", "coordinates": [ 79.962003060000029, 6.936142222000058 ] } },
{ "type": "Feature", "properties": { "school_nam": "BATTARAMULLA SRI INDRAJOTHI VIDYALAYA", "school_lev": "Provincial", "school_typ": "Type 2", "district": "11.Colombo", "zone": "Sri Jayawardenapura" }, "geometry": { "type": "Point", "coordinates": [ 79.920915, 6.900848333000056 ] } },
{ "type": "Feature", "properties": { "school_nam": "SRI YASODARA MAHA VIDYALAYA", "school_lev": "Provincial", "school_typ": "1C", "district": "11.Colombo", "zone": "Sri Jayawardenapura" }, "geometry": { "type": "Point", "coordinates": [ 79.971793330000082, 6.909247778000065 ] } },
{ "type": "Feature", "properties": { "school_nam": "PHILIP THILAKAWARDANA V.", "school_lev": "Provincial", "school_typ": "Type 2", "district": "11.Colombo", "zone": "Sri Jayawardenapura" }, "geometry": { "type": "Point", "coordinates": [ 80.017336110000031, 6.921896944000025 ] } },
{ "type": "Feature", "properties": { "school_nam": "SRI SEELALANKARA V.", "school_lev": "Provincial", "school_typ": "Type 3", "district": "11.Colombo", "zone": "Sri Jayawardenapura" }, "geometry": { "type": "Point", "coordinates": [ 80.001091110000061, 6.923578611000039 ] } },
{ "type": "Feature", "properties": { "school_nam": "DEDIGAMUWA KANISHTA VIDYALAYA", "school_lev": "Provincial", "school_typ": "Type 2", "district": "11.Colombo", "zone": "Sri Jayawardenapura" }, "geometry": { "type": "Point", "coordinates": [ 80.029191940000032, 6.901638056000024 ] } },
{ "type": "Feature", "properties": { "school_nam": "ORUWALA K.V.", "school_lev": "Provincial", "school_typ": "Type 3", "district": "11.Colombo", "zone": "Sri Jayawardenapura" }, "geometry": { "type": "Point", "coordinates": [ 79.997215, 6.889466944000048 ] } },
{ "type": "Feature", "properties": { "school_nam": "GUNASEKARA VIDYALAYA", "school_lev": "Provincial", "school_typ": "Type 3", "district": "11.Colombo", "zone": "Sri Jayawardenapura" }, "geometry": { "type": "Point", "coordinates": [ 79.996629170000062, 6.864420556000027 ] } },
{ "type": "Feature", "properties": { "school_nam": "HEWAGAMA KANISTA VIDYALAYA", "school_lev": "Provincial", "school_typ": "Type 3", "district": "11.Colombo", "zone": "Sri Jayawardenapura" }, "geometry": { "type": "Point", "coordinates": [ 79.97555611000007, 6.931831944000066 ] } },
{ "type": "Feature", "properties": { "school_nam": "THALANGAMA LANKA SABA KANISTA VIDYALAYA", "school_lev": "Provincial", "school_typ": "Type 3", "district": "11.Colombo", "zone": "Sri Jayawardenapura" }, "geometry": { "type": "Point", "coordinates": [ 79.92360694000007, 6.904732222000064 ] } },
{ "type": "Feature", "properties": { "school_nam": "SRI SUBODI KANISHTA VIDYALAYA", "school_lev": "Provincial", "school_typ": "Type 3", "district": "11.Colombo", "zone": "Sri Jayawardenapura" }, "geometry": { "type": "Point", "coordinates": [ 79.936436110000045, 6.908453611000027 ] } },
{ "type": "Feature", "properties": { "school_nam": "BOMIRIYA MUNIDASA KUMARATHUNGA V.", "school_lev": "Provincial", "school_typ": "Type 2", "district": "11.Colombo", "zone": "Sri Jayawardenapura" }, "geometry": { "type": "Point", "coordinates": [ 79.99324611000003, 6.93454 ] } },
{ "type": "Feature", "properties": { "school_nam": "RANALA MODEL JUNIOR SCHOOL", "school_lev": "Provincial", "school_typ": "Type 3", "district": "11.Colombo", "zone": "Sri Jayawardenapura" }, "geometry": { "type": "Point", "coordinates": [ 80.037983060000045, 6.915631111000039 ] } },
{ "type": "Feature", "properties": { "school_nam": "SIRI SUMANATHISSA P.S.", "school_lev": "Provincial", "school_typ": "Type 3", "district": "11.Colombo", "zone": "Sri Jayawardenapura" }, "geometry": { "type": "Point", "coordinates": [ 80.019461110000066, 6.920376944000054 ] } },
{ "type": "Feature", "properties": { "school_nam": "PORE JUNIOR SCHOOL", "school_lev": "Provincial", "school_typ": "Type 3", "district": "11.Colombo", "zone": "Sri Jayawardenapura" }, "geometry": { "type": "Point", "coordinates": [ 79.980736110000066, 6.884115 ] } },
{ "type": "Feature", "properties": { "school_nam": "SRI SUDARSHANA VIDYALAYA", "school_lev": "Provincial", "school_typ": "Type 2", "district": "11.Colombo", "zone": "Sri Jayawardenapura" }, "geometry": { "type": "Point", "coordinates": [ 80.03071889000006, 6.910165 ] } },
{ "type": "Feature", "properties": { "school_nam": "RATHNA KANISHTA  VIDYALAYA", "school_lev": "Provincial", "school_typ": "Type 2", "district": "11.Colombo", "zone": "Sri Jayawardenapura" }, "geometry": { "type": "Point", "coordinates": [ 80.037165830000049, 6.913982778000047 ] } },
{ "type": "Feature", "properties": { "school_nam": "AVERIHENA VIDYALOKA KANISTA VIDYALAYA", "school_lev": "Provincial", "school_typ": "Type 2", "district": "11.Colombo", "zone": "Sri Jayawardenapura" }, "geometry": { "type": "Point", "coordinates": [ 79.951036940000051, 6.885045 ] } },
{ "type": "Feature", "properties": { "school_nam": "IHALA BOMIRIYA PRIMARY SCHOOL", "school_lev": "Provincial", "school_typ": "Type 3", "district": "11.Colombo", "zone": "Sri Jayawardenapura" }, "geometry": { "type": "Point", "coordinates": [ 79.961480560000041, 6.881233056000042 ] } },
{ "type": "Feature", "properties": { "school_nam": "M.D.H.JAYAWARDANA MAHA VIDYALAYA", "school_lev": "Provincial", "school_typ": "1C", "district": "11.Colombo", "zone": "Sri Jayawardenapura" }, "geometry": { "type": "Point", "coordinates": [ 79.944108330000063, 6.881664167000054 ] } },
{ "type": "Feature", "properties": { "school_nam": "MALABE BOY'S MODEL SCHOOL", "school_lev": "Provincial", "school_typ": "1AB", "district": "11.Colombo", "zone": "Sri Jayawardenapura" }, "geometry": { "type": "Point", "coordinates": [ 79.957621670000037, 6.90412416700002 ] } },
{ "type": "Feature", "properties": { "school_nam": "AVISSAWELLA SEETHAWAKA M.M.V.", "school_lev": "National", "school_typ": "1AB", "district": "11.Colombo", "zone": "Homagama" }, "geometry": { "type": "Point", "coordinates": [ 80.216432220000058, 6.957264444000032 ] } },
{ "type": "Feature", "properties": { "school_nam": "KOSGAMA M.V.", "school_lev": "Provincial", "school_typ": "1AB", "district": "11.Colombo", "zone": "Homagama" }, "geometry": { "type": "Point", "coordinates": [ 80.148744170000043, 6.941055556000038 ] } },
{ "type": "Feature", "properties": { "school_nam": "AVISSAWELLA ST. MARY'S COLLEGE", "school_lev": "Provincial", "school_typ": "1C", "district": "11.Colombo", "zone": "Homagama" }, "geometry": { "type": "Point", "coordinates": [ 80.216616940000051, 6.952158889000032 ] } },
{ "type": "Feature", "properties": { "school_nam": "KALUAGGALA ST. JOHN BOSCO'S COLLEGE", "school_lev": "Provincial", "school_typ": "1C", "district": "11.Colombo", "zone": "Homagama" }, "geometry": { "type": "Point", "coordinates": [ 80.099886940000033, 6.91833 ] } },
{ "type": "Feature", "properties": { "school_nam": "PUWAKPITIYA NORTH M.V.", "school_lev": "Provincial", "school_typ": "Type 3", "district": "11.Colombo", "zone": "Homagama" }, "geometry": { "type": "Point", "coordinates": [ 80.195164440000042, 6.940497500000049 ] } },
{ "type": "Feature", "properties": { "school_nam": "ESWATHTHA PANDUKABHAYA M.V.", "school_lev": "Provincial", "school_typ": "Type 2", "district": "11.Colombo", "zone": "Homagama" }, "geometry": { "type": "Point", "coordinates": [ 80.173789440000064, 6.962748611000052 ] } },
{ "type": "Feature", "properties": { "school_nam": "AKARAVITA MAHA VIDYALAYA", "school_lev": "Provincial", "school_typ": "Type 3", "district": "11.Colombo", "zone": "Homagama" }, "geometry": { "type": "Point", "coordinates": [ 80.110051390000081, 6.947829722000051 ] } },
{ "type": "Feature", "properties": { "school_nam": "PAGNGNAGULA MAHA VIDYALAYA", "school_lev": "Provincial", "school_typ": "Type 2", "district": "11.Colombo", "zone": "Homagama" }, "geometry": { "type": "Point", "coordinates": [ 80.176783890000081, 6.877708889000075 ] } },
{ "type": "Feature", "properties": { "school_nam": "KAHAHENA BORALUGODA M.V.", "school_lev": "Provincial", "school_typ": "Type 2", "district": "11.Colombo", "zone": "Homagama" }, "geometry": { "type": "Point", "coordinates": [ 80.123330560000056, 6.902367500000025 ] } },
{ "type": "Feature", "properties": { "school_nam": "WAGA SRI RATHANASARA M.V.", "school_lev": "Provincial", "school_typ": "1C", "district": "11.Colombo", "zone": "Homagama" }, "geometry": { "type": "Point", "coordinates": [ 80.153580280000085, 6.868455833000041 ] } },
{ "type": "Feature", "properties": { "school_nam": "ILUKOVITA KANISHTA VIDYALAYA", "school_lev": "Provincial", "school_typ": "Type 2", "district": "11.Colombo", "zone": "Homagama" }, "geometry": { "type": "Point", "coordinates": [ 80.172490560000085, 6.894051389000026 ] } },
{ "type": "Feature", "properties": { "school_nam": "WELIKANNA R.C.K.V.", "school_lev": "Provincial", "school_typ": "Type 2", "district": "11.Colombo", "zone": "Homagama" }, "geometry": { "type": "Point", "coordinates": [ 80.143105280000043, 6.89164 ] } },
{ "type": "Feature", "properties": { "school_nam": "KALUAGGALA SRI SIDDHARTHA K.V.", "school_lev": "Provincial", "school_typ": "Type 2", "district": "11.Colombo", "zone": "Homagama" }, "geometry": { "type": "Point", "coordinates": [ 80.123782500000061, 6.92355694400004 ] } },
{ "type": "Feature", "properties": { "school_nam": "KADUGODA K.V.", "school_lev": "Provincial", "school_typ": "Type 2", "district": "11.Colombo", "zone": "Homagama" }, "geometry": { "type": "Point", "coordinates": [ 80.144622500000082, 6.917881944000044 ] } },
{ "type": "Feature", "properties": { "school_nam": "KOSGAMA SUMEDHA VIDYALAYA", "school_lev": "Provincial", "school_typ": "Type 2", "district": "11.Colombo", "zone": "Homagama" }, "geometry": { "type": "Point", "coordinates": [ 80.135495560000038, 6.942297500000052 ] } },
{ "type": "Feature", "properties": { "school_nam": "KANAMPELLA K.V.", "school_lev": "Provincial", "school_typ": "Type 3", "district": "11.Colombo", "zone": "Homagama" }, "geometry": { "type": "Point", "coordinates": [ 80.129665, 6.962424444000021 ] } },
{ "type": "Feature", "properties": { "school_nam": "AUTHAMBALAMA JUNIOR MODEL SCHOOL", "school_lev": "Provincial", "school_typ": "Type 3", "district": "11.Colombo", "zone": "Homagama" }, "geometry": { "type": "Point", "coordinates": [ 80.153383610000049, 6.940039167000066 ] } },
{ "type": "Feature", "properties": { "school_nam": "MANAKADA JUNIOR SCHOOL", "school_lev": "Provincial", "school_typ": "Type 3", "district": "11.Colombo", "zone": "Homagama" }, "geometry": { "type": "Point", "coordinates": [ 80.161160280000047, 6.963916667000035 ] } },
{ "type": "Feature", "properties": { "school_nam": "ESWATHTHA SOUTH JUNIOR SCHOOL", "school_lev": "Provincial", "school_typ": "Type 3", "district": "11.Colombo", "zone": "Homagama" }, "geometry": { "type": "Point", "coordinates": [ 80.176433610000061, 6.947541667000053 ] } },
{ "type": "Feature", "properties": { "school_nam": "PUWAKPITIYA SOUTH K.V.", "school_lev": "Provincial", "school_typ": "Type 2", "district": "11.Colombo", "zone": "Homagama" }, "geometry": { "type": "Point", "coordinates": [ 80.176907500000084, 6.935232500000041 ] } },
{ "type": "Feature", "properties": { "school_nam": "PUWAKPITIYA ROMAN CATHOLIC PRIMARY SCHOOL", "school_lev": "Provincial", "school_typ": "Type 3", "district": "11.Colombo", "zone": "Homagama" }, "geometry": { "type": "Point", "coordinates": [ 80.188628330000085, 6.931330556000034 ] } },
{ "type": "Feature", "properties": { "school_nam": "BOLLATHAWA K.V.", "school_lev": "Provincial", "school_typ": "Type 3", "district": "11.Colombo", "zone": "Homagama" }, "geometry": { "type": "Point", "coordinates": [ 80.119755560000044, 6.95866638900003 ] } },
{ "type": "Feature", "properties": { "school_nam": "LAHIRUGAMA BUDDHIST K.V.", "school_lev": "Provincial", "school_typ": "Type 3", "district": "11.Colombo", "zone": "Homagama" }, "geometry": { "type": "Point", "coordinates": [ 80.151368060000038, 6.887996111000064 ] } },
{ "type": "Feature", "properties": { "school_nam": "AVISSAWELLA JANADHIPATHI VIDYALAYA", "school_lev": "Provincial", "school_typ": "Type 2", "district": "11.Colombo", "zone": "Homagama" }, "geometry": { "type": "Point", "coordinates": [ 80.20422472000007, 6.956529167000042 ] } },
{ "type": "Feature", "properties": { "school_nam": "PUWAKPITIYA C.C. TAMIL M.V.", "school_lev": "Provincial", "school_typ": "1C", "district": "11.Colombo", "zone": "Homagama" }, "geometry": { "type": "Point", "coordinates": [ 80.19805056000007, 6.941965278000055 ] } },
{ "type": "Feature", "properties": { "school_nam": "SALAWAWATHTHA TAMIL V.", "school_lev": "Provincial", "school_typ": "Type 3", "district": "11.Colombo", "zone": "Homagama" }, "geometry": { "type": "Point", "coordinates": [ 80.110911110000075, 6.926965 ] } },
{ "type": "Feature", "properties": { "school_nam": "SIRINIWASA TAMIL K.V.", "school_lev": "Provincial", "school_typ": "Type 3", "district": "11.Colombo", "zone": "Homagama" }, "geometry": { "type": "Point", "coordinates": [ 80.152225560000034, 6.905798056000037 ] } },
{ "type": "Feature", "properties": { "school_nam": "WAGAWATHTHA TAMIL K.V.", "school_lev": "Provincial", "school_typ": "Type 2", "district": "11.Colombo", "zone": "Homagama" }, "geometry": { "type": "Point", "coordinates": [ 80.172921110000061, 6.875206111000068 ] } },
{ "type": "Feature", "properties": { "school_nam": "HANWELLA RAJASINGHE CENTRAL COLLEGE", "school_lev": "National", "school_typ": "1AB", "district": "11.Colombo", "zone": "Homagama" }, "geometry": { "type": "Point", "coordinates": [ 80.088934170000073, 6.90893055600003 ] } },
{ "type": "Feature", "properties": { "school_nam": "HOMAGAMA CENTRAL COLLEGE", "school_lev": "Provincial", "school_typ": "1AB", "district": "11.Colombo", "zone": "Homagama" }, "geometry": { "type": "Point", "coordinates": [ 80.006130280000036, 6.847205556000063 ] } },
{ "type": "Feature", "properties": { "school_nam": "PADUKKA SIRI PIYARATHANA CENTRAL COLLEGE", "school_lev": "Provincial", "school_typ": "1AB", "district": "11.Colombo", "zone": "Homagama" }, "geometry": { "type": "Point", "coordinates": [ 80.090238330000034, 6.841388889000029 ] } },
{ "type": "Feature", "properties": { "school_nam": "PINNAWALA RAJAPOLA M.V.", "school_lev": "Provincial", "school_typ": "1C", "district": "11.Colombo", "zone": "Homagama" }, "geometry": { "type": "Point", "coordinates": [ 80.119922780000081, 6.869633056000055 ] } },
{ "type": "Feature", "properties": { "school_nam": "BOPE RAJASINGHE M.V.", "school_lev": "Provincial", "school_typ": "1AB", "district": "11.Colombo", "zone": "Homagama" }, "geometry": { "type": "Point", "coordinates": [ 80.138062500000046, 6.828938333000053 ] } },
{ "type": "Feature", "properties": { "school_nam": "HANWELLA MAYADUNNA MAHA VIDYALAYA", "school_lev": "Provincial", "school_typ": "1C", "district": "11.Colombo", "zone": "Homagama" }, "geometry": { "type": "Point", "coordinates": [ 80.083958610000082, 6.909381389000032 ] } },
{ "type": "Feature", "properties": { "school_nam": "MALAGALA MAHA VIDYALAYA", "school_lev": "Provincial", "school_typ": "Type 2", "district": "11.Colombo", "zone": "Homagama" }, "geometry": { "type": "Point", "coordinates": [ 80.113185830000077, 6.791735278000033 ] } },
{ "type": "Feature", "properties": { "school_nam": "SIRI SUMANAJOTHI M.V.", "school_lev": "Provincial", "school_typ": "Type 2", "district": "11.Colombo", "zone": "Homagama" }, "geometry": { "type": "Point", "coordinates": [ 80.084811390000084, 6.88394222200003 ] } },
{ "type": "Feature", "properties": { "school_nam": "PAHALA HANWELLA K.V.", "school_lev": "Provincial", "school_typ": "Type 3", "district": "11.Colombo", "zone": "Homagama" }, "geometry": { "type": "Point", "coordinates": [ 80.074975560000041, 6.904302500000028 ] } },
{ "type": "Feature", "properties": { "school_nam": "PAHATHGAMA ROMAN CATHOLIC JUNIOR SCHOOL", "school_lev": "Provincial", "school_typ": "Type 2", "district": "11.Colombo", "zone": "Homagama" }, "geometry": { "type": "Point", "coordinates": [ 80.086539440000081, 6.902401944000076 ] } },
{ "type": "Feature", "properties": { "school_nam": "NIRIPOLA ROMAN CATHOLIC K.V.", "school_lev": "Provincial", "school_typ": "Type 3", "district": "11.Colombo", "zone": "Homagama" }, "geometry": { "type": "Point", "coordinates": [ 80.104921110000078, 6.908003056000041 ] } },
{ "type": "Feature", "properties": { "school_nam": "DIDDENIYA K.V.", "school_lev": "Provincial", "school_typ": "Type 2", "district": "11.Colombo", "zone": "Homagama" }, "geometry": { "type": "Point", "coordinates": [ 80.105754440000055, 6.891403056000058 ] } },
{ "type": "Feature", "properties": { "school_nam": "DAMBORA K.V.", "school_lev": "Provincial", "school_typ": "Type 3", "district": "11.Colombo", "zone": "Homagama" }, "geometry": { "type": "Point", "coordinates": [ 80.168456940000056, 6.844931944000052 ] } },
{ "type": "Feature", "properties": { "school_nam": "ANGAMPITIYA K.V.", "school_lev": "Provincial", "school_typ": "Type 3", "district": "11.Colombo", "zone": "Homagama" }, "geometry": { "type": "Point", "coordinates": [ 80.107875830000069, 6.852850833000048 ] } },
{ "type": "Feature", "properties": { "school_nam": "UDAGAMA K.V.", "school_lev": "Provincial", "school_typ": "Type 3", "district": "11.Colombo", "zone": "Homagama" }, "geometry": { "type": "Point", "coordinates": [ 80.157983890000082, 6.829403056000046 ] } },
{ "type": "Feature", "properties": { "school_nam": "SRI GNANAWIMALA K.V.", "school_lev": "Provincial", "school_typ": "Type 3", "district": "11.Colombo", "zone": "Homagama" }, "geometry": { "type": "Point", "coordinates": [ 80.119590560000063, 6.836563611000031 ] } },
{ "type": "Feature", "properties": { "school_nam": "AMARASIRI PADMAPERUMA K.V.", "school_lev": "Provincial", "school_typ": "Type 3", "district": "11.Colombo", "zone": "Homagama" }, "geometry": { "type": "Point", "coordinates": [ 80.101508610000053, 6.840465833000053 ] } },
{ "type": "Feature", "properties": { "school_nam": "ANGAMUWA K.V.", "school_lev": "Provincial", "school_typ": "Type 3", "district": "11.Colombo", "zone": "Homagama" }, "geometry": { "type": "Point", "coordinates": [ 80.104294720000041, 6.825668889000042 ] } },
{ "type": "Feature", "properties": { "school_nam": "M.D.H. JAYAWARDHANA JUNIOR SCHOOL", "school_lev": "Provincial", "school_typ": "Type 3", "district": "11.Colombo", "zone": "Homagama" }, "geometry": { "type": "Point", "coordinates": [ 80.09620472000006, 6.815282222000064 ] } },
{ "type": "Feature", "properties": { "school_nam": "GALAGEDARA K.V.", "school_lev": "Provincial", "school_typ": "Type 2", "district": "11.Colombo", "zone": "Homagama" }, "geometry": { "type": "Point", "coordinates": [ 80.085623060000046, 6.854522778000046 ] } },
{ "type": "Feature", "properties": { "school_nam": "MAWATHAGAMA MODEL JUNIOR SCHOOL", "school_lev": "Provincial", "school_typ": "Type 2", "district": "11.Colombo", "zone": "Homagama" }, "geometry": { "type": "Point", "coordinates": [ 80.090387500000077, 6.863903333000053 ] } },
{ "type": "Feature", "properties": { "school_nam": "GALAGEDARA MUSLIM VIDYALAYA", "school_lev": "Provincial", "school_typ": "Type 2", "district": "11.Colombo", "zone": "Homagama" }, "geometry": { "type": "Point", "coordinates": [ 80.088537220000035, 6.847797222000054 ] } },
{ "type": "Feature", "properties": { "school_nam": "MALIYADEWA M K.V.", "school_lev": "Provincial", "school_typ": "Type 3", "district": "11.Colombo", "zone": "Homagama" }, "geometry": { "type": "Point", "coordinates": [ 80.084838890000071, 6.8933 ] } },
{ "type": "Feature", "properties": { "school_nam": "KELIMADALA PRIMAY SCHOOL", "school_lev": "Provincial", "school_typ": "Type 3", "district": "11.Colombo", "zone": "Homagama" }, "geometry": { "type": "Point", "coordinates": [ 80.134599440000045, 6.869828611000059 ] } },
{ "type": "Feature", "properties": { "school_nam": "BORALUWATHENNA K.V.", "school_lev": "Provincial", "school_typ": "Type 3", "district": "11.Colombo", "zone": "Homagama" }, "geometry": { "type": "Point", "coordinates": [ 80.15202, 6.850988889000064 ] } },
{ "type": "Feature", "properties": { "school_nam": "PADUKKA SIRI PIYARATHANA K.V.", "school_lev": "Provincial", "school_typ": "Type 3", "district": "11.Colombo", "zone": "Homagama" }, "geometry": { "type": "Point", "coordinates": [ 80.091888890000064, 6.840643889000035 ] } },
{ "type": "Feature", "properties": { "school_nam": "PITUMPE K.V.", "school_lev": "Provincial", "school_typ": "Type 3", "district": "11.Colombo", "zone": "Homagama" }, "geometry": { "type": "Point", "coordinates": [ 80.097100280000063, 6.856018056000039 ] } },
{ "type": "Feature", "properties": { "school_nam": "PADUKKA TAMIL VIDYALAYA", "school_lev": "Provincial", "school_typ": "Type 3", "district": "11.Colombo", "zone": "Homagama" }, "geometry": { "type": "Point", "coordinates": [ 80.122430560000055, 6.823478611000041 ] } },
{ "type": "Feature", "properties": { "school_nam": "MEEGODA MAHA VIDYALAYA", "school_lev": "Provincial", "school_typ": "1C", "district": "11.Colombo", "zone": "Homagama" }, "geometry": { "type": "Point", "coordinates": [ 80.047032780000052, 6.852624167000045 ] } },
{ "type": "Feature", "properties": { "school_nam": "WETHARA M V", "school_lev": "Provincial", "school_typ": "1AB", "district": "11.Colombo", "zone": "Homagama" }, "geometry": { "type": "Point", "coordinates": [ 79.970699720000084, 6.785822500000052 ] } },
{ "type": "Feature", "properties": { "school_nam": "KIRIWATHTHUDUWA WIJAYAWARDANA MAHA VIDYALAYA", "school_lev": "Provincial", "school_typ": "Type 2", "district": "11.Colombo", "zone": "Homagama" }, "geometry": { "type": "Point", "coordinates": [ 80.008287780000046, 6.798663056000066 ] } },
{ "type": "Feature", "properties": { "school_nam": "PITIPANA MAHA VIDYALAYA", "school_lev": "Provincial", "school_typ": "1C", "district": "11.Colombo", "zone": "Homagama" }, "geometry": { "type": "Point", "coordinates": [ 80.030583610000065, 6.822920556000042 ] } },
{ "type": "Feature", "properties": { "school_nam": "JALTHARA MAHA VIDYALAYA", "school_lev": "Provincial", "school_typ": "Type 2", "district": "11.Colombo", "zone": "Homagama" }, "geometry": { "type": "Point", "coordinates": [ 80.046119440000041, 6.900231667000071 ] } },
{ "type": "Feature", "properties": { "school_nam": "PANAGODA SRI PARAKRAMA MAHA VIDYALAYA", "school_lev": "Provincial", "school_typ": "1C", "district": "11.Colombo", "zone": "Homagama" }, "geometry": { "type": "Point", "coordinates": [ 80.025258060000056, 6.86322 ] } },
{ "type": "Feature", "properties": { "school_nam": "MADOLUWAWA M.V.", "school_lev": "Provincial", "school_typ": "Type 2", "district": "11.Colombo", "zone": "Homagama" }, "geometry": { "type": "Point", "coordinates": [ 80.067917780000073, 6.818444722000038 ] } },
{ "type": "Feature", "properties": { "school_nam": "MULLEGAMA MAHA VIDYALAYA", "school_lev": "Provincial", "school_typ": "Type 2", "district": "11.Colombo", "zone": "Homagama" }, "geometry": { "type": "Point", "coordinates": [ 80.01337833000008, 6.88442305600006 ] } },
{ "type": "Feature", "properties": { "school_nam": "OLABODUWA ZOYSA MAHA VIDYALAYA", "school_lev": "Provincial", "school_typ": "Type 2", "district": "11.Colombo", "zone": "Homagama" }, "geometry": { "type": "Point", "coordinates": [ 80.007788060000053, 6.77598305600003 ] } },
{ "type": "Feature", "properties": { "school_nam": "MATTEGODA VIDYADEEPA MAHA VIDYALAYA", "school_lev": "Provincial", "school_typ": "1C", "district": "11.Colombo", "zone": "Homagama" }, "geometry": { "type": "Point", "coordinates": [ 79.966233890000069, 6.829916389000061 ] } },
{ "type": "Feature", "properties": { "school_nam": "DEEPANGODA SRI MEDANANDA MAHA VIDYALAYA", "school_lev": "Provincial", "school_typ": "1C", "district": "11.Colombo", "zone": "Homagama" }, "geometry": { "type": "Point", "coordinates": [ 79.982008890000031, 6.816958056000033 ] } },
{ "type": "Feature", "properties": { "school_nam": "MAGAMMANA MAHA VIDYALAYA", "school_lev": "Provincial", "school_typ": "Type 2", "district": "11.Colombo", "zone": "Homagama" }, "geometry": { "type": "Point", "coordinates": [ 79.997693610000056, 6.820856111000069 ] } },
{ "type": "Feature", "properties": { "school_nam": "WETHARA PRIMARY SCHOOL", "school_lev": "Provincial", "school_typ": "Type 3", "district": "11.Colombo", "zone": "Homagama" }, "geometry": { "type": "Point", "coordinates": [ 79.973582220000083, 6.785998889000041 ] } },
{ "type": "Feature", "properties": { "school_nam": "SIYAMBALAGODA DHARMAPALA K.V.", "school_lev": "Provincial", "school_typ": "Type 2", "district": "11.Colombo", "zone": "Homagama" }, "geometry": { "type": "Point", "coordinates": [ 79.966509720000033, 6.795781111000053 ] } },
{ "type": "Feature", "properties": { "school_nam": "PALAGAMA SIRI PARAKUM VIDYALAYA", "school_lev": "Provincial", "school_typ": "Type 2", "district": "11.Colombo", "zone": "Homagama" }, "geometry": { "type": "Point", "coordinates": [ 79.970946110000057, 6.764746111000022 ] } },
{ "type": "Feature", "properties": { "school_nam": "KAHATHUDUWA W N PERERA KANISHTA VIDYALAYA", "school_lev": "Provincial", "school_typ": "Type 3", "district": "11.Colombo", "zone": "Homagama" }, "geometry": { "type": "Point", "coordinates": [ 79.984863890000042, 6.783676111000034 ] } },
{ "type": "Feature", "properties": { "school_nam": "SIRIPATHI VIDYALAYA", "school_lev": "Provincial", "school_typ": "Type 2", "district": "11.Colombo", "zone": "Homagama" }, "geometry": { "type": "Point", "coordinates": [ 79.967654720000041, 6.779471111000021 ] } },
{ "type": "Feature", "properties": { "school_nam": "JAYATHILAKA VIDYALAYA", "school_lev": "Provincial", "school_typ": "Type 2", "district": "11.Colombo", "zone": "Homagama" }, "geometry": { "type": "Point", "coordinates": [ 80.033471940000084, 6.800356111000042 ] } },
{ "type": "Feature", "properties": { "school_nam": "DIYAGAMA JUNIOR SCHOOL", "school_lev": "Provincial", "school_typ": "Type 3", "district": "11.Colombo", "zone": "Homagama" }, "geometry": { "type": "Point", "coordinates": [ 79.998794720000035, 6.804348889000039 ] } },
{ "type": "Feature", "properties": { "school_nam": "HOMAGAMA MAHA VIDYALAYA", "school_lev": "Provincial", "school_typ": "Type 2", "district": "11.Colombo", "zone": "Homagama" }, "geometry": { "type": "Point", "coordinates": [ 80.002778060000082, 6.847192222000047 ] } },
{ "type": "Feature", "properties": { "school_nam": "MEEGODA BUDDHIST JUNIOR SCHOOL", "school_lev": "Provincial", "school_typ": "Type 3", "district": "11.Colombo", "zone": "Homagama" }, "geometry": { "type": "Point", "coordinates": [ 80.056212780000067, 6.85191 ] } },
{ "type": "Feature", "properties": { "school_nam": "WATAREKA KANISHTA VIDYALAYA", "school_lev": "Provincial", "school_typ": "Type 3", "district": "11.Colombo", "zone": "Homagama" }, "geometry": { "type": "Point", "coordinates": [ 80.07406, 6.853808889000049 ] } },
{ "type": "Feature", "properties": { "school_nam": "PANALUWA K.V.", "school_lev": "Provincial", "school_typ": "Type 2", "district": "11.Colombo", "zone": "Homagama" }, "geometry": { "type": "Point", "coordinates": [ 80.060809170000084, 6.868403611000076 ] } },
{ "type": "Feature", "properties": { "school_nam": "BATAWALA KANISHTA VIDYALAYA", "school_lev": "Provincial", "school_typ": "Type 3", "district": "11.Colombo", "zone": "Homagama" }, "geometry": { "type": "Point", "coordinates": [ 80.053740560000051, 6.881325833000062 ] } },
{ "type": "Feature", "properties": { "school_nam": "PANAGODA ARMY SCHOOL", "school_lev": "Provincial", "school_typ": "Type 3", "district": "11.Colombo", "zone": "Homagama" }, "geometry": { "type": "Point", "coordinates": [ 80.019248060000052, 6.845543889000055 ] } },
{ "type": "Feature", "properties": { "school_nam": "DAMPE K.V.", "school_lev": "Provincial", "school_typ": "Type 3", "district": "11.Colombo", "zone": "Homagama" }, "geometry": { "type": "Point", "coordinates": [ 80.049364440000033, 6.820845278000036 ] } },
{ "type": "Feature", "properties": { "school_nam": "MEEGODA DHARMARAJA VIDYALAYA", "school_lev": "Provincial", "school_typ": "Type 2", "district": "11.Colombo", "zone": "Homagama" }, "geometry": { "type": "Point", "coordinates": [ 80.043812780000053, 6.844126389000053 ] } },
{ "type": "Feature", "properties": { "school_nam": "LENAGALA JUNIOR SECONDARY SCHOOL", "school_lev": "Provincial", "school_typ": "Type 2", "district": "11.Colombo", "zone": "Homagama" }, "geometry": { "type": "Point", "coordinates": [ 80.034294440000053, 6.881058611000071 ] } },
{ "type": "Feature", "properties": { "school_nam": "HABARAKADA JUNIOR SCHOOL", "school_lev": "Provincial", "school_typ": "Type 2", "district": "11.Colombo", "zone": "Homagama" }, "geometry": { "type": "Point", "coordinates": [ 80.014686940000047, 6.867084444000056 ] } },
{ "type": "Feature", "properties": { "school_nam": "DOLAHENA K.V.", "school_lev": "Provincial", "school_typ": "Type 3", "district": "11.Colombo", "zone": "Homagama" }, "geometry": { "type": "Point", "coordinates": [ 80.02553639000007, 6.812045278000028 ] } },
{ "type": "Feature", "properties": { "school_nam": "MAWATHGAMA JUNIOR SECONDARY SCHOOL", "school_lev": "Provincial", "school_typ": "Type 2", "district": "11.Colombo", "zone": "Homagama" }, "geometry": { "type": "Point", "coordinates": [ 80.01441611000007, 6.830033611000033 ] } },
{ "type": "Feature", "properties": { "school_nam": "PITIPANA JUNIOR SCHOOL", "school_lev": "Provincial", "school_typ": "Type 3", "district": "11.Colombo", "zone": "Homagama" }, "geometry": { "type": "Point", "coordinates": [ 80.030812780000076, 6.824518889000046 ] } },
{ "type": "Feature", "properties": { "school_nam": "NIYADAGALA VIDYAKEERTHI K.V.", "school_lev": "Provincial", "school_typ": "Type 3", "district": "11.Colombo", "zone": "Homagama" }, "geometry": { "type": "Point", "coordinates": [ 79.989489440000057, 6.826494167000021 ] } },
{ "type": "Feature", "properties": { "school_nam": "ARTIGALA JUNIOR SCHOOL", "school_lev": "Provincial", "school_typ": "Type 2", "district": "11.Colombo", "zone": "Homagama" }, "geometry": { "type": "Point", "coordinates": [ 80.057820560000039, 6.891719167000076 ] } },
{ "type": "Feature", "properties": { "school_nam": "SANGARAMA MADDUMA BANDARA JUNIOR SCHOOL", "school_lev": "Provincial", "school_typ": "Type 3", "district": "11.Colombo", "zone": "Homagama" }, "geometry": { "type": "Point", "coordinates": [ 79.956112780000069, 6.811913611000023 ] } },
{ "type": "Feature", "properties": { "school_nam": "LIYANWALA ANANDA SAMARAKOON K.V.", "school_lev": "Provincial", "school_typ": "Type 3", "district": "11.Colombo", "zone": "Homagama" }, "geometry": { "type": "Point", "coordinates": [ 80.08129389000004, 6.83941694400005 ] } },
{ "type": "Feature", "properties": { "school_nam": "DEEPANGODA K.V.", "school_lev": "Provincial", "school_typ": "Type 3", "district": "11.Colombo", "zone": "Homagama" }, "geometry": { "type": "Point", "coordinates": [ 79.982149720000052, 6.81457 ] } },
{ "type": "Feature", "properties": { "school_nam": "GODAGAMA SUBHARATHI MAHAMATHYA MAHA VIDYALAYA", "school_lev": "Provincial", "school_typ": "Type 2", "district": "11.Colombo", "zone": "Homagama" }, "geometry": { "type": "Point", "coordinates": [ 80.032695280000041, 6.850994167000067 ] } },
{ "type": "Feature", "properties": { "school_nam": "HOMAGAMA PRESIDENTS COLLEGE", "school_lev": "Provincial", "school_typ": "1C", "district": "11.Colombo", "zone": "Homagama" }, "geometry": { "type": "Point", "coordinates": [ 80.003268890000072, 6.839518056000031 ] } },
{ "type": "Feature", "properties": { "school_nam": "PANNIPITIYA DHARMAPALA VIDYALAYA", "school_lev": "National", "school_typ": "1AB", "district": "11.Colombo", "zone": "Sri Jayawardenapura" }, "geometry": { "type": "Point", "coordinates": [ 79.954093060000048, 6.844166667000025 ] } },
{ "type": "Feature", "properties": { "school_nam": "MAHARAGAMA VIDYAKARA B.M.V.", "school_lev": "Provincial", "school_typ": "1AB", "district": "11.Colombo", "zone": "Sri Jayawardenapura" }, "geometry": { "type": "Point", "coordinates": [ 79.925527780000039, 6.844908611000051 ] } },
{ "type": "Feature", "properties": { "school_nam": "KOTTAWA ANANDA M.V.", "school_lev": "Provincial", "school_typ": "1C", "district": "11.Colombo", "zone": "Sri Jayawardenapura" }, "geometry": { "type": "Point", "coordinates": [ 79.958925830000055, 6.844839167000032 ] } },
{ "type": "Feature", "properties": { "school_nam": "BUWANEKABA M.V.", "school_lev": "Provincial", "school_typ": "1C", "district": "11.Colombo", "zone": "Sri Jayawardenapura" }, "geometry": { "type": "Point", "coordinates": [ 79.924938610000083, 6.849023056000021 ] } },
{ "type": "Feature", "properties": { "school_nam": "MAHARAGAMA CENTRAL COLLEGE", "school_lev": "Provincial", "school_typ": "1AB", "district": "11.Colombo", "zone": "Sri Jayawardenapura" }, "geometry": { "type": "Point", "coordinates": [ 79.926169440000081, 6.83624750000007 ] } },
{ "type": "Feature", "properties": { "school_nam": "VIDYADANA M.V.", "school_lev": "Provincial", "school_typ": "Type 2", "district": "11.Colombo", "zone": "Sri Jayawardenapura" }, "geometry": { "type": "Point", "coordinates": [ 79.969096390000061, 6.855997500000058 ] } },
{ "type": "Feature", "properties": { "school_nam": "SRI RAHULA M.V.", "school_lev": "Provincial", "school_typ": "Type 2", "district": "11.Colombo", "zone": "Sri Jayawardenapura" }, "geometry": { "type": "Point", "coordinates": [ 79.919714720000059, 6.877081944000054 ] } },
{ "type": "Feature", "properties": { "school_nam": "THALAWATHUGODA PRIME MINISTER'S COLLEGE", "school_lev": "Provincial", "school_typ": "Type 3", "district": "11.Colombo", "zone": "Sri Jayawardenapura" }, "geometry": { "type": "Point", "coordinates": [ 79.940441940000085, 6.866761111000073 ] } },
{ "type": "Feature", "properties": { "school_nam": "RUKMALE M.V.", "school_lev": "Provincial", "school_typ": "Type 2", "district": "11.Colombo", "zone": "Sri Jayawardenapura" }, "geometry": { "type": "Point", "coordinates": [ 79.981687500000078, 6.856860556000072 ] } },
{ "type": "Feature", "properties": { "school_nam": "NUGEGODA MAHAMAYA B.M.V.", "school_lev": "Provincial", "school_typ": "1AB", "district": "11.Colombo", "zone": "Sri Jayawardenapura" }, "geometry": { "type": "Point", "coordinates": [ 79.894568610000078, 6.862496389000057 ] } },
{ "type": "Feature", "properties": { "school_nam": "BAUDDHA VIDYALAYA", "school_lev": "Provincial", "school_typ": "Type 3", "district": "11.Colombo", "zone": "Sri Jayawardenapura" }, "geometry": { "type": "Point", "coordinates": [ 79.937311110000053, 6.848267222000061 ] } },
{ "type": "Feature", "properties": { "school_nam": "DEPANAMA DHARMAPALA K.V.", "school_lev": "Provincial", "school_typ": "Type 3", "district": "11.Colombo", "zone": "Sri Jayawardenapura" }, "geometry": { "type": "Point", "coordinates": [ 79.945425560000047, 6.855242778000047 ] } },
{ "type": "Feature", "properties": { "school_nam": "STANLEY THILAKARATHNE VIDYALAYA", "school_lev": "Provincial", "school_typ": "Type 3", "district": "11.Colombo", "zone": "Sri Jayawardenapura" }, "geometry": { "type": "Point", "coordinates": [ 79.910301670000081, 6.873615 ] } },
{ "type": "Feature", "properties": { "school_nam": "UDAHAMULLA SIDDHARTHA M.V.", "school_lev": "Provincial", "school_typ": "Type 2", "district": "11.Colombo", "zone": "Sri Jayawardenapura" }, "geometry": { "type": "Point", "coordinates": [ 79.91623528000008, 6.867943056000058 ] } },
{ "type": "Feature", "properties": { "school_nam": "WIJAYAGOSHA K.V.", "school_lev": "Provincial", "school_typ": "Type 3", "district": "11.Colombo", "zone": "Sri Jayawardenapura" }, "geometry": { "type": "Point", "coordinates": [ 79.976906110000073, 6.845131944000059 ] } },
{ "type": "Feature", "properties": { "school_nam": "KOTTAWA DHARMAPALA M.V.", "school_lev": "Provincial", "school_typ": "1AB", "district": "11.Colombo", "zone": "Sri Jayawardenapura" }, "geometry": { "type": "Point", "coordinates": [ 79.965293060000079, 6.838140833000068 ] } },
{ "type": "Feature", "properties": { "school_nam": "KOTTAWA NORTH DHARMAPALA M.V.", "school_lev": "Provincial", "school_typ": "1C", "district": "11.Colombo", "zone": "Sri Jayawardenapura" }, "geometry": { "type": "Point", "coordinates": [ 79.958238060000042, 6.865658889000031 ] } },
{ "type": "Feature", "properties": { "school_nam": "PAMUNUWA JUNIOR SCHOOL", "school_lev": "Provincial", "school_typ": "Type 2", "district": "11.Colombo", "zone": "Sri Jayawardenapura" }, "geometry": { "type": "Point", "coordinates": [ 79.930673060000061, 6.86419 ] } },
{ "type": "Feature", "properties": { "school_nam": "MAHARAGAMA DHARMASHOKA K.V.", "school_lev": "Provincial", "school_typ": "Type 3", "district": "11.Colombo", "zone": "Sri Jayawardenapura" }, "geometry": { "type": "Point", "coordinates": [ 79.935301670000058, 6.844622500000071 ] } },
{ "type": "Feature", "properties": { "school_nam": "MAHARAGAMA PRESIDENT'S COLLEGE", "school_lev": "Provincial", "school_typ": "1AB", "district": "11.Colombo", "zone": "Sri Jayawardenapura" }, "geometry": { "type": "Point", "coordinates": [ 79.92943917000008, 6.843802222000022 ] } },
{ "type": "Feature", "properties": { "school_nam": "PILIYANDALA M.M.V.", "school_lev": "National", "school_typ": "1AB", "district": "11.Colombo", "zone": "Piliyandala" }, "geometry": { "type": "Point", "coordinates": [ 79.92071806000007, 6.799946667000029 ] } },
{ "type": "Feature", "properties": { "school_nam": "MAMPE DHARMARAJA M.V.", "school_lev": "Provincial", "school_typ": "1C", "district": "11.Colombo", "zone": "Piliyandala" }, "geometry": { "type": "Point", "coordinates": [ 79.92861, 6.803095556000073 ] } },
{ "type": "Feature", "properties": { "school_nam": "KESBEWA DHARMASENA ATTYGALA B.V", "school_lev": "Provincial", "school_typ": "1AB", "district": "11.Colombo", "zone": "Piliyandala" }, "geometry": { "type": "Point", "coordinates": [ 79.94462806000007, 6.794343333000029 ] } },
{ "type": "Feature", "properties": { "school_nam": "PHILIP ATTYGALLE M.V.", "school_lev": "Provincial", "school_typ": "1C", "district": "11.Colombo", "zone": "Piliyandala" }, "geometry": { "type": "Point", "coordinates": [ 79.930606670000031, 6.763901944000054 ] } },
{ "type": "Feature", "properties": { "school_nam": "BORALASGAMUWA M.V.", "school_lev": "Provincial", "school_typ": "1C", "district": "11.Colombo", "zone": "Piliyandala" }, "geometry": { "type": "Point", "coordinates": [ 79.902165, 6.837686944000041 ] } },
{ "type": "Feature", "properties": { "school_nam": "SUNETHRADEVI M.V.", "school_lev": "Provincial", "school_typ": "Type 2", "district": "11.Colombo", "zone": "Piliyandala" }, "geometry": { "type": "Point", "coordinates": [ 79.891556110000067, 6.853905 ] } },
{ "type": "Feature", "properties": { "school_nam": "VIDYALOKA M.V.", "school_lev": "Provincial", "school_typ": "1C", "district": "11.Colombo", "zone": "Piliyandala" }, "geometry": { "type": "Point", "coordinates": [ 79.934279170000082, 6.830042222000031 ] } },
{ "type": "Feature", "properties": { "school_nam": "BOKUNDARA MAHINDA V.", "school_lev": "Provincial", "school_typ": "Type 2", "district": "11.Colombo", "zone": "Piliyandala" }, "geometry": { "type": "Point", "coordinates": [ 79.91896139000005, 6.820508611000037 ] } },
{ "type": "Feature", "properties": { "school_nam": "DELTHARA JUNIOR C.", "school_lev": "Provincial", "school_typ": "Type 2", "district": "11.Colombo", "zone": "Piliyandala" }, "geometry": { "type": "Point", "coordinates": [ 79.911143890000062, 6.787189444000035 ] } },
{ "type": "Feature", "properties": { "school_nam": "MAKULUDUWA NEW MODEL S.", "school_lev": "Provincial", "school_typ": "Type 2", "district": "11.Colombo", "zone": "Piliyandala" }, "geometry": { "type": "Point", "coordinates": [ 79.937218060000077, 6.813135833000047 ] } },
{ "type": "Feature", "properties": { "school_nam": "ANANDA SAMARAKOON V.", "school_lev": "Provincial", "school_typ": "Type 2", "district": "11.Colombo", "zone": "Piliyandala" }, "geometry": { "type": "Point", "coordinates": [ 79.90902611000007, 6.806716944000073 ] } },
{ "type": "Feature", "properties": { "school_nam": "BATUWANDARA JUNIOR S.", "school_lev": "Provincial", "school_typ": "Type 2", "district": "11.Colombo", "zone": "Piliyandala" }, "geometry": { "type": "Point", "coordinates": [ 79.946998330000042, 6.77003 ] } },
{ "type": "Feature", "properties": { "school_nam": "KAHAPOLA SRI PANNANANDA V.", "school_lev": "Provincial", "school_typ": "Type 2", "district": "11.Colombo", "zone": "Piliyandala" }, "geometry": { "type": "Point", "coordinates": [ 79.931144720000077, 6.755023889000029 ] } },
{ "type": "Feature", "properties": { "school_nam": "DAMPE JUNIOR S.", "school_lev": "Provincial", "school_typ": "Type 3", "district": "11.Colombo", "zone": "Piliyandala" }, "geometry": { "type": "Point", "coordinates": [ 79.920158890000039, 6.767205833000048 ] } },
{ "type": "Feature", "properties": { "school_nam": "MAKANDANA SRI SUDARSHANA MODEL S.", "school_lev": "Provincial", "school_typ": "Type 2", "district": "11.Colombo", "zone": "Piliyandala" }, "geometry": { "type": "Point", "coordinates": [ 79.943428060000031, 6.782900833000042 ] } },
{ "type": "Feature", "properties": { "school_nam": "RATHTHANAPITIYA ANANDA NEW MODEL SCHOOL", "school_lev": "Provincial", "school_typ": "Type 2", "district": "11.Colombo", "zone": "Piliyandala" }, "geometry": { "type": "Point", "coordinates": [ 79.898374440000055, 6.847209722000059 ] } },
{ "type": "Feature", "properties": { "school_nam": "BORALESGAMUWA MODEL NO 01 PRIMARY S.", "school_lev": "Provincial", "school_typ": "Type 3", "district": "11.Colombo", "zone": "Piliyandala" }, "geometry": { "type": "Point", "coordinates": [ 79.905708610000033, 6.831672222000066 ] } },
{ "type": "Feature", "properties": { "school_nam": "ARAWWALA EAST  DHARMAPALA M.V.", "school_lev": "Provincial", "school_typ": "1C", "district": "11.Colombo", "zone": "Piliyandala" }, "geometry": { "type": "Point", "coordinates": [ 79.94618083000006, 6.838231389000043 ] } },
{ "type": "Feature", "properties": { "school_nam": "NO 01 K.V.", "school_lev": "Provincial", "school_typ": "Type 3", "district": "11.Colombo", "zone": "Piliyandala" }, "geometry": { "type": "Point", "coordinates": [ 79.922365, 6.799711111000022 ] } },
{ "type": "Feature", "properties": { "school_nam": "PILIYANDALA SOMAWEERA CHANDRASIRI V", "school_lev": "Provincial", "school_typ": "Type 3", "district": "11.Colombo", "zone": "Piliyandala" }, "geometry": { "type": "Point", "coordinates": [ 79.923144440000044, 6.803453611000066 ] } },
{ "type": "Feature", "properties": { "school_nam": "PILIYANDALA SIR JOHN KOTHALAWALA M.V.", "school_lev": "Provincial", "school_typ": "1C", "district": "11.Colombo", "zone": "Piliyandala" }, "geometry": { "type": "Point", "coordinates": [ 79.925503890000073, 6.796708889000058 ] } },
{ "type": "Feature", "properties": { "school_nam": "MAMPE JUNIOR S.", "school_lev": "Provincial", "school_typ": "Type 3", "district": "11.Colombo", "zone": "Piliyandala" }, "geometry": { "type": "Point", "coordinates": [ 79.927681670000084, 6.79933416700004 ] } },
{ "type": "Feature", "properties": { "school_nam": "HEDIGAMA SRI SUDARSHANA K.V.", "school_lev": "Provincial", "school_typ": "Type 3", "district": "11.Colombo", "zone": "Piliyandala" }, "geometry": { "type": "Point", "coordinates": [ 79.91166306000008, 6.794355 ] } },
{ "type": "Feature", "properties": { "school_nam": "SUNETHRADEVI BALIKA V.", "school_lev": "Provincial", "school_typ": "Type 3", "district": "11.Colombo", "zone": "Piliyandala" }, "geometry": { "type": "Point", "coordinates": [ 79.885941390000085, 6.854120556000055 ] } },
{ "type": "Feature", "properties": { "school_nam": "HERMANN GMEINER SCHOOL", "school_lev": "Provincial", "school_typ": "1AB", "district": "11.Colombo", "zone": "Piliyandala" }, "geometry": { "type": "Point", "coordinates": [ 79.95011278000004, 6.782035278000023 ] } },
{ "type": "Feature", "properties": { "school_nam": "SRI CHANDRARATHNA MANAWASINGHE M.V.", "school_lev": "Provincial", "school_typ": "Type 2", "district": "11.Colombo", "zone": "Sri Jayawardenapura" }, "geometry": { "type": "Point", "coordinates": [ 79.916258610000057, 6.840888889000041 ] } },
{ "type": "Feature", "properties": { "school_nam": "RATMALANA HINDU COLLEGE", "school_lev": "Provincial", "school_typ": "1AB", "district": "11.Colombo", "zone": "Piliyandala" }, "geometry": { "type": "Point", "coordinates": [ 79.890610280000033, 6.814670833000037 ] } },
{ "type": "Feature", "properties": { "school_nam": "PROF.EDIRIWEERA SARACHCHANDRA VIDYALAYA", "school_lev": "Provincial", "school_typ": "Type 2", "district": "11.Colombo", "zone": "Sri Jayawardenapura" }, "geometry": { "type": "Point", "coordinates": [ 79.941757220000056, 6.924430278000045 ] } },
{ "type": "Feature", "properties": { "school_nam": "DEFENCE SERVICES COLLEGE", "school_lev": "National", "school_typ": "1AB", "district": "11.Colombo", "zone": "Colombo" }, "geometry": { "type": "Point", "coordinates": [ 79.850954440000066, 6.926959444000033 ] } },
{ "type": "Feature", "properties": { "school_nam": "BOPE RAJASINGHE PRIMARY SCHOOL", "school_lev": "Provincial", "school_typ": "Type 3", "district": "11.Colombo", "zone": "Homagama" }, "geometry": { "type": "Point", "coordinates": [ 80.138561940000045, 6.828468056000077 ] } },
{ "type": "Feature", "properties": { "school_nam": "HOMAGAMA MAHINDA RAJAPAKSHA COLLEGE", "school_lev": "National", "school_typ": "1AB", "district": "11.Colombo", "zone": "Homagama" }, "geometry": { "type": "Point", "coordinates": [ 80.039283060000059, 6.824270278000029 ] } },
{ "type": "Feature", "properties": { "school_nam": "BUWANEKABA P.V.", "school_lev": "Provincial", "school_typ": "Type 3", "district": "11.Colombo", "zone": "Sri Jayawardenapura" }, "geometry": { "type": "Point", "coordinates": [ 79.922225, 6.851988056000039 ] } },
{ "type": "Feature", "properties": { "school_nam": "PUWAKPITIYA PRIMARY TAMIL V.", "school_lev": "Provincial", "school_typ": "Type 3", "district": "11.Colombo", "zone": "Homagama" }, "geometry": { "type": "Point", "coordinates": [ 80.198395, 6.941483056000038 ] } },
{ "type": "Feature", "properties": { "school_nam": "ROYAL P.V.", "school_lev": "Provincial", "school_typ": "Type 3", "district": "11.Colombo", "zone": "Piliyandala" }, "geometry": { "type": "Point", "coordinates": [ 79.874863890000086, 6.852956944000027 ] } },
{ "type": "Feature", "properties": { "school_nam": "BORALESGAMUMA MODEL PRIMARY SCHOOL", "school_lev": "Provincial", "school_typ": "Type 3", "district": "11.Colombo", "zone": "Piliyandala" }, "geometry": { "type": "Point", "coordinates": [ 79.900916110000082, 6.838603889000069 ] } },
{ "type": "Feature", "properties": { "school_nam": "SUNEETHA VIDYALAYA", "school_lev": "National", "school_typ": "Type 2", "district": "11.Colombo", "zone": "Homagama" }, "geometry": { "type": "Point", "coordinates": [ 80.065056110000057, 6.858898056000044 ] } },
{ "type": "Feature", "properties": { "school_nam": "MODARA ANANDA P.V.", "school_lev": "Provincial", "school_typ": "Type 3", "district": "11.Colombo", "zone": "Colombo" }, "geometry": { "type": "Point", "coordinates": [ 79.871793890000049, 6.965815 ] } },
{ "type": "Feature", "properties": { "school_nam": "WATTALA ST. ANTHONY'S M.V.", "school_lev": "National", "school_typ": "1AB", "district": "12.Gampaha", "zone": "Kelaniya" }, "geometry": { "type": "Point", "coordinates": [ 79.891240280000034, 6.984253889000058 ] } },
{ "type": "Feature", "properties": { "school_nam": "WATTALA ST. ANNES B.M.V.", "school_lev": "Provincial", "school_typ": "1AB", "district": "12.Gampaha", "zone": "Kelaniya" }, "geometry": { "type": "Point", "coordinates": [ 79.891656390000037, 6.980775 ] } },
{ "type": "Feature", "properties": { "school_nam": "PAMUNUGAMA M.V.", "school_lev": "Provincial", "school_typ": "1C", "district": "12.Gampaha", "zone": "Negombo" }, "geometry": { "type": "Point", "coordinates": [ 79.857051390000038, 7.07280638900005 ] } },
{ "type": "Feature", "properties": { "school_nam": "MATHTHUMAGALA KARUNARATHNA BUDDHIST M.V.", "school_lev": "Provincial", "school_typ": "1AB", "district": "12.Gampaha", "zone": "Kelaniya" }, "geometry": { "type": "Point", "coordinates": [ 79.89693611000007, 7.015275833000032 ] } },
{ "type": "Feature", "properties": { "school_nam": "GONSALVEZ M.V.", "school_lev": "Provincial", "school_typ": "1C", "district": "12.Gampaha", "zone": "Negombo" }, "geometry": { "type": "Point", "coordinates": [ 79.848327220000044, 7.089647222000053 ] } },
{ "type": "Feature", "properties": { "school_nam": "WATTALA GOOD SHEPERED B.M.V.", "school_lev": "Provincial", "school_typ": "1AB", "district": "12.Gampaha", "zone": "Kelaniya" }, "geometry": { "type": "Point", "coordinates": [ 79.881398610000076, 6.993675833000054 ] } },
{ "type": "Feature", "properties": { "school_nam": "KERAWALAPITIYA VIDYALOKA M.V.", "school_lev": "Provincial", "school_typ": "Type 2", "district": "12.Gampaha", "zone": "Kelaniya" }, "geometry": { "type": "Point", "coordinates": [ 79.884611390000032, 7.005426667000052 ] } },
{ "type": "Feature", "properties": { "school_nam": "USWETAKEIYAWA ST. MARY'S M.V.", "school_lev": "Provincial", "school_typ": "1C", "district": "12.Gampaha", "zone": "Negombo" }, "geometry": { "type": "Point", "coordinates": [ 79.857937500000048, 7.042083611000066 ] } },
{ "type": "Feature", "properties": { "school_nam": "HEENKENDA M.V.", "school_lev": "Provincial", "school_typ": "1C", "district": "12.Gampaha", "zone": "Kelaniya" }, "geometry": { "type": "Point", "coordinates": [ 79.926103060000059, 7.01241 ] } },
{ "type": "Feature", "properties": { "school_nam": "NAYAKAKANDA ARCHBISHOPS M.V.", "school_lev": "Provincial", "school_typ": "1C", "district": "12.Gampaha", "zone": "Kelaniya" }, "geometry": { "type": "Point", "coordinates": [ 79.879996110000036, 6.999754722000034 ] } },
{ "type": "Feature", "properties": { "school_nam": "THELAGAPATHA SRI RATHANAPALA M.V.", "school_lev": "Provincial", "school_typ": "Type 2", "district": "12.Gampaha", "zone": "Kelaniya" }, "geometry": { "type": "Point", "coordinates": [ 79.887932220000039, 6.975099444000023 ] } },
{ "type": "Feature", "properties": { "school_nam": "ELPITIWALA CHANDRAWANSHA J.S.", "school_lev": "Provincial", "school_typ": "Type 2", "district": "12.Gampaha", "zone": "Kelaniya" }, "geometry": { "type": "Point", "coordinates": [ 79.906625560000066, 7.021981667000034 ] } },
{ "type": "Feature", "properties": { "school_nam": "ST. MARY'S COLLEGE", "school_lev": "Provincial", "school_typ": "Type 2", "district": "12.Gampaha", "zone": "Kelaniya" }, "geometry": { "type": "Point", "coordinates": [ 79.896671670000046, 6.997691944000053 ] } },
{ "type": "Feature", "properties": { "school_nam": "WELIKADAMULLA SRI SIDDHARTHA K.V.", "school_lev": "Provincial", "school_typ": "Type 2", "district": "12.Gampaha", "zone": "Kelaniya" }, "geometry": { "type": "Point", "coordinates": [ 79.899218060000067, 6.995692222000059 ] } },
{ "type": "Feature", "properties": { "school_nam": "DIKOVITA SHATHRALOKA V.", "school_lev": "Provincial", "school_typ": "Type 2", "district": "12.Gampaha", "zone": "Kelaniya" }, "geometry": { "type": "Point", "coordinates": [ 79.862343330000044, 7.027674722000029 ] } },
{ "type": "Feature", "properties": { "school_nam": "ST. LAZARAS P.V.", "school_lev": "Provincial", "school_typ": "Type 3", "district": "12.Gampaha", "zone": "Kelaniya" }, "geometry": { "type": "Point", "coordinates": [ 79.929389720000074, 7.015933333000021 ] } },
{ "type": "Feature", "properties": { "school_nam": "DELATHURA J.S.V.", "school_lev": "Provincial", "school_typ": "Type 2", "district": "12.Gampaha", "zone": "Negombo" }, "geometry": { "type": "Point", "coordinates": [ 79.868537500000059, 7.085238333000063 ] } },
{ "type": "Feature", "properties": { "school_nam": "NAYAKAKANDA BALIKA P.V.", "school_lev": "Provincial", "school_typ": "Type 3", "district": "12.Gampaha", "zone": "Kelaniya" }, "geometry": { "type": "Point", "coordinates": [ 79.881052220000072, 6.997524167000051 ] } },
{ "type": "Feature", "properties": { "school_nam": "MATHTHUMAGALA ROMAN CATHOLIC P.V.", "school_lev": "Provincial", "school_typ": "Type 2", "district": "12.Gampaha", "zone": "Kelaniya" }, "geometry": { "type": "Point", "coordinates": [ 79.896985, 7.017890556000054 ] } },
{ "type": "Feature", "properties": { "school_nam": "ST. JOSEPH P.V.", "school_lev": "Provincial", "school_typ": "Type 3", "district": "12.Gampaha", "zone": "Kelaniya" }, "geometry": { "type": "Point", "coordinates": [ 79.884848890000058, 7.01029333300005 ] } },
{ "type": "Feature", "properties": { "school_nam": "KRISTHURAJA MAHA VIDYALAYA", "school_lev": "Provincial", "school_typ": "1C", "district": "12.Gampaha", "zone": "Kelaniya" }, "geometry": { "type": "Point", "coordinates": [ 79.873250830000075, 6.982130278000056 ] } },
{ "type": "Feature", "properties": { "school_nam": "PASYALA M.V", "school_lev": "Provincial", "school_typ": "1AB", "district": "12.Gampaha", "zone": "Minuwangoda" }, "geometry": { "type": "Point", "coordinates": [ 80.121134170000062, 7.166383889000031 ] } },
{ "type": "Feature", "properties": { "school_nam": "MIRIGAMA D.S.SENANAYAKA NATIONAL SCHOOL", "school_lev": "National", "school_typ": "1AB", "district": "12.Gampaha", "zone": "Minuwangoda" }, "geometry": { "type": "Point", "coordinates": [ 80.122265, 7.240535833000024 ] } },
{ "type": "Feature", "properties": { "school_nam": "KANDANGAMUWA M.V.", "school_lev": "Provincial", "school_typ": "1C", "district": "12.Gampaha", "zone": "Minuwangoda" }, "geometry": { "type": "Point", "coordinates": [ 80.133214170000031, 7.276458056000024 ] } },
{ "type": "Feature", "properties": { "school_nam": "KEENADENIYA M.V.", "school_lev": "Provincial", "school_typ": "1C", "district": "12.Gampaha", "zone": "Minuwangoda" }, "geometry": { "type": "Point", "coordinates": [ 80.17204694000003, 7.252305833000037 ] } },
{ "type": "Feature", "properties": { "school_nam": "DANOWITA SRI SIDDHARTHA M.V.", "school_lev": "Provincial", "school_typ": "1C", "district": "12.Gampaha", "zone": "Minuwangoda" }, "geometry": { "type": "Point", "coordinates": [ 80.175198890000047, 7.204941389000055 ] } },
{ "type": "Feature", "properties": { "school_nam": "PALLEWELA M.V.", "school_lev": "Provincial", "school_typ": "1C", "district": "12.Gampaha", "zone": "Minuwangoda" }, "geometry": { "type": "Point", "coordinates": [ 80.094522220000044, 7.197240556000054 ] } },
{ "type": "Feature", "properties": { "school_nam": "HAPITIGAMA M.V.", "school_lev": "Provincial", "school_typ": "Type 2", "district": "12.Gampaha", "zone": "Minuwangoda" }, "geometry": { "type": "Point", "coordinates": [ 80.11610778000005, 7.197703333000049 ] } },
{ "type": "Feature", "properties": { "school_nam": "MIRIGAMA BANDARANAYAKA M.V", "school_lev": "Provincial", "school_typ": "1C", "district": "12.Gampaha", "zone": "Minuwangoda" }, "geometry": { "type": "Point", "coordinates": [ 80.124144170000079, 7.238310278000029 ] } },
{ "type": "Feature", "properties": { "school_nam": "WEWELDENIYA M.V.", "school_lev": "Provincial", "school_typ": "Type 2", "district": "12.Gampaha", "zone": "Minuwangoda" }, "geometry": { "type": "Point", "coordinates": [ 80.144557780000071, 7.202506667000023 ] } },
{ "type": "Feature", "properties": { "school_nam": "KUMBALOLUWA M.V", "school_lev": "Provincial", "school_typ": "Type 2", "district": "12.Gampaha", "zone": "Minuwangoda" }, "geometry": { "type": "Point", "coordinates": [ 80.079900830000042, 7.173455556000022 ] } },
{ "type": "Feature", "properties": { "school_nam": "GANEGODA RAJASINGHE M.V.", "school_lev": "Provincial", "school_typ": "Type 2", "district": "12.Gampaha", "zone": "Minuwangoda" }, "geometry": { "type": "Point", "coordinates": [ 80.097425560000033, 7.211868889000073 ] } },
{ "type": "Feature", "properties": { "school_nam": "DELWALA SIR OLCOTT M.V.", "school_lev": "Provincial", "school_typ": "Type 2", "district": "12.Gampaha", "zone": "Minuwangoda" }, "geometry": { "type": "Point", "coordinates": [ 80.115357780000068, 7.291547778000051 ] } },
{ "type": "Feature", "properties": { "school_nam": "BORUKGAMUWA P.V.", "school_lev": "Provincial", "school_typ": "Type 3", "district": "12.Gampaha", "zone": "Minuwangoda" }, "geometry": { "type": "Point", "coordinates": [ 80.073171110000033, 7.192476111000076 ] } },
{ "type": "Feature", "properties": { "school_nam": "SIRI VIDYAKEERTHI K.V.", "school_lev": "Provincial", "school_typ": "Type 2", "district": "12.Gampaha", "zone": "Minuwangoda" }, "geometry": { "type": "Point", "coordinates": [ 80.109161110000059, 7.194446111000047 ] } },
{ "type": "Feature", "properties": { "school_nam": "KAHANDAWA P.V.", "school_lev": "Provincial", "school_typ": "Type 3", "district": "12.Gampaha", "zone": "Minuwangoda" }, "geometry": { "type": "Point", "coordinates": [ 80.116635280000082, 7.271769722000045 ] } },
{ "type": "Feature", "properties": { "school_nam": "MIRIGAMA DUDLEY SENANAYAKE M.V.", "school_lev": "Provincial", "school_typ": "1C", "district": "12.Gampaha", "zone": "Minuwangoda" }, "geometry": { "type": "Point", "coordinates": [ 80.126987220000046, 7.245071389000032 ] } },
{ "type": "Feature", "properties": { "school_nam": "GASPE P.V.", "school_lev": "Provincial", "school_typ": "Type 3", "district": "12.Gampaha", "zone": "Minuwangoda" }, "geometry": { "type": "Point", "coordinates": [ 80.073239170000079, 7.217194167000059 ] } },
{ "type": "Feature", "properties": { "school_nam": "GIRIULLA MAHINDA P.V.", "school_lev": "Provincial", "school_typ": "Type 3", "district": "12.Gampaha", "zone": "Minuwangoda" }, "geometry": { "type": "Point", "coordinates": [ 80.122021110000048, 7.322212778000051 ] } },
{ "type": "Feature", "properties": { "school_nam": "THAWALAMPITIYA M.V.", "school_lev": "Provincial", "school_typ": "Type 2", "district": "12.Gampaha", "zone": "Minuwangoda" }, "geometry": { "type": "Point", "coordinates": [ 80.144250560000046, 7.249714444000062 ] } },
{ "type": "Feature", "properties": { "school_nam": "DUMUNNEGEDARA K.V.", "school_lev": "Provincial", "school_typ": "Type 2", "district": "12.Gampaha", "zone": "Minuwangoda" }, "geometry": { "type": "Point", "coordinates": [ 80.104068060000031, 7.173377500000072 ] } },
{ "type": "Feature", "properties": { "school_nam": "DEBAHARA K.V.", "school_lev": "Provincial", "school_typ": "Type 2", "district": "12.Gampaha", "zone": "Minuwangoda" }, "geometry": { "type": "Point", "coordinates": [ 80.150894440000059, 7.152150278000022 ] } },
{ "type": "Feature", "properties": { "school_nam": "BALATHAWA K.V.", "school_lev": "Provincial", "school_typ": "Type 2", "district": "12.Gampaha", "zone": "Minuwangoda" }, "geometry": { "type": "Point", "coordinates": [ 80.184650830000066, 7.244333056000073 ] } },
{ "type": "Feature", "properties": { "school_nam": "BOKALAGAMA P.V.", "school_lev": "Provincial", "school_typ": "Type 3", "district": "12.Gampaha", "zone": "Minuwangoda" }, "geometry": { "type": "Point", "coordinates": [ 80.086153610000054, 7.220462500000053 ] } },
{ "type": "Feature", "properties": { "school_nam": "BOTHALE K.V.", "school_lev": "Provincial", "school_typ": "Type 2", "district": "12.Gampaha", "zone": "Minuwangoda" }, "geometry": { "type": "Point", "coordinates": [ 80.16245833000005, 7.234544444000051 ] } },
{ "type": "Feature", "properties": { "school_nam": "MADURUPITIYA P.V.", "school_lev": "Provincial", "school_typ": "Type 3", "district": "12.Gampaha", "zone": "Minuwangoda" }, "geometry": { "type": "Point", "coordinates": [ 80.149480280000034, 7.290493333000029 ] } },
{ "type": "Feature", "properties": { "school_nam": "MEEVITIYA P.V.", "school_lev": "Provincial", "school_typ": "Type 3", "district": "12.Gampaha", "zone": "Minuwangoda" }, "geometry": { "type": "Point", "coordinates": [ 80.135926390000066, 7.149553611000044 ] } },
{ "type": "Feature", "properties": { "school_nam": "WADURAWA K.V.", "school_lev": "Provincial", "school_typ": "Type 2", "district": "12.Gampaha", "zone": "Minuwangoda" }, "geometry": { "type": "Point", "coordinates": [ 80.06323972000007, 7.175971667000056 ] } },
{ "type": "Feature", "properties": { "school_nam": "WEERASURIYAKANDA K.V.", "school_lev": "Provincial", "school_typ": "Type 2", "district": "12.Gampaha", "zone": "Minuwangoda" }, "geometry": { "type": "Point", "coordinates": [ 80.147784720000061, 7.172031667000056 ] } },
{ "type": "Feature", "properties": { "school_nam": "HALUGAMA BUDDHIST K.V.", "school_lev": "Provincial", "school_typ": "Type 2", "district": "12.Gampaha", "zone": "Minuwangoda" }, "geometry": { "type": "Point", "coordinates": [ 80.140596110000047, 7.22901138900005 ] } },
{ "type": "Feature", "properties": { "school_nam": "SRI DEVARAKSHITHA MODLE P.V.", "school_lev": "Provincial", "school_typ": "Type 3", "district": "12.Gampaha", "zone": "Minuwangoda" }, "geometry": { "type": "Point", "coordinates": [ 80.081372500000043, 7.199943056000052 ] } },
{ "type": "Feature", "properties": { "school_nam": "BATALEEYA K.V.", "school_lev": "Provincial", "school_typ": "Type 2", "district": "12.Gampaha", "zone": "Minuwangoda" }, "geometry": { "type": "Point", "coordinates": [ 80.127576390000058, 7.187856111000031 ] } },
{ "type": "Feature", "properties": { "school_nam": "SIRI DHAMMANANDA P.V.", "school_lev": "Provincial", "school_typ": "Type 3", "district": "12.Gampaha", "zone": "Minuwangoda" }, "geometry": { "type": "Point", "coordinates": [ 80.100133330000062, 7.223980556000072 ] } },
{ "type": "Feature", "properties": { "school_nam": "MALIGATHANNA K.V.", "school_lev": "Provincial", "school_typ": "Type 2", "district": "12.Gampaha", "zone": "Minuwangoda" }, "geometry": { "type": "Point", "coordinates": [ 80.055208890000074, 7.180086944000038 ] } },
{ "type": "Feature", "properties": { "school_nam": "D.D.SENANAYAKA PRIMARY SCHOOL", "school_lev": "Provincial", "school_typ": "Type 3", "district": "12.Gampaha", "zone": "Minuwangoda" }, "geometry": { "type": "Point", "coordinates": [ 80.057882500000062, 7.208885278000025 ] } },
{ "type": "Feature", "properties": { "school_nam": "SIRI MIHINDU M.V.", "school_lev": "Provincial", "school_typ": "1C", "district": "12.Gampaha", "zone": "Minuwangoda" }, "geometry": { "type": "Point", "coordinates": [ 80.142110830000036, 7.179885556000045 ] } },
{ "type": "Feature", "properties": { "school_nam": "LOLUWAGODA K.V.", "school_lev": "Provincial", "school_typ": "Type 2", "district": "12.Gampaha", "zone": "Minuwangoda" }, "geometry": { "type": "Point", "coordinates": [ 80.130838610000069, 7.303774722000071 ] } },
{ "type": "Feature", "properties": { "school_nam": "HANDURUMULLA K.V.", "school_lev": "Provincial", "school_typ": "Type 2", "district": "12.Gampaha", "zone": "Minuwangoda" }, "geometry": { "type": "Point", "coordinates": [ 80.117313890000048, 7.217738889000032 ] } },
{ "type": "Feature", "properties": { "school_nam": "HENEPOLA K.V.", "school_lev": "Provincial", "school_typ": "Type 2", "district": "12.Gampaha", "zone": "Minuwangoda" }, "geometry": { "type": "Point", "coordinates": [ 80.137666670000044, 7.216610833000061 ] } },
{ "type": "Feature", "properties": { "school_nam": "KUREEKOTUWA K.V.", "school_lev": "Provincial", "school_typ": "1C", "district": "12.Gampaha", "zone": "Minuwangoda" }, "geometry": { "type": "Point", "coordinates": [ 80.051151940000068, 7.169422222000037 ] } },
{ "type": "Feature", "properties": { "school_nam": "THILINAGAMA KANNANGARA P.V.", "school_lev": "Provincial", "school_typ": "Type 3", "district": "12.Gampaha", "zone": "Minuwangoda" }, "geometry": { "type": "Point", "coordinates": [ 80.115841390000071, 7.237695278000047 ] } },
{ "type": "Feature", "properties": { "school_nam": "ELLALAMULLA P.V.", "school_lev": "Provincial", "school_typ": "Type 3", "district": "12.Gampaha", "zone": "Minuwangoda" }, "geometry": { "type": "Point", "coordinates": [ 80.126290280000035, 7.15715472200003 ] } },
{ "type": "Feature", "properties": { "school_nam": "KANDANGAMUWA P.V.", "school_lev": "Provincial", "school_typ": "Type 3", "district": "12.Gampaha", "zone": "Minuwangoda" }, "geometry": { "type": "Point", "coordinates": [ 80.13345, 7.274253333000047 ] } },
{ "type": "Feature", "properties": { "school_nam": "KAPPETIWALANA SIRI SUGATHORASA P.V.", "school_lev": "Provincial", "school_typ": "Type 3", "district": "12.Gampaha", "zone": "Minuwangoda" }, "geometry": { "type": "Point", "coordinates": [ 80.059002780000071, 7.216680278000069 ] } },
{ "type": "Feature", "properties": { "school_nam": "KEENADENIYA P.V.", "school_lev": "Provincial", "school_typ": "Type 3", "district": "12.Gampaha", "zone": "Minuwangoda" }, "geometry": { "type": "Point", "coordinates": [ 80.172861940000075, 7.252786667000066 ] } },
{ "type": "Feature", "properties": { "school_nam": "PASYALA P.V.", "school_lev": "Provincial", "school_typ": "Type 3", "district": "12.Gampaha", "zone": "Minuwangoda" }, "geometry": { "type": "Point", "coordinates": [ 80.121821110000042, 7.166855278000071 ] } },
{ "type": "Feature", "properties": { "school_nam": "MADABAWITA P.V.", "school_lev": "Provincial", "school_typ": "Type 3", "district": "12.Gampaha", "zone": "Minuwangoda" }, "geometry": { "type": "Point", "coordinates": [ 80.167421390000072, 7.215952222000055 ] } },
{ "type": "Feature", "properties": { "school_nam": "HALUGAMA DHARMAPALA P.V.", "school_lev": "Provincial", "school_typ": "Type 3", "district": "12.Gampaha", "zone": "Minuwangoda" }, "geometry": { "type": "Point", "coordinates": [ 80.136779170000068, 7.236667222000051 ] } },
{ "type": "Feature", "properties": { "school_nam": "WEWALDENIYA P.V.", "school_lev": "Provincial", "school_typ": "Type 3", "district": "12.Gampaha", "zone": "Minuwangoda" }, "geometry": { "type": "Point", "coordinates": [ 80.153011670000069, 7.199917500000026 ] } },
{ "type": "Feature", "properties": { "school_nam": "VEYANGODA BANDARANAYAKE CENTRAL COLLEGE", "school_lev": "National", "school_typ": "1AB", "district": "12.Gampaha", "zone": "Gampaha" }, "geometry": { "type": "Point", "coordinates": [ 80.061790280000082, 7.163734722000072 ] } },
{ "type": "Feature", "properties": { "school_nam": "NITTAMBUWA SANGABODHI M.M.V.", "school_lev": "National", "school_typ": "1AB", "district": "12.Gampaha", "zone": "Gampaha" }, "geometry": { "type": "Point", "coordinates": [ 80.080237500000067, 7.132656111000074 ] } },
{ "type": "Feature", "properties": { "school_nam": "ALAWALA M.V.", "school_lev": "Provincial", "school_typ": "1C", "district": "12.Gampaha", "zone": "Gampaha" }, "geometry": { "type": "Point", "coordinates": [ 80.186988890000066, 7.119715278000058 ] } },
{ "type": "Feature", "properties": { "school_nam": "URAPOLA M.M.V.", "school_lev": "Provincial", "school_typ": "1AB", "district": "12.Gampaha", "zone": "Gampaha" }, "geometry": { "type": "Point", "coordinates": [ 80.143221390000065, 7.097991667000031 ] } },
{ "type": "Feature", "properties": { "school_nam": "ELLAKKALA M.V.", "school_lev": "Provincial", "school_typ": "1C", "district": "12.Gampaha", "zone": "Gampaha" }, "geometry": { "type": "Point", "coordinates": [ 80.135016390000033, 7.132230278000065 ] } },
{ "type": "Feature", "properties": { "school_nam": "KALAGEDIHENA DHARMASHOKA M.V.", "school_lev": "Provincial", "school_typ": "1C", "district": "12.Gampaha", "zone": "Gampaha" }, "geometry": { "type": "Point", "coordinates": [ 80.061560830000076, 7.120239444000049 ] } },
{ "type": "Feature", "properties": { "school_nam": "PANNILA SRI ANANDA NAHIMI M.V.", "school_lev": "Provincial", "school_typ": "1C", "district": "12.Gampaha", "zone": "Gampaha" }, "geometry": { "type": "Point", "coordinates": [ 80.11285139000006, 7.106480833000035 ] } },
{ "type": "Feature", "properties": { "school_nam": "KITHTHAMMAHARA M.V.", "school_lev": "Provincial", "school_typ": "Type 2", "district": "12.Gampaha", "zone": "Gampaha" }, "geometry": { "type": "Point", "coordinates": [ 80.088472220000085, 7.113839722000023 ] } },
{ "type": "Feature", "properties": { "school_nam": "KURUWAMULLA M.V.", "school_lev": "Provincial", "school_typ": "1C", "district": "12.Gampaha", "zone": "Gampaha" }, "geometry": { "type": "Point", "coordinates": [ 80.106551110000055, 7.073388611000041 ] } },
{ "type": "Feature", "properties": { "school_nam": "NITTAMBUWA BAUDDHA M.V.", "school_lev": "Provincial", "school_typ": "1C", "district": "12.Gampaha", "zone": "Gampaha" }, "geometry": { "type": "Point", "coordinates": [ 80.097099720000074, 7.147817222000072 ] } },
{ "type": "Feature", "properties": { "school_nam": "PITIYEGEDARA M.V.", "school_lev": "Provincial", "school_typ": "Type 2", "district": "12.Gampaha", "zone": "Gampaha" }, "geometry": { "type": "Point", "coordinates": [ 80.022416670000041, 7.119051389000049 ] } },
{ "type": "Feature", "properties": { "school_nam": "VEYANGODA JANADIPATHI M.V.", "school_lev": "Provincial", "school_typ": "1AB", "district": "12.Gampaha", "zone": "Gampaha" }, "geometry": { "type": "Point", "coordinates": [ 80.054750560000059, 7.153383333000022 ] } },
{ "type": "Feature", "properties": { "school_nam": "VEYANGODA ST. MARY'S M.V.", "school_lev": "Provincial", "school_typ": "1AB", "district": "12.Gampaha", "zone": "Gampaha" }, "geometry": { "type": "Point", "coordinates": [ 80.067573330000073, 7.151492500000074 ] } },
{ "type": "Feature", "properties": { "school_nam": "MAGALEGODA P.V.", "school_lev": "Provincial", "school_typ": "Type 3", "district": "12.Gampaha", "zone": "Gampaha" }, "geometry": { "type": "Point", "coordinates": [ 80.033631110000044, 7.139154444000042 ] } },
{ "type": "Feature", "properties": { "school_nam": "SIR BARON JAYATHILAKA K.V.", "school_lev": "Provincial", "school_typ": "Type 2", "district": "12.Gampaha", "zone": "Gampaha" }, "geometry": { "type": "Point", "coordinates": [ 80.07446, 7.084175278000032 ] } },
{ "type": "Feature", "properties": { "school_nam": "UDUGHAWALPOLA EKABADDHA K.V.", "school_lev": "Provincial", "school_typ": "Type 2", "district": "12.Gampaha", "zone": "Gampaha" }, "geometry": { "type": "Point", "coordinates": [ 80.117287780000083, 7.116983333000064 ] } },
{ "type": "Feature", "properties": { "school_nam": "UDAMMITA SRI INDASARA P.V.", "school_lev": "Provincial", "school_typ": "Type 3", "district": "12.Gampaha", "zone": "Gampaha" }, "geometry": { "type": "Point", "coordinates": [ 80.08120222000008, 7.15245694400005 ] } },
{ "type": "Feature", "properties": { "school_nam": "ELUWAPITIYA K.V.", "school_lev": "Provincial", "school_typ": "Type 2", "district": "12.Gampaha", "zone": "Gampaha" }, "geometry": { "type": "Point", "coordinates": [ 80.040205560000061, 7.162200833000043 ] } },
{ "type": "Feature", "properties": { "school_nam": "OGODAPOLA P.V.", "school_lev": "Provincial", "school_typ": "Type 3", "district": "12.Gampaha", "zone": "Gampaha" }, "geometry": { "type": "Point", "coordinates": [ 80.09589722000004, 7.09503 ] } },
{ "type": "Feature", "properties": { "school_nam": "KURAWALANA K.V.", "school_lev": "Provincial", "school_typ": "Type 3", "district": "12.Gampaha", "zone": "Gampaha" }, "geometry": { "type": "Point", "coordinates": [ 80.114198890000068, 7.084031111000058 ] } },
{ "type": "Feature", "properties": { "school_nam": "SRI NISSANKA K.V.", "school_lev": "Provincial", "school_typ": "Type 2", "district": "12.Gampaha", "zone": "Gampaha" }, "geometry": { "type": "Point", "coordinates": [ 80.045788060000064, 7.078818889000047 ] } },
{ "type": "Feature", "properties": { "school_nam": "GODAGAMA P.V.", "school_lev": "Provincial", "school_typ": "Type 3", "district": "12.Gampaha", "zone": "Gampaha" }, "geometry": { "type": "Point", "coordinates": [ 80.149187220000044, 7.130006944000058 ] } },
{ "type": "Feature", "properties": { "school_nam": "THIHARIYA MAYURAPADA K.V.", "school_lev": "Provincial", "school_typ": "Type 2", "district": "12.Gampaha", "zone": "Gampaha" }, "geometry": { "type": "Point", "coordinates": [ 80.068753610000044, 7.118794722000075 ] } },
{ "type": "Feature", "properties": { "school_nam": "DADAGAMUWA K.V.", "school_lev": "Provincial", "school_typ": "Type 3", "district": "12.Gampaha", "zone": "Gampaha" }, "geometry": { "type": "Point", "coordinates": [ 80.058423060000052, 7.136074167000061 ] } },
{ "type": "Feature", "properties": { "school_nam": "NIKAHETIKANDA K.V.", "school_lev": "Provincial", "school_typ": "Type 2", "district": "12.Gampaha", "zone": "Gampaha" }, "geometry": { "type": "Point", "coordinates": [ 80.173200560000055, 7.104077500000074 ] } },
{ "type": "Feature", "properties": { "school_nam": "THALGASMOTE P.V.", "school_lev": "Provincial", "school_typ": "Type 3", "district": "12.Gampaha", "zone": "Gampaha" }, "geometry": { "type": "Point", "coordinates": [ 80.065688890000047, 7.157485278000024 ] } },
{ "type": "Feature", "properties": { "school_nam": "BOPAGAMA K.V.", "school_lev": "Provincial", "school_typ": "Type 2", "district": "12.Gampaha", "zone": "Gampaha" }, "geometry": { "type": "Point", "coordinates": [ 80.154656110000076, 7.073248611000054 ] } },
{ "type": "Feature", "properties": { "school_nam": "MATHALANA K.V.", "school_lev": "Provincial", "school_typ": "Type 2", "district": "12.Gampaha", "zone": "Gampaha" }, "geometry": { "type": "Point", "coordinates": [ 80.097446670000068, 7.11474944400004 ] } },
{ "type": "Feature", "properties": { "school_nam": "YATIYANA K.V.", "school_lev": "Provincial", "school_typ": "Type 2", "district": "12.Gampaha", "zone": "Gampaha" }, "geometry": { "type": "Point", "coordinates": [ 80.094637220000038, 7.126192222000043 ] } },
{ "type": "Feature", "properties": { "school_nam": "RATHAMBALE K.V.", "school_lev": "Provincial", "school_typ": "Type 3", "district": "12.Gampaha", "zone": "Gampaha" }, "geometry": { "type": "Point", "coordinates": [ 80.140045, 7.071465833000047 ] } },
{ "type": "Feature", "properties": { "school_nam": "SRI WALAGAMBA P.V.", "school_lev": "Provincial", "school_typ": "Type 3", "district": "12.Gampaha", "zone": "Gampaha" }, "geometry": { "type": "Point", "coordinates": [ 80.043774170000063, 7.118807222000044 ] } },
{ "type": "Feature", "properties": { "school_nam": "WELIKADAMULLA K.V.", "school_lev": "Provincial", "school_typ": "Type 2", "district": "12.Gampaha", "zone": "Gampaha" }, "geometry": { "type": "Point", "coordinates": [ 80.155968610000059, 7.11782 ] } },
{ "type": "Feature", "properties": { "school_nam": "WEERANGULA K.V.", "school_lev": "Provincial", "school_typ": "Type 2", "district": "12.Gampaha", "zone": "Gampaha" }, "geometry": { "type": "Point", "coordinates": [ 80.066310560000034, 7.097249722000072 ] } },
{ "type": "Feature", "properties": { "school_nam": "NITTABUWA ROMAN CATHOLIC K.V.", "school_lev": "Provincial", "school_typ": "Type 2", "district": "12.Gampaha", "zone": "Gampaha" }, "geometry": { "type": "Point", "coordinates": [ 80.093011940000054, 7.144172222000066 ] } },
{ "type": "Feature", "properties": { "school_nam": "SRI PAGNGNGNATHISSA K.V.", "school_lev": "Provincial", "school_typ": "Type 2", "district": "12.Gampaha", "zone": "Gampaha" }, "geometry": { "type": "Point", "coordinates": [ 80.138305830000036, 7.115772222000032 ] } },
{ "type": "Feature", "properties": { "school_nam": "VIDYALOKA M.V.", "school_lev": "Provincial", "school_typ": "1C", "district": "12.Gampaha", "zone": "Gampaha" }, "geometry": { "type": "Point", "coordinates": [ 80.071997780000061, 7.138769722000063 ] } },
{ "type": "Feature", "properties": { "school_nam": "URAPOLA P.V.", "school_lev": "Provincial", "school_typ": "Type 3", "district": "12.Gampaha", "zone": "Gampaha" }, "geometry": { "type": "Point", "coordinates": [ 80.143941670000061, 7.095878611000046 ] } },
{ "type": "Feature", "properties": { "school_nam": "ASHOKA P.V.", "school_lev": "Provincial", "school_typ": "Type 3", "district": "12.Gampaha", "zone": "Gampaha" }, "geometry": { "type": "Point", "coordinates": [ 80.056828890000077, 7.11748805600007 ] } },
{ "type": "Feature", "properties": { "school_nam": "GORAKADENIYA P.V.", "school_lev": "Provincial", "school_typ": "Type 3", "district": "12.Gampaha", "zone": "Gampaha" }, "geometry": { "type": "Point", "coordinates": [ 80.087345560000074, 7.094335556000033 ] } },
{ "type": "Feature", "properties": { "school_nam": "PITIYEGEDARA P.V.", "school_lev": "Provincial", "school_typ": "Type 3", "district": "12.Gampaha", "zone": "Gampaha" }, "geometry": { "type": "Point", "coordinates": [ 80.023839440000074, 7.122490833000029 ] } },
{ "type": "Feature", "properties": { "school_nam": "YATAWAKA P.V.", "school_lev": "Provincial", "school_typ": "Type 3", "district": "12.Gampaha", "zone": "Gampaha" }, "geometry": { "type": "Point", "coordinates": [ 80.165029440000069, 7.088920556000062 ] } },
{ "type": "Feature", "properties": { "school_nam": "VEYANGODA P.V.", "school_lev": "Provincial", "school_typ": "Type 3", "district": "12.Gampaha", "zone": "Gampaha" }, "geometry": { "type": "Point", "coordinates": [ 80.053497500000049, 7.156819722000023 ] } },
{ "type": "Feature", "properties": { "school_nam": "HIRIRPITIYA P.V.", "school_lev": "Provincial", "school_typ": "Type 3", "district": "12.Gampaha", "zone": "Gampaha" }, "geometry": { "type": "Point", "coordinates": [ 80.052721940000083, 7.155786667000029 ] } },
{ "type": "Feature", "properties": { "school_nam": "RANPOKUNAGAMA M.V.", "school_lev": "Provincial", "school_typ": "1C", "district": "12.Gampaha", "zone": "Gampaha" }, "geometry": { "type": "Point", "coordinates": [ 80.104363060000082, 7.132111389000045 ] } },
{ "type": "Feature", "properties": { "school_nam": "GALAHITIYAWA CENTRAL COLLEGE", "school_lev": "National", "school_typ": "1AB", "district": "12.Gampaha", "zone": "Gampaha" }, "geometry": { "type": "Point", "coordinates": [ 79.950376940000069, 7.069110833000025 ] } },
{ "type": "Feature", "properties": { "school_nam": "YAKKALA ANURA M.M.V.", "school_lev": "Provincial", "school_typ": "1AB", "district": "12.Gampaha", "zone": "Gampaha" }, "geometry": { "type": "Point", "coordinates": [ 80.036021940000069, 7.091955833000043 ] } },
{ "type": "Feature", "properties": { "school_nam": "AMBARALUWA M.V.", "school_lev": "Provincial", "school_typ": "Type 2", "district": "12.Gampaha", "zone": "Gampaha" }, "geometry": { "type": "Point", "coordinates": [ 80.011605560000078, 7.028924722000056 ] } },
{ "type": "Feature", "properties": { "school_nam": "IMBULGODA RAJASINGHE M.V.", "school_lev": "Provincial", "school_typ": "1AB", "district": "12.Gampaha", "zone": "Gampaha" }, "geometry": { "type": "Point", "coordinates": [ 79.997523890000082, 7.047620278000068 ] } },
{ "type": "Feature", "properties": { "school_nam": "SRI SEELANANDA M.V.", "school_lev": "Provincial", "school_typ": "Type 2", "district": "12.Gampaha", "zone": "Gampaha" }, "geometry": { "type": "Point", "coordinates": [ 79.966097220000051, 7.048658611000064 ] } },
{ "type": "Feature", "properties": { "school_nam": "GAMPAHA BANDARANAYAKE M.V.", "school_lev": "National", "school_typ": "1AB", "district": "12.Gampaha", "zone": "Gampaha" }, "geometry": { "type": "Point", "coordinates": [ 80.00408944000003, 7.091505833000042 ] } },
{ "type": "Feature", "properties": { "school_nam": "GAMPAHA RATHNAWALEE BALIKA V.", "school_lev": "National", "school_typ": "1AB", "district": "12.Gampaha", "zone": "Gampaha" }, "geometry": { "type": "Point", "coordinates": [ 79.999673330000064, 7.089316111000073 ] } },
{ "type": "Feature", "properties": { "school_nam": "GAMPAHA YASODARA DEVI B.M.V.", "school_lev": "Provincial", "school_typ": "1AB", "district": "12.Gampaha", "zone": "Gampaha" }, "geometry": { "type": "Point", "coordinates": [ 79.990418610000063, 7.089447222000047 ] } },
{ "type": "Feature", "properties": { "school_nam": "GAMPAHA SRI SIDDHARTHA KUMARA M.V.", "school_lev": "Provincial", "school_typ": "1C", "district": "12.Gampaha", "zone": "Gampaha" }, "geometry": { "type": "Point", "coordinates": [ 79.991255, 7.091177222000056 ] } },
{ "type": "Feature", "properties": { "school_nam": "GALAHITIYAWA HEMAMALI M.V.", "school_lev": "Provincial", "school_typ": "1C", "district": "12.Gampaha", "zone": "Gampaha" }, "geometry": { "type": "Point", "coordinates": [ 79.954429720000064, 7.069109444000048 ] } },
{ "type": "Feature", "properties": { "school_nam": "SIRI SEEWALI M.V.", "school_lev": "Provincial", "school_typ": "Type 2", "district": "12.Gampaha", "zone": "Gampaha" }, "geometry": { "type": "Point", "coordinates": [ 80.019869440000036, 7.050861944000076 ] } },
{ "type": "Feature", "properties": { "school_nam": "SIRIPARAKUMBA M.V.", "school_lev": "Provincial", "school_typ": "Type 2", "district": "12.Gampaha", "zone": "Gampaha" }, "geometry": { "type": "Point", "coordinates": [ 79.976401940000073, 7.030367778000027 ] } },
{ "type": "Feature", "properties": { "school_nam": "SRI SWARNAPALI M.V.", "school_lev": "Provincial", "school_typ": "Type 2", "district": "12.Gampaha", "zone": "Gampaha" }, "geometry": { "type": "Point", "coordinates": [ 79.975168060000044, 7.065617222000071 ] } },
{ "type": "Feature", "properties": { "school_nam": "SRI VIJAYA M.V.", "school_lev": "Provincial", "school_typ": "Type 2", "district": "12.Gampaha", "zone": "Gampaha" }, "geometry": { "type": "Point", "coordinates": [ 79.939534440000045, 7.0641 ] } },
{ "type": "Feature", "properties": { "school_nam": "BOLLATHA DHARMAPALA M.V.", "school_lev": "Provincial", "school_typ": "Type 2", "district": "12.Gampaha", "zone": "Gampaha" }, "geometry": { "type": "Point", "coordinates": [ 79.927011390000075, 7.070225278000066 ] } },
{ "type": "Feature", "properties": { "school_nam": "VIDYAKARA M.V.", "school_lev": "Provincial", "school_typ": "1AB", "district": "12.Gampaha", "zone": "Gampaha" }, "geometry": { "type": "Point", "coordinates": [ 79.939235560000043, 7.10018388900005 ] } },
{ "type": "Feature", "properties": { "school_nam": "SRI CHANDRAJOTHI M.V.", "school_lev": "Provincial", "school_typ": "1AB", "district": "12.Gampaha", "zone": "Gampaha" }, "geometry": { "type": "Point", "coordinates": [ 80.030527780000057, 7.083167222000043 ] } },
{ "type": "Feature", "properties": { "school_nam": "MADDUMA BANDARA M.V.", "school_lev": "Provincial", "school_typ": "1C", "district": "12.Gampaha", "zone": "Gampaha" }, "geometry": { "type": "Point", "coordinates": [ 80.023717780000084, 7.025062500000047 ] } },
{ "type": "Feature", "properties": { "school_nam": "HENARATHGODA KEPPETIPOLA M.V.", "school_lev": "Provincial", "school_typ": "1C", "district": "12.Gampaha", "zone": "Gampaha" }, "geometry": { "type": "Point", "coordinates": [ 80.012349440000037, 7.073290556000075 ] } },
{ "type": "Feature", "properties": { "school_nam": "KUMARADASA K.V.", "school_lev": "Provincial", "school_typ": "Type 2", "district": "12.Gampaha", "zone": "Gampaha" }, "geometry": { "type": "Point", "coordinates": [ 79.982980560000044, 7.048611667000046 ] } },
{ "type": "Feature", "properties": { "school_nam": "ANURA MODEL K.V.", "school_lev": "Provincial", "school_typ": "Type 3", "district": "12.Gampaha", "zone": "Gampaha" }, "geometry": { "type": "Point", "coordinates": [ 80.038547780000044, 7.090918056000021 ] } },
{ "type": "Feature", "properties": { "school_nam": "MIHINDU K.V.", "school_lev": "Provincial", "school_typ": "Type 2", "district": "12.Gampaha", "zone": "Gampaha" }, "geometry": { "type": "Point", "coordinates": [ 80.022806110000033, 7.016438611000069 ] } },
{ "type": "Feature", "properties": { "school_nam": "VIJITHA K.V.", "school_lev": "Provincial", "school_typ": "Type 3", "district": "12.Gampaha", "zone": "Gampaha" }, "geometry": { "type": "Point", "coordinates": [ 80.018568610000045, 7.100011667000047 ] } },
{ "type": "Feature", "properties": { "school_nam": "SUNETHRA DEVI K.V.", "school_lev": "Provincial", "school_typ": "Type 3", "district": "12.Gampaha", "zone": "Gampaha" }, "geometry": { "type": "Point", "coordinates": [ 79.987978060000046, 7.043417778000048 ] } },
{ "type": "Feature", "properties": { "school_nam": "VIHARAMAHADEVI K.V.", "school_lev": "Provincial", "school_typ": "Type 2", "district": "12.Gampaha", "zone": "Gampaha" }, "geometry": { "type": "Point", "coordinates": [ 79.999473610000052, 7.03360333300003 ] } },
{ "type": "Feature", "properties": { "school_nam": "SUJATHA MODEL K.V.", "school_lev": "Provincial", "school_typ": "Type 3", "district": "12.Gampaha", "zone": "Gampaha" }, "geometry": { "type": "Point", "coordinates": [ 80.003144440000085, 7.047279167000056 ] } },
{ "type": "Feature", "properties": { "school_nam": "LUMBINI K.V.", "school_lev": "Provincial", "school_typ": "Type 2", "district": "12.Gampaha", "zone": "Gampaha" }, "geometry": { "type": "Point", "coordinates": [ 79.989660830000048, 7.065814167000042 ] } },
{ "type": "Feature", "properties": { "school_nam": "KARANEKAMULLA GAMINI K.V.", "school_lev": "Provincial", "school_typ": "Type 3", "district": "12.Gampaha", "zone": "Gampaha" }, "geometry": { "type": "Point", "coordinates": [ 80.027745, 7.11207805600003 ] } },
{ "type": "Feature", "properties": { "school_nam": "GEMUNU K.V.", "school_lev": "Provincial", "school_typ": "Type 2", "district": "12.Gampaha", "zone": "Gampaha" }, "geometry": { "type": "Point", "coordinates": [ 79.966937220000034, 7.090758611000069 ] } },
{ "type": "Feature", "properties": { "school_nam": "SRI SUMANGALA P.V", "school_lev": "Provincial", "school_typ": "Type 3", "district": "12.Gampaha", "zone": "Gampaha" }, "geometry": { "type": "Point", "coordinates": [ 79.94713444000007, 7.077806111000029 ] } },
{ "type": "Feature", "properties": { "school_nam": "SIRI SEELARATHANA P.V.", "school_lev": "Provincial", "school_typ": "Type 3", "district": "12.Gampaha", "zone": "Gampaha" }, "geometry": { "type": "Point", "coordinates": [ 79.966914170000052, 7.059875833000035 ] } },
{ "type": "Feature", "properties": { "school_nam": "THIBBOTUGODA GAMINI K.V.", "school_lev": "Provincial", "school_typ": "Type 2", "district": "12.Gampaha", "zone": "Gampaha" }, "geometry": { "type": "Point", "coordinates": [ 79.953362780000077, 7.077340278000065 ] } },
{ "type": "Feature", "properties": { "school_nam": "MAYADUNNA P.V.", "school_lev": "Provincial", "school_typ": "Type 3", "district": "12.Gampaha", "zone": "Gampaha" }, "geometry": { "type": "Point", "coordinates": [ 79.979780280000057, 7.037443611000072 ] } },
{ "type": "Feature", "properties": { "school_nam": "PARAKRAMA M.V.", "school_lev": "Provincial", "school_typ": "1C", "district": "12.Gampaha", "zone": "Gampaha" }, "geometry": { "type": "Point", "coordinates": [ 80.011200280000082, 7.09381638900004 ] } },
{ "type": "Feature", "properties": { "school_nam": "GAJABA K.V.", "school_lev": "Provincial", "school_typ": "Type 2", "district": "12.Gampaha", "zone": "Gampaha" }, "geometry": { "type": "Point", "coordinates": [ 79.997035280000034, 7.084544167000047 ] } },
{ "type": "Feature", "properties": { "school_nam": "SRI RAHULA K.V.", "school_lev": "Provincial", "school_typ": "Type 2", "district": "12.Gampaha", "zone": "Gampaha" }, "geometry": { "type": "Point", "coordinates": [ 80.001945560000081, 7.062148611000055 ] } },
{ "type": "Feature", "properties": { "school_nam": "PANDUKABAYA P.V.", "school_lev": "Provincial", "school_typ": "Type 3", "district": "12.Gampaha", "zone": "Gampaha" }, "geometry": { "type": "Point", "coordinates": [ 79.92902722000008, 7.102794722000056 ] } },
{ "type": "Feature", "properties": { "school_nam": "MABIMA VIDYAKARA P.V.", "school_lev": "Provincial", "school_typ": "Type 3", "district": "12.Gampaha", "zone": "Gampaha" }, "geometry": { "type": "Point", "coordinates": [ 79.93468, 7.104009722000058 ] } },
{ "type": "Feature", "properties": { "school_nam": "JINARATHANA P.V.", "school_lev": "Provincial", "school_typ": "Type 3", "district": "12.Gampaha", "zone": "Gampaha" }, "geometry": { "type": "Point", "coordinates": [ 80.041076670000052, 7.083886944000028 ] } },
{ "type": "Feature", "properties": { "school_nam": "SENARATH K.V.", "school_lev": "Provincial", "school_typ": "Type 3", "district": "12.Gampaha", "zone": "Gampaha" }, "geometry": { "type": "Point", "coordinates": [ 79.943125830000042, 7.085449444000062 ] } },
{ "type": "Feature", "properties": { "school_nam": "WIMALADHARMASURIYA K.V.", "school_lev": "Provincial", "school_typ": "Type 2", "district": "12.Gampaha", "zone": "Gampaha" }, "geometry": { "type": "Point", "coordinates": [ 79.998114720000046, 7.073084444000074 ] } },
{ "type": "Feature", "properties": { "school_nam": "RATHUPASWALA BODHIRAJA K.V.", "school_lev": "Provincial", "school_typ": "Type 2", "district": "12.Gampaha", "zone": "Gampaha" }, "geometry": { "type": "Point", "coordinates": [ 80.013603610000075, 7.059194722000029 ] } },
{ "type": "Feature", "properties": { "school_nam": "MADDUMA BANDARA K.V.", "school_lev": "Provincial", "school_typ": "Type 3", "district": "12.Gampaha", "zone": "Gampaha" }, "geometry": { "type": "Point", "coordinates": [ 80.027007780000076, 7.030045 ] } },
{ "type": "Feature", "properties": { "school_nam": "MAKEVITA DHARMAPALA P.V.", "school_lev": "Provincial", "school_typ": "Type 3", "district": "12.Gampaha", "zone": "Gampaha" }, "geometry": { "type": "Point", "coordinates": [ 79.942918890000044, 7.096850278000034 ] } },
{ "type": "Feature", "properties": { "school_nam": "GAMPAHA GOTHAMI K.V.", "school_lev": "Provincial", "school_typ": "Type 2", "district": "12.Gampaha", "zone": "Gampaha" }, "geometry": { "type": "Point", "coordinates": [ 79.989387500000078, 7.087896667000052 ] } },
{ "type": "Feature", "properties": { "school_nam": "HORAGOLLA SRILANKA P.V.", "school_lev": "Provincial", "school_typ": "Type 3", "district": "12.Gampaha", "zone": "Gampaha" }, "geometry": { "type": "Point", "coordinates": [ 79.959955830000069, 7.077601944000037 ] } },
{ "type": "Feature", "properties": { "school_nam": "SRI BODHI P.V.", "school_lev": "Provincial", "school_typ": "Type 3", "district": "12.Gampaha", "zone": "Gampaha" }, "geometry": { "type": "Point", "coordinates": [ 80.009806390000051, 7.087483056000053 ] } },
{ "type": "Feature", "properties": { "school_nam": "HENEGAMA CENTRAL COLLEGE", "school_lev": "National", "school_typ": "1AB", "district": "12.Gampaha", "zone": "Kelaniya" }, "geometry": { "type": "Point", "coordinates": [ 80.045793060000051, 7.019434444000069 ] } },
{ "type": "Feature", "properties": { "school_nam": "KADAWATHA M.M.V.", "school_lev": "Provincial", "school_typ": "1AB", "district": "12.Gampaha", "zone": "Kelaniya" }, "geometry": { "type": "Point", "coordinates": [ 79.95235389000004, 7.007097500000043 ] } },
{ "type": "Feature", "properties": { "school_nam": "UDUPILA WEERA VIJAYABA M.V.", "school_lev": "Provincial", "school_typ": "1C", "district": "12.Gampaha", "zone": "Kelaniya" }, "geometry": { "type": "Point", "coordinates": [ 80.01384, 6.994542222000064 ] } },
{ "type": "Feature", "properties": { "school_nam": "HOLY FAMILY BALIKA.M.V.", "school_lev": "Provincial", "school_typ": "1C", "district": "12.Gampaha", "zone": "Kelaniya" }, "geometry": { "type": "Point", "coordinates": [ 79.93073, 6.999532222000028 ] } },
{ "type": "Feature", "properties": { "school_nam": "KIRILLAWALA CENTRAL COLLEGE", "school_lev": "Provincial", "school_typ": "1AB", "district": "12.Gampaha", "zone": "Kelaniya" }, "geometry": { "type": "Point", "coordinates": [ 79.966896940000083, 7.015825556000038 ] } },
{ "type": "Feature", "properties": { "school_nam": "BUTHPITIYA MAHA VIDYALAYA", "school_lev": "Provincial", "school_typ": "1C", "district": "12.Gampaha", "zone": "Kelaniya" }, "geometry": { "type": "Point", "coordinates": [ 80.053260830000056, 7.054568056000051 ] } },
{ "type": "Feature", "properties": { "school_nam": "AMBAGASPITIYA M.V.", "school_lev": "Provincial", "school_typ": "1C", "district": "12.Gampaha", "zone": "Kelaniya" }, "geometry": { "type": "Point", "coordinates": [ 80.06959917000006, 7.085357222000027 ] } },
{ "type": "Feature", "properties": { "school_nam": "BATEPOLA MAHA VIDYALAYA", "school_lev": "Provincial", "school_typ": "1C", "district": "12.Gampaha", "zone": "Kelaniya" }, "geometry": { "type": "Point", "coordinates": [ 80.077810560000046, 7.057771111000022 ] } },
{ "type": "Feature", "properties": { "school_nam": "JAYAKODY MAHA VIDYALAYA", "school_lev": "Provincial", "school_typ": "1C", "district": "12.Gampaha", "zone": "Kelaniya" }, "geometry": { "type": "Point", "coordinates": [ 79.956215830000076, 7.03792111100006 ] } },
{ "type": "Feature", "properties": { "school_nam": "VIDYASADHAKA MAHA VIDYALAYA", "school_lev": "Provincial", "school_typ": "Type 2", "district": "12.Gampaha", "zone": "Kelaniya" }, "geometry": { "type": "Point", "coordinates": [ 79.908593330000031, 7.003043333000051 ] } },
{ "type": "Feature", "properties": { "school_nam": "KADAWATHA S.K.K.SOORIARACHCHI SECONDARY SCHOOL", "school_lev": "Provincial", "school_typ": "1C", "district": "12.Gampaha", "zone": "Kelaniya" }, "geometry": { "type": "Point", "coordinates": [ 79.984148890000085, 6.997786111000039 ] } },
{ "type": "Feature", "properties": { "school_nam": "MAHARA NUGEGOD DHARMARAJA M.V.", "school_lev": "Provincial", "school_typ": "Type 2", "district": "12.Gampaha", "zone": "Kelaniya" }, "geometry": { "type": "Point", "coordinates": [ 79.947490280000068, 7.027387222000073 ] } },
{ "type": "Feature", "properties": { "school_nam": "WEBODA  MAHA VIDYALAYA", "school_lev": "Provincial", "school_typ": "Type 2", "district": "12.Gampaha", "zone": "Kelaniya" }, "geometry": { "type": "Point", "coordinates": [ 79.991998890000048, 7.016561667000076 ] } },
{ "type": "Feature", "properties": { "school_nam": "ST. SEBASTIANS'  M.V.", "school_lev": "Provincial", "school_typ": "1C", "district": "12.Gampaha", "zone": "Kelaniya" }, "geometry": { "type": "Point", "coordinates": [ 79.915262780000035, 6.996946667000032 ] } },
{ "type": "Feature", "properties": { "school_nam": "SIRI SIDUHATH K.V.", "school_lev": "Provincial", "school_typ": "Type 2", "district": "12.Gampaha", "zone": "Kelaniya" }, "geometry": { "type": "Point", "coordinates": [ 80.034727500000031, 7.026770278000072 ] } },
{ "type": "Feature", "properties": { "school_nam": "VIDYALOKA VIDYALAYA", "school_lev": "Provincial", "school_typ": "Type 2", "district": "12.Gampaha", "zone": "Kelaniya" }, "geometry": { "type": "Point", "coordinates": [ 79.951282220000053, 7.012342222000029 ] } },
{ "type": "Feature", "properties": { "school_nam": "Kadawatha MAHABODHI P.V.", "school_lev": "Provincial", "school_typ": "Type 3", "district": "12.Gampaha", "zone": "Kelaniya" }, "geometry": { "type": "Point", "coordinates": [ 79.942477780000047, 7.001966111000058 ] } },
{ "type": "Feature", "properties": { "school_nam": "KADAWATHA ROMAN CATHOLIC K.V.", "school_lev": "Provincial", "school_typ": "Type 2", "district": "12.Gampaha", "zone": "Kelaniya" }, "geometry": { "type": "Point", "coordinates": [ 79.951720560000069, 7.003493611000067 ] } },
{ "type": "Feature", "properties": { "school_nam": "DHRMADHARSHI P.V.", "school_lev": "Provincial", "school_typ": "Type 3", "district": "12.Gampaha", "zone": "Kelaniya" }, "geometry": { "type": "Point", "coordinates": [ 79.951421670000059, 7.016703889000041 ] } },
{ "type": "Feature", "properties": { "school_nam": "KAHATANA K.V.", "school_lev": "Provincial", "school_typ": "Type 2", "district": "12.Gampaha", "zone": "Kelaniya" }, "geometry": { "type": "Point", "coordinates": [ 80.044842500000073, 7.03236 ] } },
{ "type": "Feature", "properties": { "school_nam": "KIRIMETIYAGARA ROMAN CATHOLIC BOYS SCHOOL", "school_lev": "Provincial", "school_typ": "Type 2", "district": "12.Gampaha", "zone": "Kelaniya" }, "geometry": { "type": "Point", "coordinates": [ 79.930705, 6.999369167000054 ] } },
{ "type": "Feature", "properties": { "school_nam": "VIDYACHANDRA K.V.", "school_lev": "Provincial", "school_typ": "Type 2", "district": "12.Gampaha", "zone": "Kelaniya" }, "geometry": { "type": "Point", "coordinates": [ 79.915735830000074, 7.007072222000033 ] } },
{ "type": "Feature", "properties": { "school_nam": "NELIGAMA SRI SANGAMITHTHA M.V.", "school_lev": "Provincial", "school_typ": "Type 2", "district": "12.Gampaha", "zone": "Kelaniya" }, "geometry": { "type": "Point", "coordinates": [ 79.937475, 7.022081111000034 ] } },
{ "type": "Feature", "properties": { "school_nam": "WEBODA NORTH VIDYADEEPA M.V.", "school_lev": "Provincial", "school_typ": "1C", "district": "12.Gampaha", "zone": "Kelaniya" }, "geometry": { "type": "Point", "coordinates": [ 79.994915, 7.025945833000037 ] } },
{ "type": "Feature", "properties": { "school_nam": "VIDYARTHA K.V", "school_lev": "Provincial", "school_typ": "Type 2", "district": "12.Gampaha", "zone": "Kelaniya" }, "geometry": { "type": "Point", "coordinates": [ 80.074242220000031, 7.032517778000056 ] } },
{ "type": "Feature", "properties": { "school_nam": "HENEGAMA MAHABODHI K.V.", "school_lev": "Provincial", "school_typ": "Type 2", "district": "12.Gampaha", "zone": "Kelaniya" }, "geometry": { "type": "Point", "coordinates": [ 80.044752500000072, 7.02307 ] } },
{ "type": "Feature", "properties": { "school_nam": "KIRIKITHTHA K.V.", "school_lev": "Provincial", "school_typ": "Type 2", "district": "12.Gampaha", "zone": "Kelaniya" }, "geometry": { "type": "Point", "coordinates": [ 80.037108610000075, 7.012570278000055 ] } },
{ "type": "Feature", "properties": { "school_nam": "SIYANE NEELAMMAHARA P.V.", "school_lev": "Provincial", "school_typ": "Type 3", "district": "12.Gampaha", "zone": "Kelaniya" }, "geometry": { "type": "Point", "coordinates": [ 80.054333610000072, 7.042173611000067 ] } },
{ "type": "Feature", "properties": { "school_nam": "SRI RAHULA VIDYALAYA", "school_lev": "Provincial", "school_typ": "Type 2", "district": "12.Gampaha", "zone": "Kelaniya" }, "geometry": { "type": "Point", "coordinates": [ 79.910000280000077, 6.992389722000041 ] } },
{ "type": "Feature", "properties": { "school_nam": "KADAWATHA S.K.K.SOORIARACHCHI P.V.", "school_lev": "Provincial", "school_typ": "Type 3", "district": "12.Gampaha", "zone": "Kelaniya" }, "geometry": { "type": "Point", "coordinates": [ 79.986500560000081, 6.997406667000064 ] } },
{ "type": "Feature", "properties": { "school_nam": "DALUPITIYA P.V.", "school_lev": "Provincial", "school_typ": "Type 3", "district": "12.Gampaha", "zone": "Kelaniya" }, "geometry": { "type": "Point", "coordinates": [ 79.934429440000031, 6.991885556000057 ] } },
{ "type": "Feature", "properties": { "school_nam": "BUTHPITIYA P.V.", "school_lev": "Provincial", "school_typ": "Type 3", "district": "12.Gampaha", "zone": "Kelaniya" }, "geometry": { "type": "Point", "coordinates": [ 80.05544806000006, 7.056751667000071 ] } },
{ "type": "Feature", "properties": { "school_nam": "WELIPILLEWA P.V.", "school_lev": "Provincial", "school_typ": "Type 3", "district": "12.Gampaha", "zone": "Kelaniya" }, "geometry": { "type": "Point", "coordinates": [ 79.95882972000004, 7.052670833000036 ] } },
{ "type": "Feature", "properties": { "school_nam": "SIWRALUMULLA P.V.", "school_lev": "Provincial", "school_typ": "Type 3", "district": "12.Gampaha", "zone": "Kelaniya" }, "geometry": { "type": "Point", "coordinates": [ 80.034956940000029, 7.04984416700006 ] } },
{ "type": "Feature", "properties": { "school_nam": "URUWALA K.V.", "school_lev": "Provincial", "school_typ": "Type 2", "district": "12.Gampaha", "zone": "Kelaniya" }, "geometry": { "type": "Point", "coordinates": [ 80.043827780000072, 7.046371389000058 ] } },
{ "type": "Feature", "properties": { "school_nam": "SOORIYA RADEEPA P.V.", "school_lev": "Provincial", "school_typ": "Type 3", "district": "12.Gampaha", "zone": "Kelaniya" }, "geometry": { "type": "Point", "coordinates": [ 79.964515, 7.028747778000024 ] } },
{ "type": "Feature", "properties": { "school_nam": "KIRINDIWELA M.M.V.", "school_lev": "Provincial", "school_typ": "1AB", "district": "12.Gampaha", "zone": "Gampaha" }, "geometry": { "type": "Point", "coordinates": [ 80.132425560000058, 7.047392222000042 ] } },
{ "type": "Feature", "properties": { "school_nam": "DEKATANA PADMAWATHI M.M.V.", "school_lev": "Provincial", "school_typ": "1AB", "district": "12.Gampaha", "zone": "Gampaha" }, "geometry": { "type": "Point", "coordinates": [ 80.03957194000003, 6.970655556000054 ] } },
{ "type": "Feature", "properties": { "school_nam": "SIYANE NATIONAL SCHOOL", "school_lev": "National", "school_typ": "1AB", "district": "12.Gampaha", "zone": "Gampaha" }, "geometry": { "type": "Point", "coordinates": [ 80.067745280000054, 6.943899167000041 ] } },
{ "type": "Feature", "properties": { "school_nam": "MAHAGAMASEKARA M.V.", "school_lev": "Provincial", "school_typ": "1C", "district": "12.Gampaha", "zone": "Gampaha" }, "geometry": { "type": "Point", "coordinates": [ 80.09216028000003, 7.033921944000042 ] } },
{ "type": "Feature", "properties": { "school_nam": "MANDAWALA M.V.", "school_lev": "Provincial", "school_typ": "1C", "district": "12.Gampaha", "zone": "Gampaha" }, "geometry": { "type": "Point", "coordinates": [ 80.093294720000074, 7.01322 ] } },
{ "type": "Feature", "properties": { "school_nam": "DANGALLA DHARMARAJA  M.V.", "school_lev": "Provincial", "school_typ": "1C", "district": "12.Gampaha", "zone": "Gampaha" }, "geometry": { "type": "Point", "coordinates": [ 80.144233610000072, 6.995056389000069 ] } },
{ "type": "Feature", "properties": { "school_nam": "OVITIGAMA BODHIRAJA M.V.", "school_lev": "Provincial", "school_typ": "1AB", "district": "12.Gampaha", "zone": "Gampaha" }, "geometry": { "type": "Point", "coordinates": [ 80.11294472000003, 6.969905556000072 ] } },
{ "type": "Feature", "properties": { "school_nam": "BANDARANAYAKA M.V.", "school_lev": "Provincial", "school_typ": "1C", "district": "12.Gampaha", "zone": "Gampaha" }, "geometry": { "type": "Point", "coordinates": [ 80.140471390000073, 7.01323194400004 ] } },
{ "type": "Feature", "properties": { "school_nam": "SIRI PARAKUMBA M.V.", "school_lev": "Provincial", "school_typ": "1C", "district": "12.Gampaha", "zone": "Gampaha" }, "geometry": { "type": "Point", "coordinates": [ 80.088950830000044, 6.972349444000031 ] } },
{ "type": "Feature", "properties": { "school_nam": "MALWANA M.V.", "school_lev": "Provincial", "school_typ": "Type 2", "district": "12.Gampaha", "zone": "Gampaha" }, "geometry": { "type": "Point", "coordinates": [ 80.025496390000058, 6.936021389000075 ] } },
{ "type": "Feature", "properties": { "school_nam": "DOMPE M.V.", "school_lev": "Provincial", "school_typ": "1C", "district": "12.Gampaha", "zone": "Gampaha" }, "geometry": { "type": "Point", "coordinates": [ 80.049336940000046, 6.957829722000042 ] } },
{ "type": "Feature", "properties": { "school_nam": "WATHURUGAMA M.V.", "school_lev": "Provincial", "school_typ": "1C", "district": "12.Gampaha", "zone": "Gampaha" }, "geometry": { "type": "Point", "coordinates": [ 80.103614440000058, 7.053968333000057 ] } },
{ "type": "Feature", "properties": { "school_nam": "MEDDEGAMA M.V.", "school_lev": "Provincial", "school_typ": "Type 2", "district": "12.Gampaha", "zone": "Gampaha" }, "geometry": { "type": "Point", "coordinates": [ 80.129821940000056, 7.020281667000063 ] } },
{ "type": "Feature", "properties": { "school_nam": "WANARATHANA M.V.", "school_lev": "Provincial", "school_typ": "Type 2", "district": "12.Gampaha", "zone": "Gampaha" }, "geometry": { "type": "Point", "coordinates": [ 80.042914170000074, 6.991015833000063 ] } },
{ "type": "Feature", "properties": { "school_nam": "PINGAMUWA M.V.", "school_lev": "Provincial", "school_typ": "Type 3", "district": "12.Gampaha", "zone": "Gampaha" }, "geometry": { "type": "Point", "coordinates": [ 80.154988060000051, 7.054081944000075 ] } },
{ "type": "Feature", "properties": { "school_nam": "HISWELLA K.V.", "school_lev": "Provincial", "school_typ": "Type 2", "district": "12.Gampaha", "zone": "Gampaha" }, "geometry": { "type": "Point", "coordinates": [ 80.163837780000051, 7.027628333000052 ] } },
{ "type": "Feature", "properties": { "school_nam": "MARYLAND K.V.", "school_lev": "Provincial", "school_typ": "Type 2", "district": "12.Gampaha", "zone": "Gampaha" }, "geometry": { "type": "Point", "coordinates": [ 80.093941670000049, 7.064518333000024 ] } },
{ "type": "Feature", "properties": { "school_nam": "SRI JINANANDA P.V.", "school_lev": "Provincial", "school_typ": "Type 3", "district": "12.Gampaha", "zone": "Gampaha" }, "geometry": { "type": "Point", "coordinates": [ 80.110950280000054, 7.03849305600005 ] } },
{ "type": "Feature", "properties": { "school_nam": "ANURAGODA K.V.", "school_lev": "Provincial", "school_typ": "Type 2", "district": "12.Gampaha", "zone": "Gampaha" }, "geometry": { "type": "Point", "coordinates": [ 80.117205280000064, 7.018860278000034 ] } },
{ "type": "Feature", "properties": { "school_nam": "KERAGALA SANGARAJA M.V.", "school_lev": "Provincial", "school_typ": "1C", "district": "12.Gampaha", "zone": "Gampaha" }, "geometry": { "type": "Point", "coordinates": [ 80.053274720000047, 7.001523889000055 ] } },
{ "type": "Feature", "properties": { "school_nam": "SRI RAHULA P.V", "school_lev": "Provincial", "school_typ": "Type 3", "district": "12.Gampaha", "zone": "Gampaha" }, "geometry": { "type": "Point", "coordinates": [ 80.058492500000057, 6.983494722000046 ] } },
{ "type": "Feature", "properties": { "school_nam": "PALPITA K.V.", "school_lev": "Provincial", "school_typ": "Type 2", "district": "12.Gampaha", "zone": "Gampaha" }, "geometry": { "type": "Point", "coordinates": [ 80.107291940000039, 6.990512500000023 ] } },
{ "type": "Feature", "properties": { "school_nam": "PEPILIYAWALA K.V.", "school_lev": "Provincial", "school_typ": "Type 2", "district": "12.Gampaha", "zone": "Gampaha" }, "geometry": { "type": "Point", "coordinates": [ 80.12585861000008, 6.996720556000071 ] } },
{ "type": "Feature", "properties": { "school_nam": "MEETHIRIGALA K.V.", "school_lev": "Provincial", "school_typ": "Type 2", "district": "12.Gampaha", "zone": "Gampaha" }, "geometry": { "type": "Point", "coordinates": [ 80.159098060000076, 6.994909444000029 ] } },
{ "type": "Feature", "properties": { "school_nam": "TITHTHAPATHTHARA K.V.", "school_lev": "Provincial", "school_typ": "Type 2", "district": "12.Gampaha", "zone": "Gampaha" }, "geometry": { "type": "Point", "coordinates": [ 80.087243060000048, 6.936151944000073 ] } },
{ "type": "Feature", "properties": { "school_nam": "HOLLY CROOS M.V.", "school_lev": "Provincial", "school_typ": "Type 2", "district": "12.Gampaha", "zone": "Gampaha" }, "geometry": { "type": "Point", "coordinates": [ 80.137256390000061, 6.976518611000074 ] } },
{ "type": "Feature", "properties": { "school_nam": "GIRIDARA SRIBODHI K.V.", "school_lev": "Provincial", "school_typ": "Type 3", "district": "12.Gampaha", "zone": "Gampaha" }, "geometry": { "type": "Point", "coordinates": [ 80.085515830000077, 6.951143889000036 ] } },
{ "type": "Feature", "properties": { "school_nam": "GURUWALA P.V.", "school_lev": "Provincial", "school_typ": "Type 3", "district": "12.Gampaha", "zone": "Gampaha" }, "geometry": { "type": "Point", "coordinates": [ 80.072671670000034, 6.956565556000044 ] } },
{ "type": "Feature", "properties": { "school_nam": "INDOLAMULLA K.V.", "school_lev": "Provincial", "school_typ": "Type 2", "district": "12.Gampaha", "zone": "Gampaha" }, "geometry": { "type": "Point", "coordinates": [ 80.055491390000043, 6.972703889000059 ] } },
{ "type": "Feature", "properties": { "school_nam": "KIMBULWILAWATHTHA M.V.", "school_lev": "Provincial", "school_typ": "Type 2", "district": "12.Gampaha", "zone": "Gampaha" }, "geometry": { "type": "Point", "coordinates": [ 80.038495280000063, 6.937568056000032 ] } },
{ "type": "Feature", "properties": { "school_nam": "SIDDHARTHA MODEL P.V", "school_lev": "Provincial", "school_typ": "Type 3", "district": "12.Gampaha", "zone": "Gampaha" }, "geometry": { "type": "Point", "coordinates": [ 80.062374720000037, 6.946518056000059 ] } },
{ "type": "Feature", "properties": { "school_nam": "PALUGAMA  K.V.", "school_lev": "Provincial", "school_typ": "Type 2", "district": "12.Gampaha", "zone": "Gampaha" }, "geometry": { "type": "Point", "coordinates": [ 80.06763667000007, 6.934851111000057 ] } },
{ "type": "Feature", "properties": { "school_nam": "SIYANE MODEL P.V.", "school_lev": "Provincial", "school_typ": "Type 3", "district": "12.Gampaha", "zone": "Gampaha" }, "geometry": { "type": "Point", "coordinates": [ 80.053306110000051, 6.914211944000044 ] } },
{ "type": "Feature", "properties": { "school_nam": "KIRINDIWELA M.V.", "school_lev": "Provincial", "school_typ": "Type 2", "district": "12.Gampaha", "zone": "Gampaha" }, "geometry": { "type": "Point", "coordinates": [ 80.130713890000038, 7.046364444000062 ] } },
{ "type": "Feature", "properties": { "school_nam": "BANDARANAYAKAPURA P.V.", "school_lev": "Provincial", "school_typ": "Type 3", "district": "12.Gampaha", "zone": "Gampaha" }, "geometry": { "type": "Point", "coordinates": [ 80.125054440000042, 7.056217778000075 ] } },
{ "type": "Feature", "properties": { "school_nam": "KUTTIWILA K.V.", "school_lev": "Provincial", "school_typ": "Type 3", "district": "12.Gampaha", "zone": "Gampaha" }, "geometry": { "type": "Point", "coordinates": [ 80.152099440000029, 7.041231667000034 ] } },
{ "type": "Feature", "properties": { "school_nam": "MAHINDA P.V.", "school_lev": "Provincial", "school_typ": "Type 3", "district": "12.Gampaha", "zone": "Gampaha" }, "geometry": { "type": "Point", "coordinates": [ 80.09311222000008, 7.006378611000059 ] } },
{ "type": "Feature", "properties": { "school_nam": "NAKANDAPOLA P.V.", "school_lev": "Provincial", "school_typ": "Type 3", "district": "12.Gampaha", "zone": "Gampaha" }, "geometry": { "type": "Point", "coordinates": [ 80.054852780000033, 7.011315556000056 ] } },
{ "type": "Feature", "properties": { "school_nam": "OVITIGAMA P.V.", "school_lev": "Provincial", "school_typ": "Type 3", "district": "12.Gampaha", "zone": "Gampaha" }, "geometry": { "type": "Point", "coordinates": [ 80.114035280000053, 6.970537222000075 ] } },
{ "type": "Feature", "properties": { "school_nam": "KALUKONDAYAWA P.V.", "school_lev": "Provincial", "school_typ": "Type 3", "district": "12.Gampaha", "zone": "Gampaha" }, "geometry": { "type": "Point", "coordinates": [ 80.032629720000045, 6.957040278000022 ] } },
{ "type": "Feature", "properties": { "school_nam": "DOMPE P.V.", "school_lev": "Provincial", "school_typ": "Type 3", "district": "12.Gampaha", "zone": "Gampaha" }, "geometry": { "type": "Point", "coordinates": [ 80.049410830000056, 6.957657222000023 ] } },
{ "type": "Feature", "properties": { "school_nam": "DARANAGAMA M.V.", "school_lev": "Provincial", "school_typ": "1AB", "district": "12.Gampaha", "zone": "Kelaniya" }, "geometry": { "type": "Point", "coordinates": [ 79.981499720000045, 6.983553611000048 ] } },
{ "type": "Feature", "properties": { "school_nam": "SANGAMITHTHA MAHA VIDYALAYA", "school_lev": "Provincial", "school_typ": "1C", "district": "12.Gampaha", "zone": "Kelaniya" }, "geometry": { "type": "Point", "coordinates": [ 79.970275560000061, 6.968923889000052 ] } },
{ "type": "Feature", "properties": { "school_nam": "KANDEWATHTHA SIRISUMANA V", "school_lev": "Provincial", "school_typ": "Type 3", "district": "12.Gampaha", "zone": "Kelaniya" }, "geometry": { "type": "Point", "coordinates": [ 79.984770280000077, 6.963328611000065 ] } },
{ "type": "Feature", "properties": { "school_nam": "MAHINDA M.V.", "school_lev": "Provincial", "school_typ": "1C", "district": "12.Gampaha", "zone": "Kelaniya" }, "geometry": { "type": "Point", "coordinates": [ 79.964797780000083, 6.958579444000065 ] } },
{ "type": "Feature", "properties": { "school_nam": "SRI PEMANANDA M.V.", "school_lev": "Provincial", "school_typ": "Type 2", "district": "12.Gampaha", "zone": "Kelaniya" }, "geometry": { "type": "Point", "coordinates": [ 79.962516940000057, 6.996413889000053 ] } },
{ "type": "Feature", "properties": { "school_nam": "SAPUGASKANDA M.V.", "school_lev": "Provincial", "school_typ": "1AB", "district": "12.Gampaha", "zone": "Kelaniya" }, "geometry": { "type": "Point", "coordinates": [ 79.957380560000047, 6.977344444000039 ] } },
{ "type": "Feature", "properties": { "school_nam": "PAMUNUWILA M.V.", "school_lev": "Provincial", "school_typ": "1C", "district": "12.Gampaha", "zone": "Kelaniya" }, "geometry": { "type": "Point", "coordinates": [ 79.937178890000041, 6.968570833000058 ] } },
{ "type": "Feature", "properties": { "school_nam": "KELANITHISSA V", "school_lev": "Provincial", "school_typ": "Type 2", "district": "12.Gampaha", "zone": "Kelaniya" }, "geometry": { "type": "Point", "coordinates": [ 79.937347500000044, 6.957527778000042 ] } },
{ "type": "Feature", "properties": { "school_nam": "KADAWATHA BUDDHIST P.V.", "school_lev": "Provincial", "school_typ": "Type 3", "district": "12.Gampaha", "zone": "Kelaniya" }, "geometry": { "type": "Point", "coordinates": [ 79.956263060000083, 7.001898056000073 ] } },
{ "type": "Feature", "properties": { "school_nam": "KADAWATHA MAHAMAYA BALIKA M.V.", "school_lev": "Provincial", "school_typ": "1AB", "district": "12.Gampaha", "zone": "Kelaniya" }, "geometry": { "type": "Point", "coordinates": [ 79.939381110000056, 6.992709167000044 ] } },
{ "type": "Feature", "properties": { "school_nam": "BAPTIST P.V.", "school_lev": "Provincial", "school_typ": "Type 3", "district": "12.Gampaha", "zone": "Kelaniya" }, "geometry": { "type": "Point", "coordinates": [ 79.951009170000077, 7.000180278000073 ] } },
{ "type": "Feature", "properties": { "school_nam": "SAPUGASKANDA SOBITHA P.V.", "school_lev": "Provincial", "school_typ": "Type 3", "district": "12.Gampaha", "zone": "Kelaniya" }, "geometry": { "type": "Point", "coordinates": [ 79.950469720000058, 6.973796389000029 ] } },
{ "type": "Feature", "properties": { "school_nam": "KANDUBODA M.V.", "school_lev": "Provincial", "school_typ": "Type 2", "district": "12.Gampaha", "zone": "Kelaniya" }, "geometry": { "type": "Point", "coordinates": [ 80.018935, 6.982930278000026 ] } },
{ "type": "Feature", "properties": { "school_nam": "BIYAGAMA M.M.V.", "school_lev": "Provincial", "school_typ": "1AB", "district": "12.Gampaha", "zone": "Kelaniya" }, "geometry": { "type": "Point", "coordinates": [ 79.99135694000006, 6.948267500000043 ] } },
{ "type": "Feature", "properties": { "school_nam": "BIYAGAMA PRIMARY SCHOOL", "school_lev": "Provincial", "school_typ": "Type 3", "district": "12.Gampaha", "zone": "Kelaniya" }, "geometry": { "type": "Point", "coordinates": [ 79.989884440000083, 6.946090556000058 ] } },
{ "type": "Feature", "properties": { "school_nam": "BOLLEGALA M.V.", "school_lev": "Provincial", "school_typ": "1C", "district": "12.Gampaha", "zone": "Kelaniya" }, "geometry": { "type": "Point", "coordinates": [ 79.946006940000075, 6.943618889000049 ] } },
{ "type": "Feature", "properties": { "school_nam": "ANANDA K.V.", "school_lev": "Provincial", "school_typ": "Type 3", "district": "12.Gampaha", "zone": "Kelaniya" }, "geometry": { "type": "Point", "coordinates": [ 80.00504028000006, 6.948691944000075 ] } },
{ "type": "Feature", "properties": { "school_nam": "SUBHASHIE RAJAKEEYA M.V.", "school_lev": "Provincial", "school_typ": "Type 2", "district": "12.Gampaha", "zone": "Kelaniya" }, "geometry": { "type": "Point", "coordinates": [ 80.015432780000083, 6.959358056000042 ] } },
{ "type": "Feature", "properties": { "school_nam": "YATIHENA K.V.", "school_lev": "Provincial", "school_typ": "Type 2", "district": "12.Gampaha", "zone": "Kelaniya" }, "geometry": { "type": "Point", "coordinates": [ 80.000505560000079, 6.968050556000037 ] } },
{ "type": "Feature", "properties": { "school_nam": "SIYAMBALAPEWATTA P.V.", "school_lev": "Provincial", "school_typ": "Type 3", "district": "12.Gampaha", "zone": "Kelaniya" }, "geometry": { "type": "Point", "coordinates": [ 80.007955560000084, 6.979783056000031 ] } },
{ "type": "Feature", "properties": { "school_nam": "KELANIYA GURUKULA  V.", "school_lev": "National", "school_typ": "1AB", "district": "12.Gampaha", "zone": "Kelaniya" }, "geometry": { "type": "Point", "coordinates": [ 79.892552500000079, 6.958570833000067 ] } },
{ "type": "Feature", "properties": { "school_nam": "KELANIYA SRI DHARMALOKA M.M.V", "school_lev": "National", "school_typ": "1AB", "district": "12.Gampaha", "zone": "Kelaniya" }, "geometry": { "type": "Point", "coordinates": [ 79.89920611000008, 6.960830833000045 ] } },
{ "type": "Feature", "properties": { "school_nam": "KELANIYA ST. PAUL'S BALIKA M.V.", "school_lev": "Provincial", "school_typ": "1AB", "district": "12.Gampaha", "zone": "Kelaniya" }, "geometry": { "type": "Point", "coordinates": [ 79.900396940000064, 6.960202500000037 ] } },
{ "type": "Feature", "properties": { "school_nam": "SRI SUMANGALA M.V.", "school_lev": "Provincial", "school_typ": "1AB", "district": "12.Gampaha", "zone": "Kelaniya" }, "geometry": { "type": "Point", "coordinates": [ 79.921096670000054, 6.984788611000056 ] } },
{ "type": "Feature", "properties": { "school_nam": "WEDAMULLA MAHA VIDYALAYA", "school_lev": "Provincial", "school_typ": "1C", "district": "12.Gampaha", "zone": "Kelaniya" }, "geometry": { "type": "Point", "coordinates": [ 79.89967222000007, 6.966114444000027 ] } },
{ "type": "Feature", "properties": { "school_nam": "HUNUPITIYA BANDARANAYAKA M.V.", "school_lev": "Provincial", "school_typ": "1C", "district": "12.Gampaha", "zone": "Kelaniya" }, "geometry": { "type": "Point", "coordinates": [ 79.908245560000069, 6.982066667000026 ] } },
{ "type": "Feature", "properties": { "school_nam": "KELANI M.V.", "school_lev": "Provincial", "school_typ": "1C", "district": "12.Gampaha", "zone": "Kelaniya" }, "geometry": { "type": "Point", "coordinates": [ 79.916377220000072, 6.949130556000057 ] } },
{ "type": "Feature", "properties": { "school_nam": "ST. FRANCIS M.V.", "school_lev": "Provincial", "school_typ": "1C", "district": "12.Gampaha", "zone": "Kelaniya" }, "geometry": { "type": "Point", "coordinates": [ 79.921236940000085, 6.972358056000076 ] } },
{ "type": "Feature", "properties": { "school_nam": "D.A.RAJAPAKSHA V", "school_lev": "Provincial", "school_typ": "Type 2", "district": "12.Gampaha", "zone": "Kelaniya" }, "geometry": { "type": "Point", "coordinates": [ 79.923641940000039, 6.975422778000052 ] } },
{ "type": "Feature", "properties": { "school_nam": "KOHALWILA CHANDRARATHANA M.V.", "school_lev": "Provincial", "school_typ": "Type 2", "district": "12.Gampaha", "zone": "Kelaniya" }, "geometry": { "type": "Point", "coordinates": [ 79.920620280000037, 6.967133611000065 ] } },
{ "type": "Feature", "properties": { "school_nam": "PRESIDENT COLLEGE-PILAPITIYA", "school_lev": "Provincial", "school_typ": "1C", "district": "12.Gampaha", "zone": "Kelaniya" }, "geometry": { "type": "Point", "coordinates": [ 79.906979170000056, 6.951952500000061 ] } },
{ "type": "Feature", "properties": { "school_nam": "MAHARA PRESIDENT COLLEGE", "school_lev": "Provincial", "school_typ": "1C", "district": "12.Gampaha", "zone": "Kelaniya" }, "geometry": { "type": "Point", "coordinates": [ 79.93648722000006, 6.989547500000072 ] } },
{ "type": "Feature", "properties": { "school_nam": "WANAWASALA NAGASENA V.", "school_lev": "Provincial", "school_typ": "Type 2", "district": "12.Gampaha", "zone": "Kelaniya" }, "geometry": { "type": "Point", "coordinates": [ 79.894160280000051, 6.975089722000064 ] } },
{ "type": "Feature", "properties": { "school_nam": "KELANIYA HELENA WIJAYAWARDHANA B.M.V.", "school_lev": "Provincial", "school_typ": "1C", "district": "12.Gampaha", "zone": "Kelaniya" }, "geometry": { "type": "Point", "coordinates": [ 79.915232500000059, 6.95518861100004 ] } },
{ "type": "Feature", "properties": { "school_nam": "HUNUPITIYA DHARMAPALA BUDDHIST P.V.", "school_lev": "Provincial", "school_typ": "Type 3", "district": "12.Gampaha", "zone": "Kelaniya" }, "geometry": { "type": "Point", "coordinates": [ 79.903941390000057, 6.986019167000052 ] } },
{ "type": "Feature", "properties": { "school_nam": "YASHODARA P.V.", "school_lev": "Provincial", "school_typ": "Type 3", "district": "12.Gampaha", "zone": "Kelaniya" }, "geometry": { "type": "Point", "coordinates": [ 79.91131611000003, 6.971103889000062 ] } },
{ "type": "Feature", "properties": { "school_nam": "DIPPITIGODA ROMAN CATHOLIC P.V.", "school_lev": "Provincial", "school_typ": "Type 3", "district": "12.Gampaha", "zone": "Kelaniya" }, "geometry": { "type": "Point", "coordinates": [ 79.903838610000037, 6.974229722000075 ] } },
{ "type": "Feature", "properties": { "school_nam": "KIRIBATHGODA VIHARAMAHADEVI B.V.", "school_lev": "National", "school_typ": "1AB", "district": "12.Gampaha", "zone": "Kelaniya" }, "geometry": { "type": "Point", "coordinates": [ 79.925441670000055, 6.980737500000032 ] } },
{ "type": "Feature", "properties": { "school_nam": "DESHAMANYA H.K.DHARMADASA M.V.", "school_lev": "Provincial", "school_typ": "1C", "district": "12.Gampaha", "zone": "Kelaniya" }, "geometry": { "type": "Point", "coordinates": [ 79.885186110000063, 6.957152778000022 ] } },
{ "type": "Feature", "properties": { "school_nam": "PELIYAGODA ROMAN CATHOLIC P.V.", "school_lev": "Provincial", "school_typ": "Type 3", "district": "12.Gampaha", "zone": "Kelaniya" }, "geometry": { "type": "Point", "coordinates": [ 79.895353330000034, 6.956772778000072 ] } },
{ "type": "Feature", "properties": { "school_nam": "DUTUGAMUNU M.V.", "school_lev": "Provincial", "school_typ": "Type 2", "district": "12.Gampaha", "zone": "Kelaniya" }, "geometry": { "type": "Point", "coordinates": [ 79.88489917000004, 6.965921944000058 ] } },
{ "type": "Feature", "properties": { "school_nam": "AL-ASHRAFF M.V.", "school_lev": "Provincial", "school_typ": "1C", "district": "12.Gampaha", "zone": "Kelaniya" }, "geometry": { "type": "Point", "coordinates": [ 79.89456806000004, 7.005457222000075 ] } },
{ "type": "Feature", "properties": { "school_nam": "WATTALA ROMAN CATHOLIC TAMIL VIDYALAYA", "school_lev": "Provincial", "school_typ": "Type 3", "district": "12.Gampaha", "zone": "Kelaniya" }, "geometry": { "type": "Point", "coordinates": [ 79.886761940000042, 6.982339444000047 ] } },
{ "type": "Feature", "properties": { "school_nam": "KALELIYA ALIGARH M.V.", "school_lev": "Provincial", "school_typ": "1C", "district": "12.Gampaha", "zone": "Minuwangoda" }, "geometry": { "type": "Point", "coordinates": [ 80.10296167000007, 7.193252500000028 ] } },
{ "type": "Feature", "properties": { "school_nam": "BABUSSALAM M.V.", "school_lev": "Provincial", "school_typ": "1C", "district": "12.Gampaha", "zone": "Minuwangoda" }, "geometry": { "type": "Point", "coordinates": [ 80.133148060000053, 7.171386944000062 ] } },
{ "type": "Feature", "properties": { "school_nam": "AL-HASSEN K.V.", "school_lev": "Provincial", "school_typ": "Type 2", "district": "12.Gampaha", "zone": "Minuwangoda" }, "geometry": { "type": "Point", "coordinates": [ 80.154783610000038, 7.200193056000046 ] } },
{ "type": "Feature", "properties": { "school_nam": "KALAGEDIHENA AL-AZHAR M.M.V.", "school_lev": "Provincial", "school_typ": "1AB", "district": "12.Gampaha", "zone": "Gampaha" }, "geometry": { "type": "Point", "coordinates": [ 80.070249170000068, 7.120658889000026 ] } },
{ "type": "Feature", "properties": { "school_nam": "KAHATOWITA AL BADRIYA M.V.", "school_lev": "Provincial", "school_typ": "1C", "district": "12.Gampaha", "zone": "Gampaha" }, "geometry": { "type": "Point", "coordinates": [ 80.109523330000059, 7.095700833000024 ] } },
{ "type": "Feature", "properties": { "school_nam": "ARAFA M.V.", "school_lev": "Provincial", "school_typ": "1C", "district": "12.Gampaha", "zone": "Gampaha" }, "geometry": { "type": "Point", "coordinates": [ 80.100118890000033, 7.106476667000038 ] } },
{ "type": "Feature", "properties": { "school_nam": "MUSLIM B.M.V.", "school_lev": "Provincial", "school_typ": "1C", "district": "12.Gampaha", "zone": "Gampaha" }, "geometry": { "type": "Point", "coordinates": [ 80.10786556000005, 7.093988056000057 ] } },
{ "type": "Feature", "properties": { "school_nam": "KUMARIMULLA MUSLIM M.V.", "school_lev": "Provincial", "school_typ": "1C", "district": "12.Gampaha", "zone": "Gampaha" }, "geometry": { "type": "Point", "coordinates": [ 80.116840560000071, 6.971093889000031 ] } },
{ "type": "Feature", "properties": { "school_nam": "AL-MUSTHAFA M.V.", "school_lev": "Provincial", "school_typ": "1C", "district": "12.Gampaha", "zone": "Kelaniya" }, "geometry": { "type": "Point", "coordinates": [ 79.99999667000003, 6.969959722000056 ] } },
{ "type": "Feature", "properties": { "school_nam": "AL-MUBARAK NATIONAL SCHOOL", "school_lev": "National", "school_typ": "1AB", "district": "12.Gampaha", "zone": "Kelaniya" }, "geometry": { "type": "Point", "coordinates": [ 80.015057220000074, 6.954535 ] } },
{ "type": "Feature", "properties": { "school_nam": "HUNUPITIYA ZAHIRA M.V.", "school_lev": "Provincial", "school_typ": "1C", "district": "12.Gampaha", "zone": "Kelaniya" }, "geometry": { "type": "Point", "coordinates": [ 79.904770830000075, 6.991692778000072 ] } },
{ "type": "Feature", "properties": { "school_nam": "WELEGODA MUSLIM K.V.", "school_lev": "Provincial", "school_typ": "Type 2", "district": "12.Gampaha", "zone": "Kelaniya" }, "geometry": { "type": "Point", "coordinates": [ 79.895776670000032, 6.989787500000034 ] } },
{ "type": "Feature", "properties": { "school_nam": "ELLALAMULLA ZAHIRA M.V.", "school_lev": "Provincial", "school_typ": "Type 2", "district": "12.Gampaha", "zone": "Minuwangoda" }, "geometry": { "type": "Point", "coordinates": [ 80.126685560000055, 7.154935278000039 ] } },
{ "type": "Feature", "properties": { "school_nam": "NEGOMBO NEWSTEAD GIRLS COLLEGE", "school_lev": "National", "school_typ": "1AB", "district": "12.Gampaha", "zone": "Negombo" }, "geometry": { "type": "Point", "coordinates": [ 79.83129222000008, 7.211212222000029 ] } },
{ "type": "Feature", "properties": { "school_nam": "NEGOMBO HARISHCHANDRA NATIONAL SCHOOL", "school_lev": "National", "school_typ": "1AB", "district": "12.Gampaha", "zone": "Negombo" }, "geometry": { "type": "Point", "coordinates": [ 79.850492780000081, 7.209502222000026 ] } },
{ "type": "Feature", "properties": { "school_nam": "NEGOMBO ST. MARY'S M.V.", "school_lev": "Provincial", "school_typ": "1AB", "district": "12.Gampaha", "zone": "Negombo" }, "geometry": { "type": "Point", "coordinates": [ 79.834526390000065, 7.209938333000025 ] } },
{ "type": "Feature", "properties": { "school_nam": "KOCHCHIKADE M.V.", "school_lev": "Provincial", "school_typ": "1C", "district": "12.Gampaha", "zone": "Negombo" }, "geometry": { "type": "Point", "coordinates": [ 79.853678890000083, 7.262791667000045 ] } },
{ "type": "Feature", "properties": { "school_nam": "NEGOMBO ST. PETER'S M.V.", "school_lev": "Provincial", "school_typ": "1AB", "district": "12.Gampaha", "zone": "Negombo" }, "geometry": { "type": "Point", "coordinates": [ 79.838276940000071, 7.211888333000047 ] } },
{ "type": "Feature", "properties": { "school_nam": "ST. ANNE'S M.V.", "school_lev": "Provincial", "school_typ": "1C", "district": "12.Gampaha", "zone": "Negombo" }, "geometry": { "type": "Point", "coordinates": [ 79.860289440000031, 7.18609222200007 ] } },
{ "type": "Feature", "properties": { "school_nam": "THILLANDUWA K.V.", "school_lev": "Provincial", "school_typ": "Type 2", "district": "12.Gampaha", "zone": "Negombo" }, "geometry": { "type": "Point", "coordinates": [ 79.843390560000046, 7.204345833000048 ] } },
{ "type": "Feature", "properties": { "school_nam": "DALUPOTHA M.V.", "school_lev": "Provincial", "school_typ": "1C", "district": "12.Gampaha", "zone": "Negombo" }, "geometry": { "type": "Point", "coordinates": [ 79.849704440000039, 7.227231944000039 ] } },
{ "type": "Feature", "properties": { "school_nam": "ST. ANNE'S M.V.", "school_lev": "Provincial", "school_typ": "1C", "district": "12.Gampaha", "zone": "Negombo" }, "geometry": { "type": "Point", "coordinates": [ 79.84806167000005, 7.24549055600005 ] } },
{ "type": "Feature", "properties": { "school_nam": "ST. ANNE'S P.V.", "school_lev": "Provincial", "school_typ": "Type 3", "district": "12.Gampaha", "zone": "Negombo" }, "geometry": { "type": "Point", "coordinates": [ 79.847700830000065, 7.246341667000024 ] } },
{ "type": "Feature", "properties": { "school_nam": "NIMALA MARIA M.V.", "school_lev": "Provincial", "school_typ": "1C", "district": "12.Gampaha", "zone": "Negombo" }, "geometry": { "type": "Point", "coordinates": [ 79.858032500000036, 7.198964444000069 ] } },
{ "type": "Feature", "properties": { "school_nam": "NEGOMBO ST. SEBASTIAN'S M.V.", "school_lev": "Provincial", "school_typ": "1C", "district": "12.Gampaha", "zone": "Negombo" }, "geometry": { "type": "Point", "coordinates": [ 79.837752500000079, 7.216913333000036 ] } },
{ "type": "Feature", "properties": { "school_nam": "VIDYALANKARA M.V.", "school_lev": "Provincial", "school_typ": "1C", "district": "12.Gampaha", "zone": "Negombo" }, "geometry": { "type": "Point", "coordinates": [ 79.84962833000003, 7.212443889000042 ] } },
{ "type": "Feature", "properties": { "school_nam": "NEGOMBO ST. JOSHEP'S K.V.", "school_lev": "Provincial", "school_typ": "Type 2", "district": "12.Gampaha", "zone": "Negombo" }, "geometry": { "type": "Point", "coordinates": [ 79.841040830000054, 7.210833889000071 ] } },
{ "type": "Feature", "properties": { "school_nam": "OUR LADY OF MIRACLE M.V.", "school_lev": "Provincial", "school_typ": "1C", "district": "12.Gampaha", "zone": "Negombo" }, "geometry": { "type": "Point", "coordinates": [ 79.835743060000084, 7.207054722000066 ] } },
{ "type": "Feature", "properties": { "school_nam": "DUWANA SIN MIXED V.", "school_lev": "Provincial", "school_typ": "Type 3", "district": "12.Gampaha", "zone": "Negombo" }, "geometry": { "type": "Point", "coordinates": [ 79.84474417000007, 7.266386667000063 ] } },
{ "type": "Feature", "properties": { "school_nam": "ST. SYLVESTER SIN MIXED V.", "school_lev": "Provincial", "school_typ": "Type 2", "district": "12.Gampaha", "zone": "Negombo" }, "geometry": { "type": "Point", "coordinates": [ 79.841679720000059, 7.235754722000024 ] } },
{ "type": "Feature", "properties": { "school_nam": "PALANGATHURAYA SIN MIXED K.V.", "school_lev": "Provincial", "school_typ": "Type 2", "district": "12.Gampaha", "zone": "Negombo" }, "geometry": { "type": "Point", "coordinates": [ 79.843562500000075, 7.25009916700003 ] } },
{ "type": "Feature", "properties": { "school_nam": "DUWA K.V.", "school_lev": "Provincial", "school_typ": "Type 2", "district": "12.Gampaha", "zone": "Negombo" }, "geometry": { "type": "Point", "coordinates": [ 79.821742220000033, 7.207381944000076 ] } },
{ "type": "Feature", "properties": { "school_nam": "PALLANSENA R.C.P.V.", "school_lev": "Provincial", "school_typ": "Type 3", "district": "12.Gampaha", "zone": "Negombo" }, "geometry": { "type": "Point", "coordinates": [ 79.85012861000007, 7.264791667000054 ] } },
{ "type": "Feature", "properties": { "school_nam": "ST. NICHOLA'S SIN.MIX.V.", "school_lev": "Provincial", "school_typ": "Type 2", "district": "12.Gampaha", "zone": "Negombo" }, "geometry": { "type": "Point", "coordinates": [ 79.831797220000055, 7.203585833000034 ] } },
{ "type": "Feature", "properties": { "school_nam": "G.B SENANAYAKA M.V.", "school_lev": "Provincial", "school_typ": "1C", "district": "12.Gampaha", "zone": "Negombo" }, "geometry": { "type": "Point", "coordinates": [ 79.90829806000005, 7.100144722000039 ] } },
{ "type": "Feature", "properties": { "school_nam": "ST. FRANCIS SALES K.V.", "school_lev": "Provincial", "school_typ": "Type 2", "district": "12.Gampaha", "zone": "Negombo" }, "geometry": { "type": "Point", "coordinates": [ 79.848265280000078, 7.234455833000027 ] } },
{ "type": "Feature", "properties": { "school_nam": "AMANDOLUWA M.V.", "school_lev": "Provincial", "school_typ": "1C", "district": "12.Gampaha", "zone": "Negombo" }, "geometry": { "type": "Point", "coordinates": [ 79.881486940000059, 7.147610278000059 ] } },
{ "type": "Feature", "properties": { "school_nam": "ANDIAMBALAMA M.V.", "school_lev": "Provincial", "school_typ": "1AB", "district": "12.Gampaha", "zone": "Negombo" }, "geometry": { "type": "Point", "coordinates": [ 79.899913060000074, 7.186848611000073 ] } },
{ "type": "Feature", "properties": { "school_nam": "VIDYALOKA M.M.", "school_lev": "Provincial", "school_typ": "1C", "district": "12.Gampaha", "zone": "Negombo" }, "geometry": { "type": "Point", "coordinates": [ 79.89646472000004, 7.264142222000032 ] } },
{ "type": "Feature", "properties": { "school_nam": "KATUNAYAKE M.V.", "school_lev": "Provincial", "school_typ": "1C", "district": "12.Gampaha", "zone": "Negombo" }, "geometry": { "type": "Point", "coordinates": [ 79.864187500000071, 7.176775833000022 ] } },
{ "type": "Feature", "properties": { "school_nam": "ST. SEBASTIAN M.V.", "school_lev": "Provincial", "school_typ": "Type 2", "district": "12.Gampaha", "zone": "Negombo" }, "geometry": { "type": "Point", "coordinates": [ 79.860735830000067, 7.212971111000058 ] } },
{ "type": "Feature", "properties": { "school_nam": "MUDALIDU DAVID MENDIS M.V.", "school_lev": "Provincial", "school_typ": "1AB", "district": "12.Gampaha", "zone": "Negombo" }, "geometry": { "type": "Point", "coordinates": [ 79.86965833000005, 7.226433056000076 ] } },
{ "type": "Feature", "properties": { "school_nam": "KOTUGODA SRI PANGNANANDA NATIONAL COLLEGE", "school_lev": "National", "school_typ": "1AB", "district": "12.Gampaha", "zone": "Negombo" }, "geometry": { "type": "Point", "coordinates": [ 79.898514440000042, 7.131174722000026 ] } },
{ "type": "Feature", "properties": { "school_nam": "DAVISAMARA M.V.", "school_lev": "Provincial", "school_typ": "1AB", "district": "12.Gampaha", "zone": "Negombo" }, "geometry": { "type": "Point", "coordinates": [ 79.87583611000008, 7.131343611000034 ] } },
{ "type": "Feature", "properties": { "school_nam": "DHAMMALOKA M.V.", "school_lev": "Provincial", "school_typ": "1C", "district": "12.Gampaha", "zone": "Negombo" }, "geometry": { "type": "Point", "coordinates": [ 79.919375830000035, 7.151562222000052 ] } },
{ "type": "Feature", "properties": { "school_nam": "SRI JOTHIRATHANA J.S.V.", "school_lev": "Provincial", "school_typ": "Type 2", "district": "12.Gampaha", "zone": "Negombo" }, "geometry": { "type": "Point", "coordinates": [ 79.877931110000077, 7.117091389000052 ] } },
{ "type": "Feature", "properties": { "school_nam": "ALAWATHUPITIYA J.S.V.", "school_lev": "Provincial", "school_typ": "Type 2", "district": "12.Gampaha", "zone": "Negombo" }, "geometry": { "type": "Point", "coordinates": [ 79.88682, 7.113369444000057 ] } },
{ "type": "Feature", "properties": { "school_nam": "ANDIAMBALAMA BUDDHIST P.V.", "school_lev": "Provincial", "school_typ": "Type 3", "district": "12.Gampaha", "zone": "Negombo" }, "geometry": { "type": "Point", "coordinates": [ 79.90728861000008, 7.18721 ] } },
{ "type": "Feature", "properties": { "school_nam": "ETHGALA R.C.K.V.", "school_lev": "Provincial", "school_typ": "Type 2", "district": "12.Gampaha", "zone": "Negombo" }, "geometry": { "type": "Point", "coordinates": [ 79.873539720000053, 7.250822222000068 ] } },
{ "type": "Feature", "properties": { "school_nam": "MARIYA RAJINIE J.S.V.", "school_lev": "Provincial", "school_typ": "Type 2", "district": "12.Gampaha", "zone": "Negombo" }, "geometry": { "type": "Point", "coordinates": [ 79.903183890000037, 7.253111111000067 ] } },
{ "type": "Feature", "properties": { "school_nam": "ST. JOSEPHS J.S.V.", "school_lev": "Provincial", "school_typ": "Type 2", "district": "12.Gampaha", "zone": "Negombo" }, "geometry": { "type": "Point", "coordinates": [ 79.880642500000079, 7.23741194400003 ] } },
{ "type": "Feature", "properties": { "school_nam": "KATUNAYAKA R.C.M.V.", "school_lev": "Provincial", "school_typ": "1C", "district": "12.Gampaha", "zone": "Negombo" }, "geometry": { "type": "Point", "coordinates": [ 79.865330830000062, 7.168973333000054 ] } },
{ "type": "Feature", "properties": { "school_nam": "SRI LANKA AIR FORCE V.", "school_lev": "Provincial", "school_typ": "Type 2", "district": "12.Gampaha", "zone": "Negombo" }, "geometry": { "type": "Point", "coordinates": [ 79.870791940000061, 7.193388889000062 ] } },
{ "type": "Feature", "properties": { "school_nam": "KADIRANA K.V.", "school_lev": "Provincial", "school_typ": "Type 2", "district": "12.Gampaha", "zone": "Negombo" }, "geometry": { "type": "Point", "coordinates": [ 79.88550194000004, 7.218003056000043 ] } },
{ "type": "Feature", "properties": { "school_nam": "KIMBULAPITIYA R.C.P.V.", "school_lev": "Provincial", "school_typ": "Type 3", "district": "12.Gampaha", "zone": "Negombo" }, "geometry": { "type": "Point", "coordinates": [ 79.895616940000082, 7.205709444000036 ] } },
{ "type": "Feature", "properties": { "school_nam": "SRI MEDHANKARA MODEL P.V.", "school_lev": "Provincial", "school_typ": "Type 3", "district": "12.Gampaha", "zone": "Negombo" }, "geometry": { "type": "Point", "coordinates": [ 79.892595830000062, 7.204675556000041 ] } },
{ "type": "Feature", "properties": { "school_nam": "KUSWALA P.V.", "school_lev": "Provincial", "school_typ": "Type 3", "district": "12.Gampaha", "zone": "Negombo" }, "geometry": { "type": "Point", "coordinates": [ 79.892264440000076, 7.148905278000029 ] } },
{ "type": "Feature", "properties": { "school_nam": "KOTUGODA R.C.P.V.", "school_lev": "Provincial", "school_typ": "Type 3", "district": "12.Gampaha", "zone": "Negombo" }, "geometry": { "type": "Point", "coordinates": [ 79.917992780000077, 7.12065472200004 ] } },
{ "type": "Feature", "properties": { "school_nam": "KONDAGAMULLA J.S.V.", "school_lev": "Provincial", "school_typ": "Type 2", "district": "12.Gampaha", "zone": "Negombo" }, "geometry": { "type": "Point", "coordinates": [ 79.905632780000076, 7.223155 ] } },
{ "type": "Feature", "properties": { "school_nam": "ABAYARAJA P.V.", "school_lev": "Provincial", "school_typ": "Type 3", "district": "12.Gampaha", "zone": "Negombo" }, "geometry": { "type": "Point", "coordinates": [ 79.911387220000051, 7.175469167000074 ] } },
{ "type": "Feature", "properties": { "school_nam": "DAVID DE SILVA J.S.V.", "school_lev": "Provincial", "school_typ": "Type 2", "district": "12.Gampaha", "zone": "Negombo" }, "geometry": { "type": "Point", "coordinates": [ 79.914419440000074, 7.179895833000046 ] } },
{ "type": "Feature", "properties": { "school_nam": "ST. JOHN THE BAPTIST M.V.", "school_lev": "Provincial", "school_typ": "1C", "district": "12.Gampaha", "zone": "Negombo" }, "geometry": { "type": "Point", "coordinates": [ 79.885841940000034, 7.267890556000054 ] } },
{ "type": "Feature", "properties": { "school_nam": "ST. MARYS J.S.V.", "school_lev": "Provincial", "school_typ": "Type 2", "district": "12.Gampaha", "zone": "Negombo" }, "geometry": { "type": "Point", "coordinates": [ 79.87931, 7.123025278000057 ] } },
{ "type": "Feature", "properties": { "school_nam": "SRI VIJAYA K.V.", "school_lev": "Provincial", "school_typ": "Type 2", "district": "12.Gampaha", "zone": "Negombo" }, "geometry": { "type": "Point", "coordinates": [ 79.897874440000066, 7.235007778000067 ] } },
{ "type": "Feature", "properties": { "school_nam": "MIRISWATTA P.V.", "school_lev": "Provincial", "school_typ": "Type 3", "district": "12.Gampaha", "zone": "Negombo" }, "geometry": { "type": "Point", "coordinates": [ 79.904696110000032, 7.230644167000037 ] } },
{ "type": "Feature", "properties": { "school_nam": "MURUTHANA K.V.", "school_lev": "Provincial", "school_typ": "Type 2", "district": "12.Gampaha", "zone": "Negombo" }, "geometry": { "type": "Point", "coordinates": [ 79.871068060000084, 7.275261389000036 ] } },
{ "type": "Feature", "properties": { "school_nam": "BANDARANAYAKE J.S.V.", "school_lev": "Provincial", "school_typ": "Type 2", "district": "12.Gampaha", "zone": "Negombo" }, "geometry": { "type": "Point", "coordinates": [ 79.87278278000008, 7.136734722000028 ] } },
{ "type": "Feature", "properties": { "school_nam": "WALANA LAKSHMI J.S.V.", "school_lev": "Provincial", "school_typ": "Type 2", "district": "12.Gampaha", "zone": "Negombo" }, "geometry": { "type": "Point", "coordinates": [ 79.895458610000048, 7.165225833000022 ] } },
{ "type": "Feature", "properties": { "school_nam": "SRI RATHANASARA P.V.", "school_lev": "Provincial", "school_typ": "Type 3", "district": "12.Gampaha", "zone": "Negombo" }, "geometry": { "type": "Point", "coordinates": [ 79.91857, 7.19655083300006 ] } },
{ "type": "Feature", "properties": { "school_nam": "WELIHENA SIN MIXD K.V.", "school_lev": "Provincial", "school_typ": "Type 2", "district": "12.Gampaha", "zone": "Negombo" }, "geometry": { "type": "Point", "coordinates": [ 79.859153890000073, 7.244063056000073 ] } },
{ "type": "Feature", "properties": { "school_nam": "SEEDUWA METHODIST P.V", "school_lev": "Provincial", "school_typ": "Type 3", "district": "12.Gampaha", "zone": "Negombo" }, "geometry": { "type": "Point", "coordinates": [ 79.886373060000039, 7.129529722000029 ] } },
{ "type": "Feature", "properties": { "school_nam": "AMANDOLUWA R.C.P.V.", "school_lev": "Provincial", "school_typ": "Type 3", "district": "12.Gampaha", "zone": "Negombo" }, "geometry": { "type": "Point", "coordinates": [ 79.880976110000063, 7.152023056000075 ] } },
{ "type": "Feature", "properties": { "school_nam": "ANDIAMBALAMA R.C.P.V.", "school_lev": "Provincial", "school_typ": "Type 3", "district": "12.Gampaha", "zone": "Negombo" }, "geometry": { "type": "Point", "coordinates": [ 79.897944720000055, 7.186113889000069 ] } },
{ "type": "Feature", "properties": { "school_nam": "SEEDUWA R.C.P.V.", "school_lev": "Provincial", "school_typ": "Type 3", "district": "12.Gampaha", "zone": "Negombo" }, "geometry": { "type": "Point", "coordinates": [ 79.887191390000055, 7.133258056000045 ] } },
{ "type": "Feature", "properties": { "school_nam": "KOCHCHIKADE ST. PHILIPNERI'S K.V.", "school_lev": "Provincial", "school_typ": "Type 2", "district": "12.Gampaha", "zone": "Negombo" }, "geometry": { "type": "Point", "coordinates": [ 79.864537220000045, 7.263493056000073 ] } },
{ "type": "Feature", "properties": { "school_nam": "RADDOLUGAMA J.S.V.", "school_lev": "Provincial", "school_typ": "Type 3", "district": "12.Gampaha", "zone": "Negombo" }, "geometry": { "type": "Point", "coordinates": [ 79.899507220000032, 7.139678333000063 ] } },
{ "type": "Feature", "properties": { "school_nam": "JEYARAJ FERNANDOPULLE M.V.", "school_lev": "Provincial", "school_typ": "1C", "district": "12.Gampaha", "zone": "Negombo" }, "geometry": { "type": "Point", "coordinates": [ 79.89079361000006, 7.205580556000029 ] } },
{ "type": "Feature", "properties": { "school_nam": "HUNUMULLA M.V.", "school_lev": "Provincial", "school_typ": "1C", "district": "12.Gampaha", "zone": "Minuwangoda" }, "geometry": { "type": "Point", "coordinates": [ 79.995886390000067, 7.24872083300005 ] } },
{ "type": "Feature", "properties": { "school_nam": "KUDAGAMMANA M.V.", "school_lev": "Provincial", "school_typ": "1C", "district": "12.Gampaha", "zone": "Minuwangoda" }, "geometry": { "type": "Point", "coordinates": [ 80.03998861000008, 7.251641389000042 ] } },
{ "type": "Feature", "properties": { "school_nam": "KARUNARATHNE M.V.", "school_lev": "Provincial", "school_typ": "1C", "district": "12.Gampaha", "zone": "Minuwangoda" }, "geometry": { "type": "Point", "coordinates": [ 80.067522780000047, 7.276575833000038 ] } },
{ "type": "Feature", "properties": { "school_nam": "DIVULAPITIYA SRI GNANODAYA M.M.V.", "school_lev": "Provincial", "school_typ": "1AB", "district": "12.Gampaha", "zone": "Minuwangoda" }, "geometry": { "type": "Point", "coordinates": [ 80.018171940000059, 7.22223972200004 ] } },
{ "type": "Feature", "properties": { "school_nam": "DOROWWA M.V.", "school_lev": "Provincial", "school_typ": "Type 2", "district": "12.Gampaha", "zone": "Minuwangoda" }, "geometry": { "type": "Point", "coordinates": [ 80.094073060000085, 7.294543889000067 ] } },
{ "type": "Feature", "properties": { "school_nam": "NAWANA M.V.", "school_lev": "Provincial", "school_typ": "1C", "district": "12.Gampaha", "zone": "Minuwangoda" }, "geometry": { "type": "Point", "coordinates": [ 80.091865560000031, 7.271595 ] } },
{ "type": "Feature", "properties": { "school_nam": "BANDURAGODA DHARMASHOKA M.V.", "school_lev": "Provincial", "school_typ": "1C", "district": "12.Gampaha", "zone": "Minuwangoda" }, "geometry": { "type": "Point", "coordinates": [ 80.066612500000076, 7.232436389000043 ] } },
{ "type": "Feature", "properties": { "school_nam": "MELLAWAGEDARA ANAGARIKA DHARMAPALA M.V.", "school_lev": "Provincial", "school_typ": "1C", "district": "12.Gampaha", "zone": "Minuwangoda" }, "geometry": { "type": "Point", "coordinates": [ 80.032636670000045, 7.285921944000052 ] } },
{ "type": "Feature", "properties": { "school_nam": "ULLALAPOLA P.V.", "school_lev": "Provincial", "school_typ": "Type 3", "district": "12.Gampaha", "zone": "Minuwangoda" }, "geometry": { "type": "Point", "coordinates": [ 80.038284440000041, 7.225470556000062 ] } },
{ "type": "Feature", "properties": { "school_nam": "DIYAGAMPALA P.V.", "school_lev": "Provincial", "school_typ": "Type 3", "district": "12.Gampaha", "zone": "Minuwangoda" }, "geometry": { "type": "Point", "coordinates": [ 80.077483890000053, 7.295012222000025 ] } },
{ "type": "Feature", "properties": { "school_nam": "BALAGALLA P.V.", "school_lev": "Provincial", "school_typ": "Type 3", "district": "12.Gampaha", "zone": "Minuwangoda" }, "geometry": { "type": "Point", "coordinates": [ 80.024332500000071, 7.239838056000053 ] } },
{ "type": "Feature", "properties": { "school_nam": "PATHIGODA P.V.", "school_lev": "Provincial", "school_typ": "Type 3", "district": "12.Gampaha", "zone": "Minuwangoda" }, "geometry": { "type": "Point", "coordinates": [ 80.000298060000034, 7.298975278000057 ] } },
{ "type": "Feature", "properties": { "school_nam": "SEEVALI P.V", "school_lev": "Provincial", "school_typ": "Type 3", "district": "12.Gampaha", "zone": "Minuwangoda" }, "geometry": { "type": "Point", "coordinates": [ 80.07767694000006, 7.253174167000054 ] } },
{ "type": "Feature", "properties": { "school_nam": "MELLAWAGEDARA R.C.P.V", "school_lev": "Provincial", "school_typ": "Type 3", "district": "12.Gampaha", "zone": "Minuwangoda" }, "geometry": { "type": "Point", "coordinates": [ 80.024867220000033, 7.288056389000076 ] } },
{ "type": "Feature", "properties": { "school_nam": "MANINGAMUWA SIRIWARDHANA P.V.", "school_lev": "Provincial", "school_typ": "Type 3", "district": "12.Gampaha", "zone": "Minuwangoda" }, "geometry": { "type": "Point", "coordinates": [ 80.023175830000071, 7.308649167000056 ] } },
{ "type": "Feature", "properties": { "school_nam": "SRI SARANATISSA K.V.", "school_lev": "Provincial", "school_typ": "Type 2", "district": "12.Gampaha", "zone": "Minuwangoda" }, "geometry": { "type": "Point", "coordinates": [ 79.981686110000055, 7.287203889000068 ] } },
{ "type": "Feature", "properties": { "school_nam": "HALPE EKANAYAKA K.V", "school_lev": "Provincial", "school_typ": "Type 2", "district": "12.Gampaha", "zone": "Minuwangoda" }, "geometry": { "type": "Point", "coordinates": [ 80.105187500000056, 7.253818889000058 ] } },
{ "type": "Feature", "properties": { "school_nam": "HANGAWATHTHA RAJAGIRI P.V", "school_lev": "Provincial", "school_typ": "Type 3", "district": "12.Gampaha", "zone": "Minuwangoda" }, "geometry": { "type": "Point", "coordinates": [ 80.057928330000038, 7.232324444000028 ] } },
{ "type": "Feature", "properties": { "school_nam": "KITHULWALA MUNIDASA KUMARATHUNGA K.V", "school_lev": "Provincial", "school_typ": "Type 2", "district": "12.Gampaha", "zone": "Minuwangoda" }, "geometry": { "type": "Point", "coordinates": [ 80.096144170000059, 7.238889722000067 ] } },
{ "type": "Feature", "properties": { "school_nam": "KEHELELLA RANASINGHA P.V", "school_lev": "Provincial", "school_typ": "Type 3", "district": "12.Gampaha", "zone": "Minuwangoda" }, "geometry": { "type": "Point", "coordinates": [ 79.989214170000082, 7.269437778000054 ] } },
{ "type": "Feature", "properties": { "school_nam": "PINNAKELEWATTA P.V.", "school_lev": "Provincial", "school_typ": "Type 3", "district": "12.Gampaha", "zone": "Minuwangoda" }, "geometry": { "type": "Point", "coordinates": [ 80.014495280000062, 7.235743333000073 ] } },
{ "type": "Feature", "properties": { "school_nam": "SRIPALI P.V.", "school_lev": "Provincial", "school_typ": "Type 3", "district": "12.Gampaha", "zone": "Minuwangoda" }, "geometry": { "type": "Point", "coordinates": [ 80.04608944000006, 7.267164722000075 ] } },
{ "type": "Feature", "properties": { "school_nam": "Hapugahagama Saddathissa Sakalasooriya Model Primary School", "school_lev": "Provincial", "school_typ": "Type 3", "district": "12.Gampaha", "zone": "Minuwangoda" }, "geometry": { "type": "Point", "coordinates": [ 80.014273330000037, 7.248089444000072 ] } },
{ "type": "Feature", "properties": { "school_nam": "DELWAGURA MALIYADEWA P.V", "school_lev": "Provincial", "school_typ": "Type 3", "district": "12.Gampaha", "zone": "Minuwangoda" }, "geometry": { "type": "Point", "coordinates": [ 80.00464, 7.264645 ] } },
{ "type": "Feature", "properties": { "school_nam": "MADITHIYAWALA P.V.", "school_lev": "Provincial", "school_typ": "Type 3", "district": "12.Gampaha", "zone": "Minuwangoda" }, "geometry": { "type": "Point", "coordinates": [ 80.06764, 7.242384167000068 ] } },
{ "type": "Feature", "properties": { "school_nam": "HUNUMULLA C.W.W.KANNANGARA MADYA VIDYALAYA", "school_lev": "Provincial", "school_typ": "1AB", "district": "12.Gampaha", "zone": "Minuwangoda" }, "geometry": { "type": "Point", "coordinates": [ 79.997941940000032, 7.241181944000061 ] } },
{ "type": "Feature", "properties": { "school_nam": "ALUTHEPOLA WALAGAMBA M.V", "school_lev": "Provincial", "school_typ": "Type 2", "district": "12.Gampaha", "zone": "Minuwangoda" }, "geometry": { "type": "Point", "coordinates": [ 79.964417780000076, 7.207382778000067 ] } },
{ "type": "Feature", "properties": { "school_nam": "IHALA MADAMPELLA RANASINGHE M.V.", "school_lev": "Provincial", "school_typ": "Type 2", "district": "12.Gampaha", "zone": "Minuwangoda" }, "geometry": { "type": "Point", "coordinates": [ 79.950087780000047, 7.251490278000063 ] } },
{ "type": "Feature", "properties": { "school_nam": "KATUWELLEGAMA NAVODYA M.V.", "school_lev": "Provincial", "school_typ": "1C", "district": "12.Gampaha", "zone": "Minuwangoda" }, "geometry": { "type": "Point", "coordinates": [ 79.941995560000066, 7.210446389000026 ] } },
{ "type": "Feature", "properties": { "school_nam": "GODIGAMUWA M.V.", "school_lev": "Provincial", "school_typ": "1C", "district": "12.Gampaha", "zone": "Minuwangoda" }, "geometry": { "type": "Point", "coordinates": [ 79.95536861000005, 7.271427778000032 ] } },
{ "type": "Feature", "properties": { "school_nam": "DAGONNA M.V.", "school_lev": "Provincial", "school_typ": "Type 2", "district": "12.Gampaha", "zone": "Minuwangoda" }, "geometry": { "type": "Point", "coordinates": [ 79.919563890000063, 7.211602778000042 ] } },
{ "type": "Feature", "properties": { "school_nam": "DUNAGAHA RANASINGHA M.V.", "school_lev": "Provincial", "school_typ": "1C", "district": "12.Gampaha", "zone": "Minuwangoda" }, "geometry": { "type": "Point", "coordinates": [ 79.969485560000066, 7.231469167000057 ] } },
{ "type": "Feature", "properties": { "school_nam": "POPE PAUL THE 6TH M.V.", "school_lev": "Provincial", "school_typ": "1C", "district": "12.Gampaha", "zone": "Minuwangoda" }, "geometry": { "type": "Point", "coordinates": [ 79.92483, 7.2585 ] } },
{ "type": "Feature", "properties": { "school_nam": "WERAGODAMULLA M.V.", "school_lev": "Provincial", "school_typ": "Type 2", "district": "12.Gampaha", "zone": "Minuwangoda" }, "geometry": { "type": "Point", "coordinates": [ 79.977304170000082, 7.197287778000032 ] } },
{ "type": "Feature", "properties": { "school_nam": "AKARAGAMA GUNADASA K.V.", "school_lev": "Provincial", "school_typ": "Type 2", "district": "12.Gampaha", "zone": "Minuwangoda" }, "geometry": { "type": "Point", "coordinates": [ 79.957682220000038, 7.260593056000062 ] } },
{ "type": "Feature", "properties": { "school_nam": "ASSENNAWATTA P.V.", "school_lev": "Provincial", "school_typ": "Type 3", "district": "12.Gampaha", "zone": "Minuwangoda" }, "geometry": { "type": "Point", "coordinates": [ 79.984934440000075, 7.197591111000065 ] } },
{ "type": "Feature", "properties": { "school_nam": "ANDIMULLA P.V.", "school_lev": "Provincial", "school_typ": "Type 3", "district": "12.Gampaha", "zone": "Minuwangoda" }, "geometry": { "type": "Point", "coordinates": [ 79.91485361000008, 7.263554167000052 ] } },
{ "type": "Feature", "properties": { "school_nam": "INDURAGARA SIRI PERAKUM P.V.", "school_lev": "Provincial", "school_typ": "Type 3", "district": "12.Gampaha", "zone": "Minuwangoda" }, "geometry": { "type": "Point", "coordinates": [ 79.963773890000084, 7.240821667000034 ] } },
{ "type": "Feature", "properties": { "school_nam": "KADAWALA RANASINGHE P.V.", "school_lev": "Provincial", "school_typ": "Type 3", "district": "12.Gampaha", "zone": "Minuwangoda" }, "geometry": { "type": "Point", "coordinates": [ 79.949804440000037, 7.23362833300007 ] } },
{ "type": "Feature", "properties": { "school_nam": "KEHELELLA RAHULA P.V.", "school_lev": "Provincial", "school_typ": "Type 3", "district": "12.Gampaha", "zone": "Minuwangoda" }, "geometry": { "type": "Point", "coordinates": [ 79.981423330000041, 7.257825556000057 ] } },
{ "type": "Feature", "properties": { "school_nam": "KOONGODAMULLA ST. ANTHONY'S K.V.", "school_lev": "Provincial", "school_typ": "Type 2", "district": "12.Gampaha", "zone": "Minuwangoda" }, "geometry": { "type": "Point", "coordinates": [ 79.928603060000057, 7.241177500000049 ] } },
{ "type": "Feature", "properties": { "school_nam": "DAGONNA RANASINGHE P.V.", "school_lev": "Provincial", "school_typ": "Type 3", "district": "12.Gampaha", "zone": "Minuwangoda" }, "geometry": { "type": "Point", "coordinates": [ 79.923082220000083, 7.225967500000024 ] } },
{ "type": "Feature", "properties": { "school_nam": "DAGONNA METHODIST P.V.", "school_lev": "Provincial", "school_typ": "Type 3", "district": "12.Gampaha", "zone": "Minuwangoda" }, "geometry": { "type": "Point", "coordinates": [ 79.916265280000061, 7.208603333000042 ] } },
{ "type": "Feature", "properties": { "school_nam": "DAGONNA R.C.P.V.", "school_lev": "Provincial", "school_typ": "Type 3", "district": "12.Gampaha", "zone": "Minuwangoda" }, "geometry": { "type": "Point", "coordinates": [ 79.91634, 7.208436111000026 ] } },
{ "type": "Feature", "properties": { "school_nam": "DAGONNA WIMALANANDA P.V.", "school_lev": "Provincial", "school_typ": "Type 3", "district": "12.Gampaha", "zone": "Minuwangoda" }, "geometry": { "type": "Point", "coordinates": [ 79.925349720000042, 7.208061389000022 ] } },
{ "type": "Feature", "properties": { "school_nam": "SRI GNANAWASA M.V.", "school_lev": "Provincial", "school_typ": "1C", "district": "12.Gampaha", "zone": "Minuwangoda" }, "geometry": { "type": "Point", "coordinates": [ 80.012273060000041, 7.223913611000057 ] } },
{ "type": "Feature", "properties": { "school_nam": "KALUWARIPPUWA EAST P.V.", "school_lev": "Provincial", "school_typ": "Type 3", "district": "12.Gampaha", "zone": "Minuwangoda" }, "geometry": { "type": "Point", "coordinates": [ 79.910845280000046, 7.242108333000033 ] } },
{ "type": "Feature", "properties": { "school_nam": "PALLIYAPITIYA RANASINGHE P.V.", "school_lev": "Provincial", "school_typ": "Type 3", "district": "12.Gampaha", "zone": "Minuwangoda" }, "geometry": { "type": "Point", "coordinates": [ 79.980111110000053, 7.234281667000062 ] } },
{ "type": "Feature", "properties": { "school_nam": "PAHALA MADAMPELLA K.V.", "school_lev": "Provincial", "school_typ": "Type 2", "district": "12.Gampaha", "zone": "Minuwangoda" }, "geometry": { "type": "Point", "coordinates": [ 79.939812780000068, 7.262971389000029 ] } },
{ "type": "Feature", "properties": { "school_nam": "BATEPOLA R.C. P.V.", "school_lev": "Provincial", "school_typ": "Type 3", "district": "12.Gampaha", "zone": "Minuwangoda" }, "geometry": { "type": "Point", "coordinates": [ 79.958630560000074, 7.232417222000038 ] } },
{ "type": "Feature", "properties": { "school_nam": "MARANDAGAHAMULA ANANDA P.V.", "school_lev": "Provincial", "school_typ": "Type 3", "district": "12.Gampaha", "zone": "Minuwangoda" }, "geometry": { "type": "Point", "coordinates": [ 79.992021670000042, 7.227659722000055 ] } },
{ "type": "Feature", "properties": { "school_nam": "HENPITAGEDARA GNANASEEHA P.V.", "school_lev": "Provincial", "school_typ": "Type 3", "district": "12.Gampaha", "zone": "Minuwangoda" }, "geometry": { "type": "Point", "coordinates": [ 79.982951110000045, 7.212836389000074 ] } },
{ "type": "Feature", "properties": { "school_nam": "HORAGASMULLA P.V.", "school_lev": "Provincial", "school_typ": "Type 3", "district": "12.Gampaha", "zone": "Minuwangoda" }, "geometry": { "type": "Point", "coordinates": [ 80.006671940000047, 7.213722222000058 ] } },
{ "type": "Feature", "properties": { "school_nam": "MINUWANGODA NALANDA BOYS M.M.V", "school_lev": "National", "school_typ": "1AB", "district": "12.Gampaha", "zone": "Minuwangoda" }, "geometry": { "type": "Point", "coordinates": [ 79.94961389000008, 7.169633889000067 ] } },
{ "type": "Feature", "properties": { "school_nam": "MINUWANGODA NALANDA BALIKA M.M.V.", "school_lev": "Provincial", "school_typ": "1AB", "district": "12.Gampaha", "zone": "Minuwangoda" }, "geometry": { "type": "Point", "coordinates": [ 79.950409170000057, 7.171101944000043 ] } },
{ "type": "Feature", "properties": { "school_nam": "NILPANAGODA MAHA VIDYALAYA", "school_lev": "Provincial", "school_typ": "Type 2", "district": "12.Gampaha", "zone": "Minuwangoda" }, "geometry": { "type": "Point", "coordinates": [ 79.950416110000049, 7.197432222000032 ] } },
{ "type": "Feature", "properties": { "school_nam": "MABODALA M.V.", "school_lev": "Provincial", "school_typ": "Type 2", "district": "12.Gampaha", "zone": "Minuwangoda" }, "geometry": { "type": "Point", "coordinates": [ 80.018509170000073, 7.19504777800006 ] } },
{ "type": "Feature", "properties": { "school_nam": "HORAMPELLA SEELAWIMALA M.V.", "school_lev": "Provincial", "school_typ": "1C", "district": "12.Gampaha", "zone": "Minuwangoda" }, "geometry": { "type": "Point", "coordinates": [ 79.980483330000084, 7.189136389000055 ] } },
{ "type": "Feature", "properties": { "school_nam": "YATIYANA M.V.", "school_lev": "Provincial", "school_typ": "Type 2", "district": "12.Gampaha", "zone": "Minuwangoda" }, "geometry": { "type": "Point", "coordinates": [ 79.927585280000073, 7.185015833000023 ] } },
{ "type": "Feature", "properties": { "school_nam": "KOPIWATHTHA K.V.", "school_lev": "Provincial", "school_typ": "Type 2", "district": "12.Gampaha", "zone": "Minuwangoda" }, "geometry": { "type": "Point", "coordinates": [ 79.938537220000057, 7.18436527800003 ] } },
{ "type": "Feature", "properties": { "school_nam": "POLWATHTHA SRI RATHANASARA M.V.", "school_lev": "Provincial", "school_typ": "Type 2", "district": "12.Gampaha", "zone": "Minuwangoda" }, "geometry": { "type": "Point", "coordinates": [ 79.936836940000035, 7.153071944000033 ] } },
{ "type": "Feature", "properties": { "school_nam": "YATAGAMA P.V.", "school_lev": "Provincial", "school_typ": "Type 3", "district": "12.Gampaha", "zone": "Minuwangoda" }, "geometry": { "type": "Point", "coordinates": [ 80.030267780000031, 7.175803889000065 ] } },
{ "type": "Feature", "properties": { "school_nam": "YATIYANA R.C.K.V.", "school_lev": "Provincial", "school_typ": "Type 2", "district": "12.Gampaha", "zone": "Minuwangoda" }, "geometry": { "type": "Point", "coordinates": [ 79.929415830000039, 7.17460055600003 ] } },
{ "type": "Feature", "properties": { "school_nam": "WATINAPAHA BUDDHIST PRIMARY SCHOOL", "school_lev": "Provincial", "school_typ": "Type 3", "district": "12.Gampaha", "zone": "Minuwangoda" }, "geometry": { "type": "Point", "coordinates": [ 79.999385, 7.185662500000035 ] } },
{ "type": "Feature", "properties": { "school_nam": "WEGOWWA K.V.", "school_lev": "Provincial", "school_typ": "Type 2", "district": "12.Gampaha", "zone": "Minuwangoda" }, "geometry": { "type": "Point", "coordinates": [ 79.963616670000079, 7.169398611000076 ] } },
{ "type": "Feature", "properties": { "school_nam": "VITHANAMULLA K.V.", "school_lev": "Provincial", "school_typ": "Type 2", "district": "12.Gampaha", "zone": "Minuwangoda" }, "geometry": { "type": "Point", "coordinates": [ 80.032836670000052, 7.199345833000052 ] } },
{ "type": "Feature", "properties": { "school_nam": "KAMARAGODA R.C.J.S.", "school_lev": "Provincial", "school_typ": "Type 2", "district": "12.Gampaha", "zone": "Minuwangoda" }, "geometry": { "type": "Point", "coordinates": [ 79.9886, 7.174767778000046 ] } },
{ "type": "Feature", "properties": { "school_nam": "HORAMPELLA P.V.", "school_lev": "Provincial", "school_typ": "Type 3", "district": "12.Gampaha", "zone": "Minuwangoda" }, "geometry": { "type": "Point", "coordinates": [ 79.981127220000076, 7.182242500000029 ] } },
{ "type": "Feature", "properties": { "school_nam": "ARANGAWA SRI DHAMMARAMA P.V.", "school_lev": "Provincial", "school_typ": "Type 3", "district": "12.Gampaha", "zone": "Minuwangoda" }, "geometry": { "type": "Point", "coordinates": [ 79.96621, 7.182824722000021 ] } },
{ "type": "Feature", "properties": { "school_nam": "OPATHA SRI GUNANANDA P.V.", "school_lev": "Provincial", "school_typ": "Type 3", "district": "12.Gampaha", "zone": "Minuwangoda" }, "geometry": { "type": "Point", "coordinates": [ 79.930124720000038, 7.131153889000075 ] } },
{ "type": "Feature", "properties": { "school_nam": "KALAHUGODA MADAWALA COMBIND JUNIOR S.", "school_lev": "Provincial", "school_typ": "Type 2", "district": "12.Gampaha", "zone": "Minuwangoda" }, "geometry": { "type": "Point", "coordinates": [ 79.914614720000031, 7.159380556000031 ] } },
{ "type": "Feature", "properties": { "school_nam": "GALLOLUWA R.C.P.V.", "school_lev": "Provincial", "school_typ": "Type 3", "district": "12.Gampaha", "zone": "Minuwangoda" }, "geometry": { "type": "Point", "coordinates": [ 79.933543610000072, 7.169676667000033 ] } },
{ "type": "Feature", "properties": { "school_nam": "WATINAPAHA R.C.P.S.", "school_lev": "Provincial", "school_typ": "Type 3", "district": "12.Gampaha", "zone": "Minuwangoda" }, "geometry": { "type": "Point", "coordinates": [ 79.982989720000035, 7.163113889000044 ] } },
{ "type": "Feature", "properties": { "school_nam": "MINUWANGODA PRESIDENT COLLEGE", "school_lev": "Provincial", "school_typ": "1AB", "district": "12.Gampaha", "zone": "Minuwangoda" }, "geometry": { "type": "Point", "coordinates": [ 79.94450444000006, 7.159097222000071 ] } },
{ "type": "Feature", "properties": { "school_nam": "UDUGAMPOLA SENERATH PARANAVITHANA M.V.", "school_lev": "National", "school_typ": "1AB", "district": "12.Gampaha", "zone": "Minuwangoda" }, "geometry": { "type": "Point", "coordinates": [ 79.973284440000043, 7.12400694400003 ] } },
{ "type": "Feature", "properties": { "school_nam": "KOTUGODA SRI RAHULA M.V.", "school_lev": "Provincial", "school_typ": "1C", "district": "12.Gampaha", "zone": "Minuwangoda" }, "geometry": { "type": "Point", "coordinates": [ 79.923349720000033, 7.123058889000049 ] } },
{ "type": "Feature", "properties": { "school_nam": "DEVELAPOLA ANANDA M.V.", "school_lev": "Provincial", "school_typ": "1AB", "district": "12.Gampaha", "zone": "Minuwangoda" }, "geometry": { "type": "Point", "coordinates": [ 79.99793333000008, 7.160764167000025 ] } },
{ "type": "Feature", "properties": { "school_nam": "VIGODA M.V.", "school_lev": "Provincial", "school_typ": "1C", "district": "12.Gampaha", "zone": "Minuwangoda" }, "geometry": { "type": "Point", "coordinates": [ 80.01833694000004, 7.137963056000046 ] } },
{ "type": "Feature", "properties": { "school_nam": "DORANAGODA M.V.", "school_lev": "Provincial", "school_typ": "Type 2", "district": "12.Gampaha", "zone": "Minuwangoda" }, "geometry": { "type": "Point", "coordinates": [ 80.006905830000051, 7.12334472200007 ] } },
{ "type": "Feature", "properties": { "school_nam": "THAMMITA M.V.", "school_lev": "Provincial", "school_typ": "1C", "district": "12.Gampaha", "zone": "Minuwangoda" }, "geometry": { "type": "Point", "coordinates": [ 79.955955560000064, 7.100162778000026 ] } },
{ "type": "Feature", "properties": { "school_nam": "BURULLAPITIYA M. V", "school_lev": "Provincial", "school_typ": "1C", "district": "12.Gampaha", "zone": "Minuwangoda" }, "geometry": { "type": "Point", "coordinates": [ 79.951192220000053, 7.159033333000025 ] } },
{ "type": "Feature", "properties": { "school_nam": "KORASE RANASINGHA M.V.", "school_lev": "Provincial", "school_typ": "Type 2", "district": "12.Gampaha", "zone": "Minuwangoda" }, "geometry": { "type": "Point", "coordinates": [ 80.00532, 7.142042778000075 ] } },
{ "type": "Feature", "properties": { "school_nam": "KALAWANA SENANAYAKA K.V.", "school_lev": "Provincial", "school_typ": "Type 2", "district": "12.Gampaha", "zone": "Minuwangoda" }, "geometry": { "type": "Point", "coordinates": [ 79.960373060000052, 7.160991667000076 ] } },
{ "type": "Feature", "properties": { "school_nam": "WELIYA SRI SUGATHAPALA P.V.", "school_lev": "Provincial", "school_typ": "Type 3", "district": "12.Gampaha", "zone": "Minuwangoda" }, "geometry": { "type": "Point", "coordinates": [ 79.95006611000008, 7.150049444000047 ] } },
{ "type": "Feature", "properties": { "school_nam": "WEEDIYAWATHTHA SENARATH K.V.", "school_lev": "Provincial", "school_typ": "Type 2", "district": "12.Gampaha", "zone": "Minuwangoda" }, "geometry": { "type": "Point", "coordinates": [ 79.966909720000046, 7.144143333000045 ] } },
{ "type": "Feature", "properties": { "school_nam": "PETHIYAGODA BUDDHIST JUNIOR SCHOOL", "school_lev": "Provincial", "school_typ": "Type 2", "district": "12.Gampaha", "zone": "Minuwangoda" }, "geometry": { "type": "Point", "coordinates": [ 79.998275560000081, 7.13551277800002 ] } },
{ "type": "Feature", "properties": { "school_nam": "BALABOWA K.V.", "school_lev": "Provincial", "school_typ": "Type 2", "district": "12.Gampaha", "zone": "Minuwangoda" }, "geometry": { "type": "Point", "coordinates": [ 80.005466670000033, 7.157040833000053 ] } },
{ "type": "Feature", "properties": { "school_nam": "MARAPOLA M.V.", "school_lev": "Provincial", "school_typ": "1C", "district": "12.Gampaha", "zone": "Minuwangoda" }, "geometry": { "type": "Point", "coordinates": [ 80.028015, 7.156379444000038 ] } },
{ "type": "Feature", "properties": { "school_nam": "SRI RATHANAJOTHI K. V.", "school_lev": "Provincial", "school_typ": "Type 2", "district": "12.Gampaha", "zone": "Minuwangoda" }, "geometry": { "type": "Point", "coordinates": [ 80.014086940000084, 7.127179167000065 ] } },
{ "type": "Feature", "properties": { "school_nam": "ASGIRIYA SUDARSHANA K.V.", "school_lev": "Provincial", "school_typ": "Type 2", "district": "12.Gampaha", "zone": "Minuwangoda" }, "geometry": { "type": "Point", "coordinates": [ 79.987463890000072, 7.106639722000068 ] } },
{ "type": "Feature", "properties": { "school_nam": "Asgiriya Mixed K.V.", "school_lev": "Provincial", "school_typ": "Type 2", "district": "12.Gampaha", "zone": "Minuwangoda" }, "geometry": { "type": "Point", "coordinates": [ 79.983855830000039, 7.102360556000065 ] } },
{ "type": "Feature", "properties": { "school_nam": "UGGALBODA P.V.", "school_lev": "Provincial", "school_typ": "Type 3", "district": "12.Gampaha", "zone": "Minuwangoda" }, "geometry": { "type": "Point", "coordinates": [ 79.957439170000043, 7.129436944000076 ] } },
{ "type": "Feature", "properties": { "school_nam": "Nedagamuwa K.V.", "school_lev": "Provincial", "school_typ": "Type 2", "district": "12.Gampaha", "zone": "Minuwangoda" }, "geometry": { "type": "Point", "coordinates": [ 79.958376390000069, 7.119685278000077 ] } },
{ "type": "Feature", "properties": { "school_nam": "SIYAMBALAPITIYA P.V.", "school_lev": "Provincial", "school_typ": "Type 3", "district": "12.Gampaha", "zone": "Minuwangoda" }, "geometry": { "type": "Point", "coordinates": [ 79.934116940000081, 7.116963889000033 ] } },
{ "type": "Feature", "properties": { "school_nam": "MADELGAMUWA P.V.", "school_lev": "Provincial", "school_typ": "Type 3", "district": "12.Gampaha", "zone": "Minuwangoda" }, "geometry": { "type": "Point", "coordinates": [ 79.958764170000052, 7.112352500000043 ] } },
{ "type": "Feature", "properties": { "school_nam": "GANIHIMULLA P.V.", "school_lev": "Provincial", "school_typ": "Type 3", "district": "12.Gampaha", "zone": "Minuwangoda" }, "geometry": { "type": "Point", "coordinates": [ 79.984254440000029, 7.161745 ] } },
{ "type": "Feature", "properties": { "school_nam": "GOIGAMA NAGARAMA P.V.", "school_lev": "Provincial", "school_typ": "Type 3", "district": "12.Gampaha", "zone": "Minuwangoda" }, "geometry": { "type": "Point", "coordinates": [ 79.973244720000082, 7.124841944000025 ] } },
{ "type": "Feature", "properties": { "school_nam": "UDUGAMPOLA P.V.", "school_lev": "Provincial", "school_typ": "Type 3", "district": "12.Gampaha", "zone": "Minuwangoda" }, "geometry": { "type": "Point", "coordinates": [ 79.972281670000029, 7.123356667000053 ] } },
{ "type": "Feature", "properties": { "school_nam": "PETHIYAGODA METHODIST K.V.", "school_lev": "Provincial", "school_typ": "Type 2", "district": "12.Gampaha", "zone": "Minuwangoda" }, "geometry": { "type": "Point", "coordinates": [ 79.991913890000035, 7.142652222000038 ] } },
{ "type": "Feature", "properties": { "school_nam": "YAGODAMULLA P.V.", "school_lev": "Provincial", "school_typ": "Type 3", "district": "12.Gampaha", "zone": "Minuwangoda" }, "geometry": { "type": "Point", "coordinates": [ 79.932135, 7.139938056000062 ] } },
{ "type": "Feature", "properties": { "school_nam": "UDUGAMPOLA R.C.P.S.", "school_lev": "Provincial", "school_typ": "Type 3", "district": "12.Gampaha", "zone": "Minuwangoda" }, "geometry": { "type": "Point", "coordinates": [ 79.978796940000052, 7.131198056000073 ] } },
{ "type": "Feature", "properties": { "school_nam": "ASGIRIWALPOLA P.V.", "school_lev": "Provincial", "school_typ": "Type 3", "district": "12.Gampaha", "zone": "Minuwangoda" }, "geometry": { "type": "Point", "coordinates": [ 79.976998060000085, 7.109157222000022 ] } },
{ "type": "Feature", "properties": { "school_nam": "DR.KULASINGHE M.V.", "school_lev": "Provincial", "school_typ": "1C", "district": "12.Gampaha", "zone": "Negombo" }, "geometry": { "type": "Point", "coordinates": [ 79.894259720000036, 7.111173056000041 ] } },
{ "type": "Feature", "properties": { "school_nam": "KANDANA ST. SEBASTIAN'S BALIKA M.V.", "school_lev": "Provincial", "school_typ": "1AB", "district": "12.Gampaha", "zone": "Negombo" }, "geometry": { "type": "Point", "coordinates": [ 79.889370280000037, 7.046160556000075 ] } },
{ "type": "Feature", "properties": { "school_nam": "THUDELLA NIMALA MARIYA BALIKA M.V.", "school_lev": "Provincial", "school_typ": "1AB", "district": "12.Gampaha", "zone": "Negombo" }, "geometry": { "type": "Point", "coordinates": [ 79.883381670000063, 7.092123611000034 ] } },
{ "type": "Feature", "properties": { "school_nam": "JA-ELA CHRIST KING COLLEGE", "school_lev": "National", "school_typ": "1AB", "district": "12.Gampaha", "zone": "Negombo" }, "geometry": { "type": "Point", "coordinates": [ 79.88967389000004, 7.090216111000075 ] } },
{ "type": "Feature", "properties": { "school_nam": "KANDANA ST. SEBASTIAN'S M.V.", "school_lev": "Provincial", "school_typ": "1AB", "district": "12.Gampaha", "zone": "Negombo" }, "geometry": { "type": "Point", "coordinates": [ 79.889825280000082, 7.047916389000022 ] } },
{ "type": "Feature", "properties": { "school_nam": "JA-ELA ST.MARY'S M.V.", "school_lev": "Provincial", "school_typ": "1C", "district": "12.Gampaha", "zone": "Negombo" }, "geometry": { "type": "Point", "coordinates": [ 79.89238806000003, 7.078064167000036 ] } },
{ "type": "Feature", "properties": { "school_nam": "ST. JOHN THE BAPTIST M.V.", "school_lev": "Provincial", "school_typ": "1C", "district": "12.Gampaha", "zone": "Negombo" }, "geometry": { "type": "Point", "coordinates": [ 79.894693890000042, 7.036212778000049 ] } },
{ "type": "Feature", "properties": { "school_nam": "NIWANDAMA JINARAJA M.V.", "school_lev": "Provincial", "school_typ": "1AB", "district": "12.Gampaha", "zone": "Negombo" }, "geometry": { "type": "Point", "coordinates": [ 79.927542500000072, 7.084418611000046 ] } },
{ "type": "Feature", "properties": { "school_nam": "BATUWATTA M.V.", "school_lev": "Provincial", "school_typ": "1AB", "district": "12.Gampaha", "zone": "Negombo" }, "geometry": { "type": "Point", "coordinates": [ 79.927846670000065, 7.053556944000036 ] } },
{ "type": "Feature", "properties": { "school_nam": "ST. JOSEPH'S J S V", "school_lev": "Provincial", "school_typ": "Type 2", "district": "12.Gampaha", "zone": "Negombo" }, "geometry": { "type": "Point", "coordinates": [ 79.895598330000041, 7.084736389000057 ] } },
{ "type": "Feature", "properties": { "school_nam": "PAGNGNAWASA J S V", "school_lev": "Provincial", "school_typ": "Type 2", "district": "12.Gampaha", "zone": "Negombo" }, "geometry": { "type": "Point", "coordinates": [ 79.881205, 7.09778527800006 ] } },
{ "type": "Feature", "properties": { "school_nam": "JAYANTHI J S V", "school_lev": "Provincial", "school_typ": "Type 2", "district": "12.Gampaha", "zone": "Negombo" }, "geometry": { "type": "Point", "coordinates": [ 79.887306670000044, 7.076998611000022 ] } },
{ "type": "Feature", "properties": { "school_nam": "BATAGAMA SOUTH DHARMASHOKA M.V.", "school_lev": "Provincial", "school_typ": "1C", "district": "12.Gampaha", "zone": "Negombo" }, "geometry": { "type": "Point", "coordinates": [ 79.905938330000083, 7.045495278000033 ] } },
{ "type": "Feature", "properties": { "school_nam": "LANKA SABHA V", "school_lev": "Provincial", "school_typ": "Type 2", "district": "12.Gampaha", "zone": "Negombo" }, "geometry": { "type": "Point", "coordinates": [ 79.883539170000063, 7.095636667000065 ] } },
{ "type": "Feature", "properties": { "school_nam": "HOLY ROSARY V", "school_lev": "Provincial", "school_typ": "1C", "district": "12.Gampaha", "zone": "Negombo" }, "geometry": { "type": "Point", "coordinates": [ 79.882656670000074, 7.107658333000074 ] } },
{ "type": "Feature", "properties": { "school_nam": "KARUNARATHNA M.V.", "school_lev": "Provincial", "school_typ": "1C", "district": "12.Gampaha", "zone": "Negombo" }, "geometry": { "type": "Point", "coordinates": [ 79.932335280000075, 7.044173056000034 ] } },
{ "type": "Feature", "properties": { "school_nam": "ST. JOSEPH'S J S V", "school_lev": "Provincial", "school_typ": "Type 2", "district": "12.Gampaha", "zone": "Negombo" }, "geometry": { "type": "Point", "coordinates": [ 79.905929170000036, 7.039847778000023 ] } },
{ "type": "Feature", "properties": { "school_nam": "SIRIWARDHANA P.V.", "school_lev": "Provincial", "school_typ": "Type 3", "district": "12.Gampaha", "zone": "Negombo" }, "geometry": { "type": "Point", "coordinates": [ 79.917887780000058, 7.060765 ] } },
{ "type": "Feature", "properties": { "school_nam": "BATAGAMA NORTH J S V", "school_lev": "Provincial", "school_typ": "Type 2", "district": "12.Gampaha", "zone": "Negombo" }, "geometry": { "type": "Point", "coordinates": [ 79.897873330000039, 7.063252500000033 ] } },
{ "type": "Feature", "properties": { "school_nam": "MEDDEGODA DHARMARAJA P.V.", "school_lev": "Provincial", "school_typ": "Type 3", "district": "12.Gampaha", "zone": "Negombo" }, "geometry": { "type": "Point", "coordinates": [ 79.947879170000078, 7.05461 ] } },
{ "type": "Feature", "properties": { "school_nam": "YAKKADUWA P.V.", "school_lev": "Provincial", "school_typ": "Type 3", "district": "12.Gampaha", "zone": "Negombo" }, "geometry": { "type": "Point", "coordinates": [ 79.92015278000008, 7.089481944000056 ] } },
{ "type": "Feature", "properties": { "school_nam": "WALPOLA DHARMARATHANA J S V", "school_lev": "Provincial", "school_typ": "Type 2", "district": "12.Gampaha", "zone": "Negombo" }, "geometry": { "type": "Point", "coordinates": [ 79.914541940000049, 7.051198889000034 ] } },
{ "type": "Feature", "properties": { "school_nam": "ST. MARY'S MODEL SCHOOL", "school_lev": "Provincial", "school_typ": "1C", "district": "12.Gampaha", "zone": "Negombo" }, "geometry": { "type": "Point", "coordinates": [ 79.90855361000007, 7.049110556000073 ] } },
{ "type": "Feature", "properties": { "school_nam": "RAGAMA BASILICA M.V.", "school_lev": "Provincial", "school_typ": "1AB", "district": "12.Gampaha", "zone": "Negombo" }, "geometry": { "type": "Point", "coordinates": [ 79.923201670000083, 7.02546527800007 ] } },
{ "type": "Feature", "properties": { "school_nam": "SRI DHARMARAKSHITHA P.V.", "school_lev": "Provincial", "school_typ": "Type 3", "district": "12.Gampaha", "zone": "Negombo" }, "geometry": { "type": "Point", "coordinates": [ 79.931153060000042, 7.03097305600005 ] } },
{ "type": "Feature", "properties": { "school_nam": "KADANA ST SEBASTIAN'S GIRLS P.V.", "school_lev": "Provincial", "school_typ": "Type 3", "district": "12.Gampaha", "zone": "Negombo" }, "geometry": { "type": "Point", "coordinates": [ 79.889182780000056, 7.045585833000075 ] } },
{ "type": "Feature", "properties": { "school_nam": "KALAELIYA P.V.", "school_lev": "Provincial", "school_typ": "Type 3", "district": "12.Gampaha", "zone": "Negombo" }, "geometry": { "type": "Point", "coordinates": [ 79.881598060000044, 7.059793056000046 ] } },
{ "type": "Feature", "properties": { "school_nam": "NARANGODAPALUWA P.V.", "school_lev": "Provincial", "school_typ": "Type 3", "district": "12.Gampaha", "zone": "Negombo" }, "geometry": { "type": "Point", "coordinates": [ 79.933362500000044, 7.047588333000022 ] } },
{ "type": "Feature", "properties": { "school_nam": "BATAGAMA NORTH R C P.V.", "school_lev": "Provincial", "school_typ": "Type 3", "district": "12.Gampaha", "zone": "Negombo" }, "geometry": { "type": "Point", "coordinates": [ 79.897873330000039, 7.063202500000045 ] } },
{ "type": "Feature", "properties": { "school_nam": "BATUWATTA P.V.", "school_lev": "Provincial", "school_typ": "Type 3", "district": "12.Gampaha", "zone": "Negombo" }, "geometry": { "type": "Point", "coordinates": [ 79.928228890000071, 7.05796 ] } },
{ "type": "Feature", "properties": { "school_nam": "NIWANDAMA R C P.V.", "school_lev": "Provincial", "school_typ": "Type 3", "district": "12.Gampaha", "zone": "Negombo" }, "geometry": { "type": "Point", "coordinates": [ 79.930524440000056, 7.08864 ] } },
{ "type": "Feature", "properties": { "school_nam": "BASILICA P.V.", "school_lev": "Provincial", "school_typ": "Type 3", "district": "12.Gampaha", "zone": "Negombo" }, "geometry": { "type": "Point", "coordinates": [ 79.917107500000043, 7.028554167000038 ] } },
{ "type": "Feature", "properties": { "school_nam": "WEWALA P.V.", "school_lev": "Provincial", "school_typ": "Type 3", "district": "12.Gampaha", "zone": "Negombo" }, "geometry": { "type": "Point", "coordinates": [ 79.882699440000067, 7.065956667000023 ] } },
{ "type": "Feature", "properties": { "school_nam": "AL-HILAL CENTRAL COLLEGE", "school_lev": "Provincial", "school_typ": "1AB", "district": "12.Gampaha", "zone": "Negombo" }, "geometry": { "type": "Point", "coordinates": [ 79.846465, 7.219825 ] } },
{ "type": "Feature", "properties": { "school_nam": "WIJERATNAM HINDU CENTRAL COLLEGE", "school_lev": "Provincial", "school_typ": "1AB", "district": "12.Gampaha", "zone": "Negombo" }, "geometry": { "type": "Point", "coordinates": [ 79.837226110000074, 7.213933611000073 ] } },
{ "type": "Feature", "properties": { "school_nam": "AL-FALAH M.V.", "school_lev": "Provincial", "school_typ": "1AB", "district": "12.Gampaha", "zone": "Negombo" }, "geometry": { "type": "Point", "coordinates": [ 79.84412167000005, 7.258757500000058 ] } },
{ "type": "Feature", "properties": { "school_nam": "THOPPU R.C.T.M.V.", "school_lev": "Provincial", "school_typ": "1C", "district": "12.Gampaha", "zone": "Negombo" }, "geometry": { "type": "Point", "coordinates": [ 79.867685560000041, 7.263001667000026 ] } },
{ "type": "Feature", "properties": { "school_nam": "WELIHENA R.C.T.V.", "school_lev": "Provincial", "school_typ": "Type 2", "district": "12.Gampaha", "zone": "Negombo" }, "geometry": { "type": "Point", "coordinates": [ 79.882749440000055, 7.065982778000034 ] } },
{ "type": "Feature", "properties": { "school_nam": "AL-AMAN MUSLIM M.V.", "school_lev": "Provincial", "school_typ": "1C", "district": "12.Gampaha", "zone": "Minuwangoda" }, "geometry": { "type": "Point", "coordinates": [ 79.933920280000052, 7.161876944000028 ] } },
{ "type": "Feature", "properties": { "school_nam": "ORCHARD WATTA M.V.", "school_lev": "Provincial", "school_typ": "Type 2", "district": "12.Gampaha", "zone": "Gampaha" }, "geometry": { "type": "Point", "coordinates": [ 80.089118060000033, 7.131990833000032 ] } },
{ "type": "Feature", "properties": { "school_nam": "KIRIDIWELA SANGAMITHTHA B.M.V.", "school_lev": "Provincial", "school_typ": "1C", "district": "12.Gampaha", "zone": "Gampaha" }, "geometry": { "type": "Point", "coordinates": [ 80.130929440000045, 7.045208333000062 ] } },
{ "type": "Feature", "properties": { "school_nam": "MAKOLA VISHAKA B.M.V.", "school_lev": "Provincial", "school_typ": "1AB", "district": "12.Gampaha", "zone": "Kelaniya" }, "geometry": { "type": "Point", "coordinates": [ 79.952299440000047, 6.970982222000032 ] } },
{ "type": "Feature", "properties": { "school_nam": "DEKATANA  P.V.", "school_lev": "Provincial", "school_typ": "Type 3", "district": "12.Gampaha", "zone": "Gampaha" }, "geometry": { "type": "Point", "coordinates": [ 80.03894917000008, 6.966876389000049 ] } },
{ "type": "Feature", "properties": { "school_nam": "DOMPE DEVI B.M.V.", "school_lev": "Provincial", "school_typ": "1C", "district": "12.Gampaha", "zone": "Gampaha" }, "geometry": { "type": "Point", "coordinates": [ 80.057831110000052, 6.947502222000026 ] } },
{ "type": "Feature", "properties": { "school_nam": "GAMPAHA THAKSHILA M.V.", "school_lev": "Provincial", "school_typ": "1AB", "district": "12.Gampaha", "zone": "Gampaha" }, "geometry": { "type": "Point", "coordinates": [ 80.011709720000056, 7.087122222000062 ] } },
{ "type": "Feature", "properties": { "school_nam": "MANDAWALA P.V.", "school_lev": "Provincial", "school_typ": "Type 3", "district": "12.Gampaha", "zone": "Gampaha" }, "geometry": { "type": "Point", "coordinates": [ 80.093094440000073, 7.008186389000059 ] } },
{ "type": "Feature", "properties": { "school_nam": "WATTALA ST. ANNE'S BALIKA PRIMARY SCHOOL", "school_lev": "Provincial", "school_typ": "Type 3", "district": "12.Gampaha", "zone": "Kelaniya" }, "geometry": { "type": "Point", "coordinates": [ 79.888525830000049, 6.981672778000075 ] } },
{ "type": "Feature", "properties": { "school_nam": "DARANAGAMA RAJASINGHA P.V.", "school_lev": "Provincial", "school_typ": "Type 3", "district": "12.Gampaha", "zone": "Kelaniya" }, "geometry": { "type": "Point", "coordinates": [ 80.002164440000058, 6.988833611000075 ] } },
{ "type": "Feature", "properties": { "school_nam": "ANANDA P.V.", "school_lev": "Provincial", "school_typ": "Type 3", "district": "12.Gampaha", "zone": "Gampaha" }, "geometry": { "type": "Point", "coordinates": [ 80.131579720000047, 7.010120278000045 ] } },
{ "type": "Feature", "properties": { "school_nam": "NELUMWESSA MODEL PRIMARY SCHOOL.", "school_lev": "Provincial", "school_typ": "Type 3", "district": "12.Gampaha", "zone": "Kelaniya" }, "geometry": { "type": "Point", "coordinates": [ 79.970317780000073, 7.028308889000073 ] } },
{ "type": "Feature", "properties": { "school_nam": "AL-MAHAMOOD M.V.", "school_lev": "Provincial", "school_typ": "1C", "district": "12.Gampaha", "zone": "Kelaniya" }, "geometry": { "type": "Point", "coordinates": [ 80.017289170000083, 6.96577944400002 ] } },
{ "type": "Feature", "properties": { "school_nam": "MALWANA AL MUBARAK P.V.", "school_lev": "Provincial", "school_typ": "Type 3", "district": "12.Gampaha", "zone": "Kelaniya" }, "geometry": { "type": "Point", "coordinates": [ 80.01182139000008, 6.952245556000037 ] } },
{ "type": "Feature", "properties": { "school_nam": "DHARUSSALAM P.V.", "school_lev": "Provincial", "school_typ": "Type 3", "district": "12.Gampaha", "zone": "Gampaha" }, "geometry": { "type": "Point", "coordinates": [ 80.071306390000075, 7.11985111100006 ] } },
{ "type": "Feature", "properties": { "school_nam": "KIRILLAWALA LAMA MITHURU MODEL  PRIMARY SCHOOL", "school_lev": "Provincial", "school_typ": "Type 3", "district": "12.Gampaha", "zone": "Kelaniya" }, "geometry": { "type": "Point", "coordinates": [ 79.966267220000077, 7.015871111000024 ] } },
{ "type": "Feature", "properties": { "school_nam": "PELIYAGODA DESHAMANYA H.K.DHARMADASA P.V.", "school_lev": "Provincial", "school_typ": "Type 3", "district": "12.Gampaha", "zone": "Kelaniya" }, "geometry": { "type": "Point", "coordinates": [ 79.884843060000037, 6.957198611000024 ] } },
{ "type": "Feature", "properties": { "school_nam": "HEENKENDA P.V.", "school_lev": "Provincial", "school_typ": "Type 3", "district": "12.Gampaha", "zone": "Kelaniya" }, "geometry": { "type": "Point", "coordinates": [ 79.92138194000006, 7.020038611000075 ] } },
{ "type": "Feature", "properties": { "school_nam": "SRI SUMANGALA P.V.", "school_lev": "Provincial", "school_typ": "Type 3", "district": "12.Gampaha", "zone": "Kelaniya" }, "geometry": { "type": "Point", "coordinates": [ 79.921811670000068, 6.984889167000063 ] } },
{ "type": "Feature", "properties": { "school_nam": "REGGIE RANATHUNGA P.V.", "school_lev": "Provincial", "school_typ": "Type 3", "district": "12.Gampaha", "zone": "Minuwangoda" }, "geometry": { "type": "Point", "coordinates": [ 79.94606667000005, 7.15546 ] } },
{ "type": "Feature", "properties": { "school_nam": "DHARANAGAMA P.V.", "school_lev": "Provincial", "school_typ": "Type 3", "district": "12.Gampaha", "zone": "Kelaniya" }, "geometry": { "type": "Point", "coordinates": [ 79.983479170000066, 6.982160833000023 ] } },
{ "type": "Feature", "properties": { "school_nam": "KARUNARATHNA BUDDISHT P.V.", "school_lev": "Provincial", "school_typ": "Type 3", "district": "12.Gampaha", "zone": "Kelaniya" }, "geometry": { "type": "Point", "coordinates": [ 79.89643583000003, 7.014652222000052 ] } },
{ "type": "Feature", "properties": { "school_nam": "JINARAJA P.V.", "school_lev": "Provincial", "school_typ": "Type 3", "district": "12.Gampaha", "zone": "Negombo" }, "geometry": { "type": "Point", "coordinates": [ 79.926340830000072, 7.083351667000045 ] } },
{ "type": "Feature", "properties": { "school_nam": "KOTUGODA SRI RAHULA P.V.", "school_lev": "Provincial", "school_typ": "Type 3", "district": "12.Gampaha", "zone": "Minuwangoda" }, "geometry": { "type": "Point", "coordinates": [ 79.923376670000039, 7.12583416700005 ] } },
{ "type": "Feature", "properties": { "school_nam": "SRI PANGNANANADA P.V.", "school_lev": "Provincial", "school_typ": "Type 3", "district": "12.Gampaha", "zone": "Negombo" }, "geometry": { "type": "Point", "coordinates": [ 79.897313610000083, 7.130856667000046 ] } },
{ "type": "Feature", "properties": { "school_nam": "REGGIE RANATHUNGA SCIENCE COLLEGE", "school_lev": "Provincial", "school_typ": "Type 2", "district": "12.Gampaha", "zone": "Minuwangoda" }, "geometry": { "type": "Point", "coordinates": [ 79.945379440000067, 7.154343056000073 ] } },
{ "type": "Feature", "properties": { "school_nam": "MARAPOLA P.V.", "school_lev": "Provincial", "school_typ": "Type 3", "district": "12.Gampaha", "zone": "Minuwangoda" }, "geometry": { "type": "Point", "coordinates": [ 80.028015, 7.156379444000038 ] } },
{ "type": "Feature", "properties": { "school_nam": "WADDUWA M M.V.", "school_lev": "Provincial", "school_typ": "1AB", "district": "13.Kalutara", "zone": "Kalutara" }, "geometry": { "type": "Point", "coordinates": [ 79.93612, 6.66088 ] } },
{ "type": "Feature", "properties": { "school_nam": "PANADURA BALIKA M.V.", "school_lev": "Provincial", "school_typ": "1AB", "district": "13.Kalutara", "zone": "Kalutara" }, "geometry": { "type": "Point", "coordinates": [ 79.90755, 6.71359 ] } },
{ "type": "Feature", "properties": { "school_nam": "PANADURA ST. JOHN'S M.V.", "school_lev": "National", "school_typ": "1AB", "district": "13.Kalutara", "zone": "Kalutara" }, "geometry": { "type": "Point", "coordinates": [ 79.91166749000007, 6.722355858000071 ] } },
{ "type": "Feature", "properties": { "school_nam": "PANADURA SRI SUMANGALA COLLEGE", "school_lev": "National", "school_typ": "1AB", "district": "13.Kalutara", "zone": "Kalutara" }, "geometry": { "type": "Point", "coordinates": [ 79.909804200000053, 6.710203039000021 ] } },
{ "type": "Feature", "properties": { "school_nam": "PANADURA SRI SUMANGALA BALIKA M.V.", "school_lev": "National", "school_typ": "1AB", "district": "13.Kalutara", "zone": "Kalutara" }, "geometry": { "type": "Point", "coordinates": [ 79.907937290000064, 6.700354681000022 ] } },
{ "type": "Feature", "properties": { "school_nam": "NALLURUWA SIRI SEEVALI K. V.", "school_lev": "Provincial", "school_typ": "Type 2", "district": "13.Kalutara", "zone": "Kalutara" }, "geometry": { "type": "Point", "coordinates": [ 79.91627, 6.69533 ] } },
{ "type": "Feature", "properties": { "school_nam": "WALANA MAHANAMA M.V.", "school_lev": "Provincial", "school_typ": "1AB", "district": "13.Kalutara", "zone": "Kalutara" }, "geometry": { "type": "Point", "coordinates": [ 79.90766, 6.72576 ] } },
{ "type": "Feature", "properties": { "school_nam": "SARIKKAMULLA SRI THAKSALA M.V.", "school_lev": "Provincial", "school_typ": "1C", "district": "13.Kalutara", "zone": "Kalutara" }, "geometry": { "type": "Point", "coordinates": [ 79.90271, 6.75293 ] } },
{ "type": "Feature", "properties": { "school_nam": "PANADURA ST. ANTHONY'S B.M.V.", "school_lev": "Provincial", "school_typ": "1C", "district": "13.Kalutara", "zone": "Kalutara" }, "geometry": { "type": "Point", "coordinates": [ 79.90475, 6.71667 ] } },
{ "type": "Feature", "properties": { "school_nam": "PANADURA ST. ANTHONY'S GIRLS SCHOOL", "school_lev": "Provincial", "school_typ": "1C", "district": "13.Kalutara", "zone": "Kalutara" }, "geometry": { "type": "Point", "coordinates": [ 79.90872, 6.71043 ] } },
{ "type": "Feature", "properties": { "school_nam": "HORETHUDUWA SRI CHANDRASEKARA M.V.", "school_lev": "Provincial", "school_typ": "1C", "district": "13.Kalutara", "zone": "Kalutara" }, "geometry": { "type": "Point", "coordinates": [ 79.89185, 6.76896 ] } },
{ "type": "Feature", "properties": { "school_nam": "BAUDDHALOKA M.V.", "school_lev": "Provincial", "school_typ": "1C", "district": "13.Kalutara", "zone": "Kalutara" }, "geometry": { "type": "Point", "coordinates": [ 79.91965, 6.71018 ] } },
{ "type": "Feature", "properties": { "school_nam": "WADDUWA ST. MARY'S M.V.", "school_lev": "Provincial", "school_typ": "1C", "district": "13.Kalutara", "zone": "Kalutara" }, "geometry": { "type": "Point", "coordinates": [ 79.92604, 6.67009 ] } },
{ "type": "Feature", "properties": { "school_nam": "PINWATTA P.V.", "school_lev": "Provincial", "school_typ": "Type 3", "district": "13.Kalutara", "zone": "Kalutara" }, "geometry": { "type": "Point", "coordinates": [ 79.91663, 6.68802 ] } },
{ "type": "Feature", "properties": { "school_nam": "WADDUWA DHARMAPALA VIDYALAYA", "school_lev": "Provincial", "school_typ": "Type 2", "district": "13.Kalutara", "zone": "Kalutara" }, "geometry": { "type": "Point", "coordinates": [ 79.93102, 6.66917 ] } },
{ "type": "Feature", "properties": { "school_nam": "JERAMIYAS DIAS K.V.", "school_lev": "Provincial", "school_typ": "Type 2", "district": "13.Kalutara", "zone": "Kalutara" }, "geometry": { "type": "Point", "coordinates": [ 79.91163, 6.71643 ] } },
{ "type": "Feature", "properties": { "school_nam": "KURUPPUMULLA PRARAKKAMA P.V.", "school_lev": "Provincial", "school_typ": "Type 3", "district": "13.Kalutara", "zone": "Kalutara" }, "geometry": { "type": "Point", "coordinates": [ 79.91971, 6.72199 ] } },
{ "type": "Feature", "properties": { "school_nam": "KESELWATHTHA SRI JINADHARMADANA V.", "school_lev": "Provincial", "school_typ": "Type 2", "district": "13.Kalutara", "zone": "Kalutara" }, "geometry": { "type": "Point", "coordinates": [ 79.90584, 6.75223 ] } },
{ "type": "Feature", "properties": { "school_nam": "SISU VIRU VIDYALAYA", "school_lev": "Provincial", "school_typ": "Type 2", "district": "13.Kalutara", "zone": "Kalutara" }, "geometry": { "type": "Point", "coordinates": [ 79.89878, 6.75935 ] } },
{ "type": "Feature", "properties": { "school_nam": "THANTHIRIMULLA P.V.", "school_lev": "Provincial", "school_typ": "Type 3", "district": "13.Kalutara", "zone": "Kalutara" }, "geometry": { "type": "Point", "coordinates": [ 79.92559, 6.72819 ] } },
{ "type": "Feature", "properties": { "school_nam": "THALPITIYA P.V.", "school_lev": "Provincial", "school_typ": "Type 3", "district": "13.Kalutara", "zone": "Kalutara" }, "geometry": { "type": "Point", "coordinates": [ 79.92761, 6.67743 ] } },
{ "type": "Feature", "properties": { "school_nam": "UPADYA M.V.", "school_lev": "Provincial", "school_typ": "Type 2", "district": "13.Kalutara", "zone": "Kalutara" }, "geometry": { "type": "Point", "coordinates": [ 79.90574, 6.71258 ] } },
{ "type": "Feature", "properties": { "school_nam": "DIBBEDDA GUNAWARDHANA P.V.", "school_lev": "Provincial", "school_typ": "Type 3", "district": "13.Kalutara", "zone": "Kalutara" }, "geometry": { "type": "Point", "coordinates": [ 79.92304, 6.70062 ] } },
{ "type": "Feature", "properties": { "school_nam": "BEKKEGAMA P. V.", "school_lev": "Provincial", "school_typ": "Type 3", "district": "13.Kalutara", "zone": "Kalutara" }, "geometry": { "type": "Point", "coordinates": [ 79.91993, 6.73275 ] } },
{ "type": "Feature", "properties": { "school_nam": "MADAWILGODA SRI GNANANDA K. V.", "school_lev": "Provincial", "school_typ": "Type 2", "district": "13.Kalutara", "zone": "Kalutara" }, "geometry": { "type": "Point", "coordinates": [ 79.92776, 6.68768 ] } },
{ "type": "Feature", "properties": { "school_nam": "MAHAWADDUWA P. V.", "school_lev": "Provincial", "school_typ": "Type 3", "district": "13.Kalutara", "zone": "Kalutara" }, "geometry": { "type": "Point", "coordinates": [ 79.93819, 6.67542 ] } },
{ "type": "Feature", "properties": { "school_nam": "MOLLIGODA P. V.", "school_lev": "Provincial", "school_typ": "Type 3", "district": "13.Kalutara", "zone": "Kalutara" }, "geometry": { "type": "Point", "coordinates": [ 79.93597, 6.65017 ] } },
{ "type": "Feature", "properties": { "school_nam": "RATHWATHTH DIYAMANTHI JUBILEE V.", "school_lev": "Provincial", "school_typ": "Type 2", "district": "13.Kalutara", "zone": "Kalutara" }, "geometry": { "type": "Point", "coordinates": [ 79.90519, 6.73656 ] } },
{ "type": "Feature", "properties": { "school_nam": "WADDUWA B.V.", "school_lev": "Provincial", "school_typ": "Type 2", "district": "13.Kalutara", "zone": "Kalutara" }, "geometry": { "type": "Point", "coordinates": [ 79.92925, 6.66316 ] } },
{ "type": "Feature", "properties": { "school_nam": "WERAGAMA VIDYALAYA", "school_lev": "Provincial", "school_typ": "Type 3", "district": "13.Kalutara", "zone": "Kalutara" }, "geometry": { "type": "Point", "coordinates": [ 79.94061, 6.68063 ] } },
{ "type": "Feature", "properties": { "school_nam": "PANADURA ROYAL COLLEGE", "school_lev": "Provincial", "school_typ": "1AB", "district": "13.Kalutara", "zone": "Kalutara" }, "geometry": { "type": "Point", "coordinates": [ 79.90967, 6.70495 ] } },
{ "type": "Feature", "properties": { "school_nam": "METHODIST P.V.", "school_lev": "Provincial", "school_typ": "Type 3", "district": "13.Kalutara", "zone": "Kalutara" }, "geometry": { "type": "Point", "coordinates": [ 79.90727, 6.71055 ] } },
{ "type": "Feature", "properties": { "school_nam": "SARIKKALIMULLA R.C.P.V.", "school_lev": "Provincial", "school_typ": "Type 3", "district": "13.Kalutara", "zone": "Kalutara" }, "geometry": { "type": "Point", "coordinates": [ 79.89872, 6.75229 ] } },
{ "type": "Feature", "properties": { "school_nam": "PANADURA AGAMETHI BALIKA M.V.", "school_lev": "Provincial", "school_typ": "1AB", "district": "13.Kalutara", "zone": "Kalutara" }, "geometry": { "type": "Point", "coordinates": [ 79.90636, 6.70893 ] } },
{ "type": "Feature", "properties": { "school_nam": "BANDARAGAMA M.M.V.", "school_lev": "National", "school_typ": "1AB", "district": "13.Kalutara", "zone": "Horana" }, "geometry": { "type": "Point", "coordinates": [ 79.98769671000008, 6.711163343000067 ] } },
{ "type": "Feature", "properties": { "school_nam": "WEVITA MAITHREE M.V.", "school_lev": "Provincial", "school_typ": "1AB", "district": "13.Kalutara", "zone": "Horana" }, "geometry": { "type": "Point", "coordinates": [ 79.99254, 6.70452 ] } },
{ "type": "Feature", "properties": { "school_nam": "ALUBOMULLA S.MAHINDA M.V", "school_lev": "Provincial", "school_typ": "1C", "district": "13.Kalutara", "zone": "Horana" }, "geometry": { "type": "Point", "coordinates": [ 79.95485, 6.70823 ] } },
{ "type": "Feature", "properties": { "school_nam": "SRI SARALANKARA M.V.", "school_lev": "Provincial", "school_typ": "1C", "district": "13.Kalutara", "zone": "Horana" }, "geometry": { "type": "Point", "coordinates": [ 79.97112, 6.74927 ] } },
{ "type": "Feature", "properties": { "school_nam": "DOMBAGODA SEELARATHANA M.V", "school_lev": "Provincial", "school_typ": "1C", "district": "13.Kalutara", "zone": "Horana" }, "geometry": { "type": "Point", "coordinates": [ 80.04998, 6.65066 ] } },
{ "type": "Feature", "properties": { "school_nam": "PARAGASTHOTA VIDYALOKA M.V", "school_lev": "Provincial", "school_typ": "1C", "district": "13.Kalutara", "zone": "Horana" }, "geometry": { "type": "Point", "coordinates": [ 80.0042, 6.67467 ] } },
{ "type": "Feature", "properties": { "school_nam": "RAIGAMA PATHAHAWATHTHA SRI SWARNAJOTHI K.V", "school_lev": "Provincial", "school_typ": "Type 2", "district": "13.Kalutara", "zone": "Horana" }, "geometry": { "type": "Point", "coordinates": [ 80.01603, 6.72291 ] } },
{ "type": "Feature", "properties": { "school_nam": "MALLAMULLA M.V.", "school_lev": "Provincial", "school_typ": "1C", "district": "13.Kalutara", "zone": "Kalutara" }, "geometry": { "type": "Point", "coordinates": [ 79.94079, 6.72156 ] } },
{ "type": "Feature", "properties": { "school_nam": "MILLANIYA SRI DEWARAKSHITHA M.V.", "school_lev": "Provincial", "school_typ": "1C", "district": "13.Kalutara", "zone": "Horana" }, "geometry": { "type": "Point", "coordinates": [ 80.02074, 6.68393 ] } },
{ "type": "Feature", "properties": { "school_nam": "LABUGAMA VIJITHA K.V.", "school_lev": "Provincial", "school_typ": "Type 2", "district": "13.Kalutara", "zone": "Horana" }, "geometry": { "type": "Point", "coordinates": [ 80.04761, 6.68471 ] } },
{ "type": "Feature", "properties": { "school_nam": "ARUGGODA SRI PARAKKRAMA M.V.", "school_lev": "Provincial", "school_typ": "1C", "district": "13.Kalutara", "zone": "Horana" }, "geometry": { "type": "Point", "coordinates": [ 79.95492, 6.72005 ] } },
{ "type": "Feature", "properties": { "school_nam": "UDUWARA K.V.", "school_lev": "Provincial", "school_typ": "Type 2", "district": "13.Kalutara", "zone": "Horana" }, "geometry": { "type": "Point", "coordinates": [ 80.06405, 6.62086 ] } },
{ "type": "Feature", "properties": { "school_nam": "KAMBURUGODA K.V.", "school_lev": "Provincial", "school_typ": "Type 3", "district": "13.Kalutara", "zone": "Horana" }, "geometry": { "type": "Point", "coordinates": [ 79.98296, 6.72082 ] } },
{ "type": "Feature", "properties": { "school_nam": "GALPATHA K.V.", "school_lev": "Provincial", "school_typ": "Type 2", "district": "13.Kalutara", "zone": "Horana" }, "geometry": { "type": "Point", "coordinates": [ 80.02896, 6.62956 ] } },
{ "type": "Feature", "properties": { "school_nam": "KIMMANTHUDAWA SRI SUMANAJOTHI P.V.", "school_lev": "Provincial", "school_typ": "Type 3", "district": "13.Kalutara", "zone": "Horana" }, "geometry": { "type": "Point", "coordinates": [ 79.99814, 6.68886 ] } },
{ "type": "Feature", "properties": { "school_nam": "GUNGAMUWA K.V", "school_lev": "Provincial", "school_typ": "Type 2", "district": "13.Kalutara", "zone": "Horana" }, "geometry": { "type": "Point", "coordinates": [ 80.0174, 6.71001 ] } },
{ "type": "Feature", "properties": { "school_nam": "THALAHITIYA K.V.", "school_lev": "Provincial", "school_typ": "Type 2", "district": "13.Kalutara", "zone": "Horana" }, "geometry": { "type": "Point", "coordinates": [ 80.03644, 6.60034 ] } },
{ "type": "Feature", "properties": { "school_nam": "PATHAKADA K.V.", "school_lev": "Provincial", "school_typ": "Type 2", "district": "13.Kalutara", "zone": "Horana" }, "geometry": { "type": "Point", "coordinates": [ 80.04404, 6.62597 ] } },
{ "type": "Feature", "properties": { "school_nam": "PELPOLA K.V.", "school_lev": "Provincial", "school_typ": "Type 2", "district": "13.Kalutara", "zone": "Horana" }, "geometry": { "type": "Point", "coordinates": [ 79.99962, 6.64785 ] } },
{ "type": "Feature", "properties": { "school_nam": "BATAGODA P.V.", "school_lev": "Provincial", "school_typ": "Type 3", "district": "13.Kalutara", "zone": "Horana" }, "geometry": { "type": "Point", "coordinates": [ 80.03869, 6.65311 ] } },
{ "type": "Feature", "properties": { "school_nam": "SETHNADEE P.V", "school_lev": "Provincial", "school_typ": "Type 3", "district": "13.Kalutara", "zone": "Horana" }, "geometry": { "type": "Point", "coordinates": [ 79.97172, 6.706 ] } },
{ "type": "Feature", "properties": { "school_nam": "MAHAWILA K.V.", "school_lev": "Provincial", "school_typ": "1C", "district": "13.Kalutara", "zone": "Horana" }, "geometry": { "type": "Point", "coordinates": [ 79.93487, 6.70759 ] } },
{ "type": "Feature", "properties": { "school_nam": "YATAWARA SHI GNANAWIMALA K.V.", "school_lev": "Provincial", "school_typ": "Type 2", "district": "13.Kalutara", "zone": "Horana" }, "geometry": { "type": "Point", "coordinates": [ 80.03545, 6.60012 ] } },
{ "type": "Feature", "properties": { "school_nam": "RAMUKKANA VIDYALOKA K.V.", "school_lev": "Provincial", "school_typ": "Type 2", "district": "13.Kalutara", "zone": "Horana" }, "geometry": { "type": "Point", "coordinates": [ 79.9849, 6.70922 ] } },
{ "type": "Feature", "properties": { "school_nam": "LOKAPILA LAKSHMI P.V", "school_lev": "Provincial", "school_typ": "Type 3", "district": "13.Kalutara", "zone": "Horana" }, "geometry": { "type": "Point", "coordinates": [ 79.99358, 6.721497 ] } },
{ "type": "Feature", "properties": { "school_nam": "HALTHOTA K.V.", "school_lev": "Provincial", "school_typ": "Type 3", "district": "13.Kalutara", "zone": "Horana" }, "geometry": { "type": "Point", "coordinates": [ 80.03094, 6.69282 ] } },
{ "type": "Feature", "properties": { "school_nam": "HIRANA PRIMARY SCHOOL", "school_lev": "Provincial", "school_typ": "Type 3", "district": "13.Kalutara", "zone": "Kalutara" }, "geometry": { "type": "Point", "coordinates": [ 79.93934, 6.73987 ] } },
{ "type": "Feature", "properties": { "school_nam": "WANDURAMULLA SRI RAHULA K.V.", "school_lev": "Provincial", "school_typ": "Type 2", "district": "13.Kalutara", "zone": "Horana" }, "geometry": { "type": "Point", "coordinates": [ 79.93403, 6.71598 ] } },
{ "type": "Feature", "properties": { "school_nam": "WALGAMA SRI SADDHATHISSA M.V.", "school_lev": "Provincial", "school_typ": "1C", "district": "13.Kalutara", "zone": "Horana" }, "geometry": { "type": "Point", "coordinates": [ 79.99074, 6.73593 ] } },
{ "type": "Feature", "properties": { "school_nam": "WELIKALA TAXILA P.V.", "school_lev": "Provincial", "school_typ": "Type 3", "district": "13.Kalutara", "zone": "Horana" }, "geometry": { "type": "Point", "coordinates": [ 80.03937, 6.71025 ] } },
{ "type": "Feature", "properties": { "school_nam": "GALTHUDE DHAMMAKIRTHI P.V.", "school_lev": "Provincial", "school_typ": "Type 3", "district": "13.Kalutara", "zone": "Horana" }, "geometry": { "type": "Point", "coordinates": [ 79.98394, 6.6954 ] } },
{ "type": "Feature", "properties": { "school_nam": "WEEDAGAMA P.V.", "school_lev": "Provincial", "school_typ": "Type 2", "district": "13.Kalutara", "zone": "Horana" }, "geometry": { "type": "Point", "coordinates": [ 80.0026, 6.73042 ] } },
{ "type": "Feature", "properties": { "school_nam": "VENIVELPITIYA K.V.", "school_lev": "Provincial", "school_typ": "Type 2", "district": "13.Kalutara", "zone": "Horana" }, "geometry": { "type": "Point", "coordinates": [ 80.03502, 6.66801 ] } },
{ "type": "Feature", "properties": { "school_nam": "ALUTHGAMA P.V.", "school_lev": "Provincial", "school_typ": "Type 3", "district": "13.Kalutara", "zone": "Horana" }, "geometry": { "type": "Point", "coordinates": [ 79.97271, 6.73425 ] } },
{ "type": "Feature", "properties": { "school_nam": "KATAGODA P.V.", "school_lev": "Provincial", "school_typ": "Type 3", "district": "13.Kalutara", "zone": "Horana" }, "geometry": { "type": "Point", "coordinates": [ 80.01096, 6.68923 ] } },
{ "type": "Feature", "properties": { "school_nam": "IBULAHENA P.V.", "school_lev": "Provincial", "school_typ": "Type 3", "district": "13.Kalutara", "zone": "Horana" }, "geometry": { "type": "Point", "coordinates": [ 80.01366, 6.66211 ] } },
{ "type": "Feature", "properties": { "school_nam": "MAHABELLANA P.V.", "school_lev": "Provincial", "school_typ": "Type 3", "district": "13.Kalutara", "zone": "Horana" }, "geometry": { "type": "Point", "coordinates": [ 79.95185, 6.70682 ] } },
{ "type": "Feature", "properties": { "school_nam": "MAHABELLANA SAMARANAYAKA P.V.", "school_lev": "Provincial", "school_typ": "Type 3", "district": "13.Kalutara", "zone": "Horana" }, "geometry": { "type": "Point", "coordinates": [ 79.96373, 6.6961 ] } },
{ "type": "Feature", "properties": { "school_nam": "RERUKANA SAMARANAYAKAPURA P.V.", "school_lev": "Provincial", "school_typ": "Type 3", "district": "13.Kalutara", "zone": "Horana" }, "geometry": { "type": "Point", "coordinates": [ 80.00677, 6.73935 ] } },
{ "type": "Feature", "properties": { "school_nam": "HORANA TAXILA M.M.V", "school_lev": "National", "school_typ": "1AB", "district": "13.Kalutara", "zone": "Horana" }, "geometry": { "type": "Point", "coordinates": [ 80.060843660000046, 6.711501754000039 ] } },
{ "type": "Feature", "properties": { "school_nam": "INGIRIYA GAMINI M.M.V.", "school_lev": "Provincial", "school_typ": "1AB", "district": "13.Kalutara", "zone": "Horana" }, "geometry": { "type": "Point", "coordinates": [ 80.17329, 6.74494 ] } },
{ "type": "Feature", "properties": { "school_nam": "HORANA SRIPALEE M.V.", "school_lev": "National", "school_typ": "1AB", "district": "13.Kalutara", "zone": "Horana" }, "geometry": { "type": "Point", "coordinates": [ 80.068619, 6.707592 ] } },
{ "type": "Feature", "properties": { "school_nam": "SRI SUMANGALA M.V.", "school_lev": "Provincial", "school_typ": "1C", "district": "13.Kalutara", "zone": "Horana" }, "geometry": { "type": "Point", "coordinates": [ 80.03896, 6.76615 ] } },
{ "type": "Feature", "properties": { "school_nam": "PALANNORUWA M.M.V.", "school_lev": "Provincial", "school_typ": "1AB", "district": "13.Kalutara", "zone": "Horana" }, "geometry": { "type": "Point", "coordinates": [ 80.01834, 6.76179 ] } },
{ "type": "Feature", "properties": { "school_nam": "MAPUTUGALA M.V.", "school_lev": "Provincial", "school_typ": "1C", "district": "13.Kalutara", "zone": "Horana" }, "geometry": { "type": "Point", "coordinates": [ 80.12568, 6.76129 ] } },
{ "type": "Feature", "properties": { "school_nam": "MILLEWA M.V.", "school_lev": "Provincial", "school_typ": "1C", "district": "13.Kalutara", "zone": "Horana" }, "geometry": { "type": "Point", "coordinates": [ 80.08518, 6.79142 ] } },
{ "type": "Feature", "properties": { "school_nam": "MEEWANAPALANA M.V.", "school_lev": "Provincial", "school_typ": "1C", "district": "13.Kalutara", "zone": "Horana" }, "geometry": { "type": "Point", "coordinates": [ 80.10627, 6.74588 ] } },
{ "type": "Feature", "properties": { "school_nam": "HORANA SRI MEDHANKARA M.V.", "school_lev": "Provincial", "school_typ": "1AB", "district": "13.Kalutara", "zone": "Horana" }, "geometry": { "type": "Point", "coordinates": [ 80.05661, 6.72473 ] } },
{ "type": "Feature", "properties": { "school_nam": "SAGARAPALANSOORIYA M.V.", "school_lev": "Provincial", "school_typ": "1C", "district": "13.Kalutara", "zone": "Horana" }, "geometry": { "type": "Point", "coordinates": [ 80.1501, 6.78062 ] } },
{ "type": "Feature", "properties": { "school_nam": "HORANA DON PEDRICK M.V.", "school_lev": "Provincial", "school_typ": "1AB", "district": "13.Kalutara", "zone": "Horana" }, "geometry": { "type": "Point", "coordinates": [ 80.066, 6.71483 ] } },
{ "type": "Feature", "properties": { "school_nam": "WEEDIYAGODA K.V.", "school_lev": "Provincial", "school_typ": "Type 2", "district": "13.Kalutara", "zone": "Horana" }, "geometry": { "type": "Point", "coordinates": [ 79.99623, 6.7523 ] } },
{ "type": "Feature", "properties": { "school_nam": "SIRIMEWAN K.V.", "school_lev": "Provincial", "school_typ": "1C", "district": "13.Kalutara", "zone": "Horana" }, "geometry": { "type": "Point", "coordinates": [ 80.03313, 6.72604 ] } },
{ "type": "Feature", "properties": { "school_nam": "UDUWA K.V.", "school_lev": "Provincial", "school_typ": "Type 2", "district": "13.Kalutara", "zone": "Horana" }, "geometry": { "type": "Point", "coordinates": [ 80.07224, 6.75134 ] } },
{ "type": "Feature", "properties": { "school_nam": "URUGALA SRI DHARMALOKA K.V.", "school_lev": "Provincial", "school_typ": "Type 2", "district": "13.Kalutara", "zone": "Horana" }, "geometry": { "type": "Point", "coordinates": [ 80.17901, 6.73049 ] } },
{ "type": "Feature", "properties": { "school_nam": "KANDANAPITIYA P.V.", "school_lev": "Provincial", "school_typ": "Type 3", "district": "13.Kalutara", "zone": "Horana" }, "geometry": { "type": "Point", "coordinates": [ 80.15103, 6.81496 ] } },
{ "type": "Feature", "properties": { "school_nam": "KULUPANA TAXILA P.V.", "school_lev": "Provincial", "school_typ": "Type 3", "district": "13.Kalutara", "zone": "Horana" }, "geometry": { "type": "Point", "coordinates": [ 80.04136, 6.72401 ] } },
{ "type": "Feature", "properties": { "school_nam": "GURUGODA K.V.", "school_lev": "Provincial", "school_typ": "Type 2", "district": "13.Kalutara", "zone": "Horana" }, "geometry": { "type": "Point", "coordinates": [ 80.08641, 6.73728 ] } },
{ "type": "Feature", "properties": { "school_nam": "THALAGALA P.V.", "school_lev": "Provincial", "school_typ": "Type 3", "district": "13.Kalutara", "zone": "Horana" }, "geometry": { "type": "Point", "coordinates": [ 80.04124, 6.78262 ] } },
{ "type": "Feature", "properties": { "school_nam": "NAMBAPANA K.V.", "school_lev": "Provincial", "school_typ": "Type 2", "district": "13.Kalutara", "zone": "Horana" }, "geometry": { "type": "Point", "coordinates": [ 80.1919, 6.74186 ] } },
{ "type": "Feature", "properties": { "school_nam": "KALUPAHANA K.V.", "school_lev": "Provincial", "school_typ": "Type 2", "district": "13.Kalutara", "zone": "Horana" }, "geometry": { "type": "Point", "coordinates": [ 80.11633, 6.72923 ] } },
{ "type": "Feature", "properties": { "school_nam": "P.M.PERERA K.V.", "school_lev": "Provincial", "school_typ": "Type 2", "district": "13.Kalutara", "zone": "Horana" }, "geometry": { "type": "Point", "coordinates": [ 80.04746, 6.74416 ] } },
{ "type": "Feature", "properties": { "school_nam": "MORAGAHAHENA M V", "school_lev": "Provincial", "school_typ": "1C", "district": "13.Kalutara", "zone": "Horana" }, "geometry": { "type": "Point", "coordinates": [ 80.0524, 6.78073 ] } },
{ "type": "Feature", "properties": { "school_nam": "MANANA SRI GNANARATHANA K.V.", "school_lev": "Provincial", "school_typ": "Type 2", "district": "13.Kalutara", "zone": "Horana" }, "geometry": { "type": "Point", "coordinates": [ 80.12467, 6.72475 ] } },
{ "type": "Feature", "properties": { "school_nam": "KANANVILA SRI SUGATHAPALA K.V.", "school_lev": "Provincial", "school_typ": "Type 2", "district": "13.Kalutara", "zone": "Horana" }, "geometry": { "type": "Point", "coordinates": [ 80.05615, 6.75621 ] } },
{ "type": "Feature", "properties": { "school_nam": "HANDUPELPOLA K.V.", "school_lev": "Provincial", "school_typ": "Type 2", "district": "13.Kalutara", "zone": "Horana" }, "geometry": { "type": "Point", "coordinates": [ 80.08662, 6.76464 ] } },
{ "type": "Feature", "properties": { "school_nam": "HANDAPANGODA M.V.", "school_lev": "Provincial", "school_typ": "1C", "district": "13.Kalutara", "zone": "Horana" }, "geometry": { "type": "Point", "coordinates": [ 80.142, 6.79178 ] } },
{ "type": "Feature", "properties": { "school_nam": "HORANA RAJAKEEYA M.V.", "school_lev": "National", "school_typ": "1AB", "district": "13.Kalutara", "zone": "Horana" }, "geometry": { "type": "Point", "coordinates": [ 80.067527330000075, 6.715312675000064 ] } },
{ "type": "Feature", "properties": { "school_nam": "ISIPATHANA P.V.", "school_lev": "Provincial", "school_typ": "Type 3", "district": "13.Kalutara", "zone": "Horana" }, "geometry": { "type": "Point", "coordinates": [ 80.14264, 6.81046 ] } },
{ "type": "Feature", "properties": { "school_nam": "KABALLAGODA K.V.", "school_lev": "Provincial", "school_typ": "Type 3", "district": "13.Kalutara", "zone": "Horana" }, "geometry": { "type": "Point", "coordinates": [ 80.05662, 6.74143 ] } },
{ "type": "Feature", "properties": { "school_nam": "KAKULALIYA P.V.", "school_lev": "Provincial", "school_typ": "Type 3", "district": "13.Kalutara", "zone": "Horana" }, "geometry": { "type": "Point", "coordinates": [ 80.14677, 6.73516 ] } },
{ "type": "Feature", "properties": { "school_nam": "KUMBUKA EAST P.V.", "school_lev": "Provincial", "school_typ": "Type 3", "district": "13.Kalutara", "zone": "Horana" }, "geometry": { "type": "Point", "coordinates": [ 80.02816, 6.74199 ] } },
{ "type": "Feature", "properties": { "school_nam": "KOTIGAMGODA SRI SUBHARATHI P.V.", "school_lev": "Provincial", "school_typ": "Type 3", "district": "13.Kalutara", "zone": "Horana" }, "geometry": { "type": "Point", "coordinates": [ 80.08562, 6.81054 ] } },
{ "type": "Feature", "properties": { "school_nam": "KURANA P.V.", "school_lev": "Provincial", "school_typ": "Type 3", "district": "13.Kalutara", "zone": "Horana" }, "geometry": { "type": "Point", "coordinates": [ 80.15993, 6.78696 ] } },
{ "type": "Feature", "properties": { "school_nam": "GATAKOSGAHAHENA DHARMASHOKA P.V.", "school_lev": "Provincial", "school_typ": "Type 3", "district": "13.Kalutara", "zone": "Horana" }, "geometry": { "type": "Point", "coordinates": [ 80.1301, 6.78514 ] } },
{ "type": "Feature", "properties": { "school_nam": "HORANA TAXILA M.V. (TAXILA K.V.)", "school_lev": "Provincial", "school_typ": "1C", "district": "13.Kalutara", "zone": "Horana" }, "geometry": { "type": "Point", "coordinates": [ 80.06275, 6.71321 ] } },
{ "type": "Feature", "properties": { "school_nam": "SRI SRIDDHARTHA K.V.", "school_lev": "Provincial", "school_typ": "Type 2", "district": "13.Kalutara", "zone": "Horana" }, "geometry": { "type": "Point", "coordinates": [ 80.11429, 6.76841 ] } },
{ "type": "Feature", "properties": { "school_nam": "WEERAMADDUMA BANDARA P.V.", "school_lev": "Provincial", "school_typ": "Type 3", "district": "13.Kalutara", "zone": "Horana" }, "geometry": { "type": "Point", "coordinates": [ 80.02581, 6.77803 ] } },
{ "type": "Feature", "properties": { "school_nam": "BATUGAMPALA P.V.", "school_lev": "Provincial", "school_typ": "Type 3", "district": "13.Kalutara", "zone": "Horana" }, "geometry": { "type": "Point", "coordinates": [ 80.14104, 6.7728 ] } },
{ "type": "Feature", "properties": { "school_nam": "MILLEWA P.V.", "school_lev": "Provincial", "school_typ": "Type 3", "district": "13.Kalutara", "zone": "Horana" }, "geometry": { "type": "Point", "coordinates": [ 80.07981, 6.78857 ] } },
{ "type": "Feature", "properties": { "school_nam": "MENERIGAMA P.V.", "school_lev": "Provincial", "school_typ": "Type 3", "district": "13.Kalutara", "zone": "Horana" }, "geometry": { "type": "Point", "coordinates": [ 80.13371, 6.8004 ] } },
{ "type": "Feature", "properties": { "school_nam": "SRI SUMANAJOTHI P.V.", "school_lev": "Provincial", "school_typ": "Type 3", "district": "13.Kalutara", "zone": "Horana" }, "geometry": { "type": "Point", "coordinates": [ 80.17449, 6.7401 ] } },
{ "type": "Feature", "properties": { "school_nam": "HEGALLA P.V.", "school_lev": "Provincial", "school_typ": "Type 3", "district": "13.Kalutara", "zone": "Horana" }, "geometry": { "type": "Point", "coordinates": [ 80.05977, 6.70287 ] } },
{ "type": "Feature", "properties": { "school_nam": "RAIGAMWATHTHA PARAKRAMABAHU P.V.", "school_lev": "Provincial", "school_typ": "Type 3", "district": "13.Kalutara", "zone": "Horana" }, "geometry": { "type": "Point", "coordinates": [ 80.16977, 6.76042 ] } },
{ "type": "Feature", "properties": { "school_nam": "PRAJAPATHI B.M.V.", "school_lev": "Provincial", "school_typ": "1AB", "district": "13.Kalutara", "zone": "Horana" }, "geometry": { "type": "Point", "coordinates": [ 80.08104, 6.71549 ] } },
{ "type": "Feature", "properties": { "school_nam": "WAWULAGALA P.V.", "school_lev": "Provincial", "school_typ": "Type 3", "district": "13.Kalutara", "zone": "Horana" }, "geometry": { "type": "Point", "coordinates": [ 80.07167, 6.73344 ] } },
{ "type": "Feature", "properties": { "school_nam": "BULATHSINHALA M.M.V", "school_lev": "National", "school_typ": "1AB", "district": "13.Kalutara", "zone": "Horana" }, "geometry": { "type": "Point", "coordinates": [ 80.175478450000071, 6.654151361000061 ] } },
{ "type": "Feature", "properties": { "school_nam": "UDAWELA SRI PIYARATHANA M.V.", "school_lev": "Provincial", "school_typ": "1C", "district": "13.Kalutara", "zone": "Matugama" }, "geometry": { "type": "Point", "coordinates": [ 80.14178, 6.55175 ] } },
{ "type": "Feature", "properties": { "school_nam": "KUDALIGAMA M.V.", "school_lev": "Provincial", "school_typ": "1C", "district": "13.Kalutara", "zone": "Horana" }, "geometry": { "type": "Point", "coordinates": [ 80.13156, 6.58477 ] } },
{ "type": "Feature", "properties": { "school_nam": "GOVINNA M.V.", "school_lev": "Provincial", "school_typ": "1C", "district": "13.Kalutara", "zone": "Horana" }, "geometry": { "type": "Point", "coordinates": [ 80.12238, 6.67229 ] } },
{ "type": "Feature", "properties": { "school_nam": "NAHALLA SRI REWATHA M.V.", "school_lev": "Provincial", "school_typ": "1C", "district": "13.Kalutara", "zone": "Horana" }, "geometry": { "type": "Point", "coordinates": [ 80.11733, 6.62069 ] } },
{ "type": "Feature", "properties": { "school_nam": "POLEGODA M.V.", "school_lev": "Provincial", "school_typ": "1C", "district": "13.Kalutara", "zone": "Horana" }, "geometry": { "type": "Point", "coordinates": [ 80.16528, 6.59015 ] } },
{ "type": "Feature", "properties": { "school_nam": "MADURAWALA M.V.", "school_lev": "Provincial", "school_typ": "1C", "district": "13.Kalutara", "zone": "Horana" }, "geometry": { "type": "Point", "coordinates": [ 80.0773, 6.64692 ] } },
{ "type": "Feature", "properties": { "school_nam": "REMUNA M.V.", "school_lev": "Provincial", "school_typ": "1C", "district": "13.Kalutara", "zone": "Horana" }, "geometry": { "type": "Point", "coordinates": [ 80.07115, 6.67018 ] } },
{ "type": "Feature", "properties": { "school_nam": "DEEPALOKA M.V", "school_lev": "Provincial", "school_typ": "1C", "district": "13.Kalutara", "zone": "Horana" }, "geometry": { "type": "Point", "coordinates": [ 80.10001, 6.62974 ] } },
{ "type": "Feature", "properties": { "school_nam": "AMARAGEDARA K.V.", "school_lev": "Provincial", "school_typ": "Type 2", "district": "13.Kalutara", "zone": "Horana" }, "geometry": { "type": "Point", "coordinates": [ 80.19193, 6.68131 ] } },
{ "type": "Feature", "properties": { "school_nam": "ILIMBA GAMINI K.V.", "school_lev": "Provincial", "school_typ": "Type 2", "district": "13.Kalutara", "zone": "Horana" }, "geometry": { "type": "Point", "coordinates": [ 80.10245, 6.71432 ] } },
{ "type": "Feature", "properties": { "school_nam": "OMATTA K.V.", "school_lev": "Provincial", "school_typ": "Type 2", "district": "13.Kalutara", "zone": "Matugama" }, "geometry": { "type": "Point", "coordinates": [ 80.18449, 6.55483 ] } },
{ "type": "Feature", "properties": { "school_nam": "OMATTA JANAPADA K.V.", "school_lev": "Provincial", "school_typ": "Type 2", "district": "13.Kalutara", "zone": "Matugama" }, "geometry": { "type": "Point", "coordinates": [ 80.16332, 6.58737 ] } },
{ "type": "Feature", "properties": { "school_nam": "KANDANA P.V", "school_lev": "Provincial", "school_typ": "Type 3", "district": "13.Kalutara", "zone": "Horana" }, "geometry": { "type": "Point", "coordinates": [ 80.0968, 6.69645 ] } },
{ "type": "Feature", "properties": { "school_nam": "KESELHENAWA P.V.", "school_lev": "Provincial", "school_typ": "Type 3", "district": "13.Kalutara", "zone": "Horana" }, "geometry": { "type": "Point", "coordinates": [ 80.06414, 6.6583 ] } },
{ "type": "Feature", "properties": { "school_nam": "KOBAWAKA P.V.", "school_lev": "Provincial", "school_typ": "Type 3", "district": "13.Kalutara", "zone": "Horana" }, "geometry": { "type": "Point", "coordinates": [ 80.13867, 6.69124 ] } },
{ "type": "Feature", "properties": { "school_nam": "SRI GUNARATHANA K.V.", "school_lev": "Provincial", "school_typ": "Type 2", "district": "13.Kalutara", "zone": "Matugama" }, "geometry": { "type": "Point", "coordinates": [ 80.14479, 6.57149 ] } },
{ "type": "Feature", "properties": { "school_nam": "GIRIKOLA GAMUNU K.V.", "school_lev": "Provincial", "school_typ": "Type 2", "district": "13.Kalutara", "zone": "Matugama" }, "geometry": { "type": "Point", "coordinates": [ 80.13413, 6.5668 ] } },
{ "type": "Feature", "properties": { "school_nam": "DELMELLA K.V.", "school_lev": "Provincial", "school_typ": "Type 2", "district": "13.Kalutara", "zone": "Horana" }, "geometry": { "type": "Point", "coordinates": [ 80.21257, 6.68353 ] } },
{ "type": "Feature", "properties": { "school_nam": "DEVAMULLA P.V.", "school_lev": "Provincial", "school_typ": "Type 3", "district": "13.Kalutara", "zone": "Horana" }, "geometry": { "type": "Point", "coordinates": [ 80.10326, 6.67404 ] } },
{ "type": "Feature", "properties": { "school_nam": "DIWALAKADA K.V.", "school_lev": "Provincial", "school_typ": "Type 2", "district": "13.Kalutara", "zone": "Horana" }, "geometry": { "type": "Point", "coordinates": [ 80.15294, 6.68613 ] } },
{ "type": "Feature", "properties": { "school_nam": "DEEYAKADUWA WIDYARTHA K.V.", "school_lev": "Provincial", "school_typ": "Type 2", "district": "13.Kalutara", "zone": "Horana" }, "geometry": { "type": "Point", "coordinates": [ 80.15297, 6.63216 ] } },
{ "type": "Feature", "properties": { "school_nam": "PARAGODA KITHULAGODA K.V.", "school_lev": "Provincial", "school_typ": "Type 2", "district": "13.Kalutara", "zone": "Horana" }, "geometry": { "type": "Point", "coordinates": [ 80.22297, 6.6161 ] } },
{ "type": "Feature", "properties": { "school_nam": "PIMBURA P.V.", "school_lev": "Provincial", "school_typ": "Type 3", "district": "13.Kalutara", "zone": "Matugama" }, "geometry": { "type": "Point", "coordinates": [ 80.16032, 6.57478 ] } },
{ "type": "Feature", "properties": { "school_nam": "BULATHSINHALA P.V.", "school_lev": "Provincial", "school_typ": "Type 3", "district": "13.Kalutara", "zone": "Horana" }, "geometry": { "type": "Point", "coordinates": [ 80.17221, 6.66629 ] } },
{ "type": "Feature", "properties": { "school_nam": "BOTHALEGAMA M V", "school_lev": "Provincial", "school_typ": "1C", "district": "13.Kalutara", "zone": "Horana" }, "geometry": { "type": "Point", "coordinates": [ 80.17128, 6.70587 ] } },
{ "type": "Feature", "properties": { "school_nam": "MAHAGAMA P.V.", "school_lev": "Provincial", "school_typ": "Type 3", "district": "13.Kalutara", "zone": "Horana" }, "geometry": { "type": "Point", "coordinates": [ 80.16275, 6.60749 ] } },
{ "type": "Feature", "properties": { "school_nam": "MAHAYALA SIRISUMANA P.V.", "school_lev": "Provincial", "school_typ": "Type 3", "district": "13.Kalutara", "zone": "Horana" }, "geometry": { "type": "Point", "coordinates": [ 80.06874, 6.66551 ] } },
{ "type": "Feature", "properties": { "school_nam": "MOLKAWA M.V.", "school_lev": "Provincial", "school_typ": "1C", "district": "13.Kalutara", "zone": "Matugama" }, "geometry": { "type": "Point", "coordinates": [ 80.23519, 6.61137 ] } },
{ "type": "Feature", "properties": { "school_nam": "YATAGAMPITIYA K.V.", "school_lev": "Provincial", "school_typ": "Type 2", "district": "13.Kalutara", "zone": "Horana" }, "geometry": { "type": "Point", "coordinates": [ 80.2117, 6.64353 ] } },
{ "type": "Feature", "properties": { "school_nam": "RATIYALA SRI JINARATHANA P.V.", "school_lev": "Provincial", "school_typ": "Type 3", "district": "13.Kalutara", "zone": "Horana" }, "geometry": { "type": "Point", "coordinates": [ 80.12023, 6.65149 ] } },
{ "type": "Feature", "properties": { "school_nam": "BELLAPITIYA P.V.(K.V.)", "school_lev": "Provincial", "school_typ": "Type 3", "district": "13.Kalutara", "zone": "Horana" }, "geometry": { "type": "Point", "coordinates": [ 80.07663, 6.69085 ] } },
{ "type": "Feature", "properties": { "school_nam": "WELGAMA K.V.", "school_lev": "Provincial", "school_typ": "Type 2", "district": "13.Kalutara", "zone": "Horana" }, "geometry": { "type": "Point", "coordinates": [ 80.20632, 6.60669 ] } },
{ "type": "Feature", "properties": { "school_nam": "WEHERAWATTA P.V.", "school_lev": "Provincial", "school_typ": "Type 3", "district": "13.Kalutara", "zone": "Horana" }, "geometry": { "type": "Point", "coordinates": [ 80.08621, 6.6688 ] } },
{ "type": "Feature", "properties": { "school_nam": "HALWATHURA K.V.", "school_lev": "Provincial", "school_typ": "Type 2", "district": "13.Kalutara", "zone": "Horana" }, "geometry": { "type": "Point", "coordinates": [ 80.19774, 6.70465 ] } },
{ "type": "Feature", "properties": { "school_nam": "SRI RAHULA P.V.", "school_lev": "Provincial", "school_typ": "Type 3", "district": "13.Kalutara", "zone": "Horana" }, "geometry": { "type": "Point", "coordinates": [ 80.14071, 6.68234 ] } },
{ "type": "Feature", "properties": { "school_nam": "GALLAPPAHALA P.V.", "school_lev": "Provincial", "school_typ": "Type 3", "district": "13.Kalutara", "zone": "Horana" }, "geometry": { "type": "Point", "coordinates": [ 80.14489, 6.59979 ] } },
{ "type": "Feature", "properties": { "school_nam": "GOVINNA P.V.", "school_lev": "Provincial", "school_typ": "Type 3", "district": "13.Kalutara", "zone": "Horana" }, "geometry": { "type": "Point", "coordinates": [ 80.12087, 6.67787 ] } },
{ "type": "Feature", "properties": { "school_nam": "NIGGAHA P.V.", "school_lev": "Provincial", "school_typ": "Type 3", "district": "13.Kalutara", "zone": "Horana" }, "geometry": { "type": "Point", "coordinates": [ 80.23811, 6.64586 ] } },
{ "type": "Feature", "properties": { "school_nam": "PAHALA KARANNAGODA P.V.", "school_lev": "Provincial", "school_typ": "Type 3", "district": "13.Kalutara", "zone": "Horana" }, "geometry": { "type": "Point", "coordinates": [ 80.09263, 6.64171 ] } },
{ "type": "Feature", "properties": { "school_nam": "SRI SARANANDA P.V.", "school_lev": "Provincial", "school_typ": "Type 3", "district": "13.Kalutara", "zone": "Horana" }, "geometry": { "type": "Point", "coordinates": [ 80.10712, 6.68088 ] } },
{ "type": "Feature", "properties": { "school_nam": "MATUGAMA C.W.W. KANNANGARA M.M.V.", "school_lev": "National", "school_typ": "1AB", "district": "13.Kalutara", "zone": "Matugama" }, "geometry": { "type": "Point", "coordinates": [ 80.118271, 6.516849 ] } },
{ "type": "Feature", "properties": { "school_nam": "MATUGAMA ANANDA SASTRALAYA", "school_lev": "National", "school_typ": "1AB", "district": "13.Kalutara", "zone": "Matugama" }, "geometry": { "type": "Point", "coordinates": [ 80.114077860000066, 6.523957412000073 ] } },
{ "type": "Feature", "properties": { "school_nam": "OVITIGALA M.V.", "school_lev": "Provincial", "school_typ": "1C", "district": "13.Kalutara", "zone": "Matugama" }, "geometry": { "type": "Point", "coordinates": [ 80.12336, 6.50157 ] } },
{ "type": "Feature", "properties": { "school_nam": "DODANGODA M.V.", "school_lev": "Provincial", "school_typ": "1C", "district": "13.Kalutara", "zone": "Kalutara" }, "geometry": { "type": "Point", "coordinates": [ 80.03953, 6.54094 ] } },
{ "type": "Feature", "properties": { "school_nam": "NAVUTHTHUDUWA M.V.", "school_lev": "Provincial", "school_typ": "1C", "district": "13.Kalutara", "zone": "Matugama" }, "geometry": { "type": "Point", "coordinates": [ 80.07215, 6.48829 ] } },
{ "type": "Feature", "properties": { "school_nam": "BOLOSSAGAMA M.V.", "school_lev": "Provincial", "school_typ": "1C", "district": "13.Kalutara", "zone": "Kalutara" }, "geometry": { "type": "Point", "coordinates": [ 80.01865, 6.62578 ] } },
{ "type": "Feature", "properties": { "school_nam": "BOMBUWALA SRI DHARMALOKA M.V.", "school_lev": "Provincial", "school_typ": "1AB", "district": "13.Kalutara", "zone": "Kalutara" }, "geometry": { "type": "Point", "coordinates": [ 80.02528, 6.57681 ] } },
{ "type": "Feature", "properties": { "school_nam": "DODANGODA MIRISWATTA NATIONAL SCHOOL", "school_lev": "National", "school_typ": "1AB", "district": "13.Kalutara", "zone": "Kalutara" }, "geometry": { "type": "Point", "coordinates": [ 80.027951010000038, 6.549516539000024 ] } },
{ "type": "Feature", "properties": { "school_nam": "WALAGEDARA M.V.", "school_lev": "Provincial", "school_typ": "1AB", "district": "13.Kalutara", "zone": "Matugama" }, "geometry": { "type": "Point", "coordinates": [ 80.07954, 6.45152 ] } },
{ "type": "Feature", "properties": { "school_nam": "MATUGAMA ST. MARY'S M.V.", "school_lev": "Provincial", "school_typ": "1AB", "district": "13.Kalutara", "zone": "Matugama" }, "geometry": { "type": "Point", "coordinates": [ 80.11497, 6.52172 ] } },
{ "type": "Feature", "properties": { "school_nam": "PANTHIYA DHARMARAJA K.V.", "school_lev": "Provincial", "school_typ": "Type 2", "district": "13.Kalutara", "zone": "Matugama" }, "geometry": { "type": "Point", "coordinates": [ 80.10425, 6.52693 ] } },
{ "type": "Feature", "properties": { "school_nam": "HORAWALA M.V.", "school_lev": "Provincial", "school_typ": "1C", "district": "13.Kalutara", "zone": "Matugama" }, "geometry": { "type": "Point", "coordinates": [ 80.13585, 6.47895 ] } },
{ "type": "Feature", "properties": { "school_nam": "ADIKARIGODA K.V.", "school_lev": "Provincial", "school_typ": "Type 2", "district": "13.Kalutara", "zone": "Kalutara" }, "geometry": { "type": "Point", "coordinates": [ 79.99271, 6.60236 ] } },
{ "type": "Feature", "properties": { "school_nam": "ALUTHGAMGODA K.V.", "school_lev": "Provincial", "school_typ": "Type 2", "district": "13.Kalutara", "zone": "Matugama" }, "geometry": { "type": "Point", "coordinates": [ 80.0616, 6.50025 ] } },
{ "type": "Feature", "properties": { "school_nam": "ANDAWALA K.V.", "school_lev": "Provincial", "school_typ": "Type 2", "district": "13.Kalutara", "zone": "Matugama" }, "geometry": { "type": "Point", "coordinates": [ 80.04069, 6.42414 ] } },
{ "type": "Feature", "properties": { "school_nam": "ELADUWA K.V.", "school_lev": "Provincial", "school_typ": "Type 2", "district": "13.Kalutara", "zone": "Kalutara" }, "geometry": { "type": "Point", "coordinates": [ 80.03812, 6.50545 ] } },
{ "type": "Feature", "properties": { "school_nam": "IDDAGODA P.V.", "school_lev": "Provincial", "school_typ": "Type 3", "district": "13.Kalutara", "zone": "Matugama" }, "geometry": { "type": "Point", "coordinates": [ 80.10667, 6.55584 ] } },
{ "type": "Feature", "properties": { "school_nam": "SARALANKARATHISSA K.V.", "school_lev": "Provincial", "school_typ": "Type 2", "district": "13.Kalutara", "zone": "Matugama" }, "geometry": { "type": "Point", "coordinates": [ 80.04769, 6.43973 ] } },
{ "type": "Feature", "properties": { "school_nam": "KATUGAHAHENA K.V.", "school_lev": "Provincial", "school_typ": "Type 2", "district": "13.Kalutara", "zone": "Matugama" }, "geometry": { "type": "Point", "coordinates": [ 80.08672, 6.4904 ] } },
{ "type": "Feature", "properties": { "school_nam": "KATUWALAGODA K.V.", "school_lev": "Provincial", "school_typ": "Type 2", "district": "13.Kalutara", "zone": "Matugama" }, "geometry": { "type": "Point", "coordinates": [ 80.12003, 6.46788 ] } },
{ "type": "Feature", "properties": { "school_nam": "KEERANTHIDIYA K.V.", "school_lev": "Provincial", "school_typ": "Type 2", "district": "13.Kalutara", "zone": "Matugama" }, "geometry": { "type": "Point", "coordinates": [ 80.05566, 6.47952 ] } },
{ "type": "Feature", "properties": { "school_nam": "PRESIDENT COLLEGE", "school_lev": "Provincial", "school_typ": "Type 2", "district": "13.Kalutara", "zone": "Kalutara" }, "geometry": { "type": "Point", "coordinates": [ 80.01138, 6.56058 ] } },
{ "type": "Feature", "properties": { "school_nam": "KOHOLANA K.V.", "school_lev": "Provincial", "school_typ": "Type 2", "district": "13.Kalutara", "zone": "Kalutara" }, "geometry": { "type": "Point", "coordinates": [ 79.99204, 6.61908 ] } },
{ "type": "Feature", "properties": { "school_nam": "GAMAGODA P.V.", "school_lev": "Provincial", "school_typ": "Type 2", "district": "13.Kalutara", "zone": "Kalutara" }, "geometry": { "type": "Point", "coordinates": [ 80.00928, 6.60167 ] } },
{ "type": "Feature", "properties": { "school_nam": "GURUDOLA P.V.", "school_lev": "Provincial", "school_typ": "Type 3", "district": "13.Kalutara", "zone": "Matugama" }, "geometry": { "type": "Point", "coordinates": [ 80.11645, 6.54288 ] } },
{ "type": "Feature", "properties": { "school_nam": "TUDUGALA WIMALASARA K.V.", "school_lev": "Provincial", "school_typ": "Type 2", "district": "13.Kalutara", "zone": "Kalutara" }, "geometry": { "type": "Point", "coordinates": [ 80.04726, 6.56058 ] } },
{ "type": "Feature", "properties": { "school_nam": "THEBUWANA K.V.", "school_lev": "Provincial", "school_typ": "Type 2", "district": "13.Kalutara", "zone": "Kalutara" }, "geometry": { "type": "Point", "coordinates": [ 80.05457, 6.59104 ] } },
{ "type": "Feature", "properties": { "school_nam": "NARAWILA P.V.", "school_lev": "Provincial", "school_typ": "Type 3", "district": "13.Kalutara", "zone": "Matugama" }, "geometry": { "type": "Point", "coordinates": [ 80.09661, 6.49344 ] } },
{ "type": "Feature", "properties": { "school_nam": "NEHINNA K.V.", "school_lev": "Provincial", "school_typ": "Type 2", "district": "13.Kalutara", "zone": "Kalutara" }, "geometry": { "type": "Point", "coordinates": [ 80.05461, 6.54597 ] } },
{ "type": "Feature", "properties": { "school_nam": "NEBODA M.V.", "school_lev": "Provincial", "school_typ": "1C", "district": "13.Kalutara", "zone": "Kalutara" }, "geometry": { "type": "Point", "coordinates": [ 80.09167, 6.59081 ] } },
{ "type": "Feature", "properties": { "school_nam": "PANTHIYA M.V.", "school_lev": "Provincial", "school_typ": "1C", "district": "13.Kalutara", "zone": "Matugama" }, "geometry": { "type": "Point", "coordinates": [ 80.09505, 6.52791 ] } },
{ "type": "Feature", "properties": { "school_nam": "PELAPITIYAGODA KUSALAGHANA K.V.", "school_lev": "Provincial", "school_typ": "Type 2", "district": "13.Kalutara", "zone": "Kalutara" }, "geometry": { "type": "Point", "coordinates": [ 80.07253, 6.61928 ] } },
{ "type": "Feature", "properties": { "school_nam": "BONDUPITIYA K.V.", "school_lev": "Provincial", "school_typ": "Type 2", "district": "13.Kalutara", "zone": "Matugama" }, "geometry": { "type": "Point", "coordinates": [ 80.04051, 6.43251 ] } },
{ "type": "Feature", "properties": { "school_nam": "BOPITIYA K.V.", "school_lev": "Provincial", "school_typ": "Type 2", "district": "13.Kalutara", "zone": "Matugama" }, "geometry": { "type": "Point", "coordinates": [ 80.08725, 6.50942 ] } },
{ "type": "Feature", "properties": { "school_nam": "MEEGAMA K.V.", "school_lev": "Provincial", "school_typ": "Type 2", "district": "13.Kalutara", "zone": "Matugama" }, "geometry": { "type": "Point", "coordinates": [ 80.06373, 6.42344 ] } },
{ "type": "Feature", "properties": { "school_nam": "YATADOLA K.V.", "school_lev": "Provincial", "school_typ": "Type 2", "district": "13.Kalutara", "zone": "Matugama" }, "geometry": { "type": "Point", "coordinates": [ 80.06449, 6.51429 ] } },
{ "type": "Feature", "properties": { "school_nam": "RAHULA P.V.", "school_lev": "Provincial", "school_typ": "Type 3", "district": "13.Kalutara", "zone": "Matugama" }, "geometry": { "type": "Point", "coordinates": [ 80.09162, 6.45528 ] } },
{ "type": "Feature", "properties": { "school_nam": "WELIPENNA SINHALA K.V.", "school_lev": "Provincial", "school_typ": "Type 2", "district": "13.Kalutara", "zone": "Matugama" }, "geometry": { "type": "Point", "coordinates": [ 80.10185, 6.46579 ] } },
{ "type": "Feature", "properties": { "school_nam": "WELLATHA K.V.", "school_lev": "Provincial", "school_typ": "Type 2", "district": "13.Kalutara", "zone": "Kalutara" }, "geometry": { "type": "Point", "coordinates": [ 80.07803, 6.566 ] } },
{ "type": "Feature", "properties": { "school_nam": "SRI SARANATHISSA K.V.", "school_lev": "Provincial", "school_typ": "Type 2", "district": "13.Kalutara", "zone": "Matugama" }, "geometry": { "type": "Point", "coordinates": [ 80.07221, 6.51847 ] } },
{ "type": "Feature", "properties": { "school_nam": "D.D. ATHULATHMUDALI K.V.", "school_lev": "Provincial", "school_typ": "Type 2", "district": "13.Kalutara", "zone": "Matugama" }, "geometry": { "type": "Point", "coordinates": [ 80.1121, 6.52281 ] } },
{ "type": "Feature", "properties": { "school_nam": "OVITIGALA P.V.", "school_lev": "Provincial", "school_typ": "Type 3", "district": "13.Kalutara", "zone": "Matugama" }, "geometry": { "type": "Point", "coordinates": [ 80.12321, 6.50415 ] } },
{ "type": "Feature", "properties": { "school_nam": "KAJUDUWA P.V.", "school_lev": "Provincial", "school_typ": "Type 3", "district": "13.Kalutara", "zone": "Kalutara" }, "geometry": { "type": "Point", "coordinates": [ 80.02488, 6.55943 ] } },
{ "type": "Feature", "properties": { "school_nam": "DHAMMANANDA P.V.", "school_lev": "Provincial", "school_typ": "Type 3", "district": "13.Kalutara", "zone": "Matugama" }, "geometry": { "type": "Point", "coordinates": [ 80.12683, 6.48862 ] } },
{ "type": "Feature", "properties": { "school_nam": "BOMBUWALA SRI DHARMALOKA P.V.", "school_lev": "Provincial", "school_typ": "Type 3", "district": "13.Kalutara", "zone": "Kalutara" }, "geometry": { "type": "Point", "coordinates": [ 80.01583, 6.57425 ] } },
{ "type": "Feature", "properties": { "school_nam": "MINUWANDENIYA P.V.", "school_lev": "Provincial", "school_typ": "Type 3", "district": "13.Kalutara", "zone": "Kalutara" }, "geometry": { "type": "Point", "coordinates": [ 80.02935, 6.53316 ] } },
{ "type": "Feature", "properties": { "school_nam": "WADUGAMA SADANANDA P.V.", "school_lev": "Provincial", "school_typ": "Type 3", "district": "13.Kalutara", "zone": "Kalutara" }, "geometry": { "type": "Point", "coordinates": [ 80.05595, 6.55573 ] } },
{ "type": "Feature", "properties": { "school_nam": "SIRINIWASA P.V.", "school_lev": "Provincial", "school_typ": "Type 3", "district": "13.Kalutara", "zone": "Matugama" }, "geometry": { "type": "Point", "coordinates": [ 80.07382, 6.44992 ] } },
{ "type": "Feature", "properties": { "school_nam": "DEVAGODA P.V.", "school_lev": "Provincial", "school_typ": "Type 3", "district": "13.Kalutara", "zone": "Matugama" }, "geometry": { "type": "Point", "coordinates": [ 80.05647, 6.42393 ] } },
{ "type": "Feature", "properties": { "school_nam": "GALLENIYAKANDA P.V.", "school_lev": "Provincial", "school_typ": "Type 3", "district": "13.Kalutara", "zone": "Matugama" }, "geometry": { "type": "Point", "coordinates": [ 80.13829, 6.51116 ] } },
{ "type": "Feature", "properties": { "school_nam": "KALUTARA TISSA M.M.V.", "school_lev": "National", "school_typ": "1AB", "district": "13.Kalutara", "zone": "Kalutara" }, "geometry": { "type": "Point", "coordinates": [ 79.951190100000076, 6.607957500000055 ] } },
{ "type": "Feature", "properties": { "school_nam": "KALUTARA BALIKA M.V.", "school_lev": "National", "school_typ": "1AB", "district": "13.Kalutara", "zone": "Kalutara" }, "geometry": { "type": "Point", "coordinates": [ 79.962222900000029, 6.585511334000046 ] } },
{ "type": "Feature", "properties": { "school_nam": "KALUTARA M.V.", "school_lev": "National", "school_typ": "1AB", "district": "13.Kalutara", "zone": "Kalutara" }, "geometry": { "type": "Point", "coordinates": [ 79.96236618000006, 6.573878738000076 ] } },
{ "type": "Feature", "properties": { "school_nam": "KATUKURUNDA R.C.M.V.", "school_lev": "Provincial", "school_typ": "1C", "district": "13.Kalutara", "zone": "Kalutara" }, "geometry": { "type": "Point", "coordinates": [ 79.96704, 6.56098 ] } },
{ "type": "Feature", "properties": { "school_nam": "KALUTARA GNANODAYA M.V.", "school_lev": "Provincial", "school_typ": "1AB", "district": "13.Kalutara", "zone": "Kalutara" }, "geometry": { "type": "Point", "coordinates": [ 79.96234, 6.58142 ] } },
{ "type": "Feature", "properties": { "school_nam": "DIYAGAMA M.V.", "school_lev": "Provincial", "school_typ": "1C", "district": "13.Kalutara", "zone": "Kalutara" }, "geometry": { "type": "Point", "coordinates": [ 80.00245, 6.63516 ] } },
{ "type": "Feature", "properties": { "school_nam": "POTHUPITIYA M.V.", "school_lev": "Provincial", "school_typ": "1C", "district": "13.Kalutara", "zone": "Kalutara" }, "geometry": { "type": "Point", "coordinates": [ 79.93937, 6.63992 ] } },
{ "type": "Feature", "properties": { "school_nam": "UGGALBODA M.V.", "school_lev": "Provincial", "school_typ": "1C", "district": "13.Kalutara", "zone": "Kalutara" }, "geometry": { "type": "Point", "coordinates": [ 79.96717, 6.62355 ] } },
{ "type": "Feature", "properties": { "school_nam": "KUDAHEENATIYANGALA SIRISEEVALEE K.V.", "school_lev": "Provincial", "school_typ": "Type 2", "district": "13.Kalutara", "zone": "Kalutara" }, "geometry": { "type": "Point", "coordinates": [ 79.97307, 6.58627 ] } },
{ "type": "Feature", "properties": { "school_nam": "KATUKURUNDA DHARMAPALA M.V.", "school_lev": "Provincial", "school_typ": "1C", "district": "13.Kalutara", "zone": "Kalutara" }, "geometry": { "type": "Point", "coordinates": [ 79.97225, 6.55852 ] } },
{ "type": "Feature", "properties": { "school_nam": "NAGODA M.V.", "school_lev": "Provincial", "school_typ": "Type 2", "district": "13.Kalutara", "zone": "Kalutara" }, "geometry": { "type": "Point", "coordinates": [ 79.99149, 6.56903 ] } },
{ "type": "Feature", "properties": { "school_nam": "PANAPITIYA AGAMETHI K.V.", "school_lev": "Provincial", "school_typ": "Type 2", "district": "13.Kalutara", "zone": "Kalutara" }, "geometry": { "type": "Point", "coordinates": [ 79.97816, 6.62879 ] } },
{ "type": "Feature", "properties": { "school_nam": "KALUTARA ST. JOHN'S M.V.", "school_lev": "Provincial", "school_typ": "Type 2", "district": "13.Kalutara", "zone": "Kalutara" }, "geometry": { "type": "Point", "coordinates": [ 79.9613, 6.58283 ] } },
{ "type": "Feature", "properties": { "school_nam": "ETHANAMADALA K.V.", "school_lev": "Provincial", "school_typ": "Type 2", "district": "13.Kalutara", "zone": "Kalutara" }, "geometry": { "type": "Point", "coordinates": [ 79.9669, 6.60259 ] } },
{ "type": "Feature", "properties": { "school_nam": "KATUKURUNDA BUDDHIST K.V.", "school_lev": "Provincial", "school_typ": "Type 2", "district": "13.Kalutara", "zone": "Kalutara" }, "geometry": { "type": "Point", "coordinates": [ 79.97006, 6.56123 ] } },
{ "type": "Feature", "properties": { "school_nam": "KALAPUGAMA K.V.", "school_lev": "Provincial", "school_typ": "Type 2", "district": "13.Kalutara", "zone": "Kalutara" }, "geometry": { "type": "Point", "coordinates": [ 79.97566, 6.64103 ] } },
{ "type": "Feature", "properties": { "school_nam": "KALAMULLA R.C.K.V.", "school_lev": "Provincial", "school_typ": "Type 2", "district": "13.Kalutara", "zone": "Kalutara" }, "geometry": { "type": "Point", "coordinates": [ 79.97264, 6.54906 ] } },
{ "type": "Feature", "properties": { "school_nam": "GONADUWA K.V.", "school_lev": "Provincial", "school_typ": "Type 3", "district": "13.Kalutara", "zone": "Kalutara" }, "geometry": { "type": "Point", "coordinates": [ 79.97408, 6.67314 ] } },
{ "type": "Feature", "properties": { "school_nam": "DELDUWA K.V.", "school_lev": "Provincial", "school_typ": "Type 2", "district": "13.Kalutara", "zone": "Kalutara" }, "geometry": { "type": "Point", "coordinates": [ 79.95787, 6.64393 ] } },
{ "type": "Feature", "properties": { "school_nam": "DESHASTHRA BALIKA V.", "school_lev": "Provincial", "school_typ": "Type 2", "district": "13.Kalutara", "zone": "Kalutara" }, "geometry": { "type": "Point", "coordinates": [ 79.95457, 6.6017 ] } },
{ "type": "Feature", "properties": { "school_nam": "NAGODA GALLASSA P.V.", "school_lev": "Provincial", "school_typ": "Type 3", "district": "13.Kalutara", "zone": "Kalutara" }, "geometry": { "type": "Point", "coordinates": [ 79.99419, 6.55754 ] } },
{ "type": "Feature", "properties": { "school_nam": "POHADDARAMULLA K.V.", "school_lev": "Provincial", "school_typ": "Type 3", "district": "13.Kalutara", "zone": "Kalutara" }, "geometry": { "type": "Point", "coordinates": [ 79.93642, 6.64743 ] } },
{ "type": "Feature", "properties": { "school_nam": "SRI DEVANANDA K.V.", "school_lev": "Provincial", "school_typ": "Type 2", "district": "13.Kalutara", "zone": "Kalutara" }, "geometry": { "type": "Point", "coordinates": [ 79.96536, 6.57372 ] } },
{ "type": "Feature", "properties": { "school_nam": "MUSAEUS K.V.", "school_lev": "Provincial", "school_typ": "Type 2", "district": "13.Kalutara", "zone": "Kalutara" }, "geometry": { "type": "Point", "coordinates": [ 79.96103, 6.61351 ] } },
{ "type": "Feature", "properties": { "school_nam": "MORONTHUDUWA DHAMMANANDA M.V.", "school_lev": "Provincial", "school_typ": "1AB", "district": "13.Kalutara", "zone": "Kalutara" }, "geometry": { "type": "Point", "coordinates": [ 79.96882, 6.65338 ] } },
{ "type": "Feature", "properties": { "school_nam": "MAWALA K.V.", "school_lev": "Provincial", "school_typ": "Type 2", "district": "13.Kalutara", "zone": "Kalutara" }, "geometry": { "type": "Point", "coordinates": [ 79.95797, 6.66413 ] } },
{ "type": "Feature", "properties": { "school_nam": "RAJAGURU SRI SUBHUTHI M.V.", "school_lev": "Provincial", "school_typ": "Type 2", "district": "13.Kalutara", "zone": "Kalutara" }, "geometry": { "type": "Point", "coordinates": [ 79.9456, 6.62248 ] } },
{ "type": "Feature", "properties": { "school_nam": "VELAPURA M.V.", "school_lev": "Provincial", "school_typ": "1C", "district": "13.Kalutara", "zone": "Kalutara" }, "geometry": { "type": "Point", "coordinates": [ 79.96162, 6.57995 ] } },
{ "type": "Feature", "properties": { "school_nam": "SUGATHA K.V.", "school_lev": "Provincial", "school_typ": "Type 2", "district": "13.Kalutara", "zone": "Kalutara" }, "geometry": { "type": "Point", "coordinates": [ 79.95981, 6.59683 ] } },
{ "type": "Feature", "properties": { "school_nam": "SRI SUNANDA P.V.", "school_lev": "Provincial", "school_typ": "Type 3", "district": "13.Kalutara", "zone": "Kalutara" }, "geometry": { "type": "Point", "coordinates": [ 79.94681, 6.63084 ] } },
{ "type": "Feature", "properties": { "school_nam": "ALUTHGAMA NATIONAL SCHOOL", "school_lev": "National", "school_typ": "1AB", "district": "13.Kalutara", "zone": "Kalutara" }, "geometry": { "type": "Point", "coordinates": [ 79.997962590000043, 6.436361065000028 ] } },
{ "type": "Feature", "properties": { "school_nam": "SANGAMITTA BALIKA M.V.", "school_lev": "Provincial", "school_typ": "Type 2", "district": "13.Kalutara", "zone": "Kalutara" }, "geometry": { "type": "Point", "coordinates": [ 80.00382, 6.43353 ] } },
{ "type": "Feature", "properties": { "school_nam": "DIYALAGODA MAHA VIDYALAYA", "school_lev": "Provincial", "school_typ": "Type 2", "district": "13.Kalutara", "zone": "Kalutara" }, "geometry": { "type": "Point", "coordinates": [ 79.98454, 6.51021 ] } },
{ "type": "Feature", "properties": { "school_nam": "SRI GNANISSARA MAHA VIDYALAYA", "school_lev": "Provincial", "school_typ": "1AB", "district": "13.Kalutara", "zone": "Kalutara" }, "geometry": { "type": "Point", "coordinates": [ 80.0224, 6.44113 ] } },
{ "type": "Feature", "properties": { "school_nam": "BANDARANAYAKA M.V.", "school_lev": "Provincial", "school_typ": "1C", "district": "13.Kalutara", "zone": "Kalutara" }, "geometry": { "type": "Point", "coordinates": [ 79.97568, 6.53751 ] } },
{ "type": "Feature", "properties": { "school_nam": "POTHUWILA NAVODYA VIDYALAYA", "school_lev": "Provincial", "school_typ": "1AB", "district": "13.Kalutara", "zone": "Kalutara" }, "geometry": { "type": "Point", "coordinates": [ 79.99175, 6.52062 ] } },
{ "type": "Feature", "properties": { "school_nam": "D S SENANAYAKA NATIONAL SCHOOL", "school_lev": "National", "school_typ": "1AB", "district": "13.Kalutara", "zone": "Kalutara" }, "geometry": { "type": "Point", "coordinates": [ 79.986848, 6.469015 ] } },
{ "type": "Feature", "properties": { "school_nam": "KALUWAMODARA K.V.", "school_lev": "Provincial", "school_typ": "Type 2", "district": "13.Kalutara", "zone": "Kalutara" }, "geometry": { "type": "Point", "coordinates": [ 79.99815, 6.44887 ] } },
{ "type": "Feature", "properties": { "school_nam": "KALAWILA KANISHTA VIDYALAYA", "school_lev": "Provincial", "school_typ": "Type 2", "district": "13.Kalutara", "zone": "Kalutara" }, "geometry": { "type": "Point", "coordinates": [ 80.03825, 6.46676 ] } },
{ "type": "Feature", "properties": { "school_nam": "KOSHENA KANISHTA VIDYALAYA", "school_lev": "Provincial", "school_typ": "Type 2", "district": "13.Kalutara", "zone": "Kalutara" }, "geometry": { "type": "Point", "coordinates": [ 79.99649, 6.54911 ] } },
{ "type": "Feature", "properties": { "school_nam": "PAYAGALA SAMUDRADEVI BALIKA VIDYALAYA", "school_lev": "Provincial", "school_typ": "Type 2", "district": "13.Kalutara", "zone": "Kalutara" }, "geometry": { "type": "Point", "coordinates": [ 79.97923, 6.53506 ] } },
{ "type": "Feature", "properties": { "school_nam": "PADAGODA MAHA VIDYALAYA", "school_lev": "Provincial", "school_typ": "1C", "district": "13.Kalutara", "zone": "Kalutara" }, "geometry": { "type": "Point", "coordinates": [ 80.01172, 6.45994 ] } },
{ "type": "Feature", "properties": { "school_nam": "PALAYANGODA KANISHTA VIDYALAYA", "school_lev": "Provincial", "school_typ": "Type 2", "district": "13.Kalutara", "zone": "Kalutara" }, "geometry": { "type": "Point", "coordinates": [ 79.98756, 6.52816 ] } },
{ "type": "Feature", "properties": { "school_nam": "BADANAGODA KANISHTA VIDYALAYA", "school_lev": "Provincial", "school_typ": "Type 2", "district": "13.Kalutara", "zone": "Kalutara" }, "geometry": { "type": "Point", "coordinates": [ 80.03533, 6.48249 ] } },
{ "type": "Feature", "properties": { "school_nam": "ARIYAWANSHA MAHA VIDYALAYA", "school_lev": "Provincial", "school_typ": "1C", "district": "13.Kalutara", "zone": "Kalutara" }, "geometry": { "type": "Point", "coordinates": [ 79.98527, 6.47485 ] } },
{ "type": "Feature", "properties": { "school_nam": "BERUWALA BUDDHIST JUNIOR SCHOOL", "school_lev": "Provincial", "school_typ": "Type 2", "district": "13.Kalutara", "zone": "Kalutara" }, "geometry": { "type": "Point", "coordinates": [ 79.98184, 6.46978 ] } },
{ "type": "Feature", "properties": { "school_nam": "BERUWALA ROMAN CATHOLIC JUNIOR SCHOOL", "school_lev": "Provincial", "school_typ": "Type 2", "district": "13.Kalutara", "zone": "Kalutara" }, "geometry": { "type": "Point", "coordinates": [ 79.98341, 6.48125 ] } },
{ "type": "Feature", "properties": { "school_nam": "MAHAGAMMEDDA PRIMARY SCHOOL", "school_lev": "Provincial", "school_typ": "Type 3", "district": "13.Kalutara", "zone": "Kalutara" }, "geometry": { "type": "Point", "coordinates": [ 79.98332, 6.52315 ] } },
{ "type": "Feature", "properties": { "school_nam": "MALEGODA K.V.", "school_lev": "Provincial", "school_typ": "Type 2", "district": "13.Kalutara", "zone": "Kalutara" }, "geometry": { "type": "Point", "coordinates": [ 79.98337, 6.54557 ] } },
{ "type": "Feature", "properties": { "school_nam": "SRI SAMBUDDARAJA KANISHTA VIDYALAYA", "school_lev": "Provincial", "school_typ": "Type 2", "district": "13.Kalutara", "zone": "Kalutara" }, "geometry": { "type": "Point", "coordinates": [ 79.98312, 6.50639 ] } },
{ "type": "Feature", "properties": { "school_nam": "MAGGONA ST. MARY'S VIDYALAYA", "school_lev": "Provincial", "school_typ": "Type 2", "district": "13.Kalutara", "zone": "Kalutara" }, "geometry": { "type": "Point", "coordinates": [ 79.98148, 6.50287 ] } },
{ "type": "Feature", "properties": { "school_nam": "ST. VISENTHI VIDYALAYA", "school_lev": "Provincial", "school_typ": "Type 2", "district": "13.Kalutara", "zone": "Kalutara" }, "geometry": { "type": "Point", "coordinates": [ 79.99562, 6.50703 ] } },
{ "type": "Feature", "properties": { "school_nam": "MAGALKANDA BAUDDA K.V.", "school_lev": "Provincial", "school_typ": "Type 2", "district": "13.Kalutara", "zone": "Kalutara" }, "geometry": { "type": "Point", "coordinates": [ 79.98472, 6.49213 ] } },
{ "type": "Feature", "properties": { "school_nam": "MUNHENA KANISHTA VIDYALAYA", "school_lev": "Provincial", "school_typ": "Type 2", "district": "13.Kalutara", "zone": "Kalutara" }, "geometry": { "type": "Point", "coordinates": [ 80.00743, 6.4971 ] } },
{ "type": "Feature", "properties": { "school_nam": "MORAGALLA K.V", "school_lev": "Provincial", "school_typ": "Type 2", "district": "13.Kalutara", "zone": "Kalutara" }, "geometry": { "type": "Point", "coordinates": [ 79.98648, 6.45266 ] } },
{ "type": "Feature", "properties": { "school_nam": "WALATHARA KANISHTA VIDYALAYA", "school_lev": "Provincial", "school_typ": "Type 2", "district": "13.Kalutara", "zone": "Kalutara" }, "geometry": { "type": "Point", "coordinates": [ 80.01131, 6.47749 ] } },
{ "type": "Feature", "properties": { "school_nam": "HALKANDAWILA MAHA VIDYALAYA", "school_lev": "Provincial", "school_typ": "1C", "district": "13.Kalutara", "zone": "Kalutara" }, "geometry": { "type": "Point", "coordinates": [ 80.02033, 6.50884 ] } },
{ "type": "Feature", "properties": { "school_nam": "KARANDAGODA P.V.", "school_lev": "Provincial", "school_typ": "Type 3", "district": "13.Kalutara", "zone": "Kalutara" }, "geometry": { "type": "Point", "coordinates": [ 79.99762, 6.48457 ] } },
{ "type": "Feature", "properties": { "school_nam": "DIYALAGODA ROMAN CATHOLIC PRIMARY SCHOOL", "school_lev": "Provincial", "school_typ": "Type 3", "district": "13.Kalutara", "zone": "Kalutara" }, "geometry": { "type": "Point", "coordinates": [ 79.98697, 6.51108 ] } },
{ "type": "Feature", "properties": { "school_nam": "BERUWALA PRIMARY SCHOOL", "school_lev": "Provincial", "school_typ": "Type 3", "district": "13.Kalutara", "zone": "Kalutara" }, "geometry": { "type": "Point", "coordinates": [ 79.98308, 6.47761 ] } },
{ "type": "Feature", "properties": { "school_nam": "DUWEGODA PRIMARY SCHOOL", "school_lev": "Provincial", "school_typ": "Type 3", "district": "13.Kalutara", "zone": "Kalutara" }, "geometry": { "type": "Point", "coordinates": [ 80.02716, 6.49506 ] } },
{ "type": "Feature", "properties": { "school_nam": "PATHIRAJAGODA PRIMARY SCHOOL", "school_lev": "Provincial", "school_typ": "Type 3", "district": "13.Kalutara", "zone": "Kalutara" }, "geometry": { "type": "Point", "coordinates": [ 80.0136, 6.44856 ] } },
{ "type": "Feature", "properties": { "school_nam": "MAGALKANDA METHODIST COLLEGE", "school_lev": "Provincial", "school_typ": "Type 3", "district": "13.Kalutara", "zone": "Kalutara" }, "geometry": { "type": "Point", "coordinates": [ 79.98643, 6.49534 ] } },
{ "type": "Feature", "properties": { "school_nam": "WARAPITIYA K. V.", "school_lev": "Provincial", "school_typ": "Type 3", "district": "13.Kalutara", "zone": "Kalutara" }, "geometry": { "type": "Point", "coordinates": [ 80.02519, 6.43618 ] } },
{ "type": "Feature", "properties": { "school_nam": "WERAGALA SRI DEWAMITHTHA", "school_lev": "Provincial", "school_typ": "Type 3", "district": "13.Kalutara", "zone": "Kalutara" }, "geometry": { "type": "Point", "coordinates": [ 80.00596, 6.52537 ] } },
{ "type": "Feature", "properties": { "school_nam": "HALAWAKANDA P.V.", "school_lev": "Provincial", "school_typ": "Type 3", "district": "13.Kalutara", "zone": "Kalutara" }, "geometry": { "type": "Point", "coordinates": [ 79.98346, 6.45928 ] } },
{ "type": "Feature", "properties": { "school_nam": "HIRIGALGODALLA P.V.", "school_lev": "Provincial", "school_typ": "Type 3", "district": "13.Kalutara", "zone": "Kalutara" }, "geometry": { "type": "Point", "coordinates": [ 80.00275, 6.53936 ] } },
{ "type": "Feature", "properties": { "school_nam": "MASSALA PRIMARY SCHOOL", "school_lev": "Provincial", "school_typ": "Type 3", "district": "13.Kalutara", "zone": "Kalutara" }, "geometry": { "type": "Point", "coordinates": [ 79.9849, 6.4704 ] } },
{ "type": "Feature", "properties": { "school_nam": "AGALAWATTA MIHINDU M.M.V.", "school_lev": "Provincial", "school_typ": "1AB", "district": "13.Kalutara", "zone": "Matugama" }, "geometry": { "type": "Point", "coordinates": [ 80.15667, 6.54012 ] } },
{ "type": "Feature", "properties": { "school_nam": "ATALE M.V.", "school_lev": "Provincial", "school_typ": "1C", "district": "13.Kalutara", "zone": "Matugama" }, "geometry": { "type": "Point", "coordinates": [ 80.26512, 6.45574 ] } },
{ "type": "Feature", "properties": { "school_nam": "BADURALIYA KAMBURAWALA M.V.", "school_lev": "Provincial", "school_typ": "1AB", "district": "13.Kalutara", "zone": "Matugama" }, "geometry": { "type": "Point", "coordinates": [ 80.22439, 6.51829 ] } },
{ "type": "Feature", "properties": { "school_nam": "BELLANA M.V.", "school_lev": "Provincial", "school_typ": "1C", "district": "13.Kalutara", "zone": "Matugama" }, "geometry": { "type": "Point", "coordinates": [ 80.17651, 6.52233 ] } },
{ "type": "Feature", "properties": { "school_nam": "WEEDIYABANDARA M.V.", "school_lev": "Provincial", "school_typ": "1C", "district": "13.Kalutara", "zone": "Matugama" }, "geometry": { "type": "Point", "coordinates": [ 80.26857, 6.53792 ] } },
{ "type": "Feature", "properties": { "school_nam": "PELENDA M.V.", "school_lev": "Provincial", "school_typ": "Type 2", "district": "13.Kalutara", "zone": "Matugama" }, "geometry": { "type": "Point", "coordinates": [ 80.2501, 6.5615 ] } },
{ "type": "Feature", "properties": { "school_nam": "KAPUGEDARA K.V.", "school_lev": "Provincial", "school_typ": "Type 2", "district": "13.Kalutara", "zone": "Matugama" }, "geometry": { "type": "Point", "coordinates": [ 80.24242, 6.59494 ] } },
{ "type": "Feature", "properties": { "school_nam": "KELINKANDA K.V.", "school_lev": "Provincial", "school_typ": "Type 2", "district": "13.Kalutara", "zone": "Matugama" }, "geometry": { "type": "Point", "coordinates": [ 80.2975, 6.5799 ] } },
{ "type": "Feature", "properties": { "school_nam": "KOSGULANA K.V.", "school_lev": "Provincial", "school_typ": "Type 2", "district": "13.Kalutara", "zone": "Matugama" }, "geometry": { "type": "Point", "coordinates": [ 80.26366, 6.6185 ] } },
{ "type": "Feature", "properties": { "school_nam": "GURULUBEDDA P.V.", "school_lev": "Provincial", "school_typ": "Type 3", "district": "13.Kalutara", "zone": "Matugama" }, "geometry": { "type": "Point", "coordinates": [ 80.25312, 6.48093 ] } },
{ "type": "Feature", "properties": { "school_nam": "DAPILIGODA P.V.", "school_lev": "Provincial", "school_typ": "Type 3", "district": "13.Kalutara", "zone": "Matugama" }, "geometry": { "type": "Point", "coordinates": [ 80.16337, 6.53548 ] } },
{ "type": "Feature", "properties": { "school_nam": "BADURALIYA M.V", "school_lev": "Provincial", "school_typ": "1C", "district": "13.Kalutara", "zone": "Matugama" }, "geometry": { "type": "Point", "coordinates": [ 80.2357, 6.5251 ] } },
{ "type": "Feature", "properties": { "school_nam": "MAGURA P.V.", "school_lev": "Provincial", "school_typ": "Type 3", "district": "13.Kalutara", "zone": "Matugama" }, "geometry": { "type": "Point", "coordinates": [ 80.23744, 6.48797 ] } },
{ "type": "Feature", "properties": { "school_nam": "MIDALANA P.V.", "school_lev": "Provincial", "school_typ": "Type 3", "district": "13.Kalutara", "zone": "Matugama" }, "geometry": { "type": "Point", "coordinates": [ 80.251, 6.52175 ] } },
{ "type": "Feature", "properties": { "school_nam": "MINIKANDALA P.V.", "school_lev": "Provincial", "school_typ": "Type 3", "district": "13.Kalutara", "zone": "Matugama" }, "geometry": { "type": "Point", "coordinates": [ 80.25254, 6.54132 ] } },
{ "type": "Feature", "properties": { "school_nam": "MULATIYANA P.V.", "school_lev": "Provincial", "school_typ": "Type 3", "district": "13.Kalutara", "zone": "Matugama" }, "geometry": { "type": "Point", "coordinates": [ 80.15552, 6.51313 ] } },
{ "type": "Feature", "properties": { "school_nam": "YATIYANA K.V.", "school_lev": "Provincial", "school_typ": "Type 2", "district": "13.Kalutara", "zone": "Matugama" }, "geometry": { "type": "Point", "coordinates": [ 80.14459, 6.53266 ] } },
{ "type": "Feature", "properties": { "school_nam": "YAKUPITIYA SRI CHANDAVIMALA P.V.", "school_lev": "Provincial", "school_typ": "Type 3", "district": "13.Kalutara", "zone": "Matugama" }, "geometry": { "type": "Point", "coordinates": [ 80.19776, 6.51775 ] } },
{ "type": "Feature", "properties": { "school_nam": "PAGNGNASENA P.V.", "school_lev": "Provincial", "school_typ": "Type 3", "district": "13.Kalutara", "zone": "Matugama" }, "geometry": { "type": "Point", "coordinates": [ 80.21425, 6.54084 ] } },
{ "type": "Feature", "properties": { "school_nam": "SRI SIDDHARTHA K.V.", "school_lev": "Provincial", "school_typ": "Type 3", "district": "13.Kalutara", "zone": "Matugama" }, "geometry": { "type": "Point", "coordinates": [ 80.20919, 6.5253 ] } },
{ "type": "Feature", "properties": { "school_nam": "HEDIGALLE SRI VIPULASIRI K.V.", "school_lev": "Provincial", "school_typ": "Type 2", "district": "13.Kalutara", "zone": "Matugama" }, "geometry": { "type": "Point", "coordinates": [ 80.26659, 6.48665 ] } },
{ "type": "Feature", "properties": { "school_nam": "HEDIGALLA JANAPADA M.V.", "school_lev": "Provincial", "school_typ": "1C", "district": "13.Kalutara", "zone": "Matugama" }, "geometry": { "type": "Point", "coordinates": [ 80.28827, 6.46395 ] } },
{ "type": "Feature", "properties": { "school_nam": "AMBEGODA P.V.", "school_lev": "Provincial", "school_typ": "Type 3", "district": "13.Kalutara", "zone": "Matugama" }, "geometry": { "type": "Point", "coordinates": [ 80.29406, 6.55154 ] } },
{ "type": "Feature", "properties": { "school_nam": "ELABODA P.V.", "school_lev": "Provincial", "school_typ": "Type 3", "district": "13.Kalutara", "zone": "Matugama" }, "geometry": { "type": "Point", "coordinates": [ 80.24814, 6.51127 ] } },
{ "type": "Feature", "properties": { "school_nam": "INGURUDALUWA K.V.", "school_lev": "Provincial", "school_typ": "Type 2", "district": "13.Kalutara", "zone": "Matugama" }, "geometry": { "type": "Point", "coordinates": [ 80.28458, 6.45237 ] } },
{ "type": "Feature", "properties": { "school_nam": "ILUKPOTHA K.V.", "school_lev": "Provincial", "school_typ": "Type 2", "district": "13.Kalutara", "zone": "Matugama" }, "geometry": { "type": "Point", "coordinates": [ 80.21931, 6.5679 ] } },
{ "type": "Feature", "properties": { "school_nam": "DIGANNA P.V.", "school_lev": "Provincial", "school_typ": "Type 3", "district": "13.Kalutara", "zone": "Matugama" }, "geometry": { "type": "Point", "coordinates": [ 80.29315, 6.53386 ] } },
{ "type": "Feature", "properties": { "school_nam": "BOLLUNNA P.V.", "school_lev": "Provincial", "school_typ": "Type 3", "district": "13.Kalutara", "zone": "Matugama" }, "geometry": { "type": "Point", "coordinates": [ 80.30117, 6.45535 ] } },
{ "type": "Feature", "properties": { "school_nam": "MIDALANA JANAPADA P.V.", "school_lev": "Provincial", "school_typ": "Type 3", "district": "13.Kalutara", "zone": "Matugama" }, "geometry": { "type": "Point", "coordinates": [ 80.26249, 6.5268 ] } },
{ "type": "Feature", "properties": { "school_nam": "WALAKADA P.V.", "school_lev": "Provincial", "school_typ": "Type 3", "district": "13.Kalutara", "zone": "Matugama" }, "geometry": { "type": "Point", "coordinates": [ 80.2434, 6.59635 ] } },
{ "type": "Feature", "properties": { "school_nam": "WATHURANA SRI SARASWATHI P.V.", "school_lev": "Provincial", "school_typ": "Type 3", "district": "13.Kalutara", "zone": "Matugama" }, "geometry": { "type": "Point", "coordinates": [ 80.22909, 6.5273 ] } },
{ "type": "Feature", "properties": { "school_nam": "HANDAGIRIKANDA P.V.", "school_lev": "Provincial", "school_typ": "Type 3", "district": "13.Kalutara", "zone": "Matugama" }, "geometry": { "type": "Point", "coordinates": [ 80.17487, 6.55549 ] } },
{ "type": "Feature", "properties": { "school_nam": "HALDOLA SRI JINAWANSHA P.V.", "school_lev": "Provincial", "school_typ": "Type 3", "district": "13.Kalutara", "zone": "Matugama" }, "geometry": { "type": "Point", "coordinates": [ 80.19086, 6.53268 ] } },
{ "type": "Feature", "properties": { "school_nam": "MALIYADEWA P.V.", "school_lev": "Provincial", "school_typ": "Type 3", "district": "13.Kalutara", "zone": "Matugama" }, "geometry": { "type": "Point", "coordinates": [ 80.23042, 6.54366 ] } },
{ "type": "Feature", "properties": { "school_nam": "KELINKANDA JANAPADAYA P.V.", "school_lev": "Provincial", "school_typ": "Type 3", "district": "13.Kalutara", "zone": "Matugama" }, "geometry": { "type": "Point", "coordinates": [ 80.29755, 6.58023 ] } },
{ "type": "Feature", "properties": { "school_nam": "THAWANA P.V.", "school_lev": "Provincial", "school_typ": "Type 3", "district": "13.Kalutara", "zone": "Matugama" }, "geometry": { "type": "Point", "coordinates": [ 80.27755, 6.49478 ] } },
{ "type": "Feature", "properties": { "school_nam": "MERIL KARIYAWASAM M.M.V.", "school_lev": "Provincial", "school_typ": "1AB", "district": "13.Kalutara", "zone": "Matugama" }, "geometry": { "type": "Point", "coordinates": [ 80.19258, 6.43845 ] } },
{ "type": "Feature", "properties": { "school_nam": "ITTAPANA COLVIN R DE SILVA M.V.", "school_lev": "Provincial", "school_typ": "1AB", "district": "13.Kalutara", "zone": "Matugama" }, "geometry": { "type": "Point", "coordinates": [ 80.08296, 6.41254 ] } },
{ "type": "Feature", "properties": { "school_nam": "WALALLAWITA M.V.", "school_lev": "Provincial", "school_typ": "1C", "district": "13.Kalutara", "zone": "Matugama" }, "geometry": { "type": "Point", "coordinates": [ 80.19568, 6.37351 ] } },
{ "type": "Feature", "properties": { "school_nam": "KEVITIYAGALA M.V.", "school_lev": "Provincial", "school_typ": "1C", "district": "13.Kalutara", "zone": "Matugama" }, "geometry": { "type": "Point", "coordinates": [ 80.19495, 6.46829 ] } },
{ "type": "Feature", "properties": { "school_nam": "GAMMANA M.V.", "school_lev": "Provincial", "school_typ": "Type 2", "district": "13.Kalutara", "zone": "Matugama" }, "geometry": { "type": "Point", "coordinates": [ 80.1158, 6.39626 ] } },
{ "type": "Feature", "properties": { "school_nam": "PAREIGAMA M.V.", "school_lev": "Provincial", "school_typ": "Type 2", "district": "13.Kalutara", "zone": "Matugama" }, "geometry": { "type": "Point", "coordinates": [ 80.13429, 6.41441 ] } },
{ "type": "Feature", "properties": { "school_nam": "PELAWATTA M.V.", "school_lev": "Provincial", "school_typ": "1C", "district": "13.Kalutara", "zone": "Matugama" }, "geometry": { "type": "Point", "coordinates": [ 80.21368, 6.39954 ] } },
{ "type": "Feature", "properties": { "school_nam": "HALAWALA C.W.W.KANNANGARA M.V.", "school_lev": "Provincial", "school_typ": "Type 2", "district": "13.Kalutara", "zone": "Matugama" }, "geometry": { "type": "Point", "coordinates": [ 80.09254, 6.4065 ] } },
{ "type": "Feature", "properties": { "school_nam": "NORTH ITTAPANA SRI SARANANKARA P.V.", "school_lev": "Provincial", "school_typ": "Type 3", "district": "13.Kalutara", "zone": "Matugama" }, "geometry": { "type": "Point", "coordinates": [ 80.09113, 6.42782 ] } },
{ "type": "Feature", "properties": { "school_nam": "IHALA HEWESSA K.V.", "school_lev": "Provincial", "school_typ": "Type 2", "district": "13.Kalutara", "zone": "Matugama" }, "geometry": { "type": "Point", "coordinates": [ 80.2793, 6.3661 ] } },
{ "type": "Feature", "properties": { "school_nam": "UDUGAMA K.V.", "school_lev": "Provincial", "school_typ": "Type 2", "district": "13.Kalutara", "zone": "Matugama" }, "geometry": { "type": "Point", "coordinates": [ 80.14911, 6.36832 ] } },
{ "type": "Feature", "properties": { "school_nam": "URAGODA P.V.", "school_lev": "Provincial", "school_typ": "Type 3", "district": "13.Kalutara", "zone": "Matugama" }, "geometry": { "type": "Point", "coordinates": [ 80.12034, 6.45949 ] } },
{ "type": "Feature", "properties": { "school_nam": "KURUPITA K.V.", "school_lev": "Provincial", "school_typ": "Type 2", "district": "13.Kalutara", "zone": "Matugama" }, "geometry": { "type": "Point", "coordinates": [ 80.2069, 6.47692 ] } },
{ "type": "Feature", "properties": { "school_nam": "KITHULGODA K.V.", "school_lev": "Provincial", "school_typ": "Type 2", "district": "13.Kalutara", "zone": "Matugama" }, "geometry": { "type": "Point", "coordinates": [ 80.1669, 6.40851 ] } },
{ "type": "Feature", "properties": { "school_nam": "DODAMPAPITIYA P.V.", "school_lev": "Provincial", "school_typ": "Type 3", "district": "13.Kalutara", "zone": "Matugama" }, "geometry": { "type": "Point", "coordinates": [ 80.184097, 6.495483 ] } },
{ "type": "Feature", "properties": { "school_nam": "GULAWITA P.V.", "school_lev": "Provincial", "school_typ": "Type 3", "district": "13.Kalutara", "zone": "Matugama" }, "geometry": { "type": "Point", "coordinates": [ 80.1669, 6.40851 ] } },
{ "type": "Feature", "properties": { "school_nam": "S.A. WELGAMA K.V.", "school_lev": "Provincial", "school_typ": "Type 2", "district": "13.Kalutara", "zone": "Matugama" }, "geometry": { "type": "Point", "coordinates": [ 80.19482, 6.48114 ] } },
{ "type": "Feature", "properties": { "school_nam": "PANNILA P.V.", "school_lev": "Provincial", "school_typ": "Type 3", "district": "13.Kalutara", "zone": "Matugama" }, "geometry": { "type": "Point", "coordinates": [ 80.11542, 6.43598 ] } },
{ "type": "Feature", "properties": { "school_nam": "GULANAWATTA K.V.", "school_lev": "Provincial", "school_typ": "Type 2", "district": "13.Kalutara", "zone": "Matugama" }, "geometry": { "type": "Point", "coordinates": [ 80.27141, 6.39446 ] } },
{ "type": "Feature", "properties": { "school_nam": "BOTHALAWA K.V.", "school_lev": "Provincial", "school_typ": "Type 2", "district": "13.Kalutara", "zone": "Matugama" }, "geometry": { "type": "Point", "coordinates": [ 80.2157, 6.4225 ] } },
{ "type": "Feature", "properties": { "school_nam": "MAHAKALUPAHANA K.V.", "school_lev": "Provincial", "school_typ": "Type 2", "district": "13.Kalutara", "zone": "Matugama" }, "geometry": { "type": "Point", "coordinates": [ 80.15825, 6.47323 ] } },
{ "type": "Feature", "properties": { "school_nam": "MAGURUMASWILA K.V.", "school_lev": "Provincial", "school_typ": "Type 2", "district": "13.Kalutara", "zone": "Matugama" }, "geometry": { "type": "Point", "coordinates": [ 80.20395, 6.3869 ] } },
{ "type": "Feature", "properties": { "school_nam": "MAKALANDAWA K.V.", "school_lev": "Provincial", "school_typ": "Type 2", "district": "13.Kalutara", "zone": "Matugama" }, "geometry": { "type": "Point", "coordinates": [ 80.19632, 6.40617 ] } },
{ "type": "Feature", "properties": { "school_nam": "MIRISWATTA M.V.", "school_lev": "Provincial", "school_typ": "1C", "district": "13.Kalutara", "zone": "Matugama" }, "geometry": { "type": "Point", "coordinates": [ 80.22946, 6.38412 ] } },
{ "type": "Feature", "properties": { "school_nam": "LIHINIYAWA K.V.", "school_lev": "Provincial", "school_typ": "Type 2", "district": "13.Kalutara", "zone": "Matugama" }, "geometry": { "type": "Point", "coordinates": [ 80.1752, 6.45695 ] } },
{ "type": "Feature", "properties": { "school_nam": "HEWESSA K.V.", "school_lev": "Provincial", "school_typ": "Type 2", "district": "13.Kalutara", "zone": "Matugama" }, "geometry": { "type": "Point", "coordinates": [ 80.23782, 6.40706 ] } },
{ "type": "Feature", "properties": { "school_nam": "RATHMALE K.V.", "school_lev": "Provincial", "school_typ": "Type 2", "district": "13.Kalutara", "zone": "Matugama" }, "geometry": { "type": "Point", "coordinates": [ 80.20298, 6.45108 ] } },
{ "type": "Feature", "properties": { "school_nam": "THINIYAWALA M.V.", "school_lev": "Provincial", "school_typ": "1C", "district": "13.Kalutara", "zone": "Matugama" }, "geometry": { "type": "Point", "coordinates": [ 80.33466, 6.41171 ] } },
{ "type": "Feature", "properties": { "school_nam": "WEERAKANDA P.V.", "school_lev": "Provincial", "school_typ": "Type 3", "district": "13.Kalutara", "zone": "Matugama" }, "geometry": { "type": "Point", "coordinates": [ 80.26424, 6.39306 ] } },
{ "type": "Feature", "properties": { "school_nam": "MEEGAHATHENNA P.V.", "school_lev": "Provincial", "school_typ": "Type 3", "district": "13.Kalutara", "zone": "Matugama" }, "geometry": { "type": "Point", "coordinates": [ 80.19151, 6.43706 ] } },
{ "type": "Feature", "properties": { "school_nam": "MORAGALA SIRI SUNANDA P.V.", "school_lev": "Provincial", "school_typ": "Type 3", "district": "13.Kalutara", "zone": "Matugama" }, "geometry": { "type": "Point", "coordinates": [ 80.18435, 6.46487 ] } },
{ "type": "Feature", "properties": { "school_nam": "RANEPURAGODA P.V.", "school_lev": "Provincial", "school_typ": "Type 3", "district": "13.Kalutara", "zone": "Matugama" }, "geometry": { "type": "Point", "coordinates": [ 80.242, 6.4176 ] } },
{ "type": "Feature", "properties": { "school_nam": "WEDIKANDA P.V.", "school_lev": "Provincial", "school_typ": "Type 3", "district": "13.Kalutara", "zone": "Matugama" }, "geometry": { "type": "Point", "coordinates": [ 80.19123, 6.50321 ] } },
{ "type": "Feature", "properties": { "school_nam": "HALAWALKELE P.V.", "school_lev": "Provincial", "school_typ": "Type 3", "district": "13.Kalutara", "zone": "Matugama" }, "geometry": { "type": "Point", "coordinates": [ 80.18315, 6.45407 ] } },
{ "type": "Feature", "properties": { "school_nam": "THALPEDIWALA P.V.", "school_lev": "Provincial", "school_typ": "Type 3", "district": "13.Kalutara", "zone": "Matugama" }, "geometry": { "type": "Point", "coordinates": [ 80.17492, 6.44147 ] } },
{ "type": "Feature", "properties": { "school_nam": "SEEVALI P.V.", "school_lev": "Provincial", "school_typ": "Type 3", "district": "13.Kalutara", "zone": "Matugama" }, "geometry": { "type": "Point", "coordinates": [ 80.2442, 6.3794 ] } },
{ "type": "Feature", "properties": { "school_nam": "YATTAPATHA K.V.", "school_lev": "Provincial", "school_typ": "Type 2", "district": "13.Kalutara", "zone": "Matugama" }, "geometry": { "type": "Point", "coordinates": [ 80.29494, 6.39755 ] } },
{ "type": "Feature", "properties": { "school_nam": "KARAPAGALA P.V.", "school_lev": "Provincial", "school_typ": "Type 3", "district": "13.Kalutara", "zone": "Matugama" }, "geometry": { "type": "Point", "coordinates": [ 80.13239, 6.39157 ] } },
{ "type": "Feature", "properties": { "school_nam": "DIKHENA K.V.", "school_lev": "Provincial", "school_typ": "Type 2", "district": "13.Kalutara", "zone": "Matugama" }, "geometry": { "type": "Point", "coordinates": [ 80.31818, 6.45742 ] } },
{ "type": "Feature", "properties": { "school_nam": "ALUTHGAM WEEDIYA MUSLIM BALIKA M.V.", "school_lev": "National", "school_typ": "1AB", "district": "13.Kalutara", "zone": "Kalutara" }, "geometry": { "type": "Point", "coordinates": [ 80.016642120000085, 6.442880627000022 ] } },
{ "type": "Feature", "properties": { "school_nam": "BERUWALA AL HUMAISARA CENTRAL COLLEGE", "school_lev": "National", "school_typ": "1AB", "district": "13.Kalutara", "zone": "Kalutara" }, "geometry": { "type": "Point", "coordinates": [ 79.98981, 6.477053 ] } },
{ "type": "Feature", "properties": { "school_nam": "DHARGA TOWN ZAHIRA MAHA VIDYALAYA", "school_lev": "Provincial", "school_typ": "1AB", "district": "13.Kalutara", "zone": "Kalutara" }, "geometry": { "type": "Point", "coordinates": [ 80.01159, 6.44478 ] } },
{ "type": "Feature", "properties": { "school_nam": "BERUWALA NALEEM HAJIAR LADIES COLLEGE", "school_lev": "Provincial", "school_typ": "1AB", "district": "13.Kalutara", "zone": "Kalutara" }, "geometry": { "type": "Point", "coordinates": [ 79.98994, 6.47701 ] } },
{ "type": "Feature", "properties": { "school_nam": "AL-FASIYATHUL NASRIYA MUSILM BALIKA M.V.", "school_lev": "Provincial", "school_typ": "1C", "district": "13.Kalutara", "zone": "Kalutara" }, "geometry": { "type": "Point", "coordinates": [ 79.975525, 6.465281 ] } },
{ "type": "Feature", "properties": { "school_nam": "AL-HASANIYA M. V.", "school_lev": "Provincial", "school_typ": "1C", "district": "13.Kalutara", "zone": "Kalutara" }, "geometry": { "type": "Point", "coordinates": [ 79.98251, 6.49933 ] } },
{ "type": "Feature", "properties": { "school_nam": "ZAM REFAI HAJIAR MAHA VIDYALAYA", "school_lev": "Provincial", "school_typ": "1AB", "district": "13.Kalutara", "zone": "Kalutara" }, "geometry": { "type": "Point", "coordinates": [ 79.97995, 6.46497 ] } },
{ "type": "Feature", "properties": { "school_nam": "KALUTARA MUSLIM M.M.V.", "school_lev": "Provincial", "school_typ": "1C", "district": "13.Kalutara", "zone": "Kalutara" }, "geometry": { "type": "Point", "coordinates": [ 79.96699, 6.56974 ] } },
{ "type": "Feature", "properties": { "school_nam": "KALUTARA MUSLIM BALIKA M.V.", "school_lev": "Provincial", "school_typ": "1AB", "district": "13.Kalutara", "zone": "Kalutara" }, "geometry": { "type": "Point", "coordinates": [ 79.96926, 6.57083 ] } },
{ "type": "Feature", "properties": { "school_nam": "I L M SAMSUDEEN VIDYALAYA", "school_lev": "Provincial", "school_typ": "Type 2", "district": "13.Kalutara", "zone": "Kalutara" }, "geometry": { "type": "Point", "coordinates": [ 79.98339, 6.4586 ] } },
{ "type": "Feature", "properties": { "school_nam": "VEYANGALLA MU.M.V.", "school_lev": "Provincial", "school_typ": "1C", "district": "13.Kalutara", "zone": "Horana" }, "geometry": { "type": "Point", "coordinates": [ 80.14818, 6.58488 ] } },
{ "type": "Feature", "properties": { "school_nam": "MILLAKANDE T M V", "school_lev": "Provincial", "school_typ": "1C", "district": "13.Kalutara", "zone": "Horana" }, "geometry": { "type": "Point", "coordinates": [ 80.17604, 6.64699 ] } },
{ "type": "Feature", "properties": { "school_nam": "DHARGA TOWN AL HAMBRA MAHA VIDYALAYA", "school_lev": "Provincial", "school_typ": "1C", "district": "13.Kalutara", "zone": "Kalutara" }, "geometry": { "type": "Point", "coordinates": [ 80.00481, 6.44416 ] } },
{ "type": "Feature", "properties": { "school_nam": "MILLEWA T.P.V.", "school_lev": "Provincial", "school_typ": "Type 3", "district": "13.Kalutara", "zone": "Horana" }, "geometry": { "type": "Point", "coordinates": [ 80.06835, 6.78056 ] } },
{ "type": "Feature", "properties": { "school_nam": "EDURANGALA T.K.V.", "school_lev": "Provincial", "school_typ": "Type 2", "district": "13.Kalutara", "zone": "Horana" }, "geometry": { "type": "Point", "coordinates": [ 80.15328, 6.74422 ] } },
{ "type": "Feature", "properties": { "school_nam": "HORANA T M.V.", "school_lev": "Provincial", "school_typ": "1C", "district": "13.Kalutara", "zone": "Horana" }, "geometry": { "type": "Point", "coordinates": [ 80.07043, 6.71143 ] } },
{ "type": "Feature", "properties": { "school_nam": "PERTH T.P.V.", "school_lev": "Provincial", "school_typ": "Type 3", "district": "13.Kalutara", "zone": "Horana" }, "geometry": { "type": "Point", "coordinates": [ 80.11815, 6.71622 ] } },
{ "type": "Feature", "properties": { "school_nam": "RAIGAM SARASWATHI T.K.V.", "school_lev": "Provincial", "school_typ": "Type 2", "district": "13.Kalutara", "zone": "Horana" }, "geometry": { "type": "Point", "coordinates": [ 80.1778, 6.76716 ] } },
{ "type": "Feature", "properties": { "school_nam": "FROCESTER T P.V.", "school_lev": "Provincial", "school_typ": "Type 3", "district": "13.Kalutara", "zone": "Horana" }, "geometry": { "type": "Point", "coordinates": [ 80.12189, 6.66736 ] } },
{ "type": "Feature", "properties": { "school_nam": "GIKIYANAKANDA T.K.V.", "school_lev": "Provincial", "school_typ": "Type 2", "district": "13.Kalutara", "zone": "Horana" }, "geometry": { "type": "Point", "coordinates": [ 80.10674, 6.58697 ] } },
{ "type": "Feature", "properties": { "school_nam": "KOBOWELA T.P.V.", "school_lev": "Provincial", "school_typ": "Type 3", "district": "13.Kalutara", "zone": "Horana" }, "geometry": { "type": "Point", "coordinates": [ 80.16329, 6.67609 ] } },
{ "type": "Feature", "properties": { "school_nam": "KUDAGANGA T.K.V.", "school_lev": "Provincial", "school_typ": "Type 3", "district": "13.Kalutara", "zone": "Horana" }, "geometry": { "type": "Point", "coordinates": [ 80.16233, 6.62916 ] } },
{ "type": "Feature", "properties": { "school_nam": "S.T.FRANCIS T.P.V.", "school_lev": "Provincial", "school_typ": "Type 3", "district": "13.Kalutara", "zone": "Horana" }, "geometry": { "type": "Point", "coordinates": [ 80.16915, 6.65425 ] } },
{ "type": "Feature", "properties": { "school_nam": "RAIGAM (L.D) T.K.V.", "school_lev": "Provincial", "school_typ": "Type 2", "district": "13.Kalutara", "zone": "Horana" }, "geometry": { "type": "Point", "coordinates": [ 80.16578, 6.76897 ] } },
{ "type": "Feature", "properties": { "school_nam": "PANADURA AL FAHRIYA CENTRAL COLLEGE", "school_lev": "Provincial", "school_typ": "1C", "district": "13.Kalutara", "zone": "Kalutara" }, "geometry": { "type": "Point", "coordinates": [ 79.91195, 6.74312 ] } },
{ "type": "Feature", "properties": { "school_nam": "JEELAN CENTRAL COLLEGE", "school_lev": "Provincial", "school_typ": "1AB", "district": "13.Kalutara", "zone": "Kalutara" }, "geometry": { "type": "Point", "coordinates": [ 79.90173, 6.74987 ] } },
{ "type": "Feature", "properties": { "school_nam": "ILMA MUSLIM VIDYALAYA", "school_lev": "Provincial", "school_typ": "Type 2", "district": "13.Kalutara", "zone": "Kalutara" }, "geometry": { "type": "Point", "coordinates": [ 79.91634, 6.7413 ] } },
{ "type": "Feature", "properties": { "school_nam": "ALAVIYA MUSLIM MAHA VIDYALAYA", "school_lev": "Provincial", "school_typ": "1C", "district": "13.Kalutara", "zone": "Kalutara" }, "geometry": { "type": "Point", "coordinates": [ 79.92912, 6.70998 ] } },
{ "type": "Feature", "properties": { "school_nam": "HORETHUDUWA MUSLIM VIDYALAYA", "school_lev": "Provincial", "school_typ": "Type 2", "district": "13.Kalutara", "zone": "Kalutara" }, "geometry": { "type": "Point", "coordinates": [ 79.89513, 6.76428 ] } },
{ "type": "Feature", "properties": { "school_nam": "AL-GAZZALY M.M.V.", "school_lev": "Provincial", "school_typ": "1AB", "district": "13.Kalutara", "zone": "Horana" }, "geometry": { "type": "Point", "coordinates": [ 79.99521, 6.69415 ] } },
{ "type": "Feature", "properties": { "school_nam": "NEUCHATAL T.K.V.", "school_lev": "Provincial", "school_typ": "Type 2", "district": "13.Kalutara", "zone": "Horana" }, "geometry": { "type": "Point", "coordinates": [ 80.06998, 6.63886 ] } },
{ "type": "Feature", "properties": { "school_nam": "DIKHENA TAMIL K.V", "school_lev": "Provincial", "school_typ": "Type 2", "district": "13.Kalutara", "zone": "Horana" }, "geometry": { "type": "Point", "coordinates": [ 80.02588, 6.64667 ] } },
{ "type": "Feature", "properties": { "school_nam": "WELIPENNA RAHMANIYA M.V.", "school_lev": "Provincial", "school_typ": "1C", "district": "13.Kalutara", "zone": "Matugama" }, "geometry": { "type": "Point", "coordinates": [ 80.10728, 6.46797 ] } },
{ "type": "Feature", "properties": { "school_nam": "CULLODEN NAVODYA TAMIL MAHA VIDYALAYA", "school_lev": "Provincial", "school_typ": "1C", "district": "13.Kalutara", "zone": "Kalutara" }, "geometry": { "type": "Point", "coordinates": [ 80.07421, 6.56938 ] } },
{ "type": "Feature", "properties": { "school_nam": "SIRIKANDURA TAMIL P.V.", "school_lev": "Provincial", "school_typ": "Type 3", "district": "13.Kalutara", "zone": "Matugama" }, "geometry": { "type": "Point", "coordinates": [ 80.15006, 6.49657 ] } },
{ "type": "Feature", "properties": { "school_nam": "AMBETENNA TAMIL P.V.", "school_lev": "Provincial", "school_typ": "Type 3", "district": "13.Kalutara", "zone": "Matugama" }, "geometry": { "type": "Point", "coordinates": [ 80.06573, 6.52783 ] } },
{ "type": "Feature", "properties": { "school_nam": "ANNASIGALA TAMIL P.V.", "school_lev": "Provincial", "school_typ": "Type 3", "district": "13.Kalutara", "zone": "Matugama" }, "geometry": { "type": "Point", "coordinates": [ 80.0547, 6.48549 ] } },
{ "type": "Feature", "properties": { "school_nam": "BHARADI TAMIL MAHA VIDYALAYA", "school_lev": "Provincial", "school_typ": "1C", "district": "13.Kalutara", "zone": "Kalutara" }, "geometry": { "type": "Point", "coordinates": [ 80.06702, 6.58613 ] } },
{ "type": "Feature", "properties": { "school_nam": "ELADUWA TAMIL VIDYALAYA", "school_lev": "Provincial", "school_typ": "Type 3", "district": "13.Kalutara", "zone": "Kalutara" }, "geometry": { "type": "Point", "coordinates": [ 80.04164, 6.50534 ] } },
{ "type": "Feature", "properties": { "school_nam": "GODAHENA TAMIL VIDYALAYAM", "school_lev": "Provincial", "school_typ": "Type 2", "district": "13.Kalutara", "zone": "Kalutara" }, "geometry": { "type": "Point", "coordinates": [ 80.05124, 6.54143 ] } },
{ "type": "Feature", "properties": { "school_nam": "MADDEGEDARA TAMIL P.V.", "school_lev": "Provincial", "school_typ": "Type 3", "district": "13.Kalutara", "zone": "Matugama" }, "geometry": { "type": "Point", "coordinates": [ 80.09171, 6.47626 ] } },
{ "type": "Feature", "properties": { "school_nam": "MALABODA TAMIL V", "school_lev": "Provincial", "school_typ": "Type 2", "district": "13.Kalutara", "zone": "Kalutara" }, "geometry": { "type": "Point", "coordinates": [ 80.05212, 6.52347 ] } },
{ "type": "Feature", "properties": { "school_nam": "PALLEGODA TAMIL P.V.", "school_lev": "Provincial", "school_typ": "Type 3", "district": "13.Kalutara", "zone": "Matugama" }, "geometry": { "type": "Point", "coordinates": [ 80.07003, 6.47375 ] } },
{ "type": "Feature", "properties": { "school_nam": "PANTHIYA  TAMIL P.V.", "school_lev": "Provincial", "school_typ": "Type 3", "district": "13.Kalutara", "zone": "Matugama" }, "geometry": { "type": "Point", "coordinates": [ 80.08536, 6.54678 ] } },
{ "type": "Feature", "properties": { "school_nam": "KALAIMAGAL M.V.", "school_lev": "Provincial", "school_typ": "1C", "district": "13.Kalutara", "zone": "Matugama" }, "geometry": { "type": "Point", "coordinates": [ 80.06899, 6.51066 ] } },
{ "type": "Feature", "properties": { "school_nam": "VOGAN TAMIL P.V.", "school_lev": "Provincial", "school_typ": "Type 3", "district": "13.Kalutara", "zone": "Matugama" }, "geometry": { "type": "Point", "coordinates": [ 80.10977, 6.54885 ] } },
{ "type": "Feature", "properties": { "school_nam": "PELENDA T.V.", "school_lev": "Provincial", "school_typ": "Type 3", "district": "13.Kalutara", "zone": "Matugama" }, "geometry": { "type": "Point", "coordinates": [ 80.23916, 6.5469 ] } },
{ "type": "Feature", "properties": { "school_nam": "VIVEKANANDA T.K.V.", "school_lev": "Provincial", "school_typ": "Type 2", "district": "13.Kalutara", "zone": "Matugama" }, "geometry": { "type": "Point", "coordinates": [ 80.21817, 6.52752 ] } },
{ "type": "Feature", "properties": { "school_nam": "PELENDA MUSLIM K.V.", "school_lev": "Provincial", "school_typ": "Type 2", "district": "13.Kalutara", "zone": "Matugama" }, "geometry": { "type": "Point", "coordinates": [ 80.25481, 6.56118 ] } },
{ "type": "Feature", "properties": { "school_nam": "GALEWATTA T.P.V.", "school_lev": "Provincial", "school_typ": "Type 3", "district": "13.Kalutara", "zone": "Matugama" }, "geometry": { "type": "Point", "coordinates": [ 80.15269, 6.53828 ] } },
{ "type": "Feature", "properties": { "school_nam": "PIMBURA TAMIL P.V.", "school_lev": "Provincial", "school_typ": "Type 3", "district": "13.Kalutara", "zone": "Matugama" }, "geometry": { "type": "Point", "coordinates": [ 80.16396, 6.54978 ] } },
{ "type": "Feature", "properties": { "school_nam": "DALKEITH T.K.V.", "school_lev": "Provincial", "school_typ": "Type 2", "district": "13.Kalutara", "zone": "Matugama" }, "geometry": { "type": "Point", "coordinates": [ 80.20424, 6.54232 ] } },
{ "type": "Feature", "properties": { "school_nam": "MIRISWATTA T.P.V", "school_lev": "Provincial", "school_typ": "Type 3", "district": "13.Kalutara", "zone": "Matugama" }, "geometry": { "type": "Point", "coordinates": [ 80.09223, 6.43327 ] } },
{ "type": "Feature", "properties": { "school_nam": "SRI RAMAKRISHNA K.V.", "school_lev": "Provincial", "school_typ": "Type 2", "district": "13.Kalutara", "zone": "Matugama" }, "geometry": { "type": "Point", "coordinates": [ 80.23449, 6.57198 ] } },
{ "type": "Feature", "properties": { "school_nam": "PAYAGALA HINDU COLLEGE", "school_lev": "Provincial", "school_typ": "Type 2", "district": "13.Kalutara", "zone": "Kalutara" }, "geometry": { "type": "Point", "coordinates": [ 80.01408, 6.55123 ] } },
{ "type": "Feature", "properties": { "school_nam": "MIRISHENA T.P.V.", "school_lev": "Provincial", "school_typ": "Type 3", "district": "13.Kalutara", "zone": "Horana" }, "geometry": { "type": "Point", "coordinates": [ 80.15582, 6.63489 ] } },
{ "type": "Feature", "properties": { "school_nam": "HALWATHURA T.M.V.", "school_lev": "Provincial", "school_typ": "1C", "district": "13.Kalutara", "zone": "Horana" }, "geometry": { "type": "Point", "coordinates": [ 80.19195, 6.71907 ] } },
{ "type": "Feature", "properties": { "school_nam": "E.W. ADIKARAM M.V.", "school_lev": "Provincial", "school_typ": "1C", "district": "13.Kalutara", "zone": "Matugama" }, "geometry": { "type": "Point", "coordinates": [ 80.11893, 6.52071 ] } },
{ "type": "Feature", "properties": { "school_nam": "KALUTARA GURULUGOMI M.V.", "school_lev": "Provincial", "school_typ": "1AB", "district": "13.Kalutara", "zone": "Kalutara" }, "geometry": { "type": "Point", "coordinates": [ 79.95611, 6.59877 ] } },
{ "type": "Feature", "properties": { "school_nam": "WADDUWA CENTRAL PRIMARY SCHOOL", "school_lev": "Provincial", "school_typ": "Type 3", "district": "13.Kalutara", "zone": "Kalutara" }, "geometry": { "type": "Point", "coordinates": [ 79.93622, 6.66114 ] } },
{ "type": "Feature", "properties": { "school_nam": "DHARGA TOWN ZAHIRA PRIMARY SCHOOL", "school_lev": "Provincial", "school_typ": "Type 3", "district": "13.Kalutara", "zone": "Kalutara" }, "geometry": { "type": "Point", "coordinates": [ 80.00544, 6.44239 ] } },
{ "type": "Feature", "properties": { "school_nam": "RAJAGURU SRI SUBHUTHI P.V.", "school_lev": "Provincial", "school_typ": "Type 3", "district": "13.Kalutara", "zone": "Kalutara" }, "geometry": { "type": "Point", "coordinates": [ 79.94605, 6.62229 ] } },
{ "type": "Feature", "properties": { "school_nam": "AL-GAZZALY P.V.", "school_lev": "Provincial", "school_typ": "Type 3", "district": "13.Kalutara", "zone": "Horana" }, "geometry": { "type": "Point", "coordinates": [ 79.99457, 6.69319 ] } },
{ "type": "Feature", "properties": { "school_nam": "PALANNORUWA P.V", "school_lev": "Provincial", "school_typ": "Type 3", "district": "13.Kalutara", "zone": "Horana" }, "geometry": { "type": "Point", "coordinates": [ 80.01662, 6.76304 ] } },
{ "type": "Feature", "properties": { "school_nam": "GNANISSARA PRIMARY SCHOOL", "school_lev": "Provincial", "school_typ": "Type 3", "district": "13.Kalutara", "zone": "Kalutara" }, "geometry": { "type": "Point", "coordinates": [ 80.02102, 6.44097 ] } },
{ "type": "Feature", "properties": { "school_nam": "CHINAFORT PRIMARY SCHOOL", "school_lev": "Provincial", "school_typ": "Type 3", "district": "13.Kalutara", "zone": "Kalutara" }, "geometry": { "type": "Point", "coordinates": [ 79.99607, 6.47489 ] } },
{ "type": "Feature", "properties": { "school_nam": "AL-FASIYATHUL NASRIYA BOYS COLLEGE", "school_lev": "Provincial", "school_typ": "Type 3", "district": "13.Kalutara", "zone": "Kalutara" }, "geometry": { "type": "Point", "coordinates": [ 79.976547, 6.458904 ] } },
{ "type": "Feature", "properties": { "school_nam": "WATAGODA MODEL PRIMARY SCHOOL", "school_lev": "Provincial", "school_typ": "Type 3", "district": "21.Kandy", "zone": "Katugastota" }, "geometry": { "type": "Point", "coordinates": [ 79.88542, 6.94857 ] } },
{ "type": "Feature", "properties": { "school_nam": "PUNDULOYA T.M.V.", "school_lev": "Provincial", "school_typ": "1AB", "district": "23.Nuwara Eliya", "zone": "Kotmale" }, "geometry": { "type": "Point", "coordinates": [ 80.0, 7.01474 ] } },
{ "type": "Feature", "properties": { "school_nam": "WEWILA VIDYALAYA", "school_lev": "Provincial", "school_typ": "Type 2", "district": "91.Ratnapura", "zone": "Ratnapura" }, "geometry": { "type": "Point", "coordinates": [ 80.1788, 6.81795 ] } },
{ "type": "Feature", "properties": { "school_nam": "MORAGALA TAMIL V.", "school_lev": "Provincial", "school_typ": "Type 3", "district": "91.Ratnapura", "zone": "Ratnapura" }, "geometry": { "type": "Point", "coordinates": [ 80.17841, 6.46118 ] } },
{ "type": "Feature", "properties": { "school_nam": "SIDDHARTHA PRIMARY VIDYALAYA", "school_lev": "Provincial", "school_typ": "Type 3", "district": "91.Ratnapura", "zone": "Ratnapura" }, "geometry": { "type": "Point", "coordinates": [ 80.2192, 6.68627 ] } },
{ "type": "Feature", "properties": { "school_nam": "BATUWITA M.V.", "school_lev": "Provincial", "school_typ": "1C", "district": "92.Kegalle", "zone": "Dehiowita" }, "geometry": { "type": "Point", "coordinates": [ 80.167894650000051, 7.048623975000055 ] } },
{ "type": "Feature", "properties": { "school_nam": "GODAWELA MUSLIM V", "school_lev": "Provincial", "school_typ": "Type 2", "district": "92.Kegalle", "zone": "Kegalle" }, "geometry": { "type": "Point", "coordinates": [ 80.168757380000045, 7.195382749000032 ] } }
]
}
