{
"type": "FeatureCollection",
"name": "waterways",
"crs": { "type": "name", "properties": { "name": "urn:ogc:def:crs:OGC:1.3:CRS84" } },
"features": [
{ "type": "Feature", "properties": { "osm_id": "23185857", "name": null, "type": "canal", "width": null }, "geometry": { "type": "LineString", "coordinates": [ [ 79.8872499, 6.9050684 ], [ 79.8886112, 6.9047898 ], [ 79.889753, 6.9048578 ], [ 79.891005, 6.9051613 ], [ 79.8943489, 6.9047334 ], [ 79.8956197, 6.9040581 ], [ 79.896306, 6.903407 ], [ 79.8969111, 6.9031052 ], [ 79.8975312, 6.9030775 ], [ 79.8984334, 6.9035528 ], [ 79.899133, 6.9037141 ], [ 79.900781, 6.9034063 ], [ 79.9011227, 6.9029438 ], [ 79.9014954, 6.9028307 ], [ 79.9020714, 6.9030068 ] ] } },
{ "type": "Feature", "properties": { "osm_id": "23443248", "name": null, "type": "river", "width": null }, "geometry": { "type": "MultiLineString", "coordinates": [ [ [ 80.282788132178823, 6.616931482238384 ], [ 80.282396910363531, 6.617770897273242 ] ], [ [ 80.282360178662628, 6.617816177036586 ], [ 80.2814833, 6.6184259 ], [ 80.279923674050693, 6.618451516248758 ] ], [ [ 80.277711971066495, 6.618317768836688 ], [ 80.2760265, 6.6181928 ], [ 80.275247023098615, 6.61838636728908 ] ], [ [ 80.271206167083463, 6.619784999749466 ], [ 80.270153542580388, 6.620143791651717 ] ], [ [ 80.267122758923406, 6.620803108188653 ], [ 80.262979806238533, 6.621879869755182 ] ], [ [ 80.262663364479536, 6.621929705499698 ], [ 80.262385388621027, 6.621971425316573 ] ], [ [ 80.261604753960484, 6.622088586336453 ], [ 80.258825, 6.6225071 ], [ 80.2585166, 6.6220017 ], [ 80.2578314, 6.6213425 ], [ 80.2565267, 6.6208799 ], [ 80.2542825, 6.6196271 ], [ 80.2505602, 6.617044 ], [ 80.2492353, 6.6170754 ], [ 80.2480955, 6.617321 ], [ 80.247264, 6.6171668 ], [ 80.2465644, 6.6168776 ], [ 80.246173, 6.6164822 ], [ 80.2459395, 6.6146338 ], [ 80.2456845, 6.6139743 ], [ 80.2452038, 6.6135651 ], [ 80.2442149, 6.6130875 ], [ 80.2433233, 6.6135764 ], [ 80.2394537, 6.61306 ], [ 80.2364199, 6.6135391 ], [ 80.2345372, 6.6136388 ], [ 80.2337901, 6.6132331 ], [ 80.2300044, 6.6124865 ], [ 80.2276474, 6.6128356 ], [ 80.2270673, 6.6130685 ], [ 80.2264971, 6.6136116 ], [ 80.2262729, 6.6137002 ], [ 80.2257254, 6.6135806 ], [ 80.2232394, 6.6092851 ], [ 80.2224837, 6.6067626 ], [ 80.2209901, 6.6045938 ], [ 80.2207671, 6.6035226 ], [ 80.2209115, 6.6024115 ], [ 80.2206934, 6.6016598 ], [ 80.2202189, 6.6013158 ], [ 80.2180384, 6.6011501 ], [ 80.2178075, 6.6012775 ], [ 80.2179742, 6.6020675 ], [ 80.2184525, 6.6028503 ], [ 80.2176218, 6.6056061 ], [ 80.2155598, 6.6070722 ], [ 80.2148265, 6.6079696 ], [ 80.2149904, 6.6088931 ], [ 80.2147686, 6.6104776 ], [ 80.2144464, 6.6115352 ], [ 80.2126836, 6.6126522 ], [ 80.2114106, 6.6137174 ], [ 80.2114433, 6.6161335 ], [ 80.2108666, 6.6173578 ], [ 80.2095397, 6.6180934 ], [ 80.2083843, 6.6190706 ], [ 80.2077516, 6.6199117 ], [ 80.2063399, 6.6197029 ], [ 80.2057591, 6.6197712 ], [ 80.2042959, 6.6188207 ], [ 80.2024577, 6.6182851 ], [ 80.200807, 6.6200142 ], [ 80.1994584, 6.6210375 ], [ 80.1991143, 6.6219146 ], [ 80.1985003, 6.622183 ], [ 80.1978745, 6.621377 ], [ 80.1970044, 6.6212818 ], [ 80.1946999, 6.62379 ], [ 80.1946996, 6.6248377 ], [ 80.1942579, 6.6251791 ], [ 80.1935712, 6.6251061 ], [ 80.1913642, 6.6236688 ], [ 80.1906286, 6.6217932 ], [ 80.1898601, 6.6206223 ], [ 80.1893259, 6.6209964 ], [ 80.1883367, 6.6234061 ], [ 80.1875337, 6.6246188 ], [ 80.1871768, 6.624925 ], [ 80.1868696, 6.6246423 ], [ 80.1866957, 6.6236607 ], [ 80.186282, 6.6226757 ], [ 80.1854388, 6.6217626 ], [ 80.1836903, 6.6201854 ], [ 80.1833854, 6.6201854 ], [ 80.1828433, 6.6209426 ], [ 80.1822506, 6.6212993 ], [ 80.1817083, 6.6224065 ], [ 80.1812862, 6.6228272 ], [ 80.1804423, 6.6229756 ], [ 80.1794646, 6.6221247 ], [ 80.1785009, 6.6217014 ], [ 80.1779031, 6.6209156 ], [ 80.1770752, 6.6189733 ], [ 80.1763301, 6.6185128 ], [ 80.1758665, 6.6187595 ], [ 80.1756347, 6.6194339 ], [ 80.1760436, 6.6207901 ], [ 80.1761081, 6.6214272 ], [ 80.1758851, 6.6218632 ], [ 80.1734267, 6.6246357 ], [ 80.1722417, 6.6266742 ], [ 80.1712966, 6.6270654 ], [ 80.1704528, 6.6269529 ], [ 80.1700011, 6.6263608 ], [ 80.1705046, 6.6239622 ], [ 80.1704896, 6.6227716 ], [ 80.1696198, 6.6220782 ], [ 80.1684067, 6.6218281 ], [ 80.1675255, 6.6219304 ], [ 80.1671479, 6.6224533 ], [ 80.1677123, 6.6235871 ], [ 80.1674491, 6.6243033 ], [ 80.166545, 6.6252467 ], [ 80.1631673, 6.6311533 ], [ 80.1616012, 6.6312943 ], [ 80.1588431, 6.6319764 ], [ 80.156417, 6.6317944 ], [ 80.1546889, 6.6359891 ], [ 80.1534301, 6.6374669 ], [ 80.1532699, 6.6416045 ], [ 80.1500655, 6.641002 ], [ 80.1470328, 6.6394221 ], [ 80.1440971, 6.6386376 ], [ 80.141265, 6.6384103 ], [ 80.1390055, 6.6385383 ], [ 80.1373616, 6.6381375 ], [ 80.1366391, 6.6365801 ], [ 80.1355998, 6.6352047 ], [ 80.1336264, 6.6334777 ], [ 80.1298283, 6.6287048 ], [ 80.1286653, 6.628164 ], [ 80.1276316, 6.62788 ], [ 80.1262642, 6.6281709 ], [ 80.1256065, 6.6284011 ], [ 80.1245886, 6.6295012 ], [ 80.1244033, 6.630102 ], [ 80.124495, 6.6316366 ], [ 80.1240954, 6.6347815 ], [ 80.1237247, 6.6361211 ], [ 80.1231864, 6.636626 ], [ 80.1215262, 6.6386149 ], [ 80.1213654, 6.639591 ], [ 80.1203773, 6.6415156 ], [ 80.1198982, 6.6415651 ], [ 80.118216, 6.6414886 ], [ 80.1171216, 6.6415614 ], [ 80.1159082, 6.6419035 ], [ 80.1147994, 6.6425594 ], [ 80.114404, 6.6430912 ], [ 80.1140982, 6.6442368 ], [ 80.1143187, 6.6463037 ], [ 80.1141519, 6.6467689 ], [ 80.1134287, 6.6476054 ], [ 80.1127689, 6.6478969 ], [ 80.1117706, 6.6485475 ], [ 80.1108796, 6.6492742 ], [ 80.11001, 6.6507704 ], [ 80.1099928, 6.6512788 ], [ 80.1102138, 6.6521393 ], [ 80.1101526, 6.6531106 ], [ 80.1098925, 6.6537372 ], [ 80.1079114, 6.655721 ], [ 80.1073552, 6.6557332 ], [ 80.1061117, 6.6560598 ], [ 80.1052636, 6.6557705 ], [ 80.1044809, 6.6550842 ], [ 80.1036274, 6.653912 ], [ 80.1029629, 6.6505598 ], [ 80.1026414, 6.6501492 ], [ 80.1022348, 6.6501103 ], [ 80.1014538, 6.6502568 ], [ 80.1013567, 6.6516304 ], [ 80.1010509, 6.6529135 ], [ 80.1004036, 6.6538567 ], [ 80.0992983, 6.6551785 ], [ 80.0982882, 6.6557833 ], [ 80.0976997, 6.6558429 ], [ 80.0972293, 6.655641 ], [ 80.0967746, 6.6547424 ], [ 80.0977507, 6.6539973 ], [ 80.0981155, 6.6533197 ], [ 80.0980929, 6.6529971 ], [ 80.0978263, 6.6526865 ], [ 80.0971241, 6.6524947 ], [ 80.0946122, 6.6527141 ] ] ] } },
{ "type": "Feature", "properties": { "osm_id": "23811051", "name": null, "type": "canal", "width": null }, "geometry": { "type": "LineString", "coordinates": [ [ 79.8863828, 6.9243563 ], [ 79.8860164, 6.9225045 ], [ 79.8861559, 6.9218228 ], [ 79.886467, 6.9209175 ], [ 79.8868104, 6.9204489 ], [ 79.8868533, 6.9201081 ], [ 79.8867675, 6.91883 ], [ 79.8863705, 6.9176371 ], [ 79.8864349, 6.9171578 ], [ 79.886745, 6.9164674 ], [ 79.8871372, 6.9162857 ], [ 79.8878171, 6.9161707 ], [ 79.8894422, 6.9160854 ], [ 79.8896364, 6.9159297 ], [ 79.8898269, 6.9155047 ], [ 79.8900275, 6.9148938 ], [ 79.8900478, 6.9145539 ], [ 79.8900259, 6.9143295 ], [ 79.8893896, 6.9138395 ], [ 79.8889213, 6.9131829 ], [ 79.8889137, 6.9125365 ], [ 79.8891016, 6.9117619 ], [ 79.8891584, 6.9099886 ], [ 79.8881921, 6.9089302 ], [ 79.8875231, 6.9076553 ], [ 79.8872177, 6.9062264 ], [ 79.8872499, 6.9050684 ] ] } },
{ "type": "Feature", "properties": { "osm_id": "23811071", "name": null, "type": "canal", "width": null }, "geometry": { "type": "LineString", "coordinates": [ [ 79.8833865, 6.9012359 ], [ 79.885687, 6.9042631 ], [ 79.8863625, 6.9049033 ], [ 79.8865476, 6.9049979 ], [ 79.8872499, 6.9050684 ] ] } },
{ "type": "Feature", "properties": { "osm_id": "24449668", "name": "Kaluganga", "type": "river", "width": null }, "geometry": { "type": "MultiLineString", "coordinates": [ [ [ 80.199589126825074, 6.731392450439809 ], [ 80.1992236, 6.7314832 ], [ 80.199193135621186, 6.7313117654054 ] ], [ [ 80.198894034290248, 6.729628608964229 ], [ 80.1987086, 6.7285851 ], [ 80.1992236, 6.7256868 ], [ 80.1971637, 6.7250049 ], [ 80.1935588, 6.7263687 ], [ 80.1914988, 6.7256868 ], [ 80.189123, 6.7254207 ], [ 80.186722, 6.7250045 ], [ 80.183463, 6.7240543 ], [ 80.1805125, 6.7234706 ], [ 80.1779376, 6.7250049 ], [ 80.1758777, 6.723982 ], [ 80.1743327, 6.7236411 ], [ 80.1707278, 6.7231296 ], [ 80.1671229, 6.7229591 ], [ 80.1609431, 6.7229591 ], [ 80.1580249, 6.7241525 ], [ 80.1545917, 6.7236411 ], [ 80.1516734, 6.7241525 ], [ 80.1482402, 6.7241525 ], [ 80.142747, 6.724323 ], [ 80.1410304, 6.7227887 ], [ 80.1436053, 6.7202314 ], [ 80.1418887, 6.7171628 ], [ 80.1413737, 6.7152875 ], [ 80.1401558, 6.714856 ], [ 80.1389217, 6.7151738 ] ] ] } },
{ "type": "Feature", "properties": { "osm_id": "28334488", "name": null, "type": "river", "width": null }, "geometry": { "type": "MultiLineString", "coordinates": [ [ [ 80.2072449, 6.9787013 ], [ 80.207713063317556, 6.978561440980747 ] ], [ [ 80.207874584729637, 6.978513188105233 ], [ 80.208930700776605, 6.978197684200911 ] ], [ [ 80.213282430294839, 6.976534659992321 ], [ 80.213676805448756, 6.97604831637284 ] ], [ [ 80.21487167022805, 6.974190614375525 ], [ 80.216865, 6.9754076 ], [ 80.217503836849403, 6.974394067573281 ] ], [ [ 80.218167209746653, 6.972916397393852 ], [ 80.218112499097998, 6.972553140571107 ] ], [ [ 80.217665707637394, 6.956266596677566 ], [ 80.217678710544504, 6.956242075103782 ] ] ] } },
{ "type": "Feature", "properties": { "osm_id": "28509584", "name": "Hamilton Canal", "type": "canal", "width": null }, "geometry": { "type": "LineString", "coordinates": [ [ 79.8370604, 7.2077114 ], [ 79.8479148, 7.2329269 ], [ 79.8481293, 7.2332931 ], [ 79.846962, 7.2389724 ], [ 79.845769, 7.2404709 ], [ 79.8450823, 7.2421313 ], [ 79.8451853, 7.2457415 ], [ 79.8448678, 7.2463801 ], [ 79.8448592, 7.2466355 ], [ 79.8449364, 7.2471804 ], [ 79.8448935, 7.2484661 ], [ 79.8450738, 7.2507224 ], [ 79.8450995, 7.2554309 ], [ 79.8448163, 7.2574232 ], [ 79.843855, 7.2585046 ], [ 79.8438378, 7.2589643 ], [ 79.8439408, 7.2597306 ], [ 79.8445073, 7.2612376 ], [ 79.8445974, 7.2618291 ], [ 79.8442851, 7.2630037 ], [ 79.8440781, 7.26535 ], [ 79.8440781, 7.2669507 ], [ 79.8443785, 7.2675211 ], [ 79.8447219, 7.2677425 ], [ 79.8460522, 7.2682959 ], [ 79.8482179, 7.2693775 ], [ 79.8487254, 7.2702057 ], [ 79.8489705, 7.2711914 ], [ 79.8485301, 7.2716426 ], [ 79.848461557937767, 7.272171855869813 ] ] } },
{ "type": "Feature", "properties": { "osm_id": "29339327", "name": "Bentota", "type": "river", "width": null }, "geometry": { "type": "MultiLineString", "coordinates": [ [ [ 80.207949982866296, 6.367241714986493 ], [ 80.207904164933836, 6.366993232617955 ] ], [ [ 80.207796906007644, 6.365445562359032 ], [ 80.207611402825421, 6.364800282339753 ] ], [ [ 80.2068342, 6.363370755975895 ], [ 80.206852164152721, 6.362649968900879 ] ], [ [ 80.207449954056045, 6.361088754311377 ], [ 80.207750577778398, 6.360572650586565 ] ], [ [ 80.2077306627328, 6.359979326246914 ], [ 80.207409495559915, 6.359910931409282 ] ], [ [ 80.206555340698273, 6.359830984231088 ], [ 80.205419742378851, 6.359618438266158 ] ], [ [ 80.204765110940514, 6.359383808259962 ], [ 80.2034083, 6.359353 ], [ 80.202771878838391, 6.359448295988298 ] ], [ [ 80.202322236644662, 6.359515624197692 ], [ 80.202263991889538, 6.359517987514723 ] ], [ [ 80.201310993776048, 6.357972168250827 ], [ 80.198203918934453, 6.358189456247891 ] ], [ [ 80.195908585487359, 6.357885722427431 ], [ 80.1950851, 6.3576765 ], [ 80.192962130414216, 6.356435324477309 ] ], [ [ 80.192428940267249, 6.356123599540797 ], [ 80.192149390896319, 6.355956154166299 ] ], [ [ 80.190259599298486, 6.354659674791507 ], [ 80.189077, 6.3554586 ], [ 80.188747416702213, 6.356113734643299 ] ], [ [ 80.188334733911262, 6.356934051676552 ], [ 80.1882187, 6.3571647 ], [ 80.187987459757636, 6.357285651635231 ] ], [ [ 80.185684274192369, 6.358490347052925 ], [ 80.1849571, 6.3588707 ], [ 80.1801506, 6.3597238 ], [ 80.179260243762087, 6.3597238 ] ], [ [ 80.177691897943134, 6.3597238 ], [ 80.1734082425087, 6.3597238 ] ], [ [ 80.171752648957678, 6.359938488945422 ], [ 80.1691642, 6.3604062 ], [ 80.1655594, 6.3631358 ], [ 80.163972938668408, 6.3631358 ] ], [ [ 80.161239945674424, 6.364043982820909 ], [ 80.161237871172176, 6.364045062830443 ] ], [ [ 80.160419248546475, 6.364471247107418 ], [ 80.1593796, 6.3650125 ], [ 80.1559463, 6.3672304 ], [ 80.155386632554681, 6.367267480766698 ] ], [ [ 80.152676612019377, 6.367401 ], [ 80.15243872454495, 6.367401 ] ], [ [ 80.144625821658295, 6.367428349132219 ], [ 80.1437749, 6.3674627 ], [ 80.140917000302849, 6.366571870422873 ] ], [ [ 80.140423506663566, 6.366915955048812 ], [ 80.1392952, 6.3679128 ], [ 80.1382957, 6.3680462 ], [ 80.137963982794318, 6.367596883512243 ] ], [ [ 80.136688306716366, 6.366594879013906 ], [ 80.135767228357906, 6.367128880899103 ] ], [ [ 80.135074719254035, 6.367530368094617 ], [ 80.134885674462836, 6.367578924994225 ] ], [ [ 80.132062383375342, 6.367548674389426 ], [ 80.1308838, 6.3663773 ], [ 80.129500617733157, 6.367614485513335 ] ], [ [ 80.128795221778446, 6.368929209365811 ], [ 80.1284805, 6.3697894 ], [ 80.127925564905112, 6.3697894 ] ], [ [ 80.126795283251553, 6.3697894 ], [ 80.125044863305988, 6.3697894 ] ], [ [ 80.124371923243459, 6.369916909144431 ], [ 80.1219574, 6.3718366 ], [ 80.1207557, 6.3747368 ], [ 80.1195541, 6.3783194 ], [ 80.1176658, 6.3808784 ], [ 80.117351681642404, 6.381190570802869 ] ], [ [ 80.112951608164636, 6.385574211746863 ], [ 80.1120087, 6.3865157 ], [ 80.1083961, 6.389067 ], [ 80.107860800502934, 6.389303165181395 ] ], [ [ 80.105574878069646, 6.390311675910575 ], [ 80.103516687900381, 6.391173991774498 ] ], [ [ 80.101426547619909, 6.392429231652776 ], [ 80.100563, 6.3930158 ], [ 80.09890344180144, 6.393813643621391 ] ], [ [ 80.098710147252589, 6.393906571258992 ], [ 80.09514596757846, 6.39562007429913 ] ], [ [ 80.095041076726048, 6.395681162141225 ], [ 80.0934322, 6.3971716 ], [ 80.092914238433153, 6.397520886605545 ] ], [ [ 80.080522920075424, 6.401739423911314 ], [ 80.080136630262103, 6.401645752326259 ] ], [ [ 80.078441957865792, 6.400733441076455 ], [ 80.0782056, 6.4006062 ], [ 80.077864701559719, 6.399909268351575 ] ], [ [ 80.075503694412518, 6.39821733004898 ], [ 80.075160676184439, 6.39810389865498 ] ], [ [ 80.074620542332994, 6.397948717846603 ], [ 80.0734504, 6.3977281 ], [ 80.0722232, 6.397602 ], [ 80.071202606936296, 6.397646599555088 ] ], [ [ 80.070189345323854, 6.397852062994802 ], [ 80.0692823, 6.3981948 ], [ 80.067937185409662, 6.398953940482611 ] ], [ [ 80.066926244292858, 6.399737772208076 ], [ 80.06580034138365, 6.401351149259541 ] ], [ [ 80.065711734705587, 6.401605083078504 ], [ 80.065238, 6.4038476 ], [ 80.064629978341642, 6.40464516468217 ] ], [ [ 80.062503901487489, 6.407434018972411 ], [ 80.062123200276446, 6.40765429222074 ] ], [ [ 80.059937523023322, 6.408515283243411 ], [ 80.0594483, 6.408708 ], [ 80.058463255279037, 6.408427096951469 ] ], [ [ 80.056424744687718, 6.408327939452634 ], [ 80.05571, 6.4085405 ], [ 80.052640751893193, 6.411755775243541 ] ], [ [ 80.049268056039708, 6.414288945768104 ], [ 80.0488177, 6.4146272 ], [ 80.048014748615614, 6.414808917847209 ] ], [ [ 80.045395457495346, 6.415293685827548 ], [ 80.0427422, 6.4156657 ], [ 80.041718026387514, 6.416111018159567 ] ], [ [ 80.041184235615148, 6.416522334925957 ], [ 80.0407615, 6.4172144 ], [ 80.039076644329427, 6.418616442295701 ] ], [ [ 80.038616215985286, 6.418999584913721 ], [ 80.0379031, 6.419593 ], [ 80.036399, 6.4195375 ], [ 80.0341956, 6.4198556 ], [ 80.0326455, 6.4197348 ], [ 80.030635251127777, 6.419382298818748 ] ], [ [ 80.030216755969121, 6.419520863010784 ], [ 80.029291803402032, 6.41990015732647 ] ], [ [ 80.02829453916398, 6.420579315289782 ], [ 80.027686482809059, 6.421273371700952 ] ], [ [ 80.022732889149594, 6.43145237184144 ], [ 80.0226462, 6.4315741 ], [ 80.021174844771565, 6.432443962466862 ] ], [ [ 80.019793699402996, 6.433154983789321 ], [ 80.014724136475607, 6.435722484740575 ] ], [ [ 80.013134681361848, 6.436497255920588 ], [ 80.012920480463706, 6.436572517503655 ] ], [ [ 80.005434444496487, 6.434528019084436 ], [ 80.004775, 6.4331446 ], [ 80.0045319, 6.4315137 ], [ 80.004076, 6.4293693 ], [ 80.0030122, 6.4278592 ], [ 80.001886476575237, 6.427072030384775 ] ], [ [ 79.999730025385205, 6.42641410230848 ], [ 79.9971767, 6.4274364 ], [ 79.996270455742518, 6.428506868679358 ] ], [ [ 79.995451899833526, 6.43154766572515 ], [ 79.995319932560022, 6.431995033268494 ] ], [ [ 79.993816619919585, 6.435915578705748 ], [ 79.99378886732687, 6.435986294988096 ] ], [ [ 79.991502077966317, 6.440229402199305 ], [ 79.991467482761436, 6.440261929992222 ] ], [ [ 79.990474697006647, 6.441035165847299 ], [ 79.990322201531839, 6.441133458902978 ] ] ] } },
{ "type": "Feature", "properties": { "osm_id": "29339391", "name": null, "type": "river", "width": null }, "geometry": { "type": "LineString", "coordinates": [ [ 80.1190973, 6.463748 ], [ 80.1184816, 6.4632654 ], [ 80.1176676, 6.4629799 ], [ 80.117134, 6.4630003 ], [ 80.1161421, 6.4632722 ], [ 80.1160121, 6.4636189 ], [ 80.1159847, 6.4639995 ], [ 80.1156222, 6.4641966 ], [ 80.1154375, 6.4640879 ], [ 80.1152254, 6.4642238 ], [ 80.1147447, 6.4649913 ], [ 80.1142139, 6.4656374 ], [ 80.1135372, 6.4668766 ], [ 80.1129136, 6.4675754 ], [ 80.1123696, 6.4676677 ], [ 80.1117858, 6.4679313 ], [ 80.1112949, 6.4680368 ], [ 80.1107509, 6.4679182 ], [ 80.1101406, 6.4679709 ], [ 80.1097027, 6.46834 ], [ 80.1095435, 6.4687751 ], [ 80.1091091, 6.4691004 ], [ 80.1083113, 6.4694456 ], [ 80.1073463, 6.4703662 ], [ 80.1068702, 6.4711461 ], [ 80.1068702, 6.4714913 ], [ 80.1065614, 6.471926 ], [ 80.1059566, 6.4731917 ], [ 80.1056349, 6.4732173 ], [ 80.1050559, 6.472821 ], [ 80.1047728, 6.4729105 ], [ 80.1043353, 6.4735625 ], [ 80.1037949, 6.4737031 ], [ 80.1028942, 6.4734602 ], [ 80.1021896, 6.4736156 ], [ 80.1014308, 6.4739312 ], [ 80.1009543, 6.4744397 ], [ 80.1003281, 6.4748018 ], [ 80.1000543, 6.4744397 ], [ 80.0974601, 6.4738084 ], [ 80.0957483, 6.4730895 ], [ 80.0950777, 6.4729317 ], [ 80.0944954, 6.4734051 ], [ 80.0937189, 6.474615 ], [ 80.0932071, 6.4751411 ], [ 80.0928365, 6.4751236 ], [ 80.0925012, 6.4744572 ], [ 80.0920424, 6.4719673 ], [ 80.0916188, 6.4708976 ], [ 80.0916012, 6.4678991 ], [ 80.0920424, 6.4674432 ], [ 80.0922718, 6.466812 ], [ 80.0901188, 6.465567 ], [ 80.0889541, 6.4646376 ], [ 80.0887776, 6.4639537 ], [ 80.089007, 6.4598855 ], [ 80.0892011, 6.4594647 ], [ 80.089307, 6.458886 ], [ 80.0891482, 6.4583249 ], [ 80.0887776, 6.4578339 ], [ 80.0883188, 6.457641 ], [ 80.0888305, 6.4572903 ], [ 80.0888305, 6.456887 ], [ 80.0882658, 6.4568519 ], [ 80.086854, 6.4569747 ], [ 80.0849128, 6.4553614 ], [ 80.084754, 6.4549931 ], [ 80.0851775, 6.454695 ], [ 80.0858128, 6.4546249 ], [ 80.0864658, 6.4543268 ], [ 80.0867482, 6.453941 ], [ 80.0866423, 6.4533273 ], [ 80.0868364, 6.4531168 ], [ 80.0869246, 6.4527486 ], [ 80.0867834, 6.4522225 ], [ 80.0862187, 6.4520647 ], [ 80.0856187, 6.4521348 ], [ 80.0852481, 6.4519595 ], [ 80.0850893, 6.4516438 ], [ 80.0851069, 6.4513282 ], [ 80.0855128, 6.4511002 ], [ 80.0862364, 6.4511002 ], [ 80.0866952, 6.4506092 ], [ 80.0862011, 6.4491713 ], [ 80.0862364, 6.4484173 ], [ 80.0866246, 6.447786 ], [ 80.0866776, 6.4470319 ], [ 80.0864481, 6.4460499 ], [ 80.0860423, 6.4451731 ], [ 80.0850187, 6.4446997 ], [ 80.0842069, 6.4445068 ], [ 80.0833951, 6.4445769 ], [ 80.0829716, 6.4441911 ], [ 80.0819833, 6.4428584 ], [ 80.0820186, 6.4425077 ], [ 80.0840304, 6.4420517 ], [ 80.0862011, 6.440947 ], [ 80.0867482, 6.4405963 ], [ 80.0868717, 6.4397896 ], [ 80.0864658, 6.4390355 ], [ 80.0862187, 6.4388076 ], [ 80.0853364, 6.4391057 ], [ 80.0846769, 6.4394252 ], [ 80.0839422, 6.4392986 ], [ 80.0826084, 6.4381806 ], [ 80.0818493, 6.437332 ], [ 80.0792874, 6.4304489 ], [ 80.0782246, 6.4287328 ], [ 80.0774086, 6.4277522 ], [ 80.0766495, 6.4274505 ], [ 80.073708, 6.4239806 ], [ 80.0731956, 6.421925 ], [ 80.0723306, 6.4203251 ], [ 80.0707874, 6.4196428 ], [ 80.0695931, 6.4186183 ], [ 80.0682109, 6.4168691 ], [ 80.0670744, 6.4143261 ], [ 80.0662518, 6.4132686 ], [ 80.0650381, 6.4127461 ], [ 80.0617931, 6.412589 ], [ 80.0603984, 6.4114525 ], [ 80.0594483, 6.408708 ] ] } },
{ "type": "Feature", "properties": { "osm_id": "29396267", "name": null, "type": "river", "width": null }, "geometry": { "type": "LineString", "coordinates": [ [ 80.0387534, 6.6205926 ], [ 80.0384492, 6.6201847 ], [ 80.0377039, 6.6197011 ], [ 80.0373388, 6.6197616 ], [ 80.0368824, 6.619958 ], [ 80.0364413, 6.6202602 ], [ 80.0356655, 6.6205171 ], [ 80.0349049, 6.620638 ], [ 80.0343877, 6.620502 ], [ 80.0330035, 6.6193687 ], [ 80.032395, 6.6192781 ], [ 80.0317714, 6.6193083 ], [ 80.0299004, 6.6197918 ], [ 80.0287192, 6.6199793 ], [ 80.0283551, 6.6201603 ], [ 80.028157, 6.6204201 ], [ 80.0277737, 6.6207133 ] ] } },
{ "type": "Feature", "properties": { "osm_id": "29476155", "name": null, "type": "river", "width": null }, "geometry": { "type": "LineString", "coordinates": [ [ 80.1086896, 6.9577359 ], [ 80.1073507, 6.9558763 ], [ 80.1063421, 6.9539639 ], [ 80.105383, 6.9535304 ], [ 80.1014713, 6.9534364 ], [ 80.098714, 6.9519518 ], [ 80.0985008, 6.9515315 ], [ 80.0988853, 6.9476381 ], [ 80.0981574, 6.9463928 ], [ 80.0977421, 6.9452028 ], [ 80.0972027, 6.9443868 ], [ 80.095432, 6.9420398 ], [ 80.0938337, 6.9400933 ], [ 80.093639, 6.9392406 ], [ 80.0937161, 6.9383481 ] ] } },
{ "type": "Feature", "properties": { "osm_id": "29476162", "name": null, "type": "river", "width": null }, "geometry": { "type": "LineString", "coordinates": [ [ 80.0937161, 6.9383481 ], [ 80.0942588, 6.9365813 ], [ 80.0951368, 6.9357278 ], [ 80.0953093, 6.9345203 ], [ 80.0951086, 6.9328683 ], [ 80.0942435, 6.9300244 ], [ 80.0949662, 6.9267145 ], [ 80.0950613, 6.9258646 ], [ 80.0949792, 6.9247564 ], [ 80.0933973, 6.9206054 ], [ 80.0930481, 6.918431 ], [ 80.0936424, 6.9131524 ], [ 80.0932412, 6.9123258 ], [ 80.0925374, 6.9119361 ], [ 80.0920437, 6.9119576 ], [ 80.0888048, 6.9136882 ], [ 80.0884124, 6.913714 ] ] } },
{ "type": "Feature", "properties": { "osm_id": "29476168", "name": "Kelani", "type": "river", "width": null }, "geometry": { "type": "LineString", "coordinates": [ [ 80.078136, 6.9112246 ], [ 80.0769923, 6.910982 ], [ 80.0752686, 6.9083547 ], [ 80.0732975, 6.9083023 ], [ 80.0669321, 6.9123527 ], [ 80.065688, 6.912905 ], [ 80.064201, 6.9128147 ], [ 80.0637559, 6.9122724 ], [ 80.063321, 6.9103343 ], [ 80.0627849, 6.9084364 ], [ 80.0606202, 6.9070607 ], [ 80.0584454, 6.907382 ], [ 80.0560582, 6.9073921 ], [ 80.0548849, 6.9074724 ], [ 80.0543791, 6.9081754 ], [ 80.0547837, 6.9097017 ], [ 80.0548141, 6.9107561 ], [ 80.054369, 6.912182 ], [ 80.0524066, 6.9135377 ], [ 80.0476929, 6.9137084 ], [ 80.0441829, 6.9151644 ], [ 80.0422711, 6.9166004 ], [ 80.0401773, 6.9189601 ], [ 80.0326414, 6.9220529 ], [ 80.0305172, 6.92376 ], [ 80.0277861, 6.9248043 ], [ 80.0252876, 6.9250654 ], [ 80.0221007, 6.9246182 ], [ 80.0202604, 6.9247039 ], [ 80.0199367, 6.9250654 ], [ 80.0191859, 6.9276308 ], [ 80.0188562, 6.9301842 ], [ 80.0180268, 6.9328351 ], [ 80.0143331, 6.9377928 ], [ 80.0136368, 6.9393619 ], [ 80.0135255, 6.94135 ], [ 80.0143223, 6.943512 ], [ 80.0144359, 6.9454869 ], [ 80.0143438, 6.9461426 ], [ 80.0135391, 6.9469946 ], [ 80.0129585, 6.9469109 ], [ 80.0109657, 6.9458188 ], [ 80.007649, 6.9448433 ], [ 80.0034862, 6.94348 ], [ 80.0013569, 6.9424345 ], [ 79.9998295, 6.9422939 ], [ 79.9954597, 6.9443523 ], [ 79.9933759, 6.9440009 ], [ 79.9895387, 6.9410731 ], [ 79.9878221, 6.9374733 ], [ 79.9866695, 6.9356265 ], [ 79.9861233, 6.9353454 ], [ 79.9856074, 6.9354558 ], [ 79.9851219, 6.936701 ], [ 79.984434, 6.9375645 ], [ 79.9826293, 6.9386235 ], [ 79.9804992, 6.9390606 ], [ 79.9774141, 6.9390707 ], [ 79.9724677, 6.9380063 ], [ 79.9706571, 6.9375344 ], [ 79.9698191, 6.9375585 ], [ 79.968875, 6.9382614 ], [ 79.9659636, 6.9399945 ], [ 79.9631007, 6.9411951 ], [ 79.9597731, 6.9416312 ], [ 79.9548065, 6.9432377 ], [ 79.9538556, 6.9432177 ], [ 79.9530464, 6.9426855 ], [ 79.9516202, 6.9411291 ], [ 79.9476941, 6.9389372 ], [ 79.9458267, 6.9382839 ], [ 79.9443677, 6.9381103 ], [ 79.9432269, 6.939 ], [ 79.943009, 6.9400112 ], [ 79.9433492, 6.9422555 ], [ 79.9429309, 6.9430059 ], [ 79.9419475, 6.9437344 ], [ 79.938875, 6.9449013 ], [ 79.9367292, 6.9469674 ], [ 79.9346921, 6.9502224 ], [ 79.9332531, 6.9506523 ], [ 79.9310858, 6.9504606 ], [ 79.927953, 6.9490548 ], [ 79.9259223, 6.94946 ], [ 79.9256507, 6.950815 ], [ 79.9242343, 6.9521992 ], [ 79.9223526, 6.9524841 ], [ 79.9211153, 6.9517329 ], [ 79.9207043, 6.9510919 ], [ 79.9204214, 6.9495234 ], [ 79.9188696, 6.9470341 ], [ 79.9177174, 6.9461818 ], [ 79.9162157, 6.9455829 ], [ 79.9126752, 6.9466479 ], [ 79.9118536, 6.9474348 ], [ 79.9113839, 6.9497004 ], [ 79.9108122, 6.9504127 ], [ 79.9100359, 6.9504606 ], [ 79.908727, 6.9494595 ], [ 79.907418, 6.9486714 ], [ 79.9052079, 6.9476064 ], [ 79.9031694, 6.9469887 ], [ 79.9002919, 6.9472413 ], [ 79.8982127, 6.947862 ], [ 79.8972509, 6.9492199 ], [ 79.8967563, 6.9496068 ], [ 79.896316, 6.9509327 ], [ 79.8963453, 6.9515956 ], [ 79.8968003, 6.9521274 ], [ 79.8984957, 6.9524447 ], [ 79.8998861, 6.9534159 ], [ 79.9005213, 6.9545065 ], [ 79.8998861, 6.9559123 ], [ 79.8972443, 6.9562974 ], [ 79.895483, 6.9558441 ], [ 79.8929366, 6.9549544 ], [ 79.8863068, 6.9540932 ], [ 79.8834194, 6.9543265 ], [ 79.8815269, 6.9552051 ], [ 79.8791843, 6.9583181 ], [ 79.8785581, 6.9600195 ], [ 79.8783086, 6.9628314 ], [ 79.8791151, 6.9653607 ], [ 79.8814325, 6.9674651 ], [ 79.8836134, 6.9704064 ], [ 79.8844748, 6.9720099 ], [ 79.8849314, 6.9737469 ], [ 79.8848657, 6.9764022 ], [ 79.883501, 6.9793755 ], [ 79.8807201, 6.9811816 ], [ 79.879339, 6.981349 ], [ 79.8772254, 6.9807663 ], [ 79.8745651, 6.9807886 ], [ 79.8739309, 6.9807216 ], [ 79.8699408, 6.9792482 ] ] } },
{ "type": "Feature", "properties": { "osm_id": "29480076", "name": null, "type": "stream", "width": null }, "geometry": { "type": "LineString", "coordinates": [ [ 80.012496, 7.0641365 ], [ 80.0124329, 7.0654126 ], [ 80.0122701, 7.0656026 ], [ 80.0124149, 7.0657956 ], [ 80.0123881, 7.0658861 ], [ 80.0122557, 7.0658912 ], [ 80.0119696, 7.0662747 ], [ 80.011363, 7.0666407 ], [ 80.0110884, 7.0671348 ], [ 80.0108995, 7.0672711 ], [ 80.0105305, 7.0673051 ], [ 80.0100069, 7.0675777 ], [ 80.0098266, 7.0678162 ], [ 80.0098781, 7.0679184 ], [ 80.0096121, 7.0680632 ], [ 80.0096292, 7.0682336 ], [ 80.0097408, 7.0683699 ] ] } },
{ "type": "Feature", "properties": { "osm_id": "29484289", "name": null, "type": "canal", "width": null }, "geometry": { "type": "LineString", "coordinates": [ [ 79.848081, 6.933135 ], [ 79.8482229, 6.9320148 ] ] } },
{ "type": "Feature", "properties": { "osm_id": "30465745", "name": null, "type": "river", "width": null }, "geometry": { "type": "MultiLineString", "coordinates": [ [ [ 80.207259501968906, 6.978725287452504 ], [ 80.204231303517545, 6.977710682903131 ] ], [ [ 80.203800420974972, 6.977536037909024 ], [ 80.2013436, 6.9762816 ], [ 80.200784763109013, 6.976177108386667 ] ], [ [ 80.200728572659003, 6.976166601867019 ], [ 80.1997675, 6.9759869 ], [ 80.197138699774229, 6.976910552089108 ] ], [ [ 80.195136901193678, 6.977161558780735 ], [ 80.1945486, 6.9772142 ], [ 80.193366139982459, 6.977665205041831 ] ], [ [ 80.19152209551811, 6.978285967489962 ], [ 80.1907767, 6.9785236 ], [ 80.1894238, 6.9783823 ], [ 80.187287639373622, 6.976114225727502 ] ], [ [ 80.186340552310185, 6.975466672794999 ], [ 80.1861762, 6.9753543 ], [ 80.185745100378753, 6.975329913775227 ] ], [ [ 80.183336404034733, 6.97519365986184 ], [ 80.183302415786216, 6.97520281192099 ] ], [ [ 80.181892121743331, 6.976281320537196 ], [ 80.181697482565141, 6.976430168950606 ] ], [ [ 80.179318278432447, 6.977619528381383 ], [ 80.1784056, 6.9784388 ], [ 80.1775846, 6.978596 ], [ 80.1756913, 6.9785142 ], [ 80.1735527, 6.9788559 ], [ 80.17069, 6.9796917 ], [ 80.1692854, 6.9794468 ], [ 80.168774, 6.9789112 ], [ 80.1687762, 6.9765726 ], [ 80.1689343, 6.9736158 ], [ 80.1687783, 6.972545 ], [ 80.168213, 6.9715528 ], [ 80.1667978, 6.9707772 ], [ 80.163316, 6.9709876 ], [ 80.161663, 6.971872 ], [ 80.1584937, 6.9727431 ], [ 80.1543762, 6.9729093 ], [ 80.1516508, 6.9740679 ], [ 80.1503226, 6.9737782 ], [ 80.1481427, 6.9736723 ], [ 80.1458789, 6.9738731 ], [ 80.140403, 6.9746457 ], [ 80.1358891, 6.9745466 ], [ 80.132316, 6.9754415 ], [ 80.1283019, 6.9745164 ], [ 80.1255865, 6.9745843 ], [ 80.1245269, 6.9746882 ], [ 80.1239677, 6.9742662 ], [ 80.1235287, 6.9733194 ], [ 80.1232733, 6.971821 ], [ 80.1224247, 6.9687891 ], [ 80.1220778, 6.9680277 ], [ 80.12205, 6.9665185 ], [ 80.121949, 6.9659168 ], [ 80.1216766, 6.9653892 ], [ 80.1205943, 6.9649627 ], [ 80.1176793, 6.9643567 ], [ 80.1158286, 6.9633088 ], [ 80.114257, 6.962847 ], [ 80.1106153, 6.9630737 ], [ 80.1099513, 6.9628679 ], [ 80.1096708, 6.9625156 ], [ 80.1096102, 6.9620809 ], [ 80.1103951, 6.9603219 ], [ 80.1102946, 6.9596115 ], [ 80.1092497, 6.9585004 ], [ 80.1086896, 6.9577359 ] ] ] } },
{ "type": "Feature", "properties": { "osm_id": "48671061", "name": null, "type": "river", "width": null }, "geometry": { "type": "LineString", "coordinates": [ [ 80.1133091, 7.100311 ], [ 80.1126332, 7.1002471 ], [ 80.1116783, 7.1006091 ], [ 80.1114423, 7.1006091 ], [ 80.1111419, 7.1002365 ], [ 80.1111633, 7.0995125 ], [ 80.1110346, 7.0993847 ], [ 80.1108629, 7.0993847 ], [ 80.1106483, 7.0995977 ], [ 80.1100153, 7.0997787 ], [ 80.1100475, 7.1004494 ], [ 80.1099081, 7.1009072 ], [ 80.1094253, 7.1010988 ], [ 80.1087493, 7.1010137 ], [ 80.1082773, 7.1003962 ], [ 80.1079232, 7.1001832 ], [ 80.1074404, 7.1000981 ], [ 80.1061744, 7.1001406 ], [ 80.1058633, 7.1003855 ], [ 80.1057667, 7.1009391 ], [ 80.1044042, 7.1010562 ], [ 80.1041038, 7.1009817 ], [ 80.1040608, 7.1007156 ], [ 80.1043291, 7.1000874 ], [ 80.104254, 7.0999171 ], [ 80.1038892, 7.0997893 ], [ 80.1026124, 7.0997787 ], [ 80.1020438, 7.0995977 ], [ 80.1010139, 7.0995231 ], [ 80.100692, 7.0997041 ], [ 80.1003916, 7.1011946 ], [ 80.1002199, 7.1014182 ], [ 80.0998551, 7.1014821 ], [ 80.0994582, 7.1013224 ], [ 80.0993294, 7.1011095 ], [ 80.0989646, 7.100854 ], [ 80.0983531, 7.1001513 ], [ 80.0980098, 7.0994699 ], [ 80.0980634, 7.0990121 ], [ 80.0980098, 7.098895 ], [ 80.0969047, 7.0987566 ], [ 80.095982, 7.098022 ], [ 80.0950164, 7.0977984 ], [ 80.0941259, 7.096968 ], [ 80.0938148, 7.0967657 ], [ 80.0933964, 7.0966911 ], [ 80.0931711, 7.0967657 ], [ 80.092978, 7.0974683 ], [ 80.0930423, 7.0981284 ], [ 80.0924308, 7.0991186 ], [ 80.0923557, 7.0995444 ], [ 80.0923986, 7.0998638 ], [ 80.0921196, 7.1009391 ], [ 80.0922269, 7.1014502 ], [ 80.0920982, 7.1017483 ], [ 80.0919158, 7.1018228 ], [ 80.091079, 7.1014182 ], [ 80.0908429, 7.1014715 ], [ 80.0906391, 7.1021741 ], [ 80.091036, 7.1027597 ], [ 80.0913257, 7.1030365 ], [ 80.0915832, 7.1037605 ], [ 80.091948, 7.1042183 ], [ 80.0916798, 7.1045909 ], [ 80.0903816, 7.105038 ], [ 80.0899202, 7.1054639 ], [ 80.0895447, 7.1069118 ], [ 80.0891048, 7.1075293 ], [ 80.0885255, 7.1081574 ], [ 80.0882144, 7.1088814 ], [ 80.0879139, 7.110308 ], [ 80.0869483, 7.1107871 ], [ 80.0858004, 7.1134274 ], [ 80.0861866, 7.1141087 ], [ 80.0860042, 7.1144068 ], [ 80.084588, 7.114822 ], [ 80.0842769, 7.1152798 ], [ 80.0841052, 7.1159931 ], [ 80.0841159, 7.1164722 ], [ 80.0839335, 7.1165999 ], [ 80.0830216, 7.1164296 ], [ 80.0817985, 7.1158973 ], [ 80.0811762, 7.1154821 ], [ 80.0808651, 7.1150882 ], [ 80.0805861, 7.114492 ], [ 80.0805003, 7.1139384 ], [ 80.0805218, 7.1133209 ], [ 80.0804467, 7.1130973 ], [ 80.0787622, 7.112927 ], [ 80.0779254, 7.1124692 ], [ 80.0768418, 7.1130973 ], [ 80.0762088, 7.1127673 ], [ 80.075447, 7.111724 ], [ 80.073548, 7.1114472 ] ] } },
{ "type": "Feature", "properties": { "osm_id": "48797699", "name": "Dematagoda Canal", "type": "canal", "width": null }, "geometry": { "type": "LineString", "coordinates": [ [ 79.8844639, 6.9254669 ], [ 79.8840454, 6.9258396 ], [ 79.8839155, 6.9261814 ], [ 79.883953, 6.9267776 ], [ 79.8836073, 6.9275925 ], [ 79.8837674, 6.9282431 ], [ 79.8841557, 6.9283879 ], [ 79.8845077, 6.9286567 ], [ 79.8844898, 6.9291333 ], [ 79.884378, 6.9295141 ], [ 79.8834624, 6.9308035 ], [ 79.8831686, 6.931358 ], [ 79.8831425, 6.9316232 ], [ 79.8822724, 6.9326229 ], [ 79.8820535, 6.9330262 ], [ 79.8815863, 6.9343662 ], [ 79.8815563, 6.9349564 ], [ 79.8817242, 6.9358439 ], [ 79.8826472, 6.9371105 ], [ 79.8828222, 6.9375969 ], [ 79.8830304, 6.9379189 ], [ 79.8837511, 6.9384912 ], [ 79.8838025, 6.9386561 ], [ 79.8836756, 6.9389623 ], [ 79.8826936, 6.9396745 ], [ 79.8820635, 6.9405532 ], [ 79.8819737, 6.9412388 ], [ 79.8813203, 6.9422305 ], [ 79.8808596, 6.9425212 ], [ 79.8793598, 6.9427912 ], [ 79.8788597, 6.9434925 ], [ 79.8776256, 6.942992 ], [ 79.8759773, 6.9427843 ], [ 79.8751068, 6.9425571 ], [ 79.8747103, 6.942719 ], [ 79.8741397, 6.9434416 ] ] } },
{ "type": "Feature", "properties": { "osm_id": "48797701", "name": null, "type": "canal", "width": null }, "geometry": { "type": "LineString", "coordinates": [ [ 79.8741397, 6.9434416 ], [ 79.8750911, 6.9443967 ], [ 79.8755278, 6.9450721 ], [ 79.8762027, 6.9471935 ], [ 79.8766232, 6.9489663 ], [ 79.876435, 6.9492067 ], [ 79.8753242, 6.9495055 ], [ 79.8749002, 6.9500154 ], [ 79.8747129, 6.9513843 ], [ 79.8747958, 6.9519268 ], [ 79.8750298, 6.9524581 ], [ 79.87575, 6.9530337 ], [ 79.876536, 6.9545805 ], [ 79.8768806, 6.954752 ], [ 79.8771651, 6.9551818 ], [ 79.8773512, 6.955832 ], [ 79.8781488, 6.9570404 ], [ 79.8791843, 6.9583181 ] ] } },
{ "type": "Feature", "properties": { "osm_id": "48797702", "name": null, "type": "canal", "width": null }, "geometry": { "type": "LineString", "coordinates": [ [ 79.8741397, 6.9434416 ], [ 79.8724242, 6.9421835 ], [ 79.8721041, 6.9420296 ], [ 79.8714633, 6.9419307 ], [ 79.8712629, 6.9417686 ], [ 79.8706071, 6.9404738 ], [ 79.8704224, 6.9396701 ], [ 79.8701872, 6.939117 ], [ 79.8688641, 6.9377255 ], [ 79.868276, 6.9375748 ], [ 79.8667184, 6.9364368 ], [ 79.8654953, 6.9359362 ], [ 79.8630384, 6.9344744 ], [ 79.8606033, 6.9335842 ], [ 79.8577997, 6.9323223 ], [ 79.8574977, 6.932254 ], [ 79.856988, 6.9323392 ] ] } },
{ "type": "Feature", "properties": { "osm_id": "48797739", "name": null, "type": "canal", "width": null }, "geometry": { "type": "LineString", "coordinates": [ [ 79.8560947, 6.8786738 ], [ 79.8616567, 6.8802166 ], [ 79.8624727, 6.8805948 ], [ 79.8630886, 6.8810298 ], [ 79.8646602, 6.8823726 ], [ 79.8678288, 6.8837406 ], [ 79.8687051, 6.8842512 ], [ 79.8725848, 6.8859596 ], [ 79.873369, 6.8867602 ], [ 79.875239, 6.8878602 ], [ 79.879503, 6.8888878 ], [ 79.8803348, 6.8888184 ], [ 79.8812206, 6.8886293 ], [ 79.8825921, 6.8877657 ], [ 79.8845384, 6.8845286 ], [ 79.8847384, 6.8842827 ], [ 79.8850146, 6.8841283 ], [ 79.885821, 6.8839171 ], [ 79.8871355, 6.8838666 ], [ 79.8892309, 6.8835483 ], [ 79.8899929, 6.8835073 ], [ 79.8927995, 6.8839423 ], [ 79.8945743, 6.8887459 ], [ 79.8950029, 6.8897105 ], [ 79.8950981, 6.8903535 ], [ 79.8955807, 6.8917719 ], [ 79.8965808, 6.8922888 ], [ 79.8967936, 6.8925126 ], [ 79.8970666, 6.8931902 ], [ 79.8981111, 6.89418 ], [ 79.8986128, 6.8949175 ], [ 79.8998161, 6.8959451 ], [ 79.9009146, 6.8970608 ], [ 79.9011559, 6.8975053 ], [ 79.9014956, 6.8988385 ], [ 79.9020195, 6.9015366 ], [ 79.9021338, 6.9026902 ], [ 79.9020258, 6.9032386 ], [ 79.9033244, 6.9060848 ], [ 79.9034577, 6.9067246 ], [ 79.9036323, 6.9069263 ], [ 79.9039974, 6.907024 ], [ 79.9043181, 6.907002 ], [ 79.9059468, 6.9056025 ], [ 79.9072898, 6.904055 ], [ 79.9076708, 6.9037209 ], [ 79.9083471, 6.903538 ], [ 79.9085883, 6.9033556 ], [ 79.9097155, 6.9014817 ], [ 79.9103187, 6.8997923 ], [ 79.9105155, 6.8984117 ], [ 79.9108648, 6.8976931 ], [ 79.9117157, 6.896987 ], [ 79.9130237, 6.8964953 ], [ 79.9137921, 6.8946924 ], [ 79.9139953, 6.8930282 ], [ 79.91557, 6.891572 ], [ 79.9174543, 6.8902269 ] ] } },
{ "type": "Feature", "properties": { "osm_id": "48797750", "name": null, "type": "canal", "width": null }, "geometry": { "type": "LineString", "coordinates": [ [ 79.9043181, 6.907002 ], [ 79.9051262, 6.9083085 ], [ 79.9040376, 6.9104837 ], [ 79.9035534, 6.9105824 ], [ 79.9021772, 6.911589 ], [ 79.9015227, 6.9131547 ], [ 79.9005464, 6.9136979 ], [ 79.8997417, 6.9139109 ], [ 79.8993769, 6.9144115 ], [ 79.8991409, 6.9161688 ], [ 79.899435, 6.9174778 ], [ 79.9010614, 6.920099 ], [ 79.901233, 6.9227403 ], [ 79.9008468, 6.9231557 ], [ 79.900246, 6.9234326 ], [ 79.8993877, 6.9234752 ], [ 79.8986581, 6.9234113 ], [ 79.897832, 6.9234965 ], [ 79.8965982, 6.9237947 ], [ 79.8960403, 6.9238267 ], [ 79.8938301, 6.9237947 ], [ 79.8927358, 6.9238799 ], [ 79.8915663, 6.9237308 ], [ 79.8898819, 6.9233687 ], [ 79.8890343, 6.9233687 ], [ 79.8864594, 6.9241675 ], [ 79.8859981, 6.9252432 ], [ 79.8851183, 6.9254882 ], [ 79.8844639, 6.9254669 ] ] } },
{ "type": "Feature", "properties": { "osm_id": "48892625", "name": "Nedimala Canal", "type": "canal", "width": null }, "geometry": { "type": "LineString", "coordinates": [ [ 79.8648425, 6.8646201 ], [ 79.8674751, 6.8644724 ], [ 79.8677482, 6.8643496 ], [ 79.8682459, 6.8639188 ], [ 79.8695817, 6.8622839 ], [ 79.8699465, 6.8621507 ], [ 79.8723926, 6.8618099 ], [ 79.8752841, 6.8615808 ], [ 79.876085, 6.8612425 ], [ 79.8765469, 6.8608511 ], [ 79.8769755, 6.8603158 ], [ 79.8780591, 6.8577273 ], [ 79.8781127, 6.8568326 ], [ 79.8775227, 6.853083 ], [ 79.8771058, 6.849689 ], [ 79.8773725, 6.8465638 ], [ 79.8774583, 6.8464147 ], [ 79.8803443, 6.845669 ], [ 79.8814593, 6.8454639 ] ] } },
{ "type": "Feature", "properties": { "osm_id": "48902900", "name": null, "type": "canal", "width": null }, "geometry": { "type": "LineString", "coordinates": [ [ 79.9496272, 6.8904225 ], [ 79.9499101, 6.8905468 ], [ 79.9504442, 6.8905302 ], [ 79.9509929, 6.890669 ], [ 79.9518065, 6.8905468 ], [ 79.9522279, 6.8905944 ], [ 79.9525283, 6.8905364 ], [ 79.9529414, 6.8902941 ], [ 79.9545374, 6.8897079 ], [ 79.9552654, 6.8893724 ], [ 79.9555492, 6.8891425 ], [ 79.9567905, 6.8886413 ], [ 79.9573621, 6.888662 ], [ 79.9582112, 6.8889582 ], [ 79.9595735, 6.8892792 ], [ 79.9601681, 6.889623 ], [ 79.9605144, 6.8899855 ], [ 79.960698, 6.890379 ], [ 79.9631931, 6.8930218 ], [ 79.9647077, 6.8949521 ], [ 79.9663308, 6.8959317 ], [ 79.9664997, 6.8962486 ], [ 79.966604, 6.8989452 ], [ 79.966531, 6.8992662 ], [ 79.9628196, 6.9067802 ], [ 79.9616681, 6.9086172 ], [ 79.9606771, 6.9099013 ], [ 79.9599803, 6.9110051 ], [ 79.9596757, 6.9129147 ], [ 79.9596007, 6.9143417 ], [ 79.9593973, 6.9159054 ], [ 79.9591521, 6.9169306 ], [ 79.9584011, 6.9189705 ], [ 79.9578743, 6.9200682 ], [ 79.957418, 6.9205963 ], [ 79.956573, 6.9212538 ], [ 79.9553352, 6.9220309 ], [ 79.9537713, 6.9253187 ], [ 79.9536662, 6.9259797 ], [ 79.9535911, 6.9276514 ], [ 79.953324, 6.9283373 ], [ 79.95279, 6.9291442 ], [ 79.9526848, 6.9299941 ], [ 79.9511143, 6.9308374 ], [ 79.9502905, 6.9310986 ], [ 79.9495205, 6.9315846 ], [ 79.9491733, 6.931699 ], [ 79.9485224, 6.9342752 ], [ 79.9478398, 6.9349562 ], [ 79.9479366, 6.9357001 ], [ 79.9478932, 6.9358409 ], [ 79.9478114, 6.9359585 ], [ 79.9473024, 6.9361755 ], [ 79.9471639, 6.93683 ], [ 79.9466431, 6.9369575 ], [ 79.9465847, 6.9376451 ], [ 79.9460523, 6.9378986 ], [ 79.9458904, 6.9380361 ], [ 79.9458267, 6.9382839 ] ] } },
{ "type": "Feature", "properties": { "osm_id": "48960854", "name": "Hamilton", "type": "canal", "width": null }, "geometry": { "type": "LineString", "coordinates": [ [ 79.8745651, 6.9807886 ], [ 79.8742371, 6.9936536 ], [ 79.8730793, 6.9963178 ], [ 79.8688307, 7.0050605 ], [ 79.8673716, 7.015198 ], [ 79.8669853, 7.0172851 ], [ 79.8655884, 7.0277473 ], [ 79.8638563, 7.0394495 ], [ 79.860161, 7.0541541 ], [ 79.8579937, 7.0624805 ], [ 79.8564166, 7.0681023 ], [ 79.8479598, 7.0936852 ], [ 79.8488712, 7.1084831 ], [ 79.8495473, 7.1095819 ] ] } },
{ "type": "Feature", "properties": { "osm_id": "49038352", "name": null, "type": "canal", "width": null }, "geometry": { "type": "LineString", "coordinates": [ [ 79.9174543, 6.8902269 ], [ 79.9174612, 6.887738 ], [ 79.9169224, 6.8852507 ], [ 79.9167989, 6.8840025 ], [ 79.9164335, 6.8833469 ], [ 79.9152641, 6.8817492 ], [ 79.9146847, 6.8805243 ], [ 79.914277, 6.8794059 ], [ 79.9137513, 6.8789265 ], [ 79.912496, 6.8780638 ] ] } },
{ "type": "Feature", "properties": { "osm_id": "49047163", "name": null, "type": "canal", "width": null }, "geometry": { "type": "LineString", "coordinates": [ [ 79.8890321, 6.8428269 ], [ 79.8920898, 6.8439667 ], [ 79.8942892, 6.8449787 ], [ 79.8963491, 6.8457989 ], [ 79.8965809, 6.8459645 ], [ 79.89737, 6.8483138 ], [ 79.8971157, 6.850699 ] ] } },
{ "type": "Feature", "properties": { "osm_id": "49328358", "name": null, "type": "stream", "width": null }, "geometry": { "type": "LineString", "coordinates": [ [ 79.9357546, 6.8640803 ], [ 79.9352667, 6.8642189 ], [ 79.9343187, 6.8643298 ], [ 79.9330934, 6.8650506 ], [ 79.9328217, 6.8663812 ], [ 79.9327931, 6.867021 ], [ 79.9328771, 6.8672627 ], [ 79.9327274, 6.8677451 ], [ 79.9317295, 6.8694916 ], [ 79.9311362, 6.8708555 ], [ 79.9308867, 6.8724411 ], [ 79.9306982, 6.8731065 ], [ 79.9301549, 6.874232 ], [ 79.9301216, 6.8745923 ], [ 79.9299386, 6.8748307 ], [ 79.9294064, 6.8751634 ], [ 79.9290405, 6.8758065 ], [ 79.9284417, 6.8763277 ], [ 79.9274608, 6.8766293 ], [ 79.9273732, 6.8767158 ], [ 79.9271931, 6.8773935 ] ] } },
{ "type": "Feature", "properties": { "osm_id": "49331742", "name": null, "type": "canal", "width": null }, "geometry": { "type": "LineString", "coordinates": [ [ 79.9020084, 6.9120302 ], [ 79.9012294, 6.911591 ], [ 79.9009934, 6.9113993 ], [ 79.9007574, 6.9109839 ], [ 79.9005428, 6.9108455 ], [ 79.9000063, 6.9107496 ], [ 79.8993948, 6.9108455 ] ] } },
{ "type": "Feature", "properties": { "osm_id": "49852628", "name": null, "type": "canal", "width": null }, "geometry": { "type": "LineString", "coordinates": [ [ 79.9248561, 6.8948851 ], [ 79.9246082, 6.8945783 ] ] } },
{ "type": "Feature", "properties": { "osm_id": "49927706", "name": null, "type": "stream", "width": null }, "geometry": { "type": "LineString", "coordinates": [ [ 79.9318996, 6.9880601 ], [ 79.9323502, 6.9876873 ], [ 79.9327472, 6.9871123 ], [ 79.9328223, 6.9868248 ], [ 79.9329725, 6.9868248 ], [ 79.9331978, 6.9866544 ], [ 79.9334558, 6.9866355 ], [ 79.9336382, 6.9862521 ], [ 79.934593, 6.985528 ], [ 79.9350436, 6.9848039 ], [ 79.9352475, 6.9847187 ], [ 79.9354192, 6.9848039 ], [ 79.9356766, 6.9844844 ], [ 79.9357303, 6.9842501 ], [ 79.936374, 6.9838774 ], [ 79.9372109, 6.983675 ], [ 79.9372752, 6.983068 ], [ 79.9374576, 6.9829828 ], [ 79.9382623, 6.9829828 ], [ 79.9385627, 6.9831213 ], [ 79.9390884, 6.9828337 ], [ 79.9398502, 6.9831745 ], [ 79.9401935, 6.9831958 ], [ 79.9406977, 6.9835792 ], [ 79.941084, 6.9836857 ], [ 79.9414058, 6.9839413 ], [ 79.9416204, 6.9838774 ], [ 79.941717, 6.9840691 ], [ 79.9419745, 6.9842181 ], [ 79.9422856, 6.9842181 ], [ 79.9428328, 6.9843885 ], [ 79.9433478, 6.9843566 ], [ 79.9442061, 6.9845376 ], [ 79.944485, 6.984495 ], [ 79.9451824, 6.9845909 ], [ 79.9453648, 6.98474 ], [ 79.945633, 6.9848145 ], [ 79.9459656, 6.9847506 ], [ 79.9462982, 6.9848678 ], [ 79.9463304, 6.9850062 ], [ 79.9466201, 6.985102 ] ] } },
{ "type": "Feature", "properties": { "osm_id": "50315992", "name": null, "type": "canal", "width": null }, "geometry": { "type": "LineString", "coordinates": [ [ 79.890583, 7.1959719 ], [ 79.8906689, 7.1957803 ], [ 79.8911517, 7.1955887 ], [ 79.8916988, 7.19561 ], [ 79.8919349, 7.1957058 ], [ 79.8921709, 7.1956632 ], [ 79.8938124, 7.1959932 ], [ 79.8942309, 7.1959187 ], [ 79.8947029, 7.1954929 ], [ 79.8950784, 7.1953013 ], [ 79.8957222, 7.194801 ], [ 79.8960655, 7.1942901 ], [ 79.8963552, 7.1936514 ], [ 79.896838, 7.1931086 ], [ 79.8972993, 7.1919057 ], [ 79.8970633, 7.1909265 ], [ 79.8963552, 7.189532 ], [ 79.8962586, 7.1890424 ], [ 79.896323, 7.1885634 ], [ 79.8961084, 7.1883611 ], [ 79.8960762, 7.1881802 ], [ 79.8965805, 7.1876054 ], [ 79.8972886, 7.1871902 ], [ 79.8974388, 7.1870199 ], [ 79.8975461, 7.1863919 ], [ 79.8974924, 7.1859023 ], [ 79.8977285, 7.1855616 ], [ 79.8977606, 7.1853913 ], [ 79.8976534, 7.1851997 ], [ 79.8976641, 7.1847526 ], [ 79.8979001, 7.1843588 ], [ 79.8979538, 7.1841033 ], [ 79.8979001, 7.1838266 ], [ 79.897471, 7.1834114 ], [ 79.8969774, 7.1832198 ], [ 79.8967092, 7.1823895 ], [ 79.8961728, 7.1815273 ], [ 79.896205, 7.1811548 ], [ 79.8963337, 7.1809951 ], [ 79.8968058, 7.1808354 ], [ 79.8979752, 7.1808567 ], [ 79.8981576, 7.1807928 ] ] } },
{ "type": "Feature", "properties": { "osm_id": "50539761", "name": null, "type": "canal", "width": null }, "geometry": { "type": "LineString", "coordinates": [ [ 79.8740496, 6.8756518 ], [ 79.8740455, 6.8760894 ], [ 79.8739424, 6.8764802 ], [ 79.8730263, 6.8785387 ], [ 79.8727019, 6.8790926 ], [ 79.8711589, 6.8804993 ], [ 79.871025, 6.8808175 ], [ 79.8709778, 6.8810949 ], [ 79.8712111, 6.8826381 ], [ 79.8713148, 6.8853575 ] ] } },
{ "type": "Feature", "properties": { "osm_id": "50633766", "name": null, "type": "canal", "width": null }, "geometry": { "type": "LineString", "coordinates": [ [ 79.8844608, 6.9174774 ], [ 79.886416, 6.9172981 ] ] } },
{ "type": "Feature", "properties": { "osm_id": "50634199", "name": null, "type": "canal", "width": null }, "geometry": { "type": "LineString", "coordinates": [ [ 79.8826731, 6.8997242 ], [ 79.8816825, 6.899583 ], [ 79.8809755, 6.8998124 ], [ 79.8798654, 6.8999964 ], [ 79.8795487, 6.899937 ], [ 79.8787692, 6.8994054 ], [ 79.8776254, 6.8995263 ], [ 79.8764589, 6.8995463 ], [ 79.8754606, 6.8993136 ] ] } },
{ "type": "Feature", "properties": { "osm_id": "50634200", "name": null, "type": "canal", "width": null }, "geometry": { "type": "LineString", "coordinates": [ [ 79.8755972, 6.90725 ], [ 79.8755398, 6.9069121 ], [ 79.875737, 6.9063414 ], [ 79.8759623, 6.9039449 ], [ 79.8755761, 6.9027627 ], [ 79.8756767, 6.9016793 ], [ 79.8754192, 6.9005823 ], [ 79.8754835, 6.900348 ], [ 79.8753441, 6.8997621 ], [ 79.8754606, 6.8993136 ] ] } },
{ "type": "Feature", "properties": { "osm_id": "50634201", "name": null, "type": "canal", "width": null }, "geometry": { "type": "LineString", "coordinates": [ [ 79.8754606, 6.8993136 ], [ 79.8753412, 6.8990299 ], [ 79.8749228, 6.8986145 ], [ 79.8744284, 6.8985571 ], [ 79.8725839, 6.8978476 ], [ 79.870686, 6.8969174 ], [ 79.8705491, 6.8967338 ], [ 79.870522, 6.8962358 ], [ 79.8700291, 6.8952407 ] ] } },
{ "type": "Feature", "properties": { "osm_id": "50740178", "name": null, "type": "river", "width": null }, "geometry": { "type": "LineString", "coordinates": [ [ 79.8936682, 6.9187826 ], [ 79.8935014, 6.9188041 ], [ 79.893083, 6.9190917 ], [ 79.89245, 6.919784 ], [ 79.8919672, 6.9201142 ], [ 79.8915488, 6.9208065 ], [ 79.8911663, 6.9208564 ], [ 79.8910933, 6.9209696 ], [ 79.8911271, 6.9213103 ], [ 79.8914844, 6.9213226 ], [ 79.8915239, 6.9214097 ], [ 79.8913564, 6.9217638 ], [ 79.8913917, 6.9221092 ], [ 79.8909186, 6.923604 ] ] } },
{ "type": "Feature", "properties": { "osm_id": "51133937", "name": null, "type": "canal", "width": null }, "geometry": { "type": "LineString", "coordinates": [ [ 79.8737992, 6.7948015 ], [ 79.8733688, 6.7948013 ], [ 79.872759107051564, 6.794442607192187 ] ] } },
{ "type": "Feature", "properties": { "osm_id": "51133938", "name": null, "type": "canal", "width": null }, "geometry": { "type": "LineString", "coordinates": [ [ 79.874394, 6.7959887 ], [ 79.8748877, 6.7964356 ], [ 79.875145, 6.7967877 ], [ 79.8752031, 6.7972444 ], [ 79.8753596, 6.7976719 ], [ 79.8753349, 6.7980391 ], [ 79.8751879, 6.798375 ], [ 79.8745403, 6.7992607 ], [ 79.8743082, 6.7996641 ], [ 79.8742523, 6.7999698 ], [ 79.8743956, 6.8007272 ], [ 79.8747965, 6.8017947 ], [ 79.8747198, 6.8021996 ], [ 79.8743725, 6.8027749 ], [ 79.8737116, 6.8032664 ], [ 79.8734376, 6.8036863 ], [ 79.8730657, 6.8039574 ], [ 79.8729927, 6.8046886 ], [ 79.8728714, 6.8049988 ], [ 79.8727184, 6.8053552 ], [ 79.8722195, 6.8057952 ], [ 79.8722005, 6.8063778 ], [ 79.8718886, 6.8068979 ], [ 79.871818, 6.8071492 ], [ 79.8718474, 6.8078971 ], [ 79.8717768, 6.808312 ], [ 79.8716885, 6.8084464 ], [ 79.8715767, 6.8084698 ], [ 79.8713119, 6.8083587 ], [ 79.8710353, 6.8084581 ], [ 79.8707351, 6.8091184 ], [ 79.8709411, 6.8095859 ], [ 79.8706057, 6.8102929 ], [ 79.8706174, 6.8106435 ], [ 79.8703997, 6.8110818 ], [ 79.8703761, 6.8118571 ], [ 79.8701878, 6.8125527 ], [ 79.8697396, 6.8135774 ], [ 79.8694911, 6.8140037 ], [ 79.8691558, 6.8142991 ], [ 79.8692575, 6.8148601 ], [ 79.8690391, 6.8153238 ], [ 79.8686097, 6.8153388 ], [ 79.8685193, 6.8154173 ], [ 79.8681466, 6.8161369 ], [ 79.8681089, 6.8169309 ], [ 79.8678638, 6.8179353 ], [ 79.867852, 6.8184203 ], [ 79.8675036, 6.8196882 ], [ 79.8669522, 6.8206545 ], [ 79.8668919, 6.8209208 ], [ 79.8669221, 6.8217255 ], [ 79.8670034, 6.8217973 ], [ 79.8677055, 6.821917 ], [ 79.867826, 6.8220307 ], [ 79.8678169, 6.8221294 ], [ 79.8676482, 6.8225632 ], [ 79.8672023, 6.8226979 ], [ 79.8671028, 6.8228684 ], [ 79.86713, 6.82338 ], [ 79.8669612, 6.8240053 ] ] } },
{ "type": "Feature", "properties": { "osm_id": "51214831", "name": "Katu Ela", "type": "canal", "width": null }, "geometry": { "type": "LineString", "coordinates": [ [ 79.9015229, 6.8655866 ], [ 79.9019333, 6.8642631 ], [ 79.9019156, 6.8636831 ], [ 79.901701, 6.863012 ], [ 79.9015545, 6.8627211 ], [ 79.8994875, 6.860021 ], [ 79.8985038, 6.8589749 ], [ 79.8983203, 6.8585867 ], [ 79.8980425, 6.8573345 ], [ 79.8977421, 6.8566741 ], [ 79.897667, 6.8541921 ], [ 79.8977182, 6.8528602 ] ] } },
{ "type": "Feature", "properties": { "osm_id": "51270707", "name": null, "type": "canal", "width": null }, "geometry": { "type": "LineString", "coordinates": [ [ 79.8766232, 6.9489663 ], [ 79.877521, 6.9483328 ], [ 79.87819, 6.9479984 ] ] } },
{ "type": "Feature", "properties": { "osm_id": "51271085", "name": null, "type": "canal", "width": null }, "geometry": { "type": "LineString", "coordinates": [ [ 79.868476, 6.9498085 ], [ 79.8689266, 6.9504369 ], [ 79.8694308, 6.951406 ], [ 79.8700531, 6.9519279 ], [ 79.8705359, 6.9526201 ], [ 79.8708691, 6.9532851 ], [ 79.8669423, 6.9538921 ], [ 79.8663093, 6.9537537 ], [ 79.86573, 6.9545737 ], [ 79.8652472, 6.9545631 ], [ 79.8646678, 6.9548826 ] ] } },
{ "type": "Feature", "properties": { "osm_id": "51272612", "name": null, "type": "canal", "width": null }, "geometry": { "type": "LineString", "coordinates": [ [ 79.8688123, 6.9695393 ], [ 79.869161, 6.9696884 ], [ 79.8694255, 6.9701658 ], [ 79.8699786, 6.9702792 ], [ 79.870207, 6.9704522 ], [ 79.8705365, 6.9711021 ], [ 79.8711373, 6.9712938 ], [ 79.8718991, 6.9714003 ], [ 79.8725857, 6.9716984 ], [ 79.8728217, 6.9720499 ], [ 79.8731125, 6.9732313 ], [ 79.8732587, 6.9735074 ], [ 79.8732206, 6.9739339 ], [ 79.8725535, 6.9739668 ], [ 79.8725213, 6.9744993 ], [ 79.8725997, 6.9749515 ], [ 79.8728041, 6.9753513 ], [ 79.8709885, 6.9772489 ], [ 79.8710727, 6.9775234 ], [ 79.8716619, 6.9778874 ], [ 79.8719624, 6.9779291 ], [ 79.8720726, 6.9780335 ] ] } },
{ "type": "Feature", "properties": { "osm_id": "52241112", "name": null, "type": "canal", "width": null }, "geometry": { "type": "LineString", "coordinates": [ [ 79.8898889, 6.9545548 ], [ 79.8900825, 6.9530923 ], [ 79.8899739, 6.9522315 ], [ 79.8895733, 6.9513604 ], [ 79.8865356, 6.9464851 ], [ 79.8854893, 6.9444143 ], [ 79.8854571, 6.9440096 ], [ 79.8857575, 6.943999 ], [ 79.886295, 6.9444958 ], [ 79.8871411, 6.943995 ], [ 79.8877316, 6.9442226 ], [ 79.8880427, 6.94418 ], [ 79.8883217, 6.9437221 ], [ 79.8881822, 6.9427103 ], [ 79.888268, 6.9423163 ], [ 79.8886221, 6.9421459 ], [ 79.8895426, 6.9419775 ], [ 79.8897915, 6.9417944 ], [ 79.8904138, 6.9409743 ], [ 79.8905533, 6.9410276 ], [ 79.8907786, 6.941379 ], [ 79.8909824, 6.9415068 ], [ 79.8913901, 6.9413364 ], [ 79.8919802, 6.9407826 ], [ 79.8924201, 6.9405696 ], [ 79.8928171, 6.9404951 ], [ 79.8938256, 6.9409743 ], [ 79.895113, 6.9411341 ], [ 79.8957139, 6.9402075 ], [ 79.8961537, 6.9402714 ], [ 79.8964756, 6.940527 ], [ 79.8969799, 6.940346 ], [ 79.8969369, 6.939675 ], [ 79.896776, 6.9392703 ], [ 79.8967116, 6.9386845 ], [ 79.8968618, 6.9382905 ], [ 79.8973339, 6.9381201 ], [ 79.8972695, 6.937055 ], [ 79.897645, 6.9366823 ] ] } },
{ "type": "Feature", "properties": { "osm_id": "52364437", "name": null, "type": "canal", "width": null }, "geometry": { "type": "LineString", "coordinates": [ [ 79.9187466, 6.9315798 ], [ 79.9172064, 6.9301986 ], [ 79.9171058, 6.9300257 ], [ 79.9170403, 6.9283693 ] ] } },
{ "type": "Feature", "properties": { "osm_id": "52372727", "name": null, "type": "canal", "width": null }, "geometry": { "type": "LineString", "coordinates": [ [ 79.9861233, 6.9353454 ], [ 79.9863892, 6.9349244 ], [ 79.9871402, 6.934999 ], [ 79.9873762, 6.9354782 ], [ 79.9875372, 6.9355954 ], [ 79.9876766, 6.9351161 ], [ 79.9879449, 6.9348073 ], [ 79.9882131, 6.9348179 ], [ 79.988889, 6.9353504 ], [ 79.9891143, 6.9353398 ], [ 79.9891787, 6.93518 ], [ 79.9891465, 6.9346049 ], [ 79.989404, 6.9334866 ], [ 79.9898331, 6.9335399 ], [ 79.9900906, 6.9340511 ], [ 79.9904447, 6.9343173 ], [ 79.9907773, 6.9338168 ], [ 79.9909382, 6.9339446 ], [ 79.9911206, 6.9343386 ], [ 79.9914746, 6.9346262 ], [ 79.9916678, 6.9345943 ], [ 79.9917214, 6.9344665 ], [ 79.9916892, 6.9340404 ], [ 79.9920433, 6.9340085 ], [ 79.9924832, 6.9341789 ], [ 79.9926334, 6.934083 ], [ 79.9927943, 6.9335718 ], [ 79.9932878, 6.9334334 ], [ 79.9933415, 6.9332843 ], [ 79.9929552, 6.9330713 ], [ 79.9930411, 6.9333162 ], [ 79.9927085, 6.932986 ], [ 79.9925797, 6.9325068 ], [ 79.992805, 6.9319317 ], [ 79.9932771, 6.9319317 ], [ 79.9932878, 6.9313778 ], [ 79.9939315, 6.9314098 ], [ 79.9941247, 6.9315269 ], [ 79.994468, 6.9312926 ], [ 79.9949293, 6.9312713 ], [ 79.995101, 6.9313778 ], [ 79.9951117, 6.931495 ], [ 79.9954336, 6.9315695 ], [ 79.9954765, 6.9311222 ], [ 79.9960773, 6.9308347 ], [ 79.9960666, 6.9306323 ], [ 79.9964636, 6.9303234 ], [ 79.9969571, 6.930153 ], [ 79.997515, 6.930185 ], [ 79.9975043, 6.9296844 ], [ 79.9978261, 6.9295247 ], [ 79.9977617, 6.9294075 ], [ 79.9977939, 6.9292264 ], [ 79.9980085, 6.929088 ], [ 79.9980085, 6.9289602 ], [ 79.9982231, 6.9286939 ], [ 79.9984055, 6.9286194 ], [ 79.9989956, 6.928449 ], [ 79.9995427, 6.9286194 ], [ 79.9998539, 6.9282573 ], [ 80.0004761, 6.9280442 ], [ 80.0010984, 6.9281081 ], [ 80.0013774, 6.928236 ], [ 80.0018387, 6.9280549 ], [ 80.0021928, 6.9282573 ], [ 80.0024717, 6.9281721 ], [ 80.0027077, 6.9279484 ], [ 80.0030725, 6.9280123 ], [ 80.0034802, 6.9276608 ], [ 80.0038235, 6.9276289 ], [ 80.0039094, 6.9273307 ], [ 80.0043385, 6.927352 ], [ 80.0046818, 6.9269685 ], [ 80.0048535, 6.9268833 ], [ 80.00598, 6.9267981 ], [ 80.0067311, 6.9264573 ], [ 80.0071066, 6.926681 ], [ 80.0076001, 6.9263934 ], [ 80.0080507, 6.9263828 ], [ 80.0081687, 6.9262443 ], [ 80.0087159, 6.9259993 ], [ 80.0087481, 6.9258076 ], [ 80.0091772, 6.9256159 ], [ 80.0097345, 6.9256866 ], [ 80.0104583, 6.9260482 ], [ 80.0107712, 6.9259323 ], [ 80.0110654, 6.9257329 ], [ 80.0115651, 6.9250607 ], [ 80.0115978, 6.9249216 ], [ 80.0113503, 6.9245322 ], [ 80.0116025, 6.9241753 ], [ 80.0114857, 6.9234799 ], [ 80.0116305, 6.9230997 ], [ 80.0114904, 6.9223162 ], [ 80.0116352, 6.9220752 ], [ 80.0120555, 6.9219268 ], [ 80.0121769, 6.9217507 ], [ 80.0122189, 6.9214818 ], [ 80.0121068, 6.9209811 ], [ 80.0116679, 6.9204155 ], [ 80.0115885, 6.9202069 ], [ 80.011369, 6.9190711 ] ] } },
{ "type": "Feature", "properties": { "osm_id": "52531999", "name": null, "type": "stream", "width": null }, "geometry": { "type": "LineString", "coordinates": [ [ 79.9697852, 7.0723408 ], [ 79.9700586, 7.0743934 ], [ 79.9702848, 7.0746665 ], [ 79.9707137, 7.0757399 ], [ 79.97102, 7.0758577 ], [ 79.9714206, 7.0757964 ], [ 79.9725093, 7.0758717 ], [ 79.9732115, 7.0753539 ] ] } },
{ "type": "Feature", "properties": { "osm_id": "52532000", "name": null, "type": "stream", "width": null }, "geometry": { "type": "LineString", "coordinates": [ [ 79.9725564, 7.0758341 ], [ 79.9718023, 7.0736496 ] ] } },
{ "type": "Feature", "properties": { "osm_id": "53790009", "name": null, "type": "drain", "width": null }, "geometry": { "type": "LineString", "coordinates": [ [ 79.9131058, 6.906378 ], [ 79.9134529, 6.9057879 ], [ 79.9139374, 6.9052658 ], [ 79.9168804, 6.9038398 ], [ 79.9178889, 6.9037013 ] ] } },
{ "type": "Feature", "properties": { "osm_id": "54046803", "name": null, "type": "canal", "width": null }, "geometry": { "type": "LineString", "coordinates": [ [ 79.8709651, 6.9538129 ], [ 79.8721023, 6.9529929 ], [ 79.8743252, 6.95267 ] ] } },
{ "type": "Feature", "properties": { "osm_id": "54046829", "name": null, "type": "canal", "width": null }, "geometry": { "type": "LineString", "coordinates": [ [ 79.8718341, 6.9550164 ], [ 79.8717054, 6.9545371 ], [ 79.8710953, 6.953719 ], [ 79.8708691, 6.9532851 ] ] } },
{ "type": "Feature", "properties": { "osm_id": "71198482", "name": null, "type": "drain", "width": null }, "geometry": { "type": "LineString", "coordinates": [ [ 79.9153953, 6.8453031 ], [ 79.915204, 6.8455852 ], [ 79.9150466, 6.8456694 ] ] } },
{ "type": "Feature", "properties": { "osm_id": "83986506", "name": null, "type": "canal", "width": null }, "geometry": { "type": "LineString", "coordinates": [ [ 79.8947431, 6.8891257 ], [ 79.8935633, 6.8894098 ], [ 79.8931556, 6.889708 ], [ 79.8930591, 6.8901554 ], [ 79.8928981, 6.8904429 ], [ 79.8928552, 6.8908157 ], [ 79.8925763, 6.8907838 ] ] } },
{ "type": "Feature", "properties": { "osm_id": "98046410", "name": null, "type": "canal", "width": null }, "geometry": { "type": "LineString", "coordinates": [ [ 79.846109, 6.9307528 ], [ 79.8477572, 6.9313794 ] ] } },
{ "type": "Feature", "properties": { "osm_id": "98371193", "name": null, "type": "canal", "width": null }, "geometry": { "type": "LineString", "coordinates": [ [ 79.8483517, 6.9237761 ], [ 79.8486869, 6.9230742 ], [ 79.8490557, 6.9208566 ], [ 79.8492447, 6.9204125 ], [ 79.849667, 6.9185441 ], [ 79.8499584, 6.9182301 ] ] } },
{ "type": "Feature", "properties": { "osm_id": "98371209", "name": null, "type": "canal", "width": null }, "geometry": { "type": "LineString", "coordinates": [ [ 79.8697396, 6.8135774 ], [ 79.8697492, 6.8138372 ], [ 79.8699326, 6.8140236 ], [ 79.8701673, 6.8141084 ], [ 79.8713085, 6.8137365 ], [ 79.8727117, 6.8126001 ], [ 79.8746609, 6.8104737 ], [ 79.8750399, 6.8102015 ], [ 79.8760544, 6.8098908 ] ] } },
{ "type": "Feature", "properties": { "osm_id": "98371220", "name": null, "type": "canal", "width": null }, "geometry": { "type": "LineString", "coordinates": [ [ 79.8489687, 6.9329317 ], [ 79.848081, 6.933135 ], [ 79.8479936, 6.9332179 ], [ 79.8475674, 6.9376681 ] ] } },
{ "type": "Feature", "properties": { "osm_id": "98391423", "name": null, "type": "canal", "width": null }, "geometry": { "type": "LineString", "coordinates": [ [ 79.8799938, 6.7895147 ], [ 79.8803052, 6.7897411 ], [ 79.8805721, 6.7898294 ], [ 79.8813617, 6.7898515 ], [ 79.8817566, 6.7901055 ], [ 79.8817732, 6.790365 ], [ 79.8813506, 6.7911325 ], [ 79.8813284, 6.7914915 ], [ 79.8814952, 6.7918172 ], [ 79.8820124, 6.7920271 ], [ 79.8820791, 6.792132 ], [ 79.882118, 6.7923308 ], [ 79.8819425, 6.7925877 ], [ 79.8822833, 6.7928971 ], [ 79.8822541, 6.7933929 ], [ 79.8828663, 6.7937566 ], [ 79.8830048, 6.793999 ], [ 79.8831105, 6.7946884 ], [ 79.8827607, 6.7949815 ], [ 79.8829174, 6.7966081 ], [ 79.883085, 6.797216 ], [ 79.8826932, 6.7974386 ], [ 79.8826547, 6.7989381 ], [ 79.8828456, 6.7992797 ], [ 79.883006, 6.8004565 ], [ 79.8831678, 6.8006085 ], [ 79.8835045, 6.8006302 ], [ 79.8843787, 6.8004152 ], [ 79.8847694, 6.8004396 ] ] } },
{ "type": "Feature", "properties": { "osm_id": "98391452", "name": null, "type": "canal", "width": null }, "geometry": { "type": "LineString", "coordinates": [ [ 79.9401826, 6.6881506 ], [ 79.9390559, 6.688133 ], [ 79.9383524, 6.6880008 ], [ 79.9377819, 6.6876797 ], [ 79.9363558, 6.6863767 ], [ 79.9354241, 6.6850925 ], [ 79.9343784, 6.6838838 ], [ 79.9333135, 6.6829018 ], [ 79.9323058, 6.6822219 ], [ 79.9317924, 6.6821086 ], [ 79.9307276, 6.682203 ], [ 79.9300811, 6.6824297 ], [ 79.9295677, 6.6828262 ], [ 79.9292445, 6.6832795 ], [ 79.9284649, 6.6847336 ], [ 79.9273811, 6.6854135 ], [ 79.9267916, 6.6855268 ], [ 79.9262592, 6.6853002 ], [ 79.9258029, 6.6849225 ], [ 79.9252134, 6.6845826 ], [ 79.9243768, 6.6842049 ], [ 79.9235402, 6.6839594 ], [ 79.9212204, 6.6836194 ], [ 79.9196422, 6.6829773 ], [ 79.917315421489249, 6.68234276797703 ] ] } },
{ "type": "Feature", "properties": { "osm_id": "98391468", "name": null, "type": "river", "width": null }, "geometry": { "type": "LineString", "coordinates": [ [ 79.9197241, 6.7581504 ], [ 79.9204665, 6.7573432 ], [ 79.9222073, 6.7543467 ], [ 79.9233098, 6.7533095 ], [ 79.923716, 6.7519266 ], [ 79.9244704, 6.7504283 ], [ 79.9260371, 6.7494487 ], [ 79.9288224, 6.7490453 ], [ 79.9325362, 6.7494487 ], [ 79.9355536, 6.7492758 ], [ 79.9372364, 6.748642 ], [ 79.9392093, 6.7489877 ], [ 79.9417625, 6.7488148 ], [ 79.9432712, 6.7480657 ], [ 79.9446639, 6.7464522 ], [ 79.9459405, 6.7454149 ], [ 79.9475072, 6.74432 ], [ 79.9489579, 6.7438014 ], [ 79.9518012, 6.7455878 ], [ 79.9532519, 6.7466251 ], [ 79.9559211, 6.7470284 ], [ 79.95772, 6.7464522 ], [ 79.9594608, 6.7457031 ], [ 79.9609695, 6.7442624 ], [ 79.961956, 6.742476 ], [ 79.9624202, 6.7406896 ], [ 79.9624782, 6.739076 ], [ 79.9627103, 6.7372896 ], [ 79.9629424, 6.7357913 ], [ 79.9633486, 6.7341778 ], [ 79.9653216, 6.7303167 ], [ 79.9656697, 6.7285879 ], [ 79.9657278, 6.7271472 ], [ 79.9660179, 6.7258218 ], [ 79.9670044, 6.7245539 ], [ 79.9675859, 6.7235606 ], [ 79.9684997, 6.7225229 ], [ 79.9700802, 6.7200449 ], [ 79.9723871, 6.7179706 ], [ 79.9728217, 6.717178 ], [ 79.9728651, 6.7163131 ], [ 79.9727783, 6.7152617 ], [ 79.9724735, 6.7141099 ], [ 79.9718778, 6.7128985 ], [ 79.970817, 6.7115559 ], [ 79.9694899, 6.7101907 ], [ 79.9690191, 6.7095166 ], [ 79.9686922, 6.7091738 ], [ 79.9681895, 6.7088697 ], [ 79.9678924, 6.708191 ], [ 79.9678033, 6.7075419 ], [ 79.9681301, 6.7068337 ], [ 79.968546, 6.7063616 ], [ 79.9697938, 6.7055649 ], [ 79.9712793, 6.7050633 ], [ 79.9716359, 6.7048273 ], [ 79.9721516, 6.7041828 ], [ 79.972589, 6.7032953 ], [ 79.9727221, 6.7026721 ], [ 79.9727411, 6.7022 ], [ 79.972627, 6.7015768 ], [ 79.9722467, 6.7001982 ], [ 79.9719615, 6.6999338 ], [ 79.9715432, 6.6997261 ], [ 79.9704974, 6.6983286 ], [ 79.9693755, 6.6957036 ], [ 79.9692614, 6.6951182 ], [ 79.9692805, 6.6947028 ], [ 79.9690976, 6.6940469 ] ] } },
{ "type": "Feature", "properties": { "osm_id": "98391477", "name": null, "type": "stream", "width": null }, "geometry": { "type": "LineString", "coordinates": [ [ 79.9486629, 6.6842852 ], [ 79.9485671, 6.6833858 ] ] } },
{ "type": "Feature", "properties": { "osm_id": "98400134", "name": null, "type": "river", "width": null }, "geometry": { "type": "LineString", "coordinates": [ [ 79.9918454, 6.4415974 ], [ 79.9923516, 6.4427255 ], [ 79.9921324, 6.4444382 ], [ 79.9918621, 6.4453654 ], [ 79.9909596, 6.4471236 ], [ 79.990057, 6.448441 ], [ 79.9895063, 6.4490034 ], [ 79.9891902, 6.4491808 ], [ 79.9880123, 6.4495 ], [ 79.9876808, 6.4499458 ], [ 79.9877318, 6.4503005 ], [ 79.9881959, 6.4509035 ], [ 79.9880531, 6.4517294 ], [ 79.9880614, 6.4530977 ], [ 79.9879976, 6.453264 ], [ 79.9877666, 6.4534619 ], [ 79.9875116, 6.4534936 ], [ 79.9873045, 6.4534936 ], [ 79.986938, 6.4531848 ], [ 79.9864838, 6.4532402 ], [ 79.9863802, 6.4534619 ], [ 79.9864918, 6.4541032 ], [ 79.9869698, 6.4545228 ], [ 79.9870917, 6.4560344 ], [ 79.9870216, 6.4561991 ], [ 79.9868367, 6.4562244 ], [ 79.9863396, 6.456085 ], [ 79.9862057, 6.4561167 ], [ 79.9860782, 6.4564841 ], [ 79.9861547, 6.4566487 ], [ 79.9869196, 6.4567121 ], [ 79.9874295, 6.4570351 ], [ 79.9880223, 6.4572314 ], [ 79.9885959, 6.4570287 ], [ 79.9901384, 6.4568831 ], [ 79.991426, 6.4565157 ], [ 79.9923629, 6.4567121 ], [ 79.9935039, 6.4565411 ], [ 79.9941859, 6.4566297 ], [ 79.994887, 6.4563954 ], [ 79.9953905, 6.4564017 ], [ 79.996353, 6.4568641 ], [ 79.9965123, 6.4568577 ], [ 79.9967864, 6.4567501 ], [ 79.9973728, 6.4563067 ], [ 79.9982014, 6.4561864 ], [ 79.998348, 6.4563511 ], [ 79.9984628, 6.4567881 ], [ 79.9986157, 6.4568831 ], [ 79.9986094, 6.4573074 ], [ 79.9986986, 6.4574594 ], [ 79.9992149, 6.4575417 ], [ 79.9996037, 6.4575101 ], [ 80.0004578, 6.4573011 ], [ 80.0011143, 6.4565791 ], [ 80.0012991, 6.4565917 ], [ 80.0017899, 6.4570731 ], [ 80.0024592, 6.4575734 ], [ 80.0026185, 6.4578458 ], [ 80.0026249, 6.4580421 ], [ 80.0023955, 6.4592074 ], [ 80.0029882, 6.4596635 ], [ 80.0032304, 6.4600435 ], [ 80.0032241, 6.4602778 ], [ 80.0028607, 6.4606768 ], [ 80.0022935, 6.4616712 ], [ 80.0017007, 6.4624375 ], [ 80.0008338, 6.4628808 ], [ 80.0001965, 6.4627542 ], [ 79.9997503, 6.4628808 ], [ 79.9996483, 6.4632165 ], [ 80.0000817, 6.4641412 ], [ 79.9998013, 6.4644008 ], [ 79.9994953, 6.4644198 ], [ 79.999183, 6.4643248 ], [ 79.9988452, 6.4644515 ], [ 79.9986986, 6.4648252 ], [ 79.9988962, 6.4651609 ], [ 79.9991766, 6.4653382 ], [ 79.9992021, 6.4654395 ], [ 79.9991384, 6.4655472 ], [ 79.9990045, 6.4655725 ], [ 79.9987751, 6.4655155 ], [ 79.9986348, 6.4658005 ], [ 79.9986986, 6.4659905 ], [ 79.9989703, 6.466269 ], [ 79.9993528, 6.4664336 ], [ 79.9991934, 6.466953 ], [ 80.000481, 6.4681183 ], [ 80.0007232, 6.4684603 ], [ 80.0007359, 6.4689353 ], [ 80.0021764, 6.4693026 ], [ 80.0028329, 6.4693406 ], [ 80.0034512, 6.4698853 ], [ 80.0038336, 6.4700373 ], [ 80.0042288, 6.4700436 ], [ 80.0048152, 6.4698916 ], [ 80.0050064, 6.469974 ], [ 80.0052423, 6.470392 ], [ 80.0058733, 6.4709746 ], [ 80.0062748, 6.471513 ], [ 80.0064661, 6.471551 ], [ 80.0067656, 6.4717536 ], [ 80.007454, 6.4727289 ], [ 80.0082253, 6.4729823 ], [ 80.0086459, 6.4734256 ], [ 80.0093216, 6.4733306 ], [ 80.0098634, 6.4728493 ], [ 80.0102522, 6.4728429 ], [ 80.010692, 6.4733433 ], [ 80.0109597, 6.4734763 ], [ 80.0111891, 6.4734763 ], [ 80.0116425, 6.4737515 ], [ 80.0121046, 6.4744986 ], [ 80.013282, 6.4753832 ], [ 80.0142036, 6.475928 ], [ 80.0143786, 6.4759825 ], [ 80.0160077, 6.4757749 ], [ 80.0167465, 6.475832 ], [ 80.0177673, 6.4761744 ], [ 80.018138, 6.4764546 ], [ 80.0182451, 6.476727 ], [ 80.018266, 6.4771161 ], [ 80.018185, 6.4781796 ], [ 80.0185558, 6.4791965 ], [ 80.0185375, 6.4797439 ], [ 80.0187959, 6.480587 ], [ 80.0188325, 6.4811525 ], [ 80.0187698, 6.4814793 ], [ 80.0186106, 6.4817621 ], [ 80.0177699, 6.4829501 ], [ 80.0176603, 6.4838321 ], [ 80.0177438, 6.4840137 ], [ 80.0179422, 6.4841719 ], [ 80.0184748, 6.4844262 ], [ 80.019681, 6.4845507 ], [ 80.0198611, 6.4847115 ], [ 80.0205164, 6.4859515 ], [ 80.0209603, 6.4859956 ], [ 80.0212208, 6.4861978 ], [ 80.0210217, 6.4867045 ], [ 80.0210934, 6.487409 ], [ 80.0210296, 6.4876782 ], [ 80.0203683, 6.4882798 ], [ 80.0203683, 6.4888736 ], [ 80.0207189, 6.4896652 ], [ 80.0204639, 6.4899898 ], [ 80.0200895, 6.4902035 ], [ 80.0198983, 6.4906864 ], [ 80.0201612, 6.4910189 ], [ 80.0203524, 6.4910901 ], [ 80.0210376, 6.4909001 ], [ 80.0212766, 6.4909476 ], [ 80.0214439, 6.4915018 ], [ 80.0218025, 6.4922063 ], [ 80.0218503, 6.4925388 ], [ 80.0217387, 6.4927763 ], [ 80.0218821, 6.4935204 ], [ 80.0216192, 6.4938133 ], [ 80.021189, 6.4940983 ], [ 80.0210854, 6.4943675 ], [ 80.0212288, 6.4950958 ], [ 80.0207826, 6.4961803 ], [ 80.0208145, 6.4965049 ], [ 80.0209659, 6.496774 ], [ 80.0211491, 6.4969165 ] ] } },
{ "type": "Feature", "properties": { "osm_id": "98963852", "name": null, "type": "canal", "width": null }, "geometry": { "type": "LineString", "coordinates": [ [ 79.8872499, 6.9050684 ], [ 79.8870469, 6.9047671 ], [ 79.8869593, 6.9040758 ], [ 79.886413, 6.9028394 ], [ 79.8853615, 6.9009973 ], [ 79.8848763, 6.9009828 ], [ 79.8833865, 6.9012359 ] ] } },
{ "type": "Feature", "properties": { "osm_id": "98963853", "name": null, "type": "canal", "width": null }, "geometry": { "type": "LineString", "coordinates": [ [ 79.9013751, 6.8983657 ], [ 79.9031442, 6.8982397 ], [ 79.9029511, 6.8981545 ], [ 79.9021679, 6.8981971 ], [ 79.9020177, 6.8971745 ], [ 79.9022215, 6.8970041 ], [ 79.901964, 6.8963331 ], [ 79.900816, 6.896642 ], [ 79.900654, 6.8967961 ] ] } },
{ "type": "Feature", "properties": { "osm_id": "98963886", "name": null, "type": "canal", "width": null }, "geometry": { "type": "LineString", "coordinates": [ [ 79.8833865, 6.9012359 ], [ 79.8826773, 6.9002047 ], [ 79.8826731, 6.8997242 ], [ 79.8834629, 6.8978151 ], [ 79.8840378, 6.8948375 ], [ 79.8847466, 6.8928011 ], [ 79.88453, 6.8919477 ], [ 79.8840467, 6.890803 ], [ 79.8838019, 6.8890319 ], [ 79.8835742, 6.8887923 ], [ 79.8827881, 6.8883033 ], [ 79.8823869, 6.8878949 ] ] } },
{ "type": "Feature", "properties": { "osm_id": "98963900", "name": null, "type": "canal", "width": null }, "geometry": { "type": "LineString", "coordinates": [ [ 79.8923486, 6.8813814 ], [ 79.8917447, 6.8777047 ] ] } },
{ "type": "Feature", "properties": { "osm_id": "98963909", "name": null, "type": "canal", "width": null }, "geometry": { "type": "LineString", "coordinates": [ [ 79.8934281, 6.8857137 ], [ 79.894556, 6.8850816 ], [ 79.8947307, 6.8851458 ] ] } },
{ "type": "Feature", "properties": { "osm_id": "99452364", "name": "Kelani River", "type": "river", "width": null }, "geometry": { "type": "LineString", "coordinates": [ [ 80.0884124, 6.913714 ], [ 80.0868564, 6.9111373 ], [ 80.0857321, 6.910274 ], [ 80.084509, 6.9100104 ], [ 80.0831643, 6.9099525 ], [ 80.0815746, 6.9105281 ], [ 80.078136, 6.9112246 ] ] } },
{ "type": "Feature", "properties": { "osm_id": "108188388", "name": null, "type": "river", "width": null }, "geometry": { "type": "LineString", "coordinates": [ [ 80.150807, 7.1086512 ], [ 80.1516216, 7.1090012 ], [ 80.1523185, 7.1089428 ], [ 80.152688, 7.1090595 ], [ 80.1541407, 7.1102677 ], [ 80.1553919, 7.1107844 ], [ 80.1556606, 7.111051 ], [ 80.1556019, 7.111526 ], [ 80.1558118, 7.1117343 ], [ 80.1563072, 7.1116426 ], [ 80.1583898, 7.110701 ], [ 80.1604891, 7.1111843 ], [ 80.1616059, 7.111101 ], [ 80.1619082, 7.1111677 ], [ 80.1620762, 7.1113843 ], [ 80.1623113, 7.1121009 ], [ 80.1624624, 7.1122176 ], [ 80.1629495, 7.1123509 ], [ 80.163803, 7.1121087 ], [ 80.1657234, 7.1117308 ], [ 80.1663028, 7.1116882 ], [ 80.1671075, 7.1118213 ], [ 80.1681535, 7.1113848 ], [ 80.1687704, 7.1112783 ], [ 80.1703583, 7.1114859 ], [ 80.1717853, 7.1118587 ], [ 80.1752459, 7.1130977 ], [ 80.1759003, 7.1132201 ], [ 80.1765167, 7.1129766 ], [ 80.1772253, 7.1122886 ], [ 80.1776116, 7.1120544 ], [ 80.1779865, 7.1115181 ], [ 80.178545, 7.1111867 ], [ 80.1788019, 7.110842 ], [ 80.1788663, 7.1095538 ], [ 80.179215, 7.1089842 ], [ 80.1794891, 7.1088924 ], [ 80.1802562, 7.1088871 ], [ 80.1807331, 7.1085744 ], [ 80.1811247, 7.1075204 ], [ 80.1810282, 7.106477 ], [ 80.181114, 7.1062641 ], [ 80.182064, 7.1061031 ], [ 80.1829867, 7.106284 ], [ 80.1836197, 7.1062574 ], [ 80.1839196, 7.1060884 ], [ 80.1846009, 7.1054869 ], [ 80.1848423, 7.104715 ], [ 80.1854431, 7.1035226 ], [ 80.1859044, 7.1032565 ] ] } },
{ "type": "Feature", "properties": { "osm_id": "109403242", "name": null, "type": "canal", "width": null }, "geometry": { "type": "LineString", "coordinates": [ [ 79.8795313, 6.7985468 ], [ 79.8792527, 6.7979587 ], [ 79.8792541, 6.7976439 ], [ 79.8791136, 6.7973468 ], [ 79.8791371, 6.7970931 ] ] } },
{ "type": "Feature", "properties": { "osm_id": "112452048", "name": null, "type": "canal", "width": null }, "geometry": { "type": "LineString", "coordinates": [ [ 79.8976066, 7.1594088 ], [ 79.8981991, 7.1597861 ], [ 79.8992076, 7.1602545 ], [ 79.9000659, 7.1628732 ], [ 79.8997012, 7.1632777 ], [ 79.9019113, 7.1666842 ], [ 79.9010315, 7.1673016 ] ] } },
{ "type": "Feature", "properties": { "osm_id": "112453449", "name": null, "type": "drain", "width": null }, "geometry": { "type": "LineString", "coordinates": [ [ 79.8902312, 7.0924793 ], [ 79.8903277, 7.0910978 ], [ 79.8907676, 7.0892906 ], [ 79.8910601, 7.0873341 ] ] } },
{ "type": "Feature", "properties": { "osm_id": "112453452", "name": null, "type": "river", "width": null }, "geometry": { "type": "LineString", "coordinates": [ [ 79.937725, 7.0971561 ], [ 79.9372744, 7.0972945 ], [ 79.9371563, 7.0966877 ], [ 79.9365255, 7.096808 ], [ 79.9355899, 7.0966131 ], [ 79.9345063, 7.0969112 ], [ 79.9336373, 7.0967941 ], [ 79.9327146, 7.0968687 ], [ 79.9322103, 7.0971242 ], [ 79.9321567, 7.0974329 ], [ 79.9316846, 7.0977417 ], [ 79.9318885, 7.0985082 ], [ 79.9317168, 7.0987212 ], [ 79.9310731, 7.0989554 ], [ 79.9302255, 7.0985189 ], [ 79.9300539, 7.0989234 ], [ 79.9296998, 7.0991683 ], [ 79.9286806, 7.0995516 ], [ 79.9263846, 7.0991896 ], [ 79.9252795, 7.0993067 ], [ 79.9244641, 7.0987318 ], [ 79.9233376, 7.0994558 ], [ 79.9226831, 7.0999881 ], [ 79.9222218, 7.099871 ], [ 79.9222433, 7.099509 ], [ 79.9218034, 7.098636 ], [ 79.9209129, 7.0984337 ], [ 79.9203657, 7.0984231 ], [ 79.9191855, 7.0988702 ], [ 79.9191212, 7.099328 ], [ 79.9185633, 7.0993919 ], [ 79.9184345, 7.0997752 ], [ 79.9178981, 7.0991151 ], [ 79.917662, 7.0995516 ], [ 79.9173724, 7.0998284 ], [ 79.9172329, 7.0992961 ], [ 79.9179732, 7.098604 ], [ 79.9181878, 7.0977949 ], [ 79.9181878, 7.0974755 ], [ 79.9177479, 7.0972945 ], [ 79.9169432, 7.0972519 ], [ 79.9168681, 7.0970177 ], [ 79.9166428, 7.0968261 ], [ 79.916557, 7.0964108 ], [ 79.9159776, 7.095985 ], [ 79.9160956, 7.0953568 ], [ 79.9168896, 7.0950907 ], [ 79.9171041, 7.0946435 ], [ 79.9166321, 7.0938556 ], [ 79.9167179, 7.0933127 ], [ 79.916278, 7.09294 ], [ 79.9159991, 7.0918434 ], [ 79.9159883, 7.091343 ], [ 79.9149798, 7.0903209 ], [ 79.9138426, 7.0896608 ], [ 79.9130916, 7.0890752 ], [ 79.912759, 7.0883513 ], [ 79.9125444, 7.088298 ], [ 79.9120294, 7.0889901 ], [ 79.9115681, 7.0884151 ], [ 79.9112569, 7.08833 ], [ 79.9109994, 7.0881277 ], [ 79.9111711, 7.0875847 ], [ 79.9109029, 7.0870311 ], [ 79.9105596, 7.0868607 ], [ 79.9101089, 7.0867862 ], [ 79.9100768, 7.0865094 ], [ 79.9097012, 7.0862964 ], [ 79.909315, 7.0861899 ], [ 79.9088644, 7.0858173 ], [ 79.9086284, 7.0857428 ], [ 79.9082636, 7.0853914 ], [ 79.9079846, 7.0846887 ], [ 79.9075984, 7.0844971 ], [ 79.9071478, 7.084742 ], [ 79.9069225, 7.0846036 ], [ 79.9069547, 7.0841138 ], [ 79.9068045, 7.0839115 ], [ 79.9065792, 7.0838796 ], [ 79.9062788, 7.0841777 ], [ 79.9055492, 7.0839647 ], [ 79.9048733, 7.0839967 ], [ 79.9041115, 7.0841032 ], [ 79.9033712, 7.0843267 ], [ 79.9029421, 7.0838689 ], [ 79.9024217, 7.083661 ], [ 79.9011664, 7.0833895 ], [ 79.9003349, 7.083496 ], [ 79.8998682, 7.0833735 ], [ 79.8993961, 7.082426 ], [ 79.8977224, 7.0823142 ], [ 79.8973094, 7.0821598 ], [ 79.8967139, 7.0812473 ], [ 79.8961453, 7.081324 ], [ 79.8946808, 7.0811803 ], [ 79.8941551, 7.0809034 ], [ 79.8937045, 7.0803711 ], [ 79.8932593, 7.0800783 ], [ 79.8926263, 7.080222 ], [ 79.8909526, 7.080238 ], [ 79.8904537, 7.0805042 ], [ 79.8893915, 7.0807437 ], [ 79.8890816, 7.0805876 ], [ 79.8889037, 7.080302 ], [ 79.8883091, 7.0799488 ], [ 79.8871021, 7.0797093 ], [ 79.8780577, 7.0766376 ], [ 79.8774998, 7.0766855 ], [ 79.8766997, 7.0771399 ], [ 79.87581, 7.0773882 ], [ 79.8747309, 7.077997 ], [ 79.8721944, 7.0792355 ], [ 79.8709927, 7.080018 ], [ 79.8682032, 7.0816311 ], [ 79.8675373, 7.0830862 ], [ 79.8665448, 7.0843053 ], [ 79.8623069, 7.0868233 ], [ 79.8605045, 7.087494 ], [ 79.8595719, 7.0884398 ], [ 79.8590454, 7.0892242 ], [ 79.8586975, 7.0914315 ], [ 79.8584883, 7.0946096 ], [ 79.8583166, 7.0954293 ], [ 79.8584982, 7.0968898 ], [ 79.8583059, 7.0980697 ], [ 79.8580852, 7.0987743 ], [ 79.8577695, 7.0992941 ], [ 79.8576836, 7.0997359 ], [ 79.8577204, 7.1002861 ], [ 79.8571043, 7.1018439 ], [ 79.857259, 7.1022557 ], [ 79.8570506, 7.1036911 ], [ 79.8570131, 7.1038135 ], [ 79.8555856, 7.1053008 ], [ 79.8548775, 7.1066098 ], [ 79.8547992, 7.1069107 ] ] } },
{ "type": "Feature", "properties": { "osm_id": "114095634", "name": null, "type": "drain", "width": null }, "geometry": { "type": "LineString", "coordinates": [ [ 79.9975328, 7.1062373 ], [ 79.9972271, 7.1066419 ], [ 79.9963902, 7.1068495 ], [ 79.994974, 7.1064077 ], [ 79.9936651, 7.1065567 ], [ 79.9932145, 7.1064715 ], [ 79.9898027, 7.1051886 ], [ 79.9880754, 7.1055293 ], [ 79.9853341, 7.1053164 ], [ 79.9850069, 7.1055772 ] ] } },
{ "type": "Feature", "properties": { "osm_id": "114095635", "name": null, "type": "river", "width": null }, "geometry": { "type": "LineString", "coordinates": [ [ 80.0055365, 7.1107354 ], [ 80.0066738, 7.1109856 ] ] } },
{ "type": "Feature", "properties": { "osm_id": "122925283", "name": null, "type": "stream", "width": null }, "geometry": { "type": "LineString", "coordinates": [ [ 80.0814488, 6.6458308 ], [ 80.0814434, 6.645932 ], [ 80.0817814, 6.6459693 ], [ 80.0820764, 6.6461718 ], [ 80.0825592, 6.6459427 ], [ 80.0826493, 6.6460101 ], [ 80.082601, 6.6461486 ], [ 80.0827094, 6.6461345 ], [ 80.0827727, 6.6462765 ], [ 80.0832126, 6.6466335 ], [ 80.0836428, 6.6463476 ], [ 80.0838402, 6.6466442 ], [ 80.0837555, 6.6467473 ], [ 80.08391, 6.6467987 ], [ 80.0839593, 6.6465448 ], [ 80.0841299, 6.6466388 ], [ 80.0841739, 6.6465661 ], [ 80.0841793, 6.6462038 ], [ 80.0846138, 6.646369 ], [ 80.084661, 6.6461966 ], [ 80.0849936, 6.6462286 ], [ 80.0849732, 6.6459693 ], [ 80.0852135, 6.6461273 ], [ 80.0854184, 6.6461558 ], [ 80.0852575, 6.6457562 ], [ 80.0850644, 6.6455537 ], [ 80.0853138, 6.6453917 ] ] } },
{ "type": "Feature", "properties": { "osm_id": "123243993", "name": null, "type": "stream", "width": null }, "geometry": { "type": "LineString", "coordinates": [ [ 80.1037484, 6.616428 ], [ 80.1034514, 6.6171054 ], [ 80.102815, 6.6175976 ], [ 80.1025548, 6.6176962 ] ] } },
{ "type": "Feature", "properties": { "osm_id": "123244534", "name": null, "type": "stream", "width": null }, "geometry": { "type": "LineString", "coordinates": [ [ 80.1040441, 6.5943114 ], [ 80.1039898, 6.59438 ], [ 80.1037089, 6.5942954 ], [ 80.1035955, 6.5945772 ], [ 80.1029974, 6.5953925 ], [ 80.1028184, 6.5958301 ], [ 80.1023161, 6.5959547 ], [ 80.1020566, 6.5961019 ], [ 80.1018307, 6.5959307 ], [ 80.1015765, 6.596014 ], [ 80.1013505, 6.595976 ] ] } },
{ "type": "Feature", "properties": { "osm_id": "131347972", "name": null, "type": "canal", "width": null }, "geometry": { "type": "LineString", "coordinates": [ [ 79.8793386, 6.7969413 ], [ 79.8793117, 6.7964992 ], [ 79.8790703, 6.7959132 ], [ 79.8788987, 6.7947413 ], [ 79.8785393, 6.7938571 ], [ 79.8786573, 6.7932658 ], [ 79.8782603, 6.7921579 ] ] } },
{ "type": "Feature", "properties": { "osm_id": "131347976", "name": null, "type": "canal", "width": null }, "geometry": { "type": "LineString", "coordinates": [ [ 79.8791371, 6.7970931 ], [ 79.8793386, 6.7969413 ] ] } },
{ "type": "Feature", "properties": { "osm_id": "131349599", "name": null, "type": "canal", "width": null }, "geometry": { "type": "LineString", "coordinates": [ [ 79.8977182, 6.8528602 ], [ 79.8971157, 6.850699 ] ] } },
{ "type": "Feature", "properties": { "osm_id": "131520392", "name": null, "type": "stream", "width": null }, "geometry": { "type": "LineString", "coordinates": [ [ 79.9477066, 6.8887763 ], [ 79.9486659, 6.8887285 ], [ 79.9491599, 6.8890068 ], [ 79.949255, 6.8892984 ], [ 79.9492926, 6.8901447 ] ] } },
{ "type": "Feature", "properties": { "osm_id": "137530704", "name": null, "type": "stream", "width": null }, "geometry": { "type": "LineString", "coordinates": [ [ 80.1003052, 6.4539405 ], [ 80.1004338, 6.4540018 ], [ 80.100516, 6.4542011 ], [ 80.1004595, 6.4545078 ], [ 80.1007783, 6.454564 ], [ 80.1019973, 6.4551772 ], [ 80.102743, 6.4558161 ], [ 80.103355, 6.4560307 ] ] } },
{ "type": "Feature", "properties": { "osm_id": "137530705", "name": null, "type": "stream", "width": null }, "geometry": { "type": "LineString", "coordinates": [ [ 80.0907709, 6.448239 ], [ 80.0908716, 6.4478953 ], [ 80.0908505, 6.4474519 ], [ 80.0898613, 6.4456017 ], [ 80.0886394, 6.4449946 ], [ 80.0882611, 6.4442429 ], [ 80.0880429, 6.4431299 ], [ 80.0876793, 6.4422481 ], [ 80.0876065, 6.441005 ], [ 80.0874611, 6.4408171 ], [ 80.087301, 6.4408026 ], [ 80.0871701, 6.4403979 ], [ 80.0868024, 6.4402417 ] ] } },
{ "type": "Feature", "properties": { "osm_id": "137530706", "name": null, "type": "stream", "width": null }, "geometry": { "type": "LineString", "coordinates": [ [ 80.0962267, 6.4523869 ], [ 80.0963501, 6.452484 ], [ 80.0964067, 6.4526986 ], [ 80.0967667, 6.4528826 ], [ 80.0970496, 6.4529286 ], [ 80.0971936, 6.4530666 ], [ 80.0974919, 6.4528571 ], [ 80.0986645, 6.4530462 ], [ 80.0988188, 6.4534192 ], [ 80.099256, 6.4536339 ], [ 80.099976, 6.4537156 ], [ 80.1003052, 6.4539405 ], [ 80.10048, 6.4535777 ], [ 80.1010766, 6.4534397 ], [ 80.1022133, 6.4534601 ], [ 80.1027584, 6.4537003 ], [ 80.103139, 6.453639 ] ] } },
{ "type": "Feature", "properties": { "osm_id": "137530707", "name": null, "type": "stream", "width": null }, "geometry": { "type": "LineString", "coordinates": [ [ 80.0865928, 6.4466691 ], [ 80.087194, 6.4466334 ], [ 80.0897401, 6.4475938 ], [ 80.0910439, 6.4484829 ], [ 80.0917035, 6.4487438 ], [ 80.0918448, 6.4488657 ], [ 80.0917779, 6.4489782 ], [ 80.0915979, 6.4490395 ], [ 80.0917007, 6.4493308 ], [ 80.0921585, 6.4495301 ], [ 80.0924465, 6.4496374 ], [ 80.0926728, 6.4493104 ], [ 80.0928579, 6.449249 ], [ 80.0932282, 6.4494586 ], [ 80.0936037, 6.4493206 ], [ 80.0936963, 6.4493717 ], [ 80.09365, 6.4498623 ], [ 80.093722, 6.4500361 ], [ 80.0941592, 6.45022 ], [ 80.0944986, 6.4506698 ], [ 80.09491, 6.4508742 ], [ 80.0953164, 6.4516612 ], [ 80.0957432, 6.4519423 ], [ 80.0961547, 6.452438 ], [ 80.0962678, 6.4522029 ], [ 80.0961907, 6.4518043 ], [ 80.0962678, 6.4512166 ], [ 80.0964118, 6.4511195 ], [ 80.0966433, 6.4511859 ], [ 80.096993, 6.450634 ], [ 80.0972296, 6.4505471 ], [ 80.0973427, 6.4506187 ] ] } },
{ "type": "Feature", "properties": { "osm_id": "139976052", "name": null, "type": "canal", "width": null }, "geometry": { "type": "LineString", "coordinates": [ [ 79.8837695, 6.8450766 ], [ 79.8854003, 6.8446132 ], [ 79.886618, 6.8441605 ], [ 79.8865537, 6.844038 ], [ 79.8851321, 6.844544 ], [ 79.8835649, 6.8449045 ], [ 79.883581, 6.8450164 ], [ 79.8837695, 6.8450766 ] ] } },
{ "type": "Feature", "properties": { "osm_id": "139976146", "name": null, "type": "canal", "width": null }, "geometry": { "type": "LineString", "coordinates": [ [ 79.8865888, 6.8441049 ], [ 79.8884313, 6.8435512 ], [ 79.8889248, 6.8432104 ], [ 79.8892788, 6.8415486 ], [ 79.8896329, 6.8409414 ], [ 79.8899655, 6.840004 ], [ 79.8910813, 6.8381824 ], [ 79.8913622, 6.8372914 ], [ 79.8927228, 6.8359773 ], [ 79.893506, 6.8355299 ], [ 79.8947076, 6.8346351 ], [ 79.895405, 6.833687 ], [ 79.8961667, 6.8318548 ], [ 79.8965423, 6.8314819 ], [ 79.8972718, 6.83096 ] ] } },
{ "type": "Feature", "properties": { "osm_id": "140008973", "name": null, "type": "drain", "width": null }, "geometry": { "type": "LineString", "coordinates": [ [ 79.8706374, 6.8439315 ], [ 79.8714742, 6.8430207 ] ] } },
{ "type": "Feature", "properties": { "osm_id": "146021988", "name": null, "type": "canal", "width": null }, "geometry": { "type": "LineString", "coordinates": [ [ 79.877311, 6.8457716 ], [ 79.8773536, 6.8466669 ] ] } },
{ "type": "Feature", "properties": { "osm_id": "150778318", "name": null, "type": "canal", "width": null }, "geometry": { "type": "LineString", "coordinates": [ [ 80.100563, 6.3930158 ], [ 80.1008242, 6.3935445 ], [ 80.1014071, 6.3941472 ], [ 80.1019842, 6.3945568 ], [ 80.1024788, 6.3947616 ], [ 80.1026319, 6.3952356 ], [ 80.1026201, 6.3958441 ], [ 80.1027084, 6.3960431 ], [ 80.1030676, 6.3965873 ], [ 80.1035916, 6.3971549 ], [ 80.1037683, 6.3975059 ], [ 80.1043159, 6.3977341 ], [ 80.1044454, 6.3978746 ], [ 80.1047869, 6.397939 ], [ 80.1049283, 6.3980852 ], [ 80.1051814, 6.3986411 ], [ 80.1059234, 6.3987874 ], [ 80.1061059, 6.3989396 ], [ 80.1064003, 6.3995072 ], [ 80.1071128, 6.3999343 ], [ 80.1073424, 6.4001333 ], [ 80.1074955, 6.4004024 ], [ 80.1078193, 6.4004141 ], [ 80.1081844, 6.4007009 ], [ 80.1084788, 6.4011982 ], [ 80.1092384, 6.4011514 ], [ 80.1094857, 6.4009583 ], [ 80.109733, 6.4009291 ], [ 80.1098802, 6.4010988 ], [ 80.1104219, 6.40097 ], [ 80.1107517, 6.401128 ], [ 80.1111579, 6.4010519 ], [ 80.1118468, 6.4012918 ], [ 80.1126359, 6.4014498 ], [ 80.1130009, 6.4017366 ], [ 80.1131246, 6.4021228 ], [ 80.1134367, 6.4023685 ], [ 80.115733, 6.4035856 ], [ 80.116104, 6.4038431 ], [ 80.1165103, 6.4042644 ], [ 80.1176871, 6.4050612 ], [ 80.1181015, 6.405521 ], [ 80.1185368, 6.4056505 ], [ 80.1187125, 6.4058326 ], [ 80.1193766, 6.4060685 ], [ 80.1200079, 6.4068156 ], [ 80.120314, 6.4066342 ], [ 80.1205201, 6.4066401 ], [ 80.1208616, 6.4068741 ], [ 80.121421, 6.4076289 ], [ 80.1224279, 6.4080151 ], [ 80.1229284, 6.4086997 ], [ 80.1241119, 6.4097471 ], [ 80.1242532, 6.4097413 ], [ 80.1245947, 6.4099812 ], [ 80.1248244, 6.410028 ], [ 80.1250952, 6.4098291 ], [ 80.1253484, 6.4097588 ], [ 80.1255604, 6.4097939 ], [ 80.1258195, 6.4096828 ], [ 80.1262846, 6.409911 ], [ 80.1266026, 6.4098291 ], [ 80.1272621, 6.4101275 ], [ 80.1277508, 6.4106658 ], [ 80.1276154, 6.4109233 ], [ 80.1276271, 6.4110578 ], [ 80.129164, 6.4113094 ], [ 80.1293524, 6.411643 ], [ 80.1294466, 6.4115962 ], [ 80.1295879, 6.4117659 ], [ 80.1296821, 6.4120409 ], [ 80.1300766, 6.4125616 ], [ 80.1303182, 6.4126334 ], [ 80.1306237, 6.4130799 ], [ 80.1308061, 6.413517 ], [ 80.1310048, 6.4146858 ], [ 80.1310531, 6.416525 ], [ 80.1313318, 6.4169874 ], [ 80.1319111, 6.4175205 ], [ 80.1321257, 6.4176271 ], [ 80.1326675, 6.4176911 ], [ 80.1336602, 6.4183588 ], [ 80.1339016, 6.4182895 ], [ 80.1339982, 6.4185187 ], [ 80.1342771, 6.4187692 ], [ 80.134191, 6.4189811 ] ] } },
{ "type": "Feature", "properties": { "osm_id": "154344383", "name": null, "type": "river", "width": null }, "geometry": { "type": "LineString", "coordinates": [ [ 79.9984432, 6.6395932 ], [ 79.9982726, 6.6393757 ], [ 79.9983556, 6.6390622 ], [ 79.9989734, 6.6390438 ], [ 79.9993884, 6.6391452 ], [ 79.9997306, 6.6395044 ] ] } },
{ "type": "Feature", "properties": { "osm_id": "154344385", "name": null, "type": "river", "width": null }, "geometry": { "type": "LineString", "coordinates": [ [ 79.9722467, 6.7001982 ], [ 79.9723162, 6.6972831 ], [ 79.9724988, 6.696292 ], [ 79.9724205, 6.6952487 ], [ 79.9725248, 6.6945706 ], [ 79.9733073, 6.694049 ], [ 79.9742201, 6.6932666 ], [ 79.97482, 6.692432 ], [ 79.9756024, 6.6917017 ], [ 79.9761762, 6.6905281 ], [ 79.9763327, 6.6889893 ], [ 79.9768282, 6.6878678 ], [ 79.9782105, 6.6870332 ], [ 79.979958, 6.6865116 ], [ 79.9808275, 6.6864398 ], [ 79.9812359, 6.6861725 ], [ 79.9816011, 6.6857813 ], [ 79.9817576, 6.6834079 ], [ 79.9821227, 6.6826516 ], [ 79.9829312, 6.6822082 ], [ 79.9830877, 6.6815561 ], [ 79.9833224, 6.678948 ], [ 79.9830877, 6.6781917 ], [ 79.9835832, 6.6774875 ], [ 79.9844961, 6.676679 ], [ 79.9855132, 6.6759226 ], [ 79.9859566, 6.6749315 ], [ 79.9861914, 6.6738622 ], [ 79.9861914, 6.6724278 ], [ 79.9865565, 6.6707586 ], [ 79.9873389, 6.6688286 ], [ 79.9865826, 6.6668985 ], [ 79.9864261, 6.6657249 ], [ 79.9864, 6.6638731 ], [ 79.986713, 6.6613433 ], [ 79.9874693, 6.659961 ], [ 79.9881214, 6.6579788 ], [ 79.9892429, 6.655162 ], [ 79.9897906, 6.6542753 ], [ 79.9901818, 6.6525018 ], [ 79.99219, 6.6499458 ], [ 79.9924508, 6.6477811 ], [ 79.993155, 6.6465813 ], [ 79.9935202, 6.6454859 ], [ 79.9944069, 6.6443905 ], [ 79.9951633, 6.6428517 ], [ 79.9964152, 6.6411304 ], [ 79.9973802, 6.640035 ], [ 79.9984432, 6.6395932 ], [ 79.9997306, 6.6395044 ], [ 80.0006369, 6.6397829 ], [ 80.0011902, 6.6396538 ], [ 80.0016236, 6.6393772 ], [ 80.0021768, 6.6387225 ], [ 80.0022732, 6.6381421 ], [ 80.0027815, 6.6375798 ], [ 80.0036799, 6.6377727 ], [ 80.0051368, 6.6373116 ], [ 80.0056532, 6.6374038 ], [ 80.0064001, 6.6380217 ], [ 80.0076726, 6.6387317 ], [ 80.008567, 6.638953 ], [ 80.0091849, 6.6388884 ], [ 80.0093693, 6.6385565 ], [ 80.0094707, 6.6377266 ], [ 80.0098303, 6.6364356 ], [ 80.0099502, 6.6357994 ], [ 80.0098549, 6.6353764 ] ] } },
{ "type": "Feature", "properties": { "osm_id": "155999515", "name": null, "type": "canal", "width": null }, "geometry": { "type": "LineString", "coordinates": [ [ 79.8648425, 6.8646201 ], [ 79.8643524, 6.8652827 ], [ 79.8643547, 6.8660656 ], [ 79.8644846, 6.8664143 ], [ 79.8653927, 6.8674326 ], [ 79.8656987, 6.867911 ], [ 79.8657246, 6.8685266 ], [ 79.8653982, 6.8695334 ], [ 79.8657617, 6.8708006 ], [ 79.8660398, 6.8713227 ], [ 79.8661925, 6.8714975 ], [ 79.8664396, 6.8716156 ], [ 79.8673979, 6.8716015 ], [ 79.8677065, 6.871681 ], [ 79.8688155, 6.872591 ], [ 79.8713066, 6.8736021 ], [ 79.8717003, 6.8736909 ], [ 79.8729288, 6.8736623 ], [ 79.873413, 6.87388 ], [ 79.8738964, 6.8743446 ], [ 79.8739993, 6.8747114 ], [ 79.8740496, 6.8756518 ] ] } },
{ "type": "Feature", "properties": { "osm_id": "155999523", "name": null, "type": "canal", "width": null }, "geometry": { "type": "LineString", "coordinates": [ [ 79.859458691385541, 6.86271901393893 ], [ 79.860828, 6.862681 ], [ 79.8618356, 6.8624884 ], [ 79.8624396, 6.862569 ], [ 79.8629959, 6.8628941 ], [ 79.8631938, 6.8631285 ], [ 79.8644574, 6.8640842 ], [ 79.8648425, 6.8646201 ], [ 79.8649768, 6.864457 ], [ 79.864745, 6.864138 ], [ 79.8637189, 6.8633077 ], [ 79.8632798, 6.8630513 ], [ 79.8626196, 6.8624341 ], [ 79.8621513, 6.862318 ], [ 79.859785506221982, 6.862570923332325 ] ] } },
{ "type": "Feature", "properties": { "osm_id": "173577604", "name": "Waduwegama Canal", "type": "canal", "width": null }, "geometry": { "type": "LineString", "coordinates": [ [ 80.0076527, 6.9702197 ], [ 80.0082886, 6.9704646 ], [ 80.0089788, 6.9705568 ], [ 80.0090128, 6.9699907 ], [ 80.0091898, 6.9693145 ], [ 80.0094776, 6.968741 ], [ 80.0089538, 6.968553 ], [ 80.0082385, 6.9696782 ], [ 80.0076527, 6.9702197 ] ] } },
{ "type": "Feature", "properties": { "osm_id": "175763662", "name": null, "type": "river", "width": null }, "geometry": { "type": "LineString", "coordinates": [ [ 80.1695912, 6.8757307 ], [ 80.1696205, 6.8750032 ], [ 80.1704851, 6.8731774 ], [ 80.171064, 6.8726609 ], [ 80.1710859, 6.8720353 ], [ 80.1704338, 6.8719844 ], [ 80.170236, 6.8713879 ], [ 80.170214, 6.870464 ], [ 80.170302, 6.8700858 ], [ 80.1702214, 6.8698748 ], [ 80.169655, 6.8694953 ], [ 80.1695046, 6.8692749 ], [ 80.1695332, 6.868834 ], [ 80.1698985, 6.8682154 ], [ 80.1695261, 6.867156 ], [ 80.1696263, 6.8655917 ], [ 80.1695762, 6.8649304 ], [ 80.16939, 6.8639349 ], [ 80.168416, 6.8629964 ], [ 80.168318, 6.8623369 ] ] } },
{ "type": "Feature", "properties": { "osm_id": "193042830", "name": null, "type": "canal", "width": null }, "geometry": { "type": "LineString", "coordinates": [ [ 79.9458671, 7.1677443 ], [ 79.9471583, 7.1675805 ], [ 79.9476787, 7.1671973 ], [ 79.947912, 7.1665799 ], [ 79.9475016, 7.165675 ], [ 79.9476599, 7.1654009 ], [ 79.9478932, 7.1653424 ], [ 79.9482489, 7.1654742 ], [ 79.9485209, 7.165353 ], [ 79.9489393, 7.1653317 ], [ 79.9491431, 7.1651321 ], [ 79.9494757, 7.1652679 ], [ 79.9503716, 7.1646797 ], [ 79.9514767, 7.1643737 ], [ 79.9517985, 7.1645786 ], [ 79.9519058, 7.1645493 ], [ 79.9522545, 7.1639798 ], [ 79.9526075, 7.164266 ], [ 79.9527024, 7.1644562 ], [ 79.953137, 7.1644216 ], [ 79.9536375, 7.1646306 ] ] } },
{ "type": "Feature", "properties": { "osm_id": "194200108", "name": null, "type": "river", "width": null }, "geometry": { "type": "LineString", "coordinates": [ [ 80.0056412, 7.0758813 ], [ 80.0056075, 7.076611 ], [ 80.0054404, 7.0768471 ], [ 80.0053446, 7.0771859 ], [ 80.0052427, 7.0780643 ], [ 80.0044211, 7.0782046 ], [ 80.0039445, 7.078059 ], [ 80.0037398, 7.0783323 ], [ 80.0028716, 7.0789374 ], [ 80.0025873, 7.0795549 ], [ 80.0018194, 7.0802488 ], [ 80.0015573, 7.0802789 ], [ 80.0004032, 7.0809728 ], [ 79.9999319, 7.080939 ], [ 79.9994223, 7.0811147 ], [ 79.9993303, 7.0813508 ], [ 79.9990039, 7.0813649 ], [ 79.9985318, 7.081663 ], [ 79.9984076, 7.0818299 ], [ 79.9980857, 7.0816436 ], [ 79.9979524, 7.081317 ], [ 79.9979302, 7.0798229 ], [ 79.9977961, 7.0796845 ], [ 79.9971746, 7.0801245 ], [ 79.9968688, 7.0799914 ], [ 79.9959239, 7.0802062 ], [ 79.9950771, 7.0806728 ], [ 79.9949054, 7.0806409 ], [ 79.994851, 7.080334 ], [ 79.9947169, 7.0802914 ], [ 79.9941804, 7.0803872 ], [ 79.993795, 7.0802629 ], [ 79.9936923, 7.0804671 ], [ 79.992952, 7.0805203 ], [ 79.992926, 7.0802363 ], [ 79.9927221, 7.0801298 ], [ 79.9926087, 7.0802488 ], [ 79.9925389, 7.0806907 ], [ 79.9928232, 7.0809249 ], [ 79.99247, 7.0810455 ], [ 79.9920883, 7.0813934 ], [ 79.9919121, 7.0814075 ], [ 79.9905066, 7.0820676 ], [ 79.990689, 7.0823178 ], [ 79.9906246, 7.0824189 ], [ 79.990115, 7.0825733 ], [ 79.9899104, 7.0825219 ], [ 79.9896751, 7.082914 ], [ 79.9891969, 7.0831235 ], [ 79.9885432, 7.0830258 ], [ 79.9879631, 7.0832087 ], [ 79.9869117, 7.082836 ], [ 79.986553, 7.0829087 ], [ 79.9860533, 7.0833577 ], [ 79.9856894, 7.0835102 ], [ 79.9850027, 7.0831482 ], [ 79.9846487, 7.0828608 ], [ 79.9845674, 7.0827083 ], [ 79.9845513, 7.082309 ], [ 79.984713, 7.0820037 ], [ 79.9846747, 7.0818565 ], [ 79.9845521, 7.0817588 ], [ 79.9841605, 7.0817056 ], [ 79.9835589, 7.0809994 ], [ 79.9835007, 7.0807633 ], [ 79.9836018, 7.0800252 ], [ 79.9824814, 7.0791503 ], [ 79.9818315, 7.0787795 ], [ 79.9813603, 7.0786126 ], [ 79.9804958, 7.0786038 ], [ 79.9797617, 7.0789693 ], [ 79.9791019, 7.0788841 ], [ 79.9781792, 7.0788948 ], [ 79.9777546, 7.0793119 ], [ 79.9766066, 7.0795142 ], [ 79.9757384, 7.0793366 ], [ 79.9756418, 7.0791929 ], [ 79.97592, 7.0787635 ], [ 79.9759146, 7.0785453 ], [ 79.9757598, 7.0784636 ], [ 79.9745797, 7.0784795 ], [ 79.9737527, 7.0789978 ], [ 79.9723151, 7.0791415 ], [ 79.9714782, 7.0799347 ], [ 79.9714039, 7.0807048 ], [ 79.9712154, 7.0814892 ], [ 79.9708138, 7.0820676 ], [ 79.9703686, 7.0825041 ], [ 79.9691071, 7.0825645 ], [ 79.9676327, 7.0827756 ], [ 79.9660127, 7.0838616 ], [ 79.965369, 7.0839042 ], [ 79.9645106, 7.0836912 ], [ 79.9642202, 7.0834163 ], [ 79.9642148, 7.083049 ], [ 79.9640753, 7.0825805 ], [ 79.963732, 7.0822185 ], [ 79.9630676, 7.0818493 ], [ 79.9628316, 7.081301 ], [ 79.9621924, 7.0808504 ], [ 79.9616836, 7.0809443 ], [ 79.9613931, 7.0799187 ], [ 79.961233, 7.0797998 ], [ 79.960895, 7.0799595 ], [ 79.9606475, 7.0799773 ], [ 79.9605294, 7.0797697 ], [ 79.960508, 7.0792586 ], [ 79.9603095, 7.0790776 ], [ 79.959275, 7.0800446 ], [ 79.959114, 7.0803215 ], [ 79.9595593, 7.080561 ], [ 79.9596926, 7.0807279 ], [ 79.9596612, 7.080939 ], [ 79.9590068, 7.0812105 ], [ 79.9587431, 7.0815264 ], [ 79.9585017, 7.0823303 ], [ 79.9579653, 7.0829531 ], [ 79.9569728, 7.0837091 ], [ 79.9567475, 7.084284 ], [ 79.956533, 7.084465 ], [ 79.956169, 7.0843939 ], [ 79.9558034, 7.0838155 ], [ 79.955654, 7.0838243 ], [ 79.9554126, 7.0845803 ], [ 79.9549183, 7.0848057 ], [ 79.955165, 7.0859077 ], [ 79.9551489, 7.0863974 ], [ 79.9549665, 7.0866796 ], [ 79.954565, 7.0869013 ], [ 79.9498819, 7.0878968 ], [ 79.9492856, 7.0879039 ], [ 79.9487438, 7.0878081 ], [ 79.9474081, 7.0879838 ], [ 79.9468081, 7.0882162 ], [ 79.9460241, 7.0882287 ], [ 79.9450692, 7.0889101 ], [ 79.9441527, 7.0898664 ], [ 79.9437013, 7.0907786 ], [ 79.9425702, 7.0913996 ], [ 79.942479, 7.0917988 ], [ 79.9425694, 7.0924927 ], [ 79.942269, 7.0927908 ], [ 79.9418567, 7.0930392 ], [ 79.9414589, 7.0929984 ], [ 79.9412336, 7.0930623 ], [ 79.9410673, 7.0932433 ], [ 79.9408214, 7.0941784 ], [ 79.9408536, 7.0945137 ], [ 79.9405102, 7.0948172 ], [ 79.9404504, 7.0950426 ], [ 79.9401286, 7.095543 ], [ 79.9398013, 7.0958038 ], [ 79.9397531, 7.0964054 ], [ 79.9392917, 7.0967035 ], [ 79.9390458, 7.0965313 ], [ 79.9387982, 7.0967354 ], [ 79.937725, 7.0971561 ] ] } },
{ "type": "Feature", "properties": { "osm_id": "194544231", "name": null, "type": "river", "width": null }, "geometry": { "type": "LineString", "coordinates": [ [ 80.0406933, 7.0975724 ], [ 80.0410988, 7.098509 ], [ 80.0410688, 7.0986877 ], [ 80.0401986, 7.0997299 ], [ 80.0395464, 7.1003195 ], [ 80.0386536, 7.1017926 ], [ 80.0384498, 7.1020108 ], [ 80.0380987, 7.1020691 ], [ 80.0372428, 7.1018245 ], [ 80.0362611, 7.1023196 ], [ 80.0357383, 7.1022288 ], [ 80.0344562, 7.1024471 ], [ 80.0335604, 7.1021969 ], [ 80.0327128, 7.1015794 ], [ 80.0314921, 7.1013774 ], [ 80.0305563, 7.1015208 ], [ 80.0303495, 7.1018085 ], [ 80.030269, 7.1022078 ], [ 80.0302958, 7.1025325 ], [ 80.0301861, 7.1028516 ], [ 80.0296199, 7.1035918 ], [ 80.0291293, 7.103863 ] ] } },
{ "type": "Feature", "properties": { "osm_id": "194544233", "name": "Attanagatu Oya", "type": "river", "width": null }, "geometry": { "type": "LineString", "coordinates": [ [ 80.073548, 7.1114472 ], [ 80.0731511, 7.1112555 ], [ 80.0721855, 7.1100738 ], [ 80.0719709, 7.1096692 ], [ 80.0708336, 7.1089985 ], [ 80.0703723, 7.1089985 ], [ 80.0698144, 7.1086791 ], [ 80.0694174, 7.1081574 ], [ 80.0691385, 7.1081787 ], [ 80.0688381, 7.108562 ], [ 80.0688381, 7.1088601 ], [ 80.0690741, 7.109584 ], [ 80.0688703, 7.1099886 ], [ 80.0678296, 7.1107551 ], [ 80.0670571, 7.1110426 ], [ 80.0649435, 7.1112875 ], [ 80.0645573, 7.1118198 ], [ 80.0642676, 7.1117665 ], [ 80.0641388, 7.1116494 ], [ 80.0640852, 7.1113407 ], [ 80.0638062, 7.1111703 ], [ 80.062905, 7.1110107 ], [ 80.0631947, 7.1097331 ], [ 80.0634307, 7.1092859 ], [ 80.0635595, 7.1087962 ], [ 80.0634307, 7.1086685 ], [ 80.0629801, 7.1087217 ], [ 80.0623042, 7.1085088 ], [ 80.0612742, 7.1076996 ], [ 80.0611884, 7.1073057 ], [ 80.0614244, 7.1069331 ], [ 80.0613601, 7.1065711 ], [ 80.0609309, 7.1056023 ], [ 80.0601906, 7.1049209 ], [ 80.059901, 7.1044844 ], [ 80.0599117, 7.1041011 ], [ 80.05974, 7.1038989 ], [ 80.0593752, 7.1038989 ], [ 80.0591177, 7.1036221 ], [ 80.058635, 7.1026532 ], [ 80.057605, 7.102057 ], [ 80.0573689, 7.1018334 ], [ 80.0567574, 7.101908 ], [ 80.0563712, 7.1017057 ], [ 80.0561888, 7.1010882 ], [ 80.0559635, 7.101003 ], [ 80.0551052, 7.101546 ], [ 80.0545795, 7.1015886 ], [ 80.0539786, 7.1014715 ], [ 80.0533027, 7.1015779 ], [ 80.0526375, 7.1010669 ], [ 80.0522191, 7.0997787 ], [ 80.050954, 7.0988783 ], [ 80.0501978, 7.0980246 ], [ 80.0500658, 7.0975879 ], [ 80.0501578, 7.096909 ], [ 80.0500858, 7.0968057 ], [ 80.0489135, 7.0961347 ], [ 80.0486814, 7.0961268 ], [ 80.0477892, 7.0967382 ], [ 80.0475131, 7.09677 ], [ 80.047029, 7.0969884 ], [ 80.0466008, 7.0969169 ], [ 80.0462608, 7.0967343 ], [ 80.0459127, 7.0963928 ], [ 80.0451365, 7.0952692 ], [ 80.0449204, 7.0953367 ], [ 80.0447083, 7.0956225 ], [ 80.0443562, 7.0957417 ], [ 80.0440842, 7.0959481 ], [ 80.0438841, 7.0963134 ], [ 80.043616, 7.0965516 ], [ 80.0409033, 7.0972504 ], [ 80.0406392, 7.0976554 ], [ 80.039645, 7.0981349 ], [ 80.0390237, 7.0982526 ], [ 80.0385224, 7.0981352 ], [ 80.0381601, 7.0983431 ], [ 80.0368726, 7.0982845 ], [ 80.0365937, 7.099264 ], [ 80.0367254, 7.0998067 ], [ 80.0366205, 7.0999454 ], [ 80.0366258, 7.1005948 ], [ 80.035395, 7.1009885 ], [ 80.0352609, 7.1013664 ], [ 80.0351131, 7.1014625 ], [ 80.0343621, 7.1013135 ], [ 80.0342631, 7.1011855 ], [ 80.034424, 7.0994607 ], [ 80.0343782, 7.0992267 ], [ 80.0342685, 7.0991733 ], [ 80.0335282, 7.0993117 ], [ 80.0327986, 7.0990881 ], [ 80.0324952, 7.0990883 ], [ 80.032329, 7.0991469 ], [ 80.0317442, 7.0996686 ], [ 80.0315487, 7.0995725 ], [ 80.031538, 7.0993436 ], [ 80.031358, 7.0991682 ], [ 80.0308001, 7.0994557 ], [ 80.0305104, 7.0995036 ], [ 80.030272, 7.0989497 ], [ 80.0301349, 7.0989499 ], [ 80.0294083, 7.0994128 ], [ 80.0292205, 7.0993862 ], [ 80.0286197, 7.0990615 ], [ 80.0283891, 7.0990668 ], [ 80.0281179, 7.0995089 ], [ 80.0280726, 7.0998227 ], [ 80.028075, 7.1000838 ], [ 80.028311, 7.1005629 ], [ 80.0282359, 7.1007066 ], [ 80.0279545, 7.1009086 ], [ 80.0279891, 7.1011005 ], [ 80.028432, 7.1013026 ], [ 80.0282413, 7.1018458 ], [ 80.0282198, 7.1022983 ], [ 80.0287485, 7.1026014 ], [ 80.0289333, 7.1028785 ], [ 80.0290191, 7.1033203 ], [ 80.0289601, 7.1036876 ], [ 80.0291293, 7.103863 ], [ 80.0291884, 7.1042996 ], [ 80.0291371, 7.1045979 ], [ 80.0289899, 7.104768 ], [ 80.0281155, 7.1050288 ], [ 80.0275737, 7.105279 ], [ 80.0273162, 7.105492 ], [ 80.0268495, 7.1062212 ], [ 80.0265354, 7.1063599 ], [ 80.0256747, 7.1065885 ], [ 80.0238883, 7.106168 ], [ 80.0234723, 7.106147 ], [ 80.0232309, 7.1062641 ], [ 80.0227135, 7.107025 ], [ 80.0224721, 7.1071581 ], [ 80.0221902, 7.1071903 ], [ 80.0216084, 7.1069665 ], [ 80.0209349, 7.1064877 ], [ 80.0205355, 7.1063437 ], [ 80.0199103, 7.1059553 ], [ 80.0193876, 7.1055505 ], [ 80.0182956, 7.1054017 ], [ 80.0171208, 7.1050397 ], [ 80.0168848, 7.105093 ], [ 80.0163942, 7.1059125 ], [ 80.0161177, 7.1061204 ], [ 80.0156164, 7.1060456 ], [ 80.0151038, 7.1058702 ], [ 80.0148034, 7.1056359 ], [ 80.014168, 7.1049437 ], [ 80.0133389, 7.1041934 ], [ 80.0130385, 7.1040177 ], [ 80.0128269, 7.1040281 ], [ 80.012427, 7.1049493 ], [ 80.0119495, 7.1049812 ], [ 80.0110054, 7.1052261 ], [ 80.010013, 7.1056572 ], [ 80.0092673, 7.1067485 ], [ 80.0088358, 7.1070091 ], [ 80.0081813, 7.1067376 ], [ 80.0072425, 7.1057421 ], [ 80.0069284, 7.1049705 ], [ 80.0066524, 7.104768 ], [ 80.0041443, 7.103661 ], [ 80.003522, 7.1036983 ], [ 80.0018674, 7.104406 ], [ 80.001508, 7.1043794 ], [ 80.0010037, 7.1041931 ], [ 80.0006145, 7.1042093 ], [ 80.0000942, 7.104369 ], [ 79.9993354, 7.104422 ], [ 79.9984687, 7.1042626 ], [ 79.9979699, 7.104007 ], [ 79.9975544, 7.1035543 ], [ 79.9971706, 7.1036025 ], [ 79.9966464, 7.1034893 ] ] } },
{ "type": "Feature", "properties": { "osm_id": "198177911", "name": null, "type": "canal", "width": null }, "geometry": { "type": "LineString", "coordinates": [ [ 79.87819, 6.9479984 ], [ 79.8787459, 6.9480199 ] ] } },
{ "type": "Feature", "properties": { "osm_id": "198177912", "name": null, "type": "canal", "width": null }, "geometry": { "type": "LineString", "coordinates": [ [ 79.8787459, 6.9480199 ], [ 79.879067, 6.9485848 ], [ 79.8798064, 6.9489035 ], [ 79.8801755, 6.9489248 ] ] } },
{ "type": "Feature", "properties": { "osm_id": "198186164", "name": null, "type": "canal", "width": null }, "geometry": { "type": "LineString", "coordinates": [ [ 79.8743252, 6.95267 ], [ 79.8750298, 6.9524581 ] ] } },
{ "type": "Feature", "properties": { "osm_id": "198186171", "name": null, "type": "canal", "width": null }, "geometry": { "type": "LineString", "coordinates": [ [ 79.8821601, 6.96494 ], [ 79.8818514, 6.9651921 ] ] } },
{ "type": "Feature", "properties": { "osm_id": "198592211", "name": null, "type": "river", "width": null }, "geometry": { "type": "LineString", "coordinates": [ [ 80.1749886, 6.8548117 ], [ 80.1740524, 6.8551742 ], [ 80.1739167, 6.8553833 ], [ 80.1740758, 6.8561734 ], [ 80.1739448, 6.8566242 ], [ 80.1727464, 6.8572377 ], [ 80.1723485, 6.8578373 ], [ 80.1718898, 6.8579581 ], [ 80.1710987, 6.8577954 ], [ 80.1705136, 6.8578837 ], [ 80.1701812, 6.8581812 ], [ 80.1697365, 6.8584182 ], [ 80.1692871, 6.8595615 ], [ 80.1690999, 6.8605746 ], [ 80.1691795, 6.8609139 ], [ 80.1689922, 6.8611277 ], [ 80.1691327, 6.861295 ], [ 80.169142, 6.8614809 ], [ 80.1687535, 6.8622431 ], [ 80.168318, 6.8623369 ], [ 80.1682298, 6.8621787 ], [ 80.1674276, 6.8620649 ], [ 80.1664465, 6.8624844 ], [ 80.165365, 6.8627191 ], [ 80.1643982, 6.8626408 ], [ 80.1641332, 6.8624844 ], [ 80.16399, 6.8618374 ], [ 80.1634528, 6.8616383 ], [ 80.163417, 6.8619156 ], [ 80.1614117, 6.8635794 ], [ 80.1596857, 6.8652433 ], [ 80.1587404, 6.8654281 ], [ 80.1570599, 6.8654473 ], [ 80.1563124, 6.8651721 ], [ 80.1549561, 6.8648379 ], [ 80.1544611, 6.8648281 ], [ 80.1540008, 6.8646954 ], [ 80.153778, 6.8647593 ], [ 80.1537632, 6.8650443 ], [ 80.1542631, 6.8652949 ], [ 80.1545304, 6.8655505 ], [ 80.1549363, 6.8661796 ], [ 80.1550007, 6.8664695 ], [ 80.1545601, 6.8670445 ], [ 80.1543176, 6.8671477 ], [ 80.152887, 6.86644 ], [ 80.1523871, 6.8663368 ], [ 80.1515753, 6.8657667 ], [ 80.1511941, 6.865924 ], [ 80.1504269, 6.8666022 ], [ 80.1501349, 6.8667644 ], [ 80.1496795, 6.8666415 ], [ 80.1492538, 6.8667201 ], [ 80.1488083, 6.8673246 ], [ 80.1487439, 6.8677227 ], [ 80.1485113, 6.8682829 ], [ 80.148338, 6.869374 ], [ 80.148145, 6.8696443 ], [ 80.1477292, 6.8698703 ], [ 80.1475114, 6.8701111 ], [ 80.147249, 6.8714085 ], [ 80.1471451, 6.8715117 ], [ 80.1466798, 6.8716346 ], [ 80.1464174, 6.8721948 ], [ 80.1463184, 6.8726568 ], [ 80.1463106, 6.8745094 ], [ 80.1461924, 6.8747771 ], [ 80.144802, 6.8752842 ], [ 80.1441777, 6.875702 ], [ 80.1432271, 6.8761716 ], [ 80.1429954, 6.8768007 ], [ 80.1428345, 6.8782642 ], [ 80.1426172, 6.8785029 ], [ 80.1422058, 6.8785166 ], [ 80.1419932, 6.8783606 ], [ 80.1417204, 6.8778328 ], [ 80.1413645, 6.8777686 ], [ 80.1405694, 6.8781908 ], [ 80.13952, 6.8789113 ], [ 80.1383829, 6.8799944 ], [ 80.1366377, 6.8800097 ], [ 80.1360006, 6.880548 ], [ 80.1353996, 6.8814631 ], [ 80.1348303, 6.8817412 ], [ 80.1338454, 6.8819253 ], [ 80.1333154, 6.8825392 ], [ 80.1332315, 6.882833 ], [ 80.1312749, 6.8838985 ], [ 80.1303695, 6.8845269 ], [ 80.1268641, 6.886207 ], [ 80.1266051, 6.886627 ], [ 80.1264238, 6.8875356 ], [ 80.1260525, 6.888187 ], [ 80.1247229, 6.888427 ], [ 80.1241789, 6.8900887 ], [ 80.1243221, 6.8908588 ], [ 80.1251217, 6.8921741 ], [ 80.1253935, 6.8928677 ], [ 80.1250979, 6.8936314 ], [ 80.1246085, 6.8941646 ], [ 80.1235588, 6.8972465 ], [ 80.1232599, 6.8975059 ], [ 80.1229973, 6.8976007 ], [ 80.122603, 6.8985137 ], [ 80.122918, 6.8995444 ], [ 80.1228013, 6.8999961 ], [ 80.1210515, 6.9036674 ], [ 80.1206315, 6.9037948 ], [ 80.1203865, 6.9036674 ], [ 80.1197682, 6.903042 ], [ 80.1189283, 6.9028451 ], [ 80.1186016, 6.9026945 ], [ 80.1181233, 6.9026366 ], [ 80.1172484, 6.9026945 ], [ 80.1163151, 6.9028682 ], [ 80.1149619, 6.9029493 ], [ 80.1146469, 6.9027061 ], [ 80.1139586, 6.9015943 ], [ 80.1135153, 6.9015943 ], [ 80.1128853, 6.9020344 ], [ 80.112827, 6.9024513 ], [ 80.1130137, 6.9026598 ], [ 80.1137603, 6.9030188 ], [ 80.1139236, 6.9032157 ], [ 80.1138186, 6.9034705 ], [ 80.1120921, 6.9045591 ], [ 80.1120104, 6.9048139 ], [ 80.1122037, 6.9057113 ], [ 80.1119301, 6.9067528 ], [ 80.1118274, 6.9078056 ], [ 80.1116108, 6.908247 ], [ 80.1114169, 6.9091074 ], [ 80.1111889, 6.9092319 ], [ 80.1103793, 6.9091413 ], [ 80.1100144, 6.9092206 ], [ 80.1096495, 6.9096734 ], [ 80.1096039, 6.9107261 ], [ 80.1095126, 6.9110318 ], [ 80.1081785, 6.9112469 ], [ 80.1071066, 6.9110884 ], [ 80.1066505, 6.9111223 ], [ 80.1063084, 6.9110205 ], [ 80.1060576, 6.9107488 ], [ 80.1056015, 6.9107714 ], [ 80.105362, 6.9108393 ], [ 80.1051795, 6.9115072 ], [ 80.1049401, 6.9118468 ], [ 80.104541, 6.9118242 ], [ 80.1028762, 6.9123902 ], [ 80.1025797, 6.9124241 ], [ 80.101428, 6.9118129 ], [ 80.1011999, 6.9117223 ], [ 80.1010631, 6.9117563 ], [ 80.1009377, 6.9118808 ], [ 80.1008693, 6.9121638 ], [ 80.1010631, 6.9127298 ], [ 80.1013368, 6.9127411 ], [ 80.1015648, 6.9125939 ], [ 80.1017359, 6.9128543 ], [ 80.1025227, 6.9136127 ], [ 80.1024867, 6.914414 ], [ 80.1024011, 6.9145681 ], [ 80.1022241, 6.9146213 ], [ 80.102031, 6.9145574 ], [ 80.1010225, 6.9151698 ], [ 80.1003788, 6.9153189 ], [ 80.1001588, 6.9154894 ], [ 80.1003573, 6.9160219 ], [ 80.1003396, 6.9164051 ], [ 80.1000301, 6.9166183 ], [ 80.0991345, 6.9168742 ], [ 80.0988499, 6.917284 ], [ 80.098469, 6.917481 ], [ 80.0982115, 6.917481 ], [ 80.0977915, 6.9172837 ], [ 80.0975463, 6.9168101 ], [ 80.0975195, 6.9162402 ], [ 80.0979379, 6.915713 ], [ 80.0980329, 6.915537 ], [ 80.0980007, 6.9153879 ], [ 80.0977395, 6.9150953 ], [ 80.0974498, 6.9149621 ], [ 80.096511, 6.9147278 ], [ 80.0963823, 6.9145681 ], [ 80.0963662, 6.9139556 ], [ 80.0961677, 6.9137959 ], [ 80.095819, 6.9136574 ], [ 80.0948888, 6.9137069 ], [ 80.0945423, 6.9140036 ], [ 80.0939837, 6.9141426 ] ] } },
{ "type": "Feature", "properties": { "osm_id": "205425016", "name": null, "type": "stream", "width": null }, "geometry": { "type": "LineString", "coordinates": [ [ 79.8944943, 6.9094354 ], [ 79.8929225, 6.909896 ], [ 79.8918482, 6.909682 ], [ 79.8916068, 6.9092666 ], [ 79.8912849, 6.9089471 ], [ 79.8902978, 6.9091068 ], [ 79.8896411, 6.909881 ], [ 79.8891584, 6.9099886 ] ] } },
{ "type": "Feature", "properties": { "osm_id": "205596181", "name": null, "type": "canal", "width": null }, "geometry": { "type": "LineString", "coordinates": [ [ 79.8621406, 7.1256447 ], [ 79.8623551, 7.1251018 ], [ 79.8622264, 7.1241011 ], [ 79.8618525, 7.1231834 ], [ 79.8617221, 7.121365 ], [ 79.8615735, 7.1209903 ], [ 79.8606079, 7.1201173 ], [ 79.8604561, 7.1195339 ], [ 79.860778, 7.1178305 ], [ 79.8605634, 7.1173301 ], [ 79.8598339, 7.116553 ], [ 79.8598339, 7.1162229 ], [ 79.860027, 7.1157652 ], [ 79.8604561, 7.1154777 ], [ 79.8609497, 7.1145089 ], [ 79.8623997, 7.1138361 ], [ 79.862913, 7.1133272 ], [ 79.8630112, 7.1129844 ], [ 79.8627215, 7.1126543 ], [ 79.8621191, 7.1124435 ], [ 79.8609835, 7.1124201 ], [ 79.8608424, 7.1122093 ], [ 79.8612624, 7.1116429 ], [ 79.8618187, 7.1111766 ], [ 79.8625375, 7.1109105 ], [ 79.8628074, 7.1106209 ], [ 79.8627628, 7.1102504 ], [ 79.8623873, 7.10975 ], [ 79.8616148, 7.1094626 ], [ 79.8611535, 7.1090261 ], [ 79.8607033, 7.1083558 ] ] } },
{ "type": "Feature", "properties": { "osm_id": "216694396", "name": null, "type": "stream", "width": null }, "geometry": { "type": "LineString", "coordinates": [ [ 80.1310479, 6.679116 ], [ 80.1309764, 6.6796476 ], [ 80.1311123, 6.6800963 ], [ 80.1318552, 6.681399 ] ] } },
{ "type": "Feature", "properties": { "osm_id": "219546390", "name": "Dock No.1 and 2", "type": "dock", "width": null }, "geometry": { "type": "LineString", "coordinates": [ [ 79.8575413, 6.9567183 ], [ 79.8575583, 6.9564461 ], [ 79.8601336, 6.9566044 ], [ 79.8601167, 6.9568766 ], [ 79.8575413, 6.9567183 ] ] } },
{ "type": "Feature", "properties": { "osm_id": "219546391", "name": "Dock No.3", "type": "dock", "width": null }, "geometry": { "type": "LineString", "coordinates": [ [ 79.8562547, 6.9551441 ], [ 79.8562495, 6.9549925 ], [ 79.8572239, 6.9549245 ], [ 79.8573793, 6.9549768 ], [ 79.8572186, 6.9550918 ], [ 79.8562547, 6.9551441 ] ] } },
{ "type": "Feature", "properties": { "osm_id": "222088601", "name": "Dock No.4", "type": "dock", "width": null }, "geometry": { "type": "MultiLineString", "coordinates": [ [ [ 79.8546804, 6.954374 ], [ 79.854677541597511, 6.954344511321077 ] ], [ [ 79.854644881241114, 6.953985865452266 ], [ 79.8570333, 6.9537167 ], [ 79.8570593, 6.9541168 ], [ 79.8546804, 6.954374 ] ] ] } },
{ "type": "Feature", "properties": { "osm_id": "225067715", "name": "Ma Oya", "type": "river", "width": null }, "geometry": { "type": "MultiLineString", "coordinates": [ [ [ 80.186490310958376, 7.26145570538805 ], [ 80.1862323, 7.2612729 ], [ 80.18607864884487, 7.261266274791601 ] ], [ [ 80.178176542171656, 7.271329922609728 ], [ 80.178123893000205, 7.271397402758174 ] ], [ [ 80.173051994078875, 7.27870612067291 ], [ 80.172280444242659, 7.279149197964219 ] ], [ [ 80.169410540498504, 7.282026519987013 ], [ 80.169344141274451, 7.282288342288451 ] ], [ [ 80.168060261868334, 7.286128925027831 ], [ 80.167629574299511, 7.286532343643337 ] ], [ [ 80.161453495496616, 7.290327109494484 ], [ 80.1606, 7.2901703 ], [ 80.1593704, 7.290311 ], [ 80.159250909464149, 7.290383817012834 ] ], [ [ 80.155085158187276, 7.294325453737341 ], [ 80.154913040932286, 7.294911777833406 ] ], [ [ 80.151727861791514, 7.297966954130843 ], [ 80.15117273566041, 7.298249704816687 ] ], [ [ 80.124223450347571, 7.330314719490515 ], [ 80.1216723, 7.3277208 ], [ 80.120816979877759, 7.327155253028214 ] ], [ [ 80.107050231133215, 7.320632592106242 ], [ 80.1063118, 7.3194494 ], [ 80.105892672247762, 7.319152471387651 ] ], [ [ 80.090765610536579, 7.306097841655219 ], [ 80.090631118210553, 7.305986685254069 ] ], [ [ 80.083004237247678, 7.303754331141377 ], [ 80.0827828, 7.3030405 ], [ 80.0830714, 7.3013227 ], [ 80.082520594419577, 7.300011407169344 ] ], [ [ 80.047029866706609, 7.296803996983959 ], [ 80.0466873, 7.2979084 ], [ 80.047223479043367, 7.29930457864802 ] ], [ [ 80.035626834534398, 7.303337817221794 ], [ 80.0340785, 7.302636 ], [ 80.032834, 7.3017634 ], [ 80.032716778593993, 7.30178904393996 ] ], [ [ 80.029972918866974, 7.306984699960139 ], [ 80.029808935215669, 7.308011960802522 ] ], [ [ 80.029421763139723, 7.308977995380639 ], [ 80.028996654939206, 7.309578832801176 ] ], [ [ 80.027994164733244, 7.310341294819522 ], [ 80.027968039788959, 7.310358570475589 ] ], [ [ 80.024723426072143, 7.313405690198559 ], [ 80.024781526130127, 7.313657621862273 ] ], [ [ 80.027043821308069, 7.315716753037349 ], [ 80.027447376209381, 7.316283227438476 ] ], [ [ 80.027536281281627, 7.316663682054707 ], [ 80.0271262, 7.3170873 ], [ 80.026953594488091, 7.317612411237275 ] ], [ [ 80.024776103398722, 7.317684556307639 ], [ 80.0243582, 7.3175343 ], [ 80.024138598343413, 7.317548399683912 ] ], [ [ 80.02167372784335, 7.317706658485213 ], [ 80.021542075834006, 7.317715111298125 ] ], [ [ 80.021309753299292, 7.317712951617875 ], [ 80.020169444943747, 7.317490448176815 ] ], [ [ 80.020017091384091, 7.31744111371529 ], [ 80.0182642, 7.3164063 ], [ 80.0169581, 7.3150816 ], [ 80.016069868476407, 7.314498980691199 ] ], [ [ 80.014842879474244, 7.314973199522845 ], [ 80.0146792, 7.3152113 ], [ 80.0143804, 7.3167042 ], [ 80.012094409460474, 7.317139831160969 ] ], [ [ 80.009199061153126, 7.320748118888575 ], [ 80.0088014, 7.3215354 ], [ 80.007126346734367, 7.321412711118361 ] ], [ [ 80.005620697691498, 7.320112832037958 ], [ 80.0055278, 7.3183613 ], [ 80.0050659, 7.3164145 ], [ 80.0043596, 7.3145903 ], [ 80.003685086652169, 7.31454056944993 ] ], [ [ 80.000651858128663, 7.314821863449686 ], [ 79.999922, 7.3146954 ], [ 79.9994735, 7.314528 ], [ 79.998473, 7.3138706 ], [ 79.9979103, 7.3133993 ], [ 79.9974601, 7.3128783 ], [ 79.997185, 7.3123325 ], [ 79.996072, 7.3106952 ], [ 79.9952591, 7.3099386 ], [ 79.9941586, 7.30943 ], [ 79.9913074, 7.3088471 ], [ 79.9903194, 7.308537 ], [ 79.9896817, 7.3081524 ], [ 79.9888563, 7.3072718 ], [ 79.9886062, 7.30685 ], [ 79.9884561, 7.3061058 ], [ 79.9885437, 7.3057337 ], [ 79.9889563, 7.3051879 ], [ 79.989629033525887, 7.305066616258783 ] ], [ [ 79.990855137181882, 7.305067776902503 ], [ 79.9914199, 7.3051879 ], [ 79.991792023382715, 7.305179701119499 ] ], [ [ 79.994019436844951, 7.305613787575891 ], [ 79.9942086, 7.3056717 ], [ 79.9946213, 7.305622 ], [ 79.9947589, 7.305436 ], [ 79.9950215, 7.3046421 ], [ 79.994959, 7.30427 ], [ 79.9945588, 7.3035506 ], [ 79.993821532419361, 7.303209635072465 ] ], [ [ 79.992562763293137, 7.303359480148806 ], [ 79.9910448, 7.3035506 ], [ 79.9894441, 7.3033025 ], [ 79.9887688, 7.3027567 ], [ 79.9881935, 7.3021489 ], [ 79.9877058, 7.301876 ], [ 79.9867429, 7.3015039 ], [ 79.9860926, 7.3014047 ], [ 79.985607905347123, 7.301428729320709 ] ], [ [ 79.984596856774829, 7.301483274569204 ], [ 79.9829787, 7.3017024 ], [ 79.9819158, 7.3014791 ], [ 79.9810654, 7.3008837 ], [ 79.9803026, 7.2997301 ], [ 79.9794647, 7.2976958 ], [ 79.9788269, 7.2948181 ], [ 79.9784517, 7.2935404 ], [ 79.9780015, 7.2928706 ], [ 79.9771387, 7.2924613 ], [ 79.976793032224947, 7.292394391123015 ] ], [ [ 79.976291891415684, 7.292297388245748 ], [ 79.9756755, 7.2922504 ], [ 79.9749627, 7.2924488 ], [ 79.9736121, 7.2930567 ], [ 79.9728243, 7.2931559 ], [ 79.972149, 7.2928706 ], [ 79.9717488, 7.2922256 ], [ 79.9706608, 7.2910968 ], [ 79.9701731, 7.2902905 ], [ 79.9697354, 7.2898563 ], [ 79.9692727, 7.2895834 ], [ 79.9687725, 7.2894098 ], [ 79.9681847, 7.2893105 ], [ 79.967391333875867, 7.289333148385783 ] ], [ [ 79.965911349570959, 7.289524785654613 ], [ 79.9657335, 7.2895374 ], [ 79.965472018419916, 7.289705766612061 ] ], [ [ 79.960475313926992, 7.293626887467039 ], [ 79.960318773215135, 7.29368066989362 ] ], [ [ 79.959010389331112, 7.294001006466344 ], [ 79.9573898, 7.2940922 ], [ 79.9569997, 7.2940129 ], [ 79.9567095, 7.2937747 ], [ 79.9566095, 7.2935564 ], [ 79.9566395, 7.2932091 ], [ 79.9571497, 7.2918694 ], [ 79.9572097, 7.2913732 ], [ 79.9572097, 7.2910854 ], [ 79.957037412841785, 7.290665764152441 ] ], [ [ 79.952525604480158, 7.290309195449798 ], [ 79.9518074, 7.2902519 ], [ 79.9513972, 7.2901229 ], [ 79.9510571, 7.2898648 ], [ 79.950907, 7.289587 ], [ 79.9507469, 7.2888328 ], [ 79.9507269, 7.2884656 ], [ 79.950837, 7.288029 ], [ 79.9512071, 7.2874236 ], [ 79.9512671, 7.2865603 ], [ 79.9513672, 7.2861534 ], [ 79.9515973, 7.2857763 ], [ 79.9522476, 7.2850221 ], [ 79.9528478, 7.2845756 ], [ 79.954194090963327, 7.283959293425771 ] ], [ [ 79.954668764792075, 7.283760902501912 ], [ 79.9559792, 7.2832954 ], [ 79.9561493, 7.2830076 ], [ 79.956049343719087, 7.282630716344319 ] ], [ [ 79.954926237352751, 7.280762660648191 ], [ 79.9547087, 7.2804969 ], [ 79.9544185, 7.280358 ], [ 79.9538283, 7.2801992 ], [ 79.953634575537251, 7.28035047163184 ] ], [ [ 79.951254280129973, 7.2807053 ], [ 79.9502667, 7.280884 ], [ 79.9497665, 7.2809237 ], [ 79.9493363, 7.2808641 ], [ 79.9482958, 7.2803481 ], [ 79.9471253, 7.2792267 ], [ 79.9469152, 7.2787603 ], [ 79.9468752, 7.278413 ], [ 79.9471754, 7.2775397 ], [ 79.9476856, 7.2769343 ], [ 79.9477856, 7.2766763 ], [ 79.9476756, 7.276329 ], [ 79.9474155, 7.2760709 ], [ 79.9470353, 7.2758725 ], [ 79.9468852, 7.2748106 ], [ 79.9467151, 7.2743541 ], [ 79.9465251, 7.2740961 ], [ 79.9462349, 7.2739572 ], [ 79.946031517979179, 7.273975874098912 ] ], [ [ 79.938437148825017, 7.280711050633899 ], [ 79.9379713, 7.2806855 ], [ 79.9376712, 7.2804771 ], [ 79.9370709, 7.2796336 ], [ 79.935779049650804, 7.278586462965884 ] ], [ [ 79.924728834489471, 7.284533287806473 ], [ 79.924501, 7.2845152 ], [ 79.9237705, 7.2841831 ], [ 79.9234966, 7.2838812 ], [ 79.9232987, 7.2831567 ], [ 79.9233292, 7.2826434 ], [ 79.9234661, 7.2821755 ], [ 79.9246075, 7.2798206 ], [ 79.9252314, 7.2788393 ], [ 79.9267533, 7.2769826 ], [ 79.9280164, 7.2757447 ], [ 79.9285186, 7.2749447 ], [ 79.9288382, 7.2738427 ], [ 79.9288077, 7.2734351 ], [ 79.9286403, 7.2729369 ], [ 79.9283207, 7.2725444 ], [ 79.9268141, 7.2714726 ], [ 79.9263119, 7.2712764 ], [ 79.925785281239811, 7.271204618795903 ] ], [ [ 79.923387969286253, 7.27826680938287 ], [ 79.922118090812333, 7.277949500551228 ] ], [ [ 79.921326125010921, 7.277452288663043 ], [ 79.920457991873405, 7.276910273490367 ] ], [ [ 79.9159300862447, 7.277027998583547 ], [ 79.915561, 7.2769576 ], [ 79.9153508, 7.2765578 ], [ 79.9152281, 7.2759843 ], [ 79.9149302, 7.2756193 ], [ 79.9148251, 7.2751848 ], [ 79.9149127, 7.2746286 ], [ 79.9151756, 7.2741419 ], [ 79.9163495, 7.2727341 ], [ 79.9167, 7.2721257 ], [ 79.9168051, 7.2716391 ], [ 79.9167525, 7.2708569 ], [ 79.9164897, 7.270266 ], [ 79.9158239, 7.2692405 ], [ 79.9149478, 7.2685453 ], [ 79.9144221, 7.2682672 ], [ 79.9130729, 7.2677284 ], [ 79.9112507, 7.2672764 ], [ 79.9105498, 7.2669983 ], [ 79.9098139, 7.2664422 ], [ 79.9087801, 7.2653993 ], [ 79.9083596, 7.2652255 ], [ 79.9077288, 7.2651733 ], [ 79.907159651877095, 7.265307280350816 ] ], [ [ 79.906269479756844, 7.265740773944293 ], [ 79.906250408318485, 7.265756472801984 ] ], [ [ 79.9069089244677, 7.280365641610675 ], [ 79.90673, 7.2796342 ], [ 79.9071681, 7.278209 ], [ 79.9073433, 7.2767143 ], [ 79.9072031, 7.2756714 ], [ 79.9069053, 7.2748545 ], [ 79.9063446, 7.2742288 ], [ 79.9057839, 7.2737769 ], [ 79.9050479, 7.2738464 ], [ 79.90399644604075, 7.274378784125259 ] ], [ [ 79.900531054966393, 7.281088315619042 ], [ 79.8999491, 7.2813028 ], [ 79.8993533, 7.2812854 ], [ 79.8990204, 7.2809551 ], [ 79.8988803, 7.2800166 ], [ 79.8992482, 7.2776876 ], [ 79.8991956, 7.2765578 ], [ 79.8989008, 7.2758912 ], [ 79.8985123, 7.2753412 ], [ 79.897823770526898, 7.275028436366214 ] ], [ [ 79.894653681053896, 7.274411651578499 ], [ 79.893787139120363, 7.27426156296749 ] ], [ [ 79.883160879504189, 7.276257692248305 ], [ 79.882252, 7.2774269 ], [ 79.881844232759391, 7.27872615559904 ] ], [ [ 79.880718993649509, 7.280466238960238 ], [ 79.880460900495621, 7.28068900020964 ] ], [ [ 79.874204524844998, 7.28265157344909 ], [ 79.8729479, 7.2822065 ], [ 79.872334002466502, 7.281880280907084 ] ], [ [ 79.871768206182509, 7.281528472954752 ], [ 79.871740906753828, 7.281506931584327 ] ], [ [ 79.870137490157404, 7.277666186348831 ], [ 79.8701795, 7.2769228 ], [ 79.870105520872599, 7.276629266022425 ] ], [ [ 79.869534951330053, 7.275151901218332 ], [ 79.868463391767392, 7.273104221014981 ] ], [ [ 79.867627012378136, 7.271929752560846 ], [ 79.867279859353275, 7.271585496302138 ] ], [ [ 79.866651558558686, 7.271105044172519 ], [ 79.8661144, 7.2708569 ], [ 79.865488923686158, 7.270826381109874 ] ], [ [ 79.863853675358399, 7.270719888057001 ], [ 79.8620143, 7.2702312 ], [ 79.860917320101038, 7.270029155353301 ] ], [ [ 79.860191924001413, 7.26994306923335 ], [ 79.8597891, 7.269901 ], [ 79.8592284, 7.2700748 ], [ 79.8587553, 7.2704398 ], [ 79.858195242309634, 7.271149843571593 ] ], [ [ 79.85776674774317, 7.27198473545109 ], [ 79.857643232892087, 7.272340061179325 ] ], [ [ 79.856557019116948, 7.275203360984058 ], [ 79.856368017730603, 7.27550075639516 ] ], [ [ 79.856038694370937, 7.275983245227947 ], [ 79.855928392545209, 7.2761122079822 ] ], [ [ 79.852430908227575, 7.274684362115314 ], [ 79.8525525, 7.2746112 ], [ 79.8527628, 7.2741419 ], [ 79.8526577, 7.2734641 ], [ 79.8523598, 7.2729426 ], [ 79.8516589, 7.2725429 ], [ 79.8507303, 7.2722995 ], [ 79.849944176978781, 7.272196507518542 ] ], [ [ 79.846569180248622, 7.272289490521863 ], [ 79.8456314, 7.2722822 ], [ 79.844817128947241, 7.272614797285427 ] ] ] } },
{ "type": "Feature", "properties": { "osm_id": "228885482", "name": null, "type": "canal", "width": null }, "geometry": { "type": "LineString", "coordinates": [ [ 79.8818514, 6.9651921 ], [ 79.8807252, 6.9658555 ] ] } },
{ "type": "Feature", "properties": { "osm_id": "228885484", "name": null, "type": "canal", "width": null }, "geometry": { "type": "LineString", "coordinates": [ [ 79.9116812, 6.9019562 ], [ 79.9099066, 6.9009464 ] ] } },
{ "type": "Feature", "properties": { "osm_id": "228885486", "name": null, "type": "canal", "width": null }, "geometry": { "type": "LineString", "coordinates": [ [ 79.9119884, 6.9017478 ], [ 79.9139693, 6.9010751 ], [ 79.9136909, 6.9003307 ], [ 79.9129441, 6.9000458 ], [ 79.9119884, 6.9017478 ], [ 79.9116812, 6.9019562 ] ] } },
{ "type": "Feature", "properties": { "osm_id": "231082922", "name": "Attanagalu Oya", "type": "river", "width": null }, "geometry": { "type": "LineString", "coordinates": [ [ 80.0534686, 7.1413459 ], [ 80.0532648, 7.1410053 ], [ 80.052797, 7.1406502 ], [ 80.0525932, 7.1405438 ], [ 80.0524977, 7.1405635 ], [ 80.0524483, 7.1406928 ], [ 80.0520031, 7.140613 ], [ 80.0515857, 7.1401536 ], [ 80.0510868, 7.139946 ], [ 80.0509463, 7.1397294 ], [ 80.0510321, 7.1391599 ], [ 80.0510429, 7.1383561 ], [ 80.0509688, 7.1382002 ], [ 80.0505815, 7.1381911 ], [ 80.050147, 7.1383455 ], [ 80.0487415, 7.1383082 ], [ 80.0481836, 7.1381964 ], [ 80.0480023, 7.1380564 ], [ 80.0477706, 7.1380048 ], [ 80.0472781, 7.1380192 ], [ 80.0470946, 7.1379409 ], [ 80.0465743, 7.1372705 ], [ 80.0459681, 7.1372652 ], [ 80.0456634, 7.1371036 ], [ 80.045539, 7.1369724 ], [ 80.0455722, 7.1368481 ], [ 80.0459413, 7.1367808 ], [ 80.0459692, 7.1365927 ], [ 80.0458941, 7.1363584 ], [ 80.0455765, 7.1359238 ], [ 80.0454274, 7.1355281 ], [ 80.0454274, 7.1351981 ], [ 80.045481, 7.1349213 ], [ 80.045819, 7.1344795 ], [ 80.0455776, 7.1342027 ], [ 80.0450723, 7.1340076 ], [ 80.0442043, 7.1330636 ], [ 80.0439844, 7.1326218 ], [ 80.0435756, 7.1321552 ], [ 80.0432913, 7.1323788 ], [ 80.0428889, 7.1324746 ], [ 80.0426915, 7.1324461 ], [ 80.042139, 7.1321108 ], [ 80.0420896, 7.131772 ], [ 80.0418268, 7.1317028 ], [ 80.041462, 7.1329856 ], [ 80.0408666, 7.133305 ], [ 80.0406788, 7.1333316 ], [ 80.0403097, 7.1330583 ], [ 80.0400619, 7.132975 ], [ 80.0396917, 7.1328898 ], [ 80.0392744, 7.1329092 ], [ 80.0390266, 7.1328153 ], [ 80.0378196, 7.1318146 ], [ 80.0375782, 7.1318092 ], [ 80.0368658, 7.1320682 ], [ 80.0367413, 7.1318625 ], [ 80.0368486, 7.1311865 ], [ 80.0368271, 7.1309576 ], [ 80.0367199, 7.1308618 ], [ 80.0360654, 7.1308564 ], [ 80.0349496, 7.130585 ], [ 80.0345044, 7.1310321 ], [ 80.034357, 7.1310162 ], [ 80.0339905, 7.1306177 ], [ 80.0337488, 7.1306177 ], [ 80.0336981, 7.1307725 ], [ 80.0338384, 7.1312019 ], [ 80.0337761, 7.131407 ], [ 80.033624, 7.131523 ], [ 80.0333862, 7.131523 ], [ 80.0322281, 7.1312058 ], [ 80.0319084, 7.1312174 ], [ 80.0307387, 7.1316894 ], [ 80.0299823, 7.1316546 ], [ 80.0295066, 7.131732 ], [ 80.0287424, 7.1313412 ], [ 80.028103, 7.1311168 ], [ 80.0278301, 7.1308305 ], [ 80.0275844, 7.130788 ], [ 80.0271828, 7.1303314 ], [ 80.0274558, 7.1295422 ], [ 80.0271599, 7.1290795 ], [ 80.0274356, 7.1287786 ], [ 80.0275183, 7.1284886 ], [ 80.0273694, 7.1281494 ], [ 80.0270441, 7.1279305 ], [ 80.026829, 7.1278758 ], [ 80.0266029, 7.1282369 ], [ 80.0263548, 7.1283354 ], [ 80.0258089, 7.1283846 ], [ 80.0252244, 7.1283026 ], [ 80.0250149, 7.1280782 ], [ 80.0246785, 7.1280782 ], [ 80.0233442, 7.1286637 ], [ 80.021315, 7.1278265 ], [ 80.0212323, 7.1274271 ], [ 80.0213922, 7.1269839 ], [ 80.0210669, 7.1256216 ], [ 80.0209455, 7.1244944 ], [ 80.020521, 7.1242318 ], [ 80.0199806, 7.1241169 ], [ 80.0197254, 7.1234682 ], [ 80.0198917, 7.12292 ], [ 80.019012, 7.1214348 ], [ 80.0191139, 7.1208387 ], [ 80.018792, 7.1203596 ], [ 80.0180356, 7.1204927 ], [ 80.0177835, 7.1198965 ], [ 80.0174724, 7.119774 ], [ 80.0170432, 7.1201041 ], [ 80.0167213, 7.1200296 ], [ 80.0161817, 7.1195145 ], [ 80.0159703, 7.1186615 ], [ 80.0155251, 7.1181878 ], [ 80.0139533, 7.1177087 ], [ 80.0128, 7.1168889 ], [ 80.0122903, 7.1166547 ], [ 80.0119363, 7.1162448 ], [ 80.0119953, 7.1157764 ], [ 80.0118505, 7.1149141 ], [ 80.0115822, 7.1145255 ], [ 80.011711, 7.1144776 ], [ 80.0121294, 7.114616 ], [ 80.0121401, 7.1144031 ], [ 80.0120168, 7.113924 ], [ 80.0116305, 7.1130936 ], [ 80.0117056, 7.1126837 ], [ 80.0116305, 7.1125293 ], [ 80.0113569, 7.1126305 ], [ 80.0099354, 7.1118426 ], [ 80.0096296, 7.1112731 ], [ 80.0102894, 7.1109909 ], [ 80.0103591, 7.1108419 ], [ 80.0101177, 7.1105597 ], [ 80.0100641, 7.110235 ], [ 80.0097369, 7.1101339 ], [ 80.0093185, 7.1101232 ], [ 80.0091736, 7.109708 ], [ 80.0085782, 7.1097187 ], [ 80.0078915, 7.1094366 ], [ 80.007398, 7.108835 ], [ 80.007162, 7.1088936 ], [ 80.0069152, 7.1097772 ], [ 80.0061964, 7.1100008 ], [ 80.0055365, 7.1107354 ], [ 80.0049143, 7.1106822 ], [ 80.0038628, 7.1111772 ], [ 80.0036268, 7.110927 ], [ 80.0029938, 7.110959 ], [ 80.0027685, 7.1107141 ], [ 80.0021838, 7.1104959 ], [ 80.001583, 7.1109483 ], [ 80.0007622, 7.1105225 ], [ 80.0003652, 7.1105278 ], [ 80.0002687, 7.1103096 ], [ 80.000435, 7.1099742 ], [ 80.0010412, 7.1095856 ], [ 80.0011484, 7.109394 ], [ 80.0007407, 7.108702 ], [ 80.0000273, 7.1078928 ], [ 79.9996679, 7.1076426 ], [ 79.9991475, 7.1075628 ], [ 79.99889, 7.1068868 ], [ 79.9975328, 7.1062373 ], [ 79.9972056, 7.1054921 ], [ 79.9973402, 7.1044605 ], [ 79.9969111, 7.1037365 ], [ 79.9961815, 7.1030552 ], [ 79.995924, 7.1025867 ], [ 79.995806, 7.1017776 ], [ 79.9953232, 7.1010323 ], [ 79.9935208, 7.0997015 ], [ 79.9932525, 7.098211 ], [ 79.992877, 7.0980406 ], [ 79.9926088, 7.098179 ], [ 79.9921689, 7.0980939 ], [ 79.991375, 7.0969547 ], [ 79.9908707, 7.0970079 ], [ 79.990624, 7.0973806 ], [ 79.9903128, 7.0969866 ], [ 79.9901197, 7.0963691 ], [ 79.9889717, 7.0962733 ], [ 79.9884353, 7.0956451 ], [ 79.9863002, 7.0950063 ], [ 79.9860428, 7.0951554 ], [ 79.9858496, 7.0956984 ], [ 79.985399, 7.0958474 ], [ 79.9843261, 7.0964011 ], [ 79.9837361, 7.0960071 ], [ 79.982314, 7.0964002 ], [ 79.9816059, 7.0975713 ], [ 79.9810694, 7.098785 ], [ 79.9805115, 7.0992322 ], [ 79.9799107, 7.0994664 ], [ 79.9793957, 7.0998071 ], [ 79.9778722, 7.098998 ], [ 79.9766706, 7.0986573 ], [ 79.9753402, 7.0967409 ], [ 79.9745892, 7.0960808 ], [ 79.9740099, 7.0952929 ], [ 79.9732588, 7.0956336 ], [ 79.9731515, 7.0944199 ], [ 79.9721859, 7.0928016 ], [ 79.9715045, 7.0925995 ], [ 79.9704908, 7.0928655 ], [ 79.9693321, 7.0930571 ], [ 79.9680232, 7.0937811 ], [ 79.9677871, 7.0943347 ], [ 79.9680661, 7.0946328 ], [ 79.9681519, 7.0950374 ], [ 79.9679159, 7.0952078 ], [ 79.9665211, 7.0947819 ], [ 79.9659203, 7.0949948 ], [ 79.9655555, 7.0948884 ], [ 79.9651049, 7.0949309 ], [ 79.9642895, 7.0947819 ], [ 79.9640106, 7.0950587 ], [ 79.9636254, 7.0967835 ], [ 79.9628529, 7.0968261 ], [ 79.9622736, 7.096677 ], [ 79.9619088, 7.096677 ], [ 79.9615011, 7.0968686 ], [ 79.9610934, 7.0972732 ], [ 79.960793, 7.0971667 ], [ 79.960514, 7.0959743 ], [ 79.9601922, 7.0954633 ], [ 79.9599991, 7.0953568 ], [ 79.9593339, 7.0958891 ], [ 79.9566088, 7.0973158 ], [ 79.9560938, 7.0971242 ], [ 79.9555144, 7.0973371 ], [ 79.9535233, 7.0994741 ], [ 79.953424, 7.0999772 ], [ 79.9531585, 7.100222 ], [ 79.9519031, 7.09948 ], [ 79.9516135, 7.0999 ], [ 79.9515277, 7.1003977 ], [ 79.9518174, 7.1009433 ], [ 79.9521848, 7.1025909 ], [ 79.9518066, 7.1030993 ], [ 79.9504253, 7.1042597 ], [ 79.9503475, 7.1049624 ], [ 79.9504226, 7.1054388 ], [ 79.950251, 7.1057689 ], [ 79.9496421, 7.1061947 ], [ 79.9491915, 7.1066472 ], [ 79.948824, 7.1067004 ], [ 79.9484002, 7.1064289 ], [ 79.9479469, 7.1063491 ], [ 79.9474588, 7.106586 ], [ 79.9469974, 7.1066525 ], [ 79.9463537, 7.1075096 ], [ 79.9461391, 7.1084065 ], [ 79.945887, 7.1087099 ], [ 79.9449375, 7.1085875 ], [ 79.9449616, 7.1090027 ], [ 79.944739, 7.1092076 ], [ 79.9439987, 7.1090213 ], [ 79.9430653, 7.1089388 ], [ 79.9428776, 7.1091092 ], [ 79.9427461, 7.1095723 ], [ 79.9423331, 7.1098997 ], [ 79.9419093, 7.1100088 ], [ 79.941507, 7.1103149 ], [ 79.9409947, 7.1102989 ], [ 79.940426, 7.1103894 ], [ 79.9399406, 7.1106476 ], [ 79.9396857, 7.1106236 ], [ 79.939321, 7.1104 ], [ 79.9390447, 7.1105118 ], [ 79.938645, 7.1109483 ], [ 79.9380201, 7.1110441 ], [ 79.9374997, 7.1107647 ], [ 79.9372718, 7.11044 ], [ 79.9371323, 7.1098704 ], [ 79.9357214, 7.1093168 ], [ 79.9352976, 7.1093673 ], [ 79.9346834, 7.1095883 ], [ 79.9342945, 7.1101232 ], [ 79.9339002, 7.1105012 ], [ 79.9333906, 7.1107487 ], [ 79.9330768, 7.1105917 ], [ 79.9327066, 7.110227 ], [ 79.9322882, 7.1099556 ], [ 79.9313897, 7.1106103 ], [ 79.9307191, 7.1108312 ], [ 79.9299252, 7.1106875 ], [ 79.9294075, 7.1108525 ], [ 79.9287772, 7.1113742 ], [ 79.9284848, 7.1117122 ], [ 79.9277687, 7.1130403 ], [ 79.9278438, 7.1137909 ], [ 79.9278009, 7.114081 ], [ 79.9273529, 7.1140357 ], [ 79.9266314, 7.1131415 ], [ 79.9260789, 7.1126464 ], [ 79.9257329, 7.1125506 ], [ 79.9255344, 7.112673 ], [ 79.9258885, 7.113743 ], [ 79.9254378, 7.113908 ], [ 79.9248156, 7.1136684 ], [ 79.9243891, 7.1136392 ], [ 79.9241611, 7.1139346 ], [ 79.9242335, 7.1146133 ], [ 79.9240726, 7.1146665 ], [ 79.9237937, 7.1149992 ], [ 79.9234557, 7.1149726 ], [ 79.9229514, 7.1158323 ], [ 79.9225008, 7.1159175 ], [ 79.9213555, 7.1155023 ], [ 79.92109, 7.1156486 ], [ 79.9206662, 7.116676 ], [ 79.9206608, 7.1171311 ], [ 79.9209398, 7.1185471 ], [ 79.9211758, 7.1191326 ], [ 79.9215969, 7.1196756 ], [ 79.923158, 7.1207561 ], [ 79.923673, 7.1214135 ], [ 79.9242362, 7.1218287 ], [ 79.9244025, 7.122047 ], [ 79.9243033, 7.123053 ], [ 79.9242228, 7.1238089 ], [ 79.9240699, 7.1241203 ], [ 79.9236139, 7.1242241 ], [ 79.9234691, 7.1236838 ], [ 79.9232088, 7.1234522 ], [ 79.9228869, 7.1235587 ], [ 79.9223612, 7.1244317 ], [ 79.9218892, 7.124932 ], [ 79.9208592, 7.1252727 ], [ 79.9200009, 7.1263586 ], [ 79.9191855, 7.1268483 ], [ 79.9184559, 7.1266886 ], [ 79.9180911, 7.127008 ], [ 79.9173509, 7.1286688 ], [ 79.9175011, 7.1289349 ], [ 79.9178229, 7.1289136 ], [ 79.9187885, 7.1291798 ], [ 79.9193035, 7.1297014 ], [ 79.9187134, 7.1310322 ], [ 79.9186383, 7.131639 ], [ 79.9175011, 7.1334381 ], [ 79.9170183, 7.1345879 ], [ 79.9170612, 7.1350669 ], [ 79.9172758, 7.1354502 ], [ 79.9178122, 7.1356205 ], [ 79.9180911, 7.1363444 ], [ 79.9171685, 7.1366212 ], [ 79.9171255, 7.1370257 ], [ 79.9177049, 7.13792 ], [ 79.918928, 7.1393678 ], [ 79.9190353, 7.1396871 ], [ 79.9185632, 7.1401556 ], [ 79.9172972, 7.140411 ], [ 79.9172543, 7.1424763 ], [ 79.9176405, 7.1435196 ], [ 79.9177478, 7.1443712 ], [ 79.9172972, 7.1452228 ], [ 79.9177693, 7.1453506 ], [ 79.9181126, 7.1455848 ], [ 79.9168251, 7.1461597 ], [ 79.9136923, 7.1452867 ], [ 79.9129628, 7.1457764 ], [ 79.9120186, 7.145819 ], [ 79.9106239, 7.1457125 ], [ 79.9094437, 7.145457 ], [ 79.9089073, 7.1456061 ], [ 79.908521, 7.1459467 ], [ 79.9081348, 7.1461384 ], [ 79.9076627, 7.1460532 ], [ 79.9076842, 7.1456487 ], [ 79.9085854, 7.1452016 ], [ 79.9083279, 7.1447757 ], [ 79.9077915, 7.1448183 ], [ 79.9072121, 7.1454145 ], [ 79.9066542, 7.1463513 ], [ 79.9066327, 7.1470752 ], [ 79.9071263, 7.1486507 ], [ 79.9062465, 7.1496301 ], [ 79.9055813, 7.1500559 ], [ 79.9048088, 7.1499069 ], [ 79.9040578, 7.1495875 ], [ 79.903693, 7.1498856 ], [ 79.9031351, 7.1519508 ], [ 79.9030922, 7.1528024 ], [ 79.9035214, 7.1535689 ], [ 79.903457, 7.1539947 ], [ 79.9031995, 7.1544631 ], [ 79.9026845, 7.1544844 ], [ 79.9016117, 7.1542076 ], [ 79.9008821, 7.1534624 ], [ 79.9009035, 7.1526321 ], [ 79.9006246, 7.1522063 ], [ 79.8996805, 7.152483 ], [ 79.8962901, 7.1549315 ], [ 79.8960327, 7.1555702 ], [ 79.8962043, 7.1560811 ], [ 79.8972557, 7.1565282 ], [ 79.898157, 7.1580399 ], [ 79.8980068, 7.1590405 ], [ 79.8976066, 7.1594088 ], [ 79.8962679, 7.15853 ], [ 79.8954955, 7.1587216 ], [ 79.8950449, 7.1592752 ], [ 79.8951307, 7.1613616 ], [ 79.8950234, 7.162341 ], [ 79.8928562, 7.1621494 ], [ 79.890174, 7.161319 ], [ 79.8848525, 7.1588707 ], [ 79.8844448, 7.1580829 ], [ 79.8854962, 7.1565074 ], [ 79.885861, 7.1545274 ], [ 79.8870411, 7.1520151 ], [ 79.8869768, 7.1504609 ], [ 79.8865691, 7.1493538 ], [ 79.8867836, 7.1487576 ], [ 79.8894873, 7.1477995 ], [ 79.8909894, 7.147033 ], [ 79.8914829, 7.1464369 ], [ 79.8914614, 7.1442865 ], [ 79.8918906, 7.1414761 ], [ 79.8932209, 7.1385166 ], [ 79.8924485, 7.1379417 ], [ 79.8908391, 7.1376862 ], [ 79.8903456, 7.136941 ], [ 79.8902383, 7.1336621 ], [ 79.8908606, 7.1318736 ], [ 79.8940149, 7.1292548 ], [ 79.8941222, 7.1282327 ], [ 79.8933712, 7.1260397 ], [ 79.891912, 7.1250603 ], [ 79.8905387, 7.1239105 ], [ 79.8888221, 7.1219729 ], [ 79.8882642, 7.1218877 ], [ 79.8874274, 7.1231653 ], [ 79.8851314, 7.1237614 ], [ 79.8828418, 7.1230439 ], [ 79.8816917, 7.1198112 ], [ 79.8817969, 7.1163805 ], [ 79.8826514, 7.1130035 ], [ 79.8830715, 7.1110073 ], [ 79.8824218, 7.1097154 ], [ 79.8813549, 7.1093252 ], [ 79.8800658, 7.1082968 ], [ 79.8784934, 7.1068728 ], [ 79.877344, 7.1071319 ], [ 79.876205, 7.1076857 ], [ 79.8749176, 7.1076857 ], [ 79.8727932, 7.1073024 ], [ 79.8719478, 7.1082734 ], [ 79.8709591, 7.1100816 ], [ 79.8691884, 7.1084948 ], [ 79.8674503, 7.1081115 ], [ 79.8652449, 7.1086396 ], [ 79.864119, 7.1078747 ], [ 79.8622843, 7.1083724 ], [ 79.8612075, 7.1079087 ], [ 79.8607033, 7.1083558 ], [ 79.8602312, 7.1079938 ], [ 79.8598557, 7.1074722 ], [ 79.8597162, 7.1071102 ], [ 79.8597913, 7.1067269 ], [ 79.8594373, 7.1055138 ], [ 79.8594158, 7.1051092 ], [ 79.8589974, 7.1045449 ], [ 79.8582142, 7.1030331 ], [ 79.8575919, 7.1030864 ], [ 79.8570506, 7.1036911 ] ] } },
{ "type": "Feature", "properties": { "osm_id": "233569962", "name": null, "type": "river", "width": null }, "geometry": { "type": "LineString", "coordinates": [ [ 80.2496068, 6.477639 ], [ 80.2491026, 6.47806 ], [ 80.2490135, 6.4783577 ], [ 80.2490918, 6.4788489 ], [ 80.2489148, 6.4795791 ], [ 80.2475737, 6.4803733 ], [ 80.2475812, 6.4806604 ], [ 80.2481852, 6.4807145 ], [ 80.2483301, 6.4809543 ], [ 80.2483698, 6.4814226 ], [ 80.2488182, 6.4828945 ], [ 80.2485125, 6.4832996 ], [ 80.2477883, 6.4838912 ], [ 80.2476005, 6.4842057 ], [ 80.2476917, 6.4846587 ], [ 80.2475469, 6.4850265 ], [ 80.2465759, 6.4858207 ], [ 80.2465652, 6.4861618 ], [ 80.246828, 6.4865616 ], [ 80.2466618, 6.48694 ], [ 80.2457552, 6.4874197 ], [ 80.2453528, 6.487473 ], [ 80.244913, 6.4879794 ], [ 80.2447198, 6.4884005 ], [ 80.2448024, 6.4892205 ], [ 80.244972, 6.4898875 ], [ 80.24487, 6.4919609 ], [ 80.2447735, 6.4923767 ], [ 80.2444892, 6.4928244 ], [ 80.2441137, 6.4928937 ], [ 80.2435879, 6.4931655 ], [ 80.2432285, 6.4935173 ], [ 80.24303, 6.4941302 ], [ 80.2428477, 6.4943754 ], [ 80.2423885, 6.4946838 ], [ 80.2422919, 6.4949449 ], [ 80.2423058, 6.4958998 ], [ 80.2421288, 6.4964381 ], [ 80.2420108, 6.4972643 ], [ 80.2420966, 6.4981384 ], [ 80.2419625, 6.4986714 ], [ 80.2419947, 6.4989485 ], [ 80.2421449, 6.4990338 ], [ 80.2426352, 6.4989744 ], [ 80.2433895, 6.4994016 ], [ 80.243765, 6.499828 ], [ 80.2442317, 6.5007074 ], [ 80.2438261, 6.5017513 ], [ 80.2439956, 6.5027541 ], [ 80.2438937, 6.5028447 ], [ 80.2436148, 6.5028554 ], [ 80.2434914, 6.502994 ], [ 80.242735, 6.5052538 ], [ 80.2427189, 6.5056802 ], [ 80.2428208, 6.5065437 ], [ 80.2429657, 6.5070713 ], [ 80.2438937, 6.5075563 ], [ 80.2440225, 6.508004 ], [ 80.2439634, 6.5086863 ], [ 80.2437703, 6.5094964 ], [ 80.2437703, 6.5097576 ], [ 80.2439903, 6.5101733 ], [ 80.2439205, 6.5106316 ], [ 80.2438025, 6.5110953 ], [ 80.242617, 6.5112499 ], [ 80.2424024, 6.511623 ], [ 80.2424689, 6.5119153 ], [ 80.2436738, 6.5119961 ], [ 80.2439849, 6.512156 ], [ 80.2438315, 6.5133064 ], [ 80.2441373, 6.5137488 ], [ 80.2454601, 6.514176 ], [ 80.2458464, 6.5143998 ], [ 80.2468495, 6.5152206 ], [ 80.2474074, 6.5158122 ], [ 80.2475383, 6.5161365 ], [ 80.2473237, 6.516483 ], [ 80.2465191, 6.5167228 ], [ 80.2463506, 6.5170434 ], [ 80.2461811, 6.5183004 ], [ 80.2463023, 6.5189887 ], [ 80.2473323, 6.5215044 ], [ 80.2478655, 6.5219406 ], [ 80.2488129, 6.5221812 ], [ 80.2496143, 6.5222444 ], [ 80.2500896, 6.5224317 ], [ 80.2502205, 6.5228413 ], [ 80.2503332, 6.5237527 ], [ 80.2496068, 6.5252458 ], [ 80.2489599, 6.5270358 ], [ 80.2490081, 6.5274462 ], [ 80.249344, 6.5276601 ], [ 80.2501132, 6.5278086 ], [ 80.2501379, 6.5281454 ], [ 80.249816, 6.528721 ], [ 80.2494405, 6.5297017 ], [ 80.2487753, 6.5298722 ], [ 80.248432, 6.5303625 ], [ 80.2472089, 6.5333045 ], [ 80.246018, 6.5352124 ], [ 80.2456962, 6.535351 ], [ 80.2447842, 6.5354789 ], [ 80.2443551, 6.5356282 ], [ 80.2442156, 6.5357987 ], [ 80.2440117, 6.5365448 ], [ 80.243869, 6.5388088 ], [ 80.2426492, 6.5395502 ], [ 80.2424024, 6.5398486 ], [ 80.2420698, 6.5405521 ], [ 80.2411793, 6.5400724 ], [ 80.2410398, 6.5404455 ], [ 80.2406751, 6.5407226 ], [ 80.2403532, 6.5405521 ], [ 80.2395485, 6.5412023 ], [ 80.2392589, 6.5412343 ], [ 80.2388404, 6.5410637 ], [ 80.2384756, 6.5410318 ], [ 80.2380787, 6.541181 ], [ 80.2357398, 6.5430783 ], [ 80.2354394, 6.5435153 ], [ 80.235139, 6.5437072 ], [ 80.2330361, 6.5440589 ], [ 80.232843, 6.5442827 ], [ 80.2324568, 6.5452634 ], [ 80.23221, 6.5465318 ], [ 80.231813, 6.5471287 ], [ 80.231577, 6.5478535 ], [ 80.2315556, 6.5486316 ], [ 80.2314268, 6.5491219 ], [ 80.2305792, 6.5504329 ], [ 80.230311, 6.5510724 ], [ 80.2298819, 6.5531829 ], [ 80.2292918, 6.5535559 ], [ 80.2292381, 6.5542061 ], [ 80.2290879, 6.5547604 ], [ 80.2285086, 6.5554425 ], [ 80.2283905, 6.5564231 ], [ 80.2285515, 6.5572545 ], [ 80.2286588, 6.5595781 ], [ 80.2284871, 6.5599831 ], [ 80.2281331, 6.5603988 ], [ 80.2276824, 6.5607292 ], [ 80.2260409, 6.5625944 ], [ 80.2254938, 6.5628502 ], [ 80.2237342, 6.5641826 ], [ 80.2236377, 6.5645982 ], [ 80.223981, 6.5648647 ], [ 80.2245464, 6.5648908 ], [ 80.2240776, 6.5668152 ], [ 80.2234231, 6.5676785 ], [ 80.2230476, 6.5685206 ], [ 80.2217285, 6.5699808 ], [ 80.2211491, 6.5722723 ], [ 80.2202586, 6.5730823 ], [ 80.2201406, 6.5733595 ], [ 80.2200655, 6.5736366 ], [ 80.2203766, 6.5741162 ], [ 80.2212242, 6.5747663 ], [ 80.22131, 6.5749582 ], [ 80.2211384, 6.5751607 ], [ 80.2208165, 6.5751287 ], [ 80.2198187, 6.5744679 ], [ 80.2193574, 6.5743507 ], [ 80.2190141, 6.57434 ], [ 80.2186386, 6.5744999 ], [ 80.2181772, 6.5747983 ], [ 80.217791, 6.5752566 ], [ 80.2178983, 6.5757895 ], [ 80.2182201, 6.5762798 ], [ 80.2179948, 6.576898 ], [ 80.2173297, 6.5776334 ], [ 80.2163855, 6.5778253 ], [ 80.2161387, 6.5779638 ], [ 80.2162782, 6.5792748 ], [ 80.2164821, 6.5799676 ], [ 80.2164284, 6.580639 ], [ 80.2150337, 6.5815663 ], [ 80.2144543, 6.5826108 ], [ 80.2147724, 6.584161 ], [ 80.2141217, 6.584849 ], [ 80.2139286, 6.5860427 ], [ 80.2140252, 6.5873003 ], [ 80.2142719, 6.5881316 ], [ 80.2147762, 6.588867 ], [ 80.2147762, 6.5893147 ], [ 80.2139072, 6.5910946 ], [ 80.2128772, 6.59264 ], [ 80.2130059, 6.5930556 ], [ 80.2132704, 6.593135 ], [ 80.214347, 6.5927785 ], [ 80.2150728, 6.5928792 ], [ 80.216643, 6.5936205 ], [ 80.217394, 6.5942493 ], [ 80.2174799, 6.5944305 ], [ 80.2173618, 6.594633 ], [ 80.216879, 6.595038 ], [ 80.2167181, 6.5957414 ], [ 80.2168254, 6.5959652 ], [ 80.218027, 6.596562 ], [ 80.2185527, 6.5970097 ], [ 80.2185206, 6.5975639 ], [ 80.2179305, 6.5979476 ], [ 80.2175657, 6.5986936 ], [ 80.2174262, 6.599429 ], [ 80.2177052, 6.6004841 ], [ 80.2178075, 6.6012775 ] ] } },
{ "type": "Feature", "properties": { "osm_id": "234544475", "name": null, "type": "river", "width": null }, "geometry": { "type": "LineString", "coordinates": [ [ 80.1177428, 6.4946884 ], [ 80.1171634, 6.4942087 ], [ 80.1168107, 6.4935014 ], [ 80.1164942, 6.4921316 ], [ 80.1163547, 6.4907085 ], [ 80.116112, 6.4900513 ], [ 80.1161667, 6.4897277 ], [ 80.1159307, 6.4892587 ], [ 80.1158448, 6.4886724 ], [ 80.115833, 6.4884096 ], [ 80.1159843, 6.4878835 ], [ 80.1159511, 6.4876101 ], [ 80.1153932, 6.4867679 ], [ 80.1153942, 6.486519 ], [ 80.1155648, 6.4862563 ], [ 80.1156517, 6.4859007 ], [ 80.1155337, 6.4853997 ], [ 80.1155219, 6.4846679 ], [ 80.1152977, 6.4843763 ], [ 80.115243, 6.4837618 ], [ 80.1149973, 6.4835981 ], [ 80.1149007, 6.4834063 ], [ 80.1149318, 6.4831435 ], [ 80.1148042, 6.4828199 ], [ 80.1144383, 6.4823013 ], [ 80.1141068, 6.4820417 ] ] } },
{ "type": "Feature", "properties": { "osm_id": "235207986", "name": null, "type": "river", "width": null }, "geometry": { "type": "LineString", "coordinates": [ [ 80.0846994, 6.4061618 ], [ 80.084796, 6.4073186 ], [ 80.0847472, 6.4075358 ], [ 80.0848872, 6.4086566 ], [ 80.0849832, 6.4087566 ], [ 80.0856591, 6.4090125 ], [ 80.0861961, 6.4091364 ] ] } },
{ "type": "Feature", "properties": { "osm_id": "235207996", "name": null, "type": "stream", "width": null }, "geometry": { "type": "LineString", "coordinates": [ [ 80.1261876, 6.3957024 ], [ 80.1256511, 6.3956757 ], [ 80.1254148, 6.395749 ], [ 80.1250449, 6.3956331 ], [ 80.1247821, 6.3956704 ], [ 80.1245139, 6.3958303 ], [ 80.1242239, 6.3958023 ], [ 80.1240847, 6.395697 ], [ 80.1229582, 6.3961129 ], [ 80.1220248, 6.3961129 ], [ 80.1218799, 6.3961928 ], [ 80.1216866, 6.3961062 ], [ 80.1208229, 6.3963034 ], [ 80.1206834, 6.3962288 ], [ 80.1203615, 6.3964314 ], [ 80.1201365, 6.3963368 ], [ 80.1199488, 6.3963954 ], [ 80.1193745, 6.3967406 ], [ 80.1191709, 6.3966673 ], [ 80.1188273, 6.3966979 ], [ 80.1181141, 6.3970511 ], [ 80.1174382, 6.3971098 ], [ 80.1164458, 6.3977015 ], [ 80.1160595, 6.3977761 ], [ 80.1150779, 6.398176 ], [ 80.1146755, 6.398128 ], [ 80.1139996, 6.3983572 ], [ 80.113211, 6.3988903 ], [ 80.111709, 6.3995194 ], [ 80.1115266, 6.3997699 ], [ 80.1112799, 6.3998286 ], [ 80.1111189, 6.4000685 ], [ 80.1113654, 6.4007495 ], [ 80.1111579, 6.4010519 ] ] } },
{ "type": "Feature", "properties": { "osm_id": "240388647", "name": null, "type": "river", "width": null }, "geometry": { "type": "LineString", "coordinates": [ [ 79.958142, 6.6659183 ], [ 79.9584958, 6.6658863 ], [ 79.958926, 6.6661916 ], [ 79.95928, 6.6667883 ], [ 79.9593015, 6.667108 ], [ 79.9595043, 6.6674208 ], [ 79.9597618, 6.6675913 ], [ 79.9600632, 6.6676408 ], [ 79.9603089, 6.6675913 ], [ 79.9605235, 6.6674421 ], [ 79.9607703, 6.6674528 ], [ 79.9634096, 6.6677724 ], [ 79.9644406, 6.6681843 ], [ 79.9647088, 6.6683974 ], [ 79.9649223, 6.6686569 ], [ 79.9653515, 6.6695094 ], [ 79.965535, 6.6696442 ], [ 79.9657783, 6.6696771 ] ] } },
{ "type": "Feature", "properties": { "osm_id": "240388654", "name": null, "type": "canal", "width": null }, "geometry": { "type": "LineString", "coordinates": [ [ 79.9639044, 6.5942447 ], [ 79.9636604, 6.5951561 ], [ 79.9636735, 6.5955017 ], [ 79.96417, 6.5964475 ], [ 79.9641439, 6.596712 ], [ 79.9632825, 6.5974152 ], [ 79.9627426, 6.5980278 ], [ 79.9621205, 6.5992465 ], [ 79.9618881, 6.6000024 ], [ 79.9613368, 6.6009537 ], [ 79.9608477, 6.6021416 ], [ 79.9603575, 6.6029633 ], [ 79.9599823, 6.6034082 ], [ 79.9598018, 6.6034942 ], [ 79.9592789, 6.6034481 ], [ 79.9586625, 6.6032271 ], [ 79.95835, 6.6032503 ], [ 79.957509, 6.6044276 ], [ 79.9570262, 6.6060076 ], [ 79.9566293, 6.6088451 ], [ 79.9569002, 6.6092075 ], [ 79.9579704, 6.6099748 ], [ 79.9582359, 6.6099802 ], [ 79.958598, 6.6101374 ], [ 79.9587348, 6.6102999 ], [ 79.9591344, 6.6109687 ], [ 79.9595502, 6.6120131 ], [ 79.9596655, 6.6126818 ], [ 79.9594644, 6.6131881 ], [ 79.9592954, 6.6154608 ], [ 79.9593893, 6.6175363 ], [ 79.9593168, 6.6181358 ], [ 79.9586838, 6.6205551 ], [ 79.9584209, 6.6212611 ], [ 79.9579784, 6.6221057 ], [ 79.9573051, 6.6241439 ], [ 79.9571844, 6.6247487 ], [ 79.9573293, 6.6250977 ], [ 79.9571308, 6.6271679 ], [ 79.9570745, 6.6286573 ], [ 79.957391, 6.6298083 ], [ 79.9573266, 6.6315561 ], [ 79.9574071, 6.6344334 ], [ 79.9572783, 6.635318 ], [ 79.9567097, 6.6375986 ], [ 79.9565764, 6.6379676 ], [ 79.9563127, 6.6382593 ], [ 79.9548911, 6.6390905 ], [ 79.9506962, 6.640513 ], [ 79.950123, 6.640781 ], [ 79.9495965, 6.6411843 ], [ 79.949457, 6.6415307 ], [ 79.9494409, 6.6420689 ], [ 79.9489956, 6.6431292 ], [ 79.9490922, 6.644781 ], [ 79.9489474, 6.6467312 ], [ 79.9485025, 6.6480043 ], [ 79.9480922, 6.6489038 ], [ 79.9478101, 6.6499762 ], [ 79.9485719, 6.6511004 ], [ 79.9489527, 6.6521768 ], [ 79.9493282, 6.6529067 ], [ 79.9498601, 6.6532227 ], [ 79.9503912, 6.6537236 ], [ 79.951136, 6.6541535 ], [ 79.9514901, 6.6546171 ], [ 79.9517323, 6.6550556 ], [ 79.9519407, 6.6558746 ], [ 79.9522036, 6.6564713 ], [ 79.9537056, 6.6587785 ], [ 79.9540167, 6.6597642 ], [ 79.9541463, 6.6599363 ], [ 79.9546398, 6.6601654 ], [ 79.9548536, 6.6607979 ], [ 79.9555357, 6.6617852 ], [ 79.9564039, 6.6625615 ], [ 79.9571021, 6.6634849 ], [ 79.9572469, 6.6639111 ], [ 79.9572408, 6.6644956 ], [ 79.957348, 6.664826 ], [ 79.9578791, 6.6653961 ], [ 79.958142, 6.6659183 ], [ 79.9585014, 6.6669413 ], [ 79.9595582, 6.6690192 ], [ 79.9600785, 6.6704099 ], [ 79.9603897, 6.670948 ], [ 79.9609207, 6.67228 ], [ 79.9610763, 6.6728874 ], [ 79.9621734, 6.6753036 ], [ 79.9628259, 6.6761018 ], [ 79.9668645, 6.6817106 ], [ 79.9678899, 6.6830442 ], [ 79.9683083, 6.6834728 ] ] } },
{ "type": "Feature", "properties": { "osm_id": "244792660", "name": null, "type": "canal", "width": null }, "geometry": { "type": "LineString", "coordinates": [ [ 79.9827071, 6.6347073 ], [ 79.9829708, 6.6347552 ], [ 79.983094, 6.6343093 ], [ 79.9838558, 6.6329457 ], [ 79.9841443, 6.6318703 ] ] } },
{ "type": "Feature", "properties": { "osm_id": "244792661", "name": null, "type": "canal", "width": null }, "geometry": { "type": "LineString", "coordinates": [ [ 79.980477, 6.6337616 ], [ 79.981242, 6.633715 ], [ 79.9815937, 6.6338051 ], [ 79.9827071, 6.6347073 ], [ 79.9850968, 6.636115 ], [ 79.9856699, 6.636748 ], [ 79.9858853, 6.6371168 ], [ 79.9861834, 6.6381807 ], [ 79.9862774, 6.6382966 ], [ 79.9868641, 6.6385606 ], [ 79.9874209, 6.6386634 ], [ 79.9885913, 6.6384393 ], [ 79.9892092, 6.6381058 ], [ 79.9896477, 6.6381027 ], [ 79.9905002, 6.6382604 ], [ 79.9911075, 6.6384669 ], [ 79.9915407, 6.6387743 ] ] } },
{ "type": "Feature", "properties": { "osm_id": "253144227", "name": null, "type": "canal", "width": null }, "geometry": { "type": "LineString", "coordinates": [ [ 80.0851906, 7.0313368 ], [ 80.0851724, 7.0309857 ], [ 80.085269, 7.0305092 ], [ 80.0855533, 7.0298863 ], [ 80.0856847, 7.0293086 ], [ 80.0857357, 7.028534 ], [ 80.0856713, 7.0281373 ], [ 80.0851697, 7.0271684 ], [ 80.0851617, 7.0266067 ], [ 80.0849498, 7.026226 ], [ 80.0849632, 7.0255711 ], [ 80.0850276, 7.0254646 ], [ 80.0847191, 7.0247805 ], [ 80.0842739, 7.0246048 ] ] } },
{ "type": "Feature", "properties": { "osm_id": "258735646", "name": null, "type": "stream", "width": null }, "geometry": { "type": "LineString", "coordinates": [ [ 79.957811, 6.683069 ], [ 79.9569544, 6.6828107 ], [ 79.9561896, 6.6821726 ], [ 79.9559907, 6.6815345 ], [ 79.9556389, 6.6811243 ], [ 79.955719, 6.6798558 ] ] } },
{ "type": "Feature", "properties": { "osm_id": "286527115", "name": "Uruval oya", "type": "stream", "width": null }, "geometry": { "type": "LineString", "coordinates": [ [ 80.0101584, 7.0589159 ], [ 80.0101109, 7.0600738 ], [ 80.01023, 7.0604207 ], [ 80.0101689, 7.0606426 ], [ 80.010256, 7.0610553 ], [ 80.0112183, 7.0626564 ], [ 80.0112097, 7.0627784 ], [ 80.0114942, 7.0628619 ], [ 80.0124321, 7.0634136 ], [ 80.0123818, 7.0636323 ], [ 80.012496, 7.0641365 ] ] } },
{ "type": "Feature", "properties": { "osm_id": "286527116", "name": "Uruval oya", "type": "stream", "width": null }, "geometry": { "type": "LineString", "coordinates": [ [ 80.0097408, 7.0683699 ], [ 80.0091811, 7.0692594 ], [ 80.0090994, 7.0693173 ], [ 80.0088939, 7.0691898 ], [ 80.0084813, 7.0697329 ], [ 80.0083611, 7.0696412 ], [ 80.0082934, 7.069684 ], [ 80.0082903, 7.0699653 ], [ 80.0078876, 7.0703025 ], [ 80.0078788, 7.0705642 ], [ 80.0077557, 7.0708149 ], [ 80.0077554, 7.0713795 ] ] } },
{ "type": "Feature", "properties": { "osm_id": "286527211", "name": "Uruval oya", "type": "stream", "width": 5.0 }, "geometry": { "type": "LineString", "coordinates": [ [ 80.0142127, 7.069733 ], [ 80.0140032, 7.0695587 ], [ 80.0132946, 7.0698003 ], [ 80.0129895, 7.0698248 ], [ 80.0126246, 7.0697175 ], [ 80.011574, 7.0697813 ], [ 80.0101579, 7.0701648 ], [ 80.0100622, 7.0702626 ], [ 80.0101423, 7.0705378 ], [ 80.0100407, 7.070813 ], [ 80.0093762, 7.0709633 ], [ 80.0094111, 7.0711151 ], [ 80.0096471, 7.0712322 ], [ 80.0094379, 7.0714425 ], [ 80.0091563, 7.0714505 ], [ 80.0085991, 7.0710528 ], [ 80.0082888, 7.0716502 ], [ 80.00806, 7.0718532 ], [ 80.0079482, 7.0723699 ], [ 80.0076768, 7.072711 ], [ 80.0075438, 7.0731166 ], [ 80.0073663, 7.0732811 ], [ 80.0068882, 7.0733137 ], [ 80.0066757, 7.0734365 ], [ 80.0059649, 7.0747421 ], [ 80.0056412, 7.0758813 ] ] } },
{ "type": "Feature", "properties": { "osm_id": "286527240", "name": "Uruval oya", "type": "stream", "width": 3.0 }, "geometry": { "type": "LineString", "coordinates": [ [ 80.0172354, 7.0692267 ], [ 80.0161679, 7.0691415 ], [ 80.016074, 7.0692506 ], [ 80.0160284, 7.0695488 ], [ 80.0155591, 7.0696419 ], [ 80.0153177, 7.0699746 ], [ 80.0150574, 7.0695638 ], [ 80.0146089, 7.0697409 ], [ 80.0143039, 7.0697868 ], [ 80.0142127, 7.069733 ] ] } },
{ "type": "Feature", "properties": { "osm_id": "286527395", "name": null, "type": "stream", "width": null }, "geometry": { "type": "LineString", "coordinates": [ [ 80.015196, 7.0667068 ], [ 80.0140496, 7.0669223 ], [ 80.0132826, 7.0668897 ], [ 80.0130933, 7.0670258 ], [ 80.0129111, 7.0669217 ], [ 80.0129087, 7.0667704 ], [ 80.0127806, 7.0666715 ], [ 80.0125922, 7.0660607 ], [ 80.0121855, 7.0660393 ] ] } },
{ "type": "Feature", "properties": { "osm_id": "286528510", "name": "Uruval Oya", "type": "stream", "width": null }, "geometry": { "type": "LineString", "coordinates": [ [ 80.0077554, 7.0713795 ], [ 80.007743, 7.0716074 ], [ 80.0078583, 7.0717192 ], [ 80.0079956, 7.0722285 ] ] } },
{ "type": "Feature", "properties": { "osm_id": "286996586", "name": null, "type": "stream", "width": null }, "geometry": { "type": "LineString", "coordinates": [ [ 80.0105152, 7.0572022 ], [ 80.0099788, 7.0575517 ], [ 80.0100351, 7.0578099 ], [ 80.0098348, 7.0580453 ], [ 80.0101584, 7.0589159 ] ] } },
{ "type": "Feature", "properties": { "osm_id": "286997495", "name": null, "type": "stream", "width": null }, "geometry": { "type": "LineString", "coordinates": [ [ 80.0098783, 7.0539182 ], [ 80.0100201, 7.054068 ], [ 80.0100161, 7.0543496 ], [ 80.0101919, 7.0547414 ], [ 80.0102926, 7.0552293 ], [ 80.0107317, 7.0554849 ], [ 80.0105726, 7.0561507 ], [ 80.0107195, 7.0563298 ], [ 80.0104806, 7.056739 ], [ 80.0105152, 7.0572022 ] ] } },
{ "type": "Feature", "properties": { "osm_id": "286997645", "name": null, "type": "stream", "width": null }, "geometry": { "type": "LineString", "coordinates": [ [ 80.0267253, 7.0674097 ], [ 80.0259304, 7.0676299 ], [ 80.0257424, 7.0675718 ], [ 80.0254128, 7.0677308 ], [ 80.0248114, 7.0676618 ], [ 80.0244655, 7.0679143 ], [ 80.0241577, 7.0678945 ], [ 80.0241453, 7.0677171 ], [ 80.0238804, 7.0674848 ], [ 80.0233504, 7.067815 ], [ 80.0232765, 7.0681758 ], [ 80.0231409, 7.0683715 ], [ 80.0231902, 7.0685243 ], [ 80.0229622, 7.0686833 ], [ 80.0225802, 7.0684815 ], [ 80.022108, 7.0685091 ], [ 80.0218452, 7.0684452 ], [ 80.021695, 7.0683015 ], [ 80.0213731, 7.0683814 ], [ 80.0211424, 7.0686582 ], [ 80.0207666, 7.0684476 ], [ 80.0202767, 7.0685577 ], [ 80.0196491, 7.0691551 ], [ 80.0196217, 7.0692577 ], [ 80.0197431, 7.0694756 ], [ 80.0192761, 7.069946 ], [ 80.0190659, 7.0700317 ], [ 80.0187991, 7.0700004 ], [ 80.0181798, 7.0702022 ], [ 80.0179641, 7.0699392 ], [ 80.0174003, 7.0700524 ], [ 80.0172092, 7.0699973 ], [ 80.0172154, 7.0698873 ], [ 80.017505, 7.0695112 ], [ 80.0174835, 7.0693675 ], [ 80.0172354, 7.0692267 ] ] } },
{ "type": "Feature", "properties": { "osm_id": "287005768", "name": null, "type": "stream", "width": null }, "geometry": { "type": "LineString", "coordinates": [ [ 80.0014831, 7.0478198 ], [ 80.0016441, 7.0483182 ], [ 80.0022794, 7.0489963 ], [ 80.0030765, 7.0495941 ], [ 80.0036849, 7.0504655 ], [ 80.0043472, 7.0510752 ] ] } },
{ "type": "Feature", "properties": { "osm_id": "287035817", "name": "Pussali oya", "type": "stream", "width": 15.0 }, "geometry": { "type": "LineString", "coordinates": [ [ 80.0930399, 6.8445485 ], [ 80.092686, 6.8441761 ], [ 80.0926435, 6.8440355 ], [ 80.0928559, 6.8438036 ], [ 80.0926294, 6.8436208 ], [ 80.0922825, 6.8437965 ], [ 80.0918083, 6.8441901 ], [ 80.0915818, 6.844155 ], [ 80.0912845, 6.8443588 ], [ 80.0911075, 6.8446048 ], [ 80.0908739, 6.8446258 ], [ 80.090251, 6.844928 ], [ 80.0894653, 6.8448929 ], [ 80.0892884, 6.8450335 ], [ 80.0891893, 6.8454692 ], [ 80.0889061, 6.8454903 ], [ 80.088446, 6.8452443 ], [ 80.088078, 6.845181 ], [ 80.0876603, 6.8449913 ], [ 80.0876533, 6.8446821 ], [ 80.0879293, 6.8445837 ], [ 80.0883328, 6.8445837 ], [ 80.0884744, 6.8444853 ], [ 80.0884531, 6.8443447 ], [ 80.0879506, 6.8442042 ], [ 80.087717, 6.8443166 ], [ 80.0873772, 6.8443377 ], [ 80.0871153, 6.8442815 ], [ 80.0870445, 6.8441971 ], [ 80.0853669, 6.8443588 ], [ 80.0851617, 6.8443096 ], [ 80.0850555, 6.8440425 ], [ 80.0852678, 6.8439512 ], [ 80.0854448, 6.8435576 ], [ 80.0856288, 6.8435014 ] ] } },
{ "type": "Feature", "properties": { "osm_id": "287037949", "name": "Pussali oya", "type": "stream", "width": 15.0 }, "geometry": { "type": "LineString", "coordinates": [ [ 80.0930399, 6.8445485 ], [ 80.0940117, 6.8443072 ], [ 80.0946042, 6.8444125 ], [ 80.0950356, 6.8439476 ], [ 80.0951219, 6.843972 ], [ 80.0951588, 6.844229 ], [ 80.0953314, 6.8443514 ], [ 80.0955902, 6.8442902 ] ] } },
{ "type": "Feature", "properties": { "osm_id": "287214791", "name": null, "type": "stream", "width": null }, "geometry": { "type": "LineString", "coordinates": [ [ 80.0007912, 7.0998421 ], [ 80.0007142, 7.0997381 ], [ 80.0004708, 7.0996525 ], [ 80.0002397, 7.0993315 ], [ 80.000138, 7.0989004 ], [ 79.9997521, 7.0987225 ], [ 79.9993846, 7.098284 ], [ 79.999283, 7.098339 ], [ 79.9988039, 7.0976557 ], [ 79.9982801, 7.0974111 ], [ 79.9981599, 7.0972246 ], [ 79.9977656, 7.0969632 ], [ 79.9974146, 7.0963553 ], [ 79.996783, 7.0964073 ], [ 79.9962715, 7.0962727 ], [ 79.996062, 7.0960373 ], [ 79.9959295, 7.0953555 ], [ 79.9957169, 7.0950773 ], [ 79.9954427, 7.0949427 ], [ 79.994808, 7.0950864 ], [ 79.99458, 7.095224 ], [ 79.9942935, 7.0949519 ], [ 79.9939946, 7.0948908 ], [ 79.9938899, 7.0949091 ], [ 79.9937204, 7.0952638 ], [ 79.993554, 7.0952974 ], [ 79.9931227, 7.0948174 ], [ 79.9931874, 7.0943924 ], [ 79.9930303, 7.0941233 ], [ 79.9926944, 7.0939063 ], [ 79.9920043, 7.0938573 ], [ 79.9916808, 7.0936525 ], [ 79.9913942, 7.0933315 ], [ 79.9912248, 7.092989 ], [ 79.9913973, 7.0921299 ], [ 79.9913203, 7.0918425 ], [ 79.9909185, 7.0916847 ], [ 79.9896226, 7.0909008 ], [ 79.9892036, 7.0896839 ], [ 79.9886644, 7.089051 ], [ 79.9881437, 7.0885893 ], [ 79.988153, 7.0880145 ], [ 79.9880359, 7.0878586 ], [ 79.9878664, 7.0876935 ], [ 79.9870345, 7.0873846 ], [ 79.9868065, 7.087348 ], [ 79.9864799, 7.0874488 ], [ 79.9861996, 7.0869933 ], [ 79.9856696, 7.0868679 ], [ 79.9854848, 7.0866906 ], [ 79.9853554, 7.086391 ], [ 79.9856327, 7.0859293 ], [ 79.9850688, 7.0849692 ], [ 79.9846621, 7.0832325 ], [ 79.9845112, 7.0830399 ], [ 79.9840367, 7.0828167 ], [ 79.9841753, 7.0826302 ], [ 79.9841476, 7.0824101 ], [ 79.9839905, 7.0822755 ], [ 79.9837717, 7.0823948 ], [ 79.9830446, 7.0822144 ], [ 79.9824946, 7.0824037 ], [ 79.9821328, 7.0819357 ], [ 79.9820637, 7.0813911 ], [ 79.9818157, 7.0811611 ], [ 79.9817425, 7.0807536 ], [ 79.9819377, 7.0804551 ], [ 79.9817303, 7.0802332 ], [ 79.9817832, 7.0800315 ], [ 79.9812831, 7.0799024 ], [ 79.9809254, 7.0802937 ], [ 79.9804213, 7.0800718 ], [ 79.9804009, 7.079971 ], [ 79.9805473, 7.079737 ], [ 79.9805229, 7.0796079 ], [ 79.9802668, 7.0794344 ], [ 79.9799822, 7.0795998 ], [ 79.9797952, 7.0793981 ], [ 79.9800025, 7.0791116 ], [ 79.9800138, 7.0788948 ] ] } },
{ "type": "Feature", "properties": { "osm_id": "287247215", "name": null, "type": "stream", "width": null }, "geometry": { "type": "LineString", "coordinates": [ [ 80.0002907, 6.8007818 ], [ 80.0005374, 6.8001612 ] ] } },
{ "type": "Feature", "properties": { "osm_id": "287247216", "name": null, "type": "stream", "width": null }, "geometry": { "type": "LineString", "coordinates": [ [ 80.000288, 6.8015302 ], [ 80.0002907, 6.8007818 ] ] } },
{ "type": "Feature", "properties": { "osm_id": "287247217", "name": null, "type": "stream", "width": null }, "geometry": { "type": "LineString", "coordinates": [ [ 80.0007171, 6.8029337 ], [ 80.0004811, 6.8019004 ] ] } },
{ "type": "Feature", "properties": { "osm_id": "287247218", "name": null, "type": "stream", "width": null }, "geometry": { "type": "LineString", "coordinates": [ [ 80.0004811, 6.8019004 ], [ 80.000288, 6.8015302 ] ] } },
{ "type": "Feature", "properties": { "osm_id": "287247219", "name": null, "type": "stream", "width": null }, "geometry": { "type": "LineString", "coordinates": [ [ 80.0011731, 6.8035889 ], [ 80.0007171, 6.8029337 ] ] } },
{ "type": "Feature", "properties": { "osm_id": "287247220", "name": null, "type": "stream", "width": null }, "geometry": { "type": "LineString", "coordinates": [ [ 80.0012723, 6.8045158 ], [ 80.0011731, 6.8035889 ] ] } },
{ "type": "Feature", "properties": { "osm_id": "287247221", "name": null, "type": "stream", "width": null }, "geometry": { "type": "LineString", "coordinates": [ [ 80.0015727, 6.8052428 ], [ 80.0012723, 6.8045158 ] ] } },
{ "type": "Feature", "properties": { "osm_id": "287247224", "name": null, "type": "stream", "width": null }, "geometry": { "type": "LineString", "coordinates": [ [ 80.0033967, 6.8074933 ], [ 80.0030667, 6.8073256 ], [ 80.0030346, 6.8070859 ], [ 80.0027154, 6.8070033 ], [ 80.0025142, 6.8064014 ], [ 80.0021306, 6.8059699 ] ] } },
{ "type": "Feature", "properties": { "osm_id": "287420422", "name": null, "type": "stream", "width": null }, "geometry": { "type": "LineString", "coordinates": [ [ 80.0152403, 6.9925385 ], [ 80.0149414, 6.992456 ], [ 80.014393, 6.992456 ], [ 80.0136782, 6.9920645 ], [ 80.0135519, 6.9910767 ], [ 80.0132407, 6.9910309 ], [ 80.0129449, 6.9903397 ], [ 80.0126892, 6.990196 ], [ 80.0123071, 6.9902969 ], [ 80.0120668, 6.9902235 ], [ 80.0115831, 6.9893856 ], [ 80.0112873, 6.9893581 ], [ 80.0109977, 6.988933 ], [ 80.0110131, 6.9885905 ], [ 80.0108436, 6.9882724 ], [ 80.0105786, 6.9881562 ], [ 80.0098854, 6.9880461 ], [ 80.0099008, 6.9877434 ], [ 80.0096855, 6.9875164 ], [ 80.009605, 6.9871543 ], [ 80.0093234, 6.9870904 ], [ 80.0087842, 6.9867976 ], [ 80.0086984, 6.9867151 ], [ 80.0086019, 6.9863157 ], [ 80.0083041, 6.9861294 ], [ 80.0080815, 6.9857646 ], [ 80.0077435, 6.9856927 ], [ 80.0072098, 6.9853786 ], [ 80.0067914, 6.9848355 ], [ 80.0062361, 6.9847157 ], [ 80.006043, 6.9843882 ], [ 80.0057212, 6.9841912 ], [ 80.0057292, 6.9838398 ], [ 80.0054395, 6.9837147 ], [ 80.0051043, 6.9832647 ], [ 80.0045732, 6.9829532 ], [ 80.0044605, 6.982498 ], [ 80.0038141, 6.9816327 ], [ 80.0034869, 6.981441 ], [ 80.0033796, 6.9812813 ], [ 80.003342, 6.9809006 ], [ 80.0031945, 6.9805678 ], [ 80.0028378, 6.9804959 ], [ 80.0022879, 6.9799608 ], [ 80.0020948, 6.9794789 ], [ 80.0019258, 6.9792766 ], [ 80.0017756, 6.9784752 ], [ 80.0014725, 6.9781105 ], [ 80.0013223, 6.9775327 ], [ 80.0008234, 6.9772186 ], [ 80.0003702, 6.9760817 ], [ 79.999603, 6.9754481 ], [ 79.999485, 6.975078 ], [ 79.9991927, 6.9748225 ], [ 79.9989888, 6.9744604 ], [ 79.9986777, 6.9736271 ], [ 79.9987367, 6.9732463 ], [ 79.998683, 6.9728044 ], [ 79.9985114, 6.9726819 ], [ 79.9983317, 6.9722107 ], [ 79.9977979, 6.9714652 ], [ 79.9966902, 6.9702964 ], [ 79.9966928, 6.969921 ], [ 79.9963737, 6.9698065 ], [ 79.9962583, 6.9696814 ], [ 79.9959365, 6.9684461 ], [ 79.9958828, 6.9679029 ], [ 79.9959472, 6.9675808 ], [ 79.995856, 6.9671202 ], [ 79.9959284, 6.9667261 ], [ 79.9961242, 6.9663854 ], [ 79.9960384, 6.966191 ], [ 79.9961832, 6.965773 ], [ 79.9959526, 6.9652911 ], [ 79.99562, 6.9649051 ], [ 79.9955073, 6.9648332 ], [ 79.9953035, 6.9648678 ], [ 79.9949119, 6.9644924 ], [ 79.9949843, 6.9640877 ], [ 79.994818, 6.9637336 ], [ 79.9945927, 6.9637016 ], [ 79.9945068, 6.9635472 ], [ 79.9945068, 6.9634407 ], [ 79.9947053, 6.9632623 ], [ 79.9947161, 6.9628683 ], [ 79.9941877, 6.9626287 ], [ 79.9940375, 6.9623678 ], [ 79.9937183, 6.9623145 ], [ 79.9936164, 6.9618699 ], [ 79.9934313, 6.9618699 ], [ 79.9933347, 6.9621708 ], [ 79.9931604, 6.9622639 ], [ 79.9930289, 6.9622746 ], [ 79.9929404, 6.9620935 ], [ 79.9928144, 6.961601 ], [ 79.9928412, 6.9614013 ], [ 79.9931845, 6.9607969 ], [ 79.9932355, 6.9600648 ], [ 79.9931094, 6.9597825 ], [ 79.9933294, 6.9597666 ], [ 79.9934501, 6.9593992 ], [ 79.9933508, 6.9591968 ], [ 79.9933615, 6.9590104 ], [ 79.9930772, 6.958643 ], [ 79.9927741, 6.9579029 ], [ 79.9924523, 6.9577418 ], [ 79.992227, 6.9575035 ], [ 79.9918649, 6.9574489 ], [ 79.9917723, 6.957365 ], [ 79.9917227, 6.9568419 ], [ 79.9914196, 6.9567527 ], [ 79.9910911, 6.95632 ], [ 79.9910897, 6.9559979 ], [ 79.9908818, 6.9558381 ], [ 79.9907558, 6.9552803 ], [ 79.9911675, 6.9550673 ], [ 79.9913284, 6.9547944 ], [ 79.9908564, 6.9547851 ], [ 79.9906096, 6.9546839 ], [ 79.9905667, 6.9546014 ], [ 79.9906632, 6.9542899 ], [ 79.9903253, 6.9540423 ], [ 79.9900557, 6.9540915 ], [ 79.9897379, 6.9543525 ], [ 79.9891317, 6.9542539 ], [ 79.9883498, 6.954443 ], [ 79.9882452, 6.9545947 ], [ 79.9883311, 6.9547359 ], [ 79.9889144, 6.9546573 ], [ 79.9890512, 6.9547092 ], [ 79.9888755, 6.9552138 ], [ 79.9886221, 6.9554441 ], [ 79.9889064, 6.9561603 ], [ 79.9878979, 6.9561789 ], [ 79.9878161, 6.9567434 ] ] } },
{ "type": "Feature", "properties": { "osm_id": "287420424", "name": null, "type": "stream", "width": null }, "geometry": { "type": "LineString", "coordinates": [ [ 79.9878161, 6.9567434 ], [ 79.9876806, 6.9570202 ], [ 79.987336, 6.956995 ], [ 79.986998, 6.9571946 ], [ 79.9863999, 6.9572665 ], [ 79.985736, 6.9575581 ], [ 79.9854812, 6.9575075 ] ] } },
{ "type": "Feature", "properties": { "osm_id": "287420445", "name": null, "type": "stream", "width": null }, "geometry": { "type": "LineString", "coordinates": [ [ 79.9854812, 6.9575075 ], [ 79.9851741, 6.9570668 ], [ 79.9847704, 6.9570549 ], [ 79.9844244, 6.9568765 ], [ 79.9839644, 6.9568033 ], [ 79.9834535, 6.9569803 ], [ 79.9830927, 6.9574715 ], [ 79.9826555, 6.9575115 ], [ 79.9824557, 6.9577724 ], [ 79.9817637, 6.9576872 ], [ 79.980951, 6.9571321 ] ] } },
{ "type": "Feature", "properties": { "osm_id": "287420549", "name": null, "type": "stream", "width": null }, "geometry": { "type": "LineString", "coordinates": [ [ 79.980951, 6.9571321 ], [ 79.9788639, 6.956147 ], [ 79.9777255, 6.9562398 ], [ 79.9776117, 6.9564416 ], [ 79.9777621, 6.9567806 ], [ 79.9782175, 6.9573092 ], [ 79.9784573, 6.9574505 ] ] } },
{ "type": "Feature", "properties": { "osm_id": "287420615", "name": null, "type": "stream", "width": null }, "geometry": { "type": "LineString", "coordinates": [ [ 79.9777255, 6.9562398 ], [ 79.9776686, 6.9561268 ], [ 79.9779776, 6.9555739 ], [ 79.97788, 6.9554771 ], [ 79.9774044, 6.9553843 ], [ 79.9772824, 6.9552753 ], [ 79.9771609, 6.955037 ], [ 79.9771324, 6.9540886 ], [ 79.9774455, 6.9538101 ], [ 79.9774617, 6.9533138 ], [ 79.9776853, 6.9532452 ], [ 79.9781935, 6.9534389 ], [ 79.9782464, 6.9533218 ], [ 79.9779984, 6.9526197 ], [ 79.9781732, 6.951869 ], [ 79.9778764, 6.9514413 ], [ 79.9778357, 6.9511588 ], [ 79.978039, 6.950279 ], [ 79.9784153, 6.9497957 ], [ 79.9790135, 6.9482142 ], [ 79.9792575, 6.9480065 ], [ 79.9793112, 6.9478015 ], [ 79.9792468, 6.9476098 ], [ 79.9791395, 6.9475166 ], [ 79.9787452, 6.9475805 ], [ 79.9781578, 6.9474421 ], [ 79.9774739, 6.9471359 ], [ 79.9769857, 6.947679 ], [ 79.9767309, 6.947711 ], [ 79.9761918, 6.9468536 ], [ 79.9762991, 6.9466327 ], [ 79.9766478, 6.9463957 ], [ 79.9767121, 6.9462546 ], [ 79.9765995, 6.9459058 ], [ 79.9767658, 6.9456981 ], [ 79.9767738, 6.9455463 ], [ 79.9767014, 6.9453307 ], [ 79.9763903, 6.9449393 ], [ 79.976409, 6.9444654 ], [ 79.9760684, 6.9440473 ], [ 79.9760309, 6.943648 ], [ 79.9754917, 6.9433205 ], [ 79.9755668, 6.9424578 ], [ 79.975473, 6.9424285 ], [ 79.9751725, 6.9425803 ], [ 79.9749446, 6.9424259 ], [ 79.9744537, 6.9417203 ], [ 79.9738583, 6.9416377 ], [ 79.973692, 6.9411372 ], [ 79.9735149, 6.9410919 ], [ 79.9733728, 6.9412144 ], [ 79.9733138, 6.9414061 ], [ 79.9732011, 6.9414487 ], [ 79.9728202, 6.9414354 ], [ 79.9726969, 6.9413502 ], [ 79.972544, 6.9409375 ], [ 79.9722945, 6.9408523 ], [ 79.9721551, 6.9410786 ], [ 79.9721363, 6.941659 ], [ 79.9723375, 6.9419146 ], [ 79.9723267, 6.9420451 ], [ 79.9720692, 6.9420424 ], [ 79.9719351, 6.9419013 ], [ 79.9717796, 6.9414141 ], [ 79.9715623, 6.9412197 ], [ 79.9716186, 6.9409828 ], [ 79.9717715, 6.940839 ], [ 79.9715811, 6.9404982 ], [ 79.9714631, 6.9403757 ], [ 79.9712324, 6.9403517 ], [ 79.9711412, 6.9404715 ], [ 79.9712881, 6.940593 ], [ 79.9712511, 6.9407184 ], [ 79.9709645, 6.9407368 ], [ 79.969994, 6.9400731 ], [ 79.9700926, 6.9399202 ], [ 79.970487, 6.9397122 ], [ 79.9705671, 6.9395807 ], [ 79.9704254, 6.9393268 ], [ 79.9701049, 6.9392687 ], [ 79.9697383, 6.939333 ], [ 79.9696089, 6.93944 ], [ 79.9695627, 6.9397183 ], [ 79.9694764, 6.9398284 ], [ 79.9693562, 6.9398284 ], [ 79.9692484, 6.9396174 ], [ 79.969196, 6.9387182 ], [ 79.9690406, 6.9385562 ] ] } },
{ "type": "Feature", "properties": { "osm_id": "287473995", "name": null, "type": "stream", "width": null }, "geometry": { "type": "LineString", "coordinates": [ [ 80.0021306, 6.8059699 ], [ 80.0024526, 6.8057683 ], [ 80.002431, 6.8054746 ], [ 80.0018333, 6.8050952 ], [ 80.0015727, 6.8052428 ] ] } },
{ "type": "Feature", "properties": { "osm_id": "287473998", "name": null, "type": "stream", "width": null }, "geometry": { "type": "LineString", "coordinates": [ [ 79.9913318, 6.7977558 ], [ 79.9910424, 6.7980923 ], [ 79.9907238, 6.798022 ], [ 79.9901293, 6.7976495 ], [ 79.9894356, 6.7976003 ], [ 79.989025, 6.7976565 ], [ 79.9886853, 6.7973332 ], [ 79.9884163, 6.7975581 ], [ 79.9883597, 6.7972278 ], [ 79.9879434, 6.7972423 ], [ 79.9876036, 6.7975235 ], [ 79.9870245, 6.7975303 ], [ 79.9865932, 6.7972734 ], [ 79.9863827, 6.7969472 ], [ 79.9858784, 6.796873 ], [ 79.9854114, 6.7971976 ] ] } },
{ "type": "Feature", "properties": { "osm_id": "287474003", "name": null, "type": "stream", "width": null }, "geometry": { "type": "LineString", "coordinates": [ [ 79.9918156, 6.7977594 ], [ 79.9913318, 6.7977558 ] ] } },
{ "type": "Feature", "properties": { "osm_id": "287474004", "name": null, "type": "stream", "width": null }, "geometry": { "type": "LineString", "coordinates": [ [ 79.9854114, 6.7971976 ], [ 79.9849491, 6.7976142 ], [ 79.9845527, 6.7973471 ], [ 79.9844395, 6.7969535 ], [ 79.9840006, 6.7966161 ], [ 79.9836184, 6.7966443 ], [ 79.9836326, 6.7950136 ], [ 79.983406, 6.7947184 ], [ 79.9833069, 6.7940858 ], [ 79.9833494, 6.7939874 ], [ 79.9837317, 6.7941561 ] ] } },
{ "type": "Feature", "properties": { "osm_id": "287474006", "name": null, "type": "stream", "width": null }, "geometry": { "type": "LineString", "coordinates": [ [ 79.9837317, 6.7941561 ], [ 79.9838166, 6.7940015 ], [ 79.9834485, 6.7936922 ], [ 79.9833593, 6.7935154 ], [ 79.9831125, 6.7934621 ], [ 79.9831125, 6.7932384 ], [ 79.982973, 6.7929614 ], [ 79.9830696, 6.7927377 ], [ 79.9827799, 6.7924713 ] ] } },
{ "type": "Feature", "properties": { "osm_id": "287474007", "name": null, "type": "stream", "width": null }, "geometry": { "type": "LineString", "coordinates": [ [ 79.9827799, 6.7924713 ], [ 79.9819903, 6.7919486 ], [ 79.981418, 6.7888492 ], [ 79.9806292, 6.7884331 ], [ 79.9803827, 6.7880659 ] ] } },
{ "type": "Feature", "properties": { "osm_id": "287474009", "name": null, "type": "stream", "width": null }, "geometry": { "type": "LineString", "coordinates": [ [ 79.9803827, 6.7880659 ], [ 79.9802615, 6.7876646 ], [ 79.9800067, 6.7873834 ], [ 79.9801624, 6.7869617 ], [ 79.9801483, 6.7866454 ], [ 79.9799147, 6.786547 ], [ 79.9800421, 6.7862518 ], [ 79.9797954, 6.7844125 ] ] } },
{ "type": "Feature", "properties": { "osm_id": "287474011", "name": null, "type": "stream", "width": null }, "geometry": { "type": "LineString", "coordinates": [ [ 79.9797954, 6.7844125 ], [ 79.9795489, 6.7826678 ], [ 79.9791668, 6.7823863 ], [ 79.9789943, 6.781652 ], [ 79.979438, 6.7814807 ], [ 79.979475, 6.7805261 ], [ 79.9796475, 6.7801957 ], [ 79.9797338, 6.7794492 ], [ 79.9797801, 6.7783202 ] ] } },
{ "type": "Feature", "properties": { "osm_id": "287474013", "name": null, "type": "stream", "width": null }, "geometry": { "type": "LineString", "coordinates": [ [ 79.9797801, 6.7783202 ], [ 79.9787393, 6.7765439 ], [ 79.9782189, 6.7762694 ], [ 79.9782189, 6.7756558 ], [ 79.9780075, 6.7751067 ], [ 79.9781376, 6.7744608 ], [ 79.9777636, 6.7731689 ], [ 79.977975, 6.7727168 ], [ 79.9780401, 6.772313 ], [ 79.97791, 6.7721839 ], [ 79.9776498, 6.7722484 ], [ 79.9776823, 6.7718932 ], [ 79.9778286, 6.7716833 ], [ 79.9777473, 6.7713926 ], [ 79.9771294, 6.7712957 ], [ 79.9765927, 6.7706982 ], [ 79.9761029, 6.7696296 ], [ 79.976202, 6.7692641 ], [ 79.9760038, 6.7690814 ], [ 79.9750411, 6.7690111 ], [ 79.9745456, 6.7687861 ], [ 79.974401, 6.7685379 ] ] } },
{ "type": "Feature", "properties": { "osm_id": "287474015", "name": null, "type": "stream", "width": null }, "geometry": { "type": "LineString", "coordinates": [ [ 79.974401, 6.7685379 ], [ 79.9742595, 6.7684255 ], [ 79.973764, 6.7687207 ], [ 79.9717254, 6.7688331 ], [ 79.9712724, 6.7689737 ], [ 79.9704654, 6.7681302 ], [ 79.9693754, 6.7680178 ], [ 79.9684661, 6.7680712 ], [ 79.9680272, 6.7681977 ] ] } },
{ "type": "Feature", "properties": { "osm_id": "287474017", "name": null, "type": "stream", "width": null }, "geometry": { "type": "LineString", "coordinates": [ [ 79.9680272, 6.7681977 ], [ 79.9655287, 6.7691069 ], [ 79.9649248, 6.7694495 ], [ 79.9639758, 6.7693271 ], [ 79.9630268, 6.7690334 ], [ 79.9618068, 6.7693027 ], [ 79.9609317, 6.7691681 ], [ 79.9608331, 6.7682869 ], [ 79.9609687, 6.7680421 ], [ 79.9605867, 6.7678341 ], [ 79.9585532, 6.7675526 ], [ 79.9584792, 6.7672222 ], [ 79.958282, 6.7672956 ], [ 79.9579, 6.7670753 ] ] } },
{ "type": "Feature", "properties": { "osm_id": "287474019", "name": null, "type": "stream", "width": null }, "geometry": { "type": "LineString", "coordinates": [ [ 79.9579, 6.7670753 ], [ 79.9576054, 6.7666781 ], [ 79.9570046, 6.7668699 ], [ 79.9568973, 6.7664224 ], [ 79.957069, 6.7660815 ], [ 79.9565111, 6.7659323 ], [ 79.9559532, 6.7666994 ], [ 79.9556099, 6.7665076 ], [ 79.9557172, 6.7662519 ], [ 79.9554811, 6.7656127 ], [ 79.9551593, 6.7653783 ], [ 79.954773, 6.765357 ], [ 79.9546872, 6.7660176 ], [ 79.9538933, 6.7664863 ], [ 79.9533354, 6.7664011 ], [ 79.9529277, 6.7651013 ], [ 79.95252, 6.7644194 ], [ 79.9510394, 6.7634393 ], [ 79.9501065, 6.7633046 ], [ 79.948582, 6.762367 ] ] } },
{ "type": "Feature", "properties": { "osm_id": "287474021", "name": null, "type": "stream", "width": null }, "geometry": { "type": "LineString", "coordinates": [ [ 79.948582, 6.762367 ], [ 79.9486295, 6.7600407 ], [ 79.9484054, 6.7578518 ] ] } },
{ "type": "Feature", "properties": { "osm_id": "287474022", "name": null, "type": "stream", "width": null }, "geometry": { "type": "LineString", "coordinates": [ [ 79.9484054, 6.7578518 ], [ 79.9473754, 6.7550603 ], [ 79.9474183, 6.7534622 ], [ 79.9466458, 6.7521624 ] ] } },
{ "type": "Feature", "properties": { "osm_id": "287474024", "name": null, "type": "stream", "width": null }, "geometry": { "type": "LineString", "coordinates": [ [ 79.9466458, 6.7521624 ], [ 79.9459807, 6.7501167 ], [ 79.9454871, 6.7496053 ], [ 79.9419252, 6.7491791 ], [ 79.9412549, 6.7488492 ] ] } },
{ "type": "Feature", "properties": { "osm_id": "287477181", "name": null, "type": "stream", "width": null }, "geometry": { "type": "LineString", "coordinates": [ [ 80.0005374, 6.8001612 ], [ 80.000492, 6.7998448 ], [ 80.0006183, 6.7996857 ], [ 80.000179, 6.7986766 ], [ 79.9997649, 6.7984868 ], [ 79.9987743, 6.7977444 ], [ 79.9982883, 6.7970683 ], [ 79.9974379, 6.7970072 ], [ 79.996762, 6.7968026 ], [ 79.996201, 6.7968349 ], [ 79.9950941, 6.7966702 ], [ 79.9938891, 6.796409 ], [ 79.9918156, 6.7977594 ], [ 79.9913053, 6.7977265 ] ] } },
{ "type": "Feature", "properties": { "osm_id": "288281688", "name": null, "type": "stream", "width": null }, "geometry": { "type": "LineString", "coordinates": [ [ 79.9824322, 6.5103758 ], [ 79.9828296, 6.5105239 ], [ 79.9829821, 6.51097 ], [ 79.9827138, 6.5116096 ], [ 79.9828028, 6.5117818 ], [ 79.9826713, 6.512464 ], [ 79.9822663, 6.512981 ], [ 79.981759, 6.5142132 ], [ 79.9824809, 6.5146838 ], [ 79.9826928, 6.5150223 ], [ 79.9825636, 6.5157882 ], [ 79.9826548, 6.5159294 ], [ 79.9824728, 6.5163414 ], [ 79.9823678, 6.5173445 ], [ 79.9821858, 6.5180203 ], [ 79.9822686, 6.518088 ], [ 79.9821157, 6.5193911 ], [ 79.9815394, 6.5208077 ], [ 79.9815153, 6.5211808 ], [ 79.9808984, 6.5229236 ], [ 79.9806382, 6.5234059 ], [ 79.980657, 6.5236858 ], [ 79.9807746, 6.5238893 ], [ 79.9811126, 6.5240652 ], [ 79.98118, 6.5246131 ], [ 79.9808524, 6.5251925 ], [ 79.9804259, 6.5255895 ], [ 79.9804102, 6.5259002 ], [ 79.9802462, 6.5260185 ], [ 79.9800799, 6.5265169 ], [ 79.9801711, 6.527247 ], [ 79.9800017, 6.5279397 ], [ 79.9798224, 6.5292961 ], [ 79.9795707, 6.5303132 ], [ 79.9791841, 6.5312015 ], [ 79.9791737, 6.5317362 ], [ 79.9790611, 6.531984 ], [ 79.9788568, 6.5321821 ], [ 79.9786078, 6.5336228 ], [ 79.9780334, 6.5347616 ], [ 79.9775318, 6.5355291 ], [ 79.9774916, 6.5361473 ], [ 79.9774115, 6.5364715 ], [ 79.9767517, 6.5381769 ], [ 79.9765528, 6.538503 ], [ 79.9761102, 6.5389826 ], [ 79.9758773, 6.539512 ], [ 79.9756626, 6.5398025 ], [ 79.9760995, 6.538932 ], [ 79.9767003, 6.5381885 ], [ 79.9774084, 6.5363259 ], [ 79.9774943, 6.5355318 ], [ 79.9780066, 6.534735 ], [ 79.9785675, 6.5336015 ], [ 79.978822, 6.5321555 ], [ 79.9790231, 6.5319663 ], [ 79.9791197, 6.5317291 ], [ 79.979117, 6.5312228 ], [ 79.9795113, 6.5303168 ], [ 79.9797741, 6.5292855 ], [ 79.9799646, 6.5279239 ], [ 79.9800477, 6.5276814 ], [ 79.9801014, 6.5269779 ], [ 79.9800182, 6.5265382 ], [ 79.9801872, 6.5260079 ], [ 79.9803133, 6.5258667 ], [ 79.9803562, 6.5255549 ], [ 79.9807424, 6.5251578 ], [ 79.9810589, 6.5245955 ], [ 79.9809945, 6.5240972 ], [ 79.9807531, 6.523972 ], [ 79.9805654, 6.5237481 ], [ 79.9805788, 6.523407 ], [ 79.9813808, 6.5211419 ], [ 79.9813888, 6.5207235 ], [ 79.9816249, 6.5203904 ], [ 79.9820728, 6.5190873 ], [ 79.981987, 6.5186209 ], [ 79.9821667, 6.5182718 ], [ 79.9820808, 6.5179947 ], [ 79.9823008, 6.5172965 ], [ 79.9822123, 6.5171126 ], [ 79.9822337, 6.5167395 ], [ 79.9823169, 6.5163131 ], [ 79.9825019, 6.51598 ], [ 79.9824939, 6.5150607 ], [ 79.9824108, 6.5147569 ], [ 79.9815605, 6.5142772 ], [ 79.9819628, 6.513062 ], [ 79.9821747, 6.5126489 ], [ 79.9823866, 6.5126089 ], [ 79.9826575, 6.5120413 ], [ 79.982569, 6.5119427 ], [ 79.9826092, 6.5117722 ], [ 79.9824671, 6.5116416 ], [ 79.982856, 6.510962 ], [ 79.9828184, 6.5108128 ], [ 79.9822632, 6.5107089 ], [ 79.9816092, 6.5107664 ], [ 79.9816839, 6.5103944 ], [ 79.982431, 6.5103755 ] ] } }
]
}
